{
  "type": "FeatureCollection",
  "name": "US_NODE_ID",
  "crs": {
    "type": "name",
    "properties": {
      "name": "urn:ogc:def:crs:32643"
    }
  },
  "features": [
    {
      "type": "Feature",
      "properties": {
        "OBJECTID": 22446,
        "US_NODE_ID": "2174092001",
        "DS_NODE_ID": "2174092101",
        "CONDUIT_LE": 83.1,
        "SHAPE_1": "RECT",
        "CONDUIT_WI": 5000.0,
        "CONDUIT_HE": 2500.0,
        "US_INVERT": 24.209,
        "DS_INVERT": 24.077,
        "USER_TEXT2": "Proposal",
        "SHAPE.LEN": 83.0674424789881
      },
      "geometry": {
        "type": "LineString",
        "coordinates": [
          [
            274234.5,
            2109081.6999999993
          ],
          [
            274295.2999999998,
            2109138.3000000007
          ]
        ]
      }
    },
    {
      "type": "Feature",
      "properties": {
        "OBJECTID": 22548,
        "US_NODE_ID": "2174112801",
        "DS_NODE_ID": "2174111801",
        "CONDUIT_LE": 143.9,
        "SHAPE_1": "RECT",
        "CONDUIT_WI": 3000.0,
        "CONDUIT_HE": 2000.0,
        "US_INVERT": 27.8,
        "DS_INVERT": 27.511,
        "USER_TEXT2": "Proposal",
        "SHAPE.LEN": 143.915322325317
      },
      "geometry": {
        "type": "LineString",
        "coordinates": [
          [
            274296.9000000004,
            2111819
          ],
          [
            274153,
            2111816.9000000004
          ]
        ]
      }
    },
    {
      "type": "Feature",
      "properties": {
        "OBJECTID": 22466,
        "US_NODE_ID": "2174094001",
        "DS_NODE_ID": "2174094002",
        "CONDUIT_LE": 29.9,
        "SHAPE_1": "OREC",
        "CONDUIT_WI": 62000.0,
        "CONDUIT_HE": 4328.0,
        "US_INVERT": 23.092,
        "DS_INVERT": 23.08,
        "USER_TEXT2": "Existing",
        "SHAPE.LEN": 29.9095302537502
      },
      "geometry": {
        "type": "LineString",
        "coordinates": [
          [
            274402.2999999998,
            2109044.6999999993
          ],
          [
            274417.5999999996,
            2109019
          ]
        ]
      }
    },
    {
      "type": "Feature",
      "properties": {
        "OBJECTID": 22518,
        "US_NODE_ID": "2174104001",
        "DS_NODE_ID": "2174103002",
        "CONDUIT_LE": 11.1,
        "SHAPE_1": "RECT",
        "CONDUIT_WI": 3000.0,
        "CONDUIT_HE": 1500.0,
        "US_INVERT": 26.323,
        "DS_INVERT": 26.3,
        "USER_TEXT2": "Proposal",
        "SHAPE.LEN": 11.1449540151586
      },
      "geometry": {
        "type": "LineString",
        "coordinates": [
          [
            274410.5999999996,
            2110025.5999999996
          ],
          [
            274399.5,
            2110024.5999999996
          ]
        ]
      }
    },
    {
      "type": "Feature",
      "properties": {
        "OBJECTID": 22417,
        "US_NODE_ID": "2174084904",
        "DS_NODE_ID": "2174084801",
        "CONDUIT_LE": 30.0,
        "SHAPE_1": "OREC",
        "CONDUIT_WI": 62000.0,
        "CONDUIT_HE": 4674.0,
        "US_INVERT": 23.034,
        "DS_INVERT": 23.023,
        "USER_TEXT2": "Existing",
        "SHAPE.LEN": 30.016201908302797
      },
      "geometry": {
        "type": "LineString",
        "coordinates": [
          [
            274479.1878000004,
            2108915.9383000005
          ],
          [
            274494.3086000001,
            2108890.0089
          ]
        ]
      }
    },
    {
      "type": "Feature",
      "properties": {
        "OBJECTID": 22522,
        "US_NODE_ID": "2174104601",
        "DS_NODE_ID": "2174104401",
        "CONDUIT_LE": 126.9,
        "SHAPE_1": "RECT",
        "CONDUIT_WI": 3000.0,
        "CONDUIT_HE": 2000.0,
        "US_INVERT": 25.049,
        "DS_INVERT": 24.698,
        "USER_TEXT2": "Existing",
        "SHAPE.LEN": 126.883411051248
      },
      "geometry": {
        "type": "LineString",
        "coordinates": [
          [
            274489,
            2110622.3000000007
          ],
          [
            274468.4000000004,
            2110497.0999999996
          ]
        ]
      }
    },
    {
      "type": "Feature",
      "properties": {
        "OBJECTID": 22531,
        "US_NODE_ID": "2174105301",
        "DS_NODE_ID": "2174104401",
        "CONDUIT_LE": 131.3,
        "SHAPE_1": "OREC",
        "CONDUIT_WI": 1500.0,
        "CONDUIT_HE": 2000.0,
        "US_INVERT": 25.0,
        "DS_INVERT": 24.8,
        "USER_TEXT2": "Existing",
        "SHAPE.LEN": 131.344013948105
      },
      "geometry": {
        "type": "LineString",
        "coordinates": [
          [
            274549.9000000004,
            2110394.0999999996
          ],
          [
            274468.4000000004,
            2110497.0999999996
          ]
        ]
      }
    },
    {
      "type": "Feature",
      "properties": {
        "OBJECTID": 22526,
        "US_NODE_ID": "2174104802",
        "DS_NODE_ID": "2174104701",
        "CONDUIT_LE": 51.8,
        "SHAPE_1": "RECT",
        "CONDUIT_WI": 2000.0,
        "CONDUIT_HE": 1500.0,
        "US_INVERT": 27.78,
        "DS_INVERT": 26.888,
        "USER_TEXT2": "Existing",
        "SHAPE.LEN": 51.758380963859395
      },
      "geometry": {
        "type": "LineString",
        "coordinates": [
          [
            274474.2000000002,
            2110844.8000000007
          ],
          [
            274462,
            2110794.5
          ]
        ]
      }
    },
    {
      "type": "Feature",
      "properties": {
        "OBJECTID": 22478,
        "US_NODE_ID": "2174096801",
        "DS_NODE_ID": "2174095905",
        "CONDUIT_LE": 126.1,
        "SHAPE_1": "RECT",
        "CONDUIT_WI": 3000.0,
        "CONDUIT_HE": 1500.0,
        "US_INVERT": 27.082,
        "DS_INVERT": 26.817,
        "USER_TEXT2": "Proposal",
        "SHAPE.LEN": 126.142340235149
      },
      "geometry": {
        "type": "LineString",
        "coordinates": [
          [
            274683.9000000004,
            2109848.5999999996
          ],
          [
            274587.2000000002,
            2109929.5999999996
          ]
        ]
      }
    },
    {
      "type": "Feature",
      "properties": {
        "OBJECTID": 22538,
        "US_NODE_ID": "2174106601",
        "DS_NODE_ID": "2174105604",
        "CONDUIT_LE": 28.9,
        "SHAPE_1": "RECT",
        "CONDUIT_WI": 1500.0,
        "CONDUIT_HE": 1500.0,
        "US_INVERT": 26.317,
        "DS_INVERT": 26.033,
        "USER_TEXT2": "Existing",
        "SHAPE.LEN": 28.889098289839396
      },
      "geometry": {
        "type": "LineString",
        "coordinates": [
          [
            274609.4000000004,
            2110667.5
          ],
          [
            274580.7000000002,
            2110664.1999999993
          ]
        ]
      }
    },
    {
      "type": "Feature",
      "properties": {
        "OBJECTID": 24904,
        "US_NODE_ID": "2175101503",
        "DS_NODE_ID": "2175101502",
        "CONDUIT_LE": 29.6,
        "SHAPE_1": "RECT",
        "CONDUIT_WI": 2488.0,
        "CONDUIT_HE": 911.0,
        "US_INVERT": 29.209,
        "DS_INVERT": 28.793,
        "USER_TEXT2": "Existing",
        "SHAPE.LEN": 29.646740000546398
      },
      "geometry": {
        "type": "LineString",
        "coordinates": [
          [
            275117.8245000001,
            2110597.6421000008
          ],
          [
            275117.2999999998,
            2110568
          ]
        ]
      }
    },
    {
      "type": "Feature",
      "properties": {
        "OBJECTID": 24898,
        "US_NODE_ID": "2175100501",
        "DS_NODE_ID": "2175101504",
        "CONDUIT_LE": 31.9,
        "SHAPE_1": "RECT",
        "CONDUIT_WI": 4000.0,
        "CONDUIT_HE": 1500.0,
        "US_INVERT": 27.395,
        "DS_INVERT": 27.334,
        "USER_TEXT2": "Proposal",
        "SHAPE.LEN": 31.9063421585741
      },
      "geometry": {
        "type": "LineString",
        "coordinates": [
          [
            275099.2706000004,
            2110516.4363
          ],
          [
            275128.37689999957,
            2110503.3658000007
          ]
        ]
      }
    },
    {
      "type": "Feature",
      "properties": {
        "OBJECTID": 24915,
        "US_NODE_ID": "2175102202",
        "DS_NODE_ID": "2175102203",
        "CONDUIT_LE": 25.1,
        "SHAPE_1": "RECT",
        "CONDUIT_WI": 4000.0,
        "CONDUIT_HE": 1500.0,
        "US_INVERT": 26.773,
        "DS_INVERT": 26.725,
        "USER_TEXT2": "Proposal",
        "SHAPE.LEN": 25.0627163182685
      },
      "geometry": {
        "type": "LineString",
        "coordinates": [
          [
            275242.96729999967,
            2110271.4277
          ],
          [
            275261.1542999996,
            2110254.1832
          ]
        ]
      }
    },
    {
      "type": "Feature",
      "properties": {
        "OBJECTID": 24901,
        "US_NODE_ID": "2175101403",
        "DS_NODE_ID": "2175102401",
        "CONDUIT_LE": 30.0,
        "SHAPE_1": "RECT",
        "CONDUIT_WI": 4000.0,
        "CONDUIT_HE": 1500.0,
        "US_INVERT": 27.172,
        "DS_INVERT": 27.114,
        "USER_TEXT2": "Proposal",
        "SHAPE.LEN": 30.0045971124426
      },
      "geometry": {
        "type": "LineString",
        "coordinates": [
          [
            275177.2999999998,
            2110443.3000000007
          ],
          [
            275205.9818000002,
            2110434.4891999997
          ]
        ]
      }
    },
    {
      "type": "Feature",
      "properties": {
        "OBJECTID": 24912,
        "US_NODE_ID": "2175101702",
        "DS_NODE_ID": "2175101701",
        "CONDUIT_LE": 29.8,
        "SHAPE_1": "OREC",
        "CONDUIT_WI": 2103.0,
        "CONDUIT_HE": 912.0,
        "US_INVERT": 30.138,
        "DS_INVERT": 29.953,
        "USER_TEXT2": "Existing",
        "SHAPE.LEN": 29.8235076826989
      },
      "geometry": {
        "type": "LineString",
        "coordinates": [
          [
            275180.8937999997,
            2110733.0187999997
          ],
          [
            275167.2840999998,
            2110706.4816999994
          ]
        ]
      }
    },
    {
      "type": "Feature",
      "properties": {
        "OBJECTID": 24928,
        "US_NODE_ID": "2175103004",
        "DS_NODE_ID": "2175104001",
        "CONDUIT_LE": 29.7,
        "SHAPE_1": "OREC",
        "CONDUIT_WI": 3500.0,
        "CONDUIT_HE": 2936.0,
        "US_INVERT": 26.185,
        "DS_INVERT": 26.128,
        "USER_TEXT2": "Proposal",
        "SHAPE.LEN": 29.698015132328297
      },
      "geometry": {
        "type": "LineString",
        "coordinates": [
          [
            275396.9890999999,
            2110062.3807999995
          ],
          [
            275426.4797,
            2110058.8770000003
          ]
        ]
      }
    },
    {
      "type": "Feature",
      "properties": {
        "OBJECTID": 24939,
        "US_NODE_ID": "2175103302",
        "DS_NODE_ID": "2175103301",
        "CONDUIT_LE": 53.7,
        "SHAPE_1": "OREC",
        "CONDUIT_WI": 2500.0,
        "CONDUIT_HE": 1292.0,
        "US_INVERT": 27.456,
        "DS_INVERT": 27.322,
        "USER_TEXT2": "Existing",
        "SHAPE.LEN": 53.67487737713049
      },
      "geometry": {
        "type": "LineString",
        "coordinates": [
          [
            275395.89269999973,
            2110352.9767000005
          ],
          [
            275381.6648000004,
            2110301.2218999993
          ]
        ]
      }
    },
    {
      "type": "Feature",
      "properties": {
        "OBJECTID": 24866,
        "US_NODE_ID": "2175085505",
        "DS_NODE_ID": "2175086501",
        "CONDUIT_LE": 22.8,
        "SHAPE_1": "OREC",
        "CONDUIT_WI": 5000.0,
        "CONDUIT_HE": 1499.0,
        "US_INVERT": 26.399,
        "DS_INVERT": 26.226,
        "USER_TEXT2": "Existing",
        "SHAPE.LEN": 22.790855999720602
      },
      "geometry": {
        "type": "LineString",
        "coordinates": [
          [
            275584.07650000043,
            2108572.5917000007
          ],
          [
            275606.00629999954,
            2108578.7971
          ]
        ]
      }
    },
    {
      "type": "Feature",
      "properties": {
        "OBJECTID": 24871,
        "US_NODE_ID": "2175086501",
        "DS_NODE_ID": "2175086502",
        "CONDUIT_LE": 16.0,
        "SHAPE_1": "OREC",
        "CONDUIT_WI": 5000.0,
        "CONDUIT_HE": 1482.0,
        "US_INVERT": 26.226,
        "DS_INVERT": 26.104,
        "USER_TEXT2": "Existing",
        "SHAPE.LEN": 15.970196840991001
      },
      "geometry": {
        "type": "LineString",
        "coordinates": [
          [
            275606.00629999954,
            2108578.7971
          ],
          [
            275621.7095999997,
            2108581.7046000008
          ]
        ]
      }
    },
    {
      "type": "Feature",
      "properties": {
        "OBJECTID": 24944,
        "US_NODE_ID": "2175105001",
        "DS_NODE_ID": "2175105002",
        "CONDUIT_LE": 41.0,
        "SHAPE_1": "OREC",
        "CONDUIT_WI": 8000.0,
        "CONDUIT_HE": 2213.0,
        "US_INVERT": 25.995,
        "DS_INVERT": 25.964,
        "USER_TEXT2": "Existing",
        "SHAPE.LEN": 41.025298973804006
      },
      "geometry": {
        "type": "LineString",
        "coordinates": [
          [
            275549.0407999996,
            2110059.2760000005
          ],
          [
            275588.92250000034,
            2110068.8949999996
          ]
        ]
      }
    },
    {
      "type": "Feature",
      "properties": {
        "OBJECTID": 24870,
        "US_NODE_ID": "2175086302",
        "DS_NODE_ID": "2175086301",
        "CONDUIT_LE": 45.9,
        "SHAPE_1": "OREC",
        "CONDUIT_WI": 3000.0,
        "CONDUIT_HE": 1500.0,
        "US_INVERT": 24.596,
        "DS_INVERT": 24.5,
        "USER_TEXT2": "Proposal",
        "SHAPE.LEN": 45.9461641489254
      },
      "geometry": {
        "type": "LineString",
        "coordinates": [
          [
            275663.4000000004,
            2108312.3000000007
          ],
          [
            275623.7999999998,
            2108335.5999999996
          ]
        ]
      }
    },
    {
      "type": "Feature",
      "properties": {
        "OBJECTID": 24952,
        "US_NODE_ID": "2175106401",
        "DS_NODE_ID": "2175106402",
        "CONDUIT_LE": 31.3,
        "SHAPE_1": "OREC",
        "CONDUIT_WI": 1500.0,
        "CONDUIT_HE": 1299.0,
        "US_INVERT": 27.1,
        "DS_INVERT": 27.041,
        "USER_TEXT2": "Existing",
        "SHAPE.LEN": 31.262205094970497
      },
      "geometry": {
        "type": "LineString",
        "coordinates": [
          [
            275673.0999999996,
            2110425.0999999996
          ],
          [
            275680.8411999997,
            2110455.3885999992
          ]
        ]
      }
    },
    {
      "type": "Feature",
      "properties": {
        "OBJECTID": 24953,
        "US_NODE_ID": "2175106402",
        "DS_NODE_ID": "2175106403",
        "CONDUIT_LE": 27.9,
        "SHAPE_1": "OREC",
        "CONDUIT_WI": 1500.0,
        "CONDUIT_HE": 1357.0,
        "US_INVERT": 27.041,
        "DS_INVERT": 27.029,
        "USER_TEXT2": "Existing",
        "SHAPE.LEN": 27.918335112610098
      },
      "geometry": {
        "type": "LineString",
        "coordinates": [
          [
            275680.8411999997,
            2110455.3885999992
          ],
          [
            275692.69070000015,
            2110480.6675000004
          ]
        ]
      }
    },
    {
      "type": "Feature",
      "properties": {
        "OBJECTID": 24954,
        "US_NODE_ID": "2175106403",
        "DS_NODE_ID": "2175106502",
        "CONDUIT_LE": 24.0,
        "SHAPE_1": "OREC",
        "CONDUIT_WI": 1500.0,
        "CONDUIT_HE": 1370.0,
        "US_INVERT": 27.029,
        "DS_INVERT": 27.01,
        "USER_TEXT2": "Existing",
        "SHAPE.LEN": 23.9506882625531
      },
      "geometry": {
        "type": "LineString",
        "coordinates": [
          [
            275692.69070000015,
            2110480.6675000004
          ],
          [
            275698.74710000027,
            2110503.8398
          ]
        ]
      }
    },
    {
      "type": "Feature",
      "properties": {
        "OBJECTID": 24967,
        "US_NODE_ID": "2175107501",
        "DS_NODE_ID": "2175107502",
        "CONDUIT_LE": 23.0,
        "SHAPE_1": "OREC",
        "CONDUIT_WI": 1500.0,
        "CONDUIT_HE": 1672.0,
        "US_INVERT": 26.926,
        "DS_INVERT": 26.91,
        "USER_TEXT2": "Existing",
        "SHAPE.LEN": 22.955932410817
      },
      "geometry": {
        "type": "LineString",
        "coordinates": [
          [
            275704.5401999997,
            2110544.6546
          ],
          [
            275726.6283999998,
            2110550.9065000005
          ]
        ]
      }
    },
    {
      "type": "Feature",
      "properties": {
        "OBJECTID": 24959,
        "US_NODE_ID": "2175106603",
        "DS_NODE_ID": "2175106604",
        "CONDUIT_LE": 2.5,
        "SHAPE_1": "OREC",
        "CONDUIT_WI": 2000.0,
        "CONDUIT_HE": 1429.0,
        "US_INVERT": 28.139,
        "DS_INVERT": 28.065,
        "USER_TEXT2": "Existing",
        "SHAPE.LEN": 2.52334536875157
      },
      "geometry": {
        "type": "LineString",
        "coordinates": [
          [
            275669.29360000044,
            2110665.9232
          ],
          [
            275671.6743999999,
            2110665.087099999
          ]
        ]
      }
    },
    {
      "type": "Feature",
      "properties": {
        "OBJECTID": 24879,
        "US_NODE_ID": "2175088301",
        "DS_NODE_ID": "2175088401",
        "CONDUIT_LE": 22.9,
        "SHAPE_1": "RECT",
        "CONDUIT_WI": 3000.0,
        "CONDUIT_HE": 1500.0,
        "US_INVERT": 25.13,
        "DS_INVERT": 25.075,
        "USER_TEXT2": "Proposal",
        "SHAPE.LEN": 22.877936969928
      },
      "geometry": {
        "type": "LineString",
        "coordinates": [
          [
            275834,
            2108397
          ],
          [
            275812.7999999998,
            2108405.5999999996
          ]
        ]
      }
    },
    {
      "type": "Feature",
      "properties": {
        "OBJECTID": 25004,
        "US_NODE_ID": "2175118301",
        "DS_NODE_ID": "2175118302",
        "CONDUIT_LE": 21.4,
        "SHAPE_1": "OREC",
        "CONDUIT_WI": 2000.0,
        "CONDUIT_HE": 1198.0,
        "US_INVERT": 27.95,
        "DS_INVERT": 27.89,
        "USER_TEXT2": "Existing",
        "SHAPE.LEN": 21.4114455373756
      },
      "geometry": {
        "type": "LineString",
        "coordinates": [
          [
            275806.5,
            2111355.5999999996
          ],
          [
            275807.2000000002,
            2111334.1999999993
          ]
        ]
      }
    },
    {
      "type": "Feature",
      "properties": {
        "OBJECTID": 26760,
        "US_NODE_ID": "2176080701",
        "DS_NODE_ID": "2175089701",
        "CONDUIT_LE": 66.5,
        "SHAPE_1": "OREC",
        "CONDUIT_WI": 3500.0,
        "CONDUIT_HE": 1999.0,
        "US_INVERT": 25.775,
        "DS_INVERT": 25.645,
        "USER_TEXT2": "Proposal",
        "SHAPE.LEN": 66.46028889494839
      },
      "geometry": {
        "type": "LineString",
        "coordinates": [
          [
            276022.7000000002,
            2108732.5
          ],
          [
            275963.5999999996,
            2108762.9000000004
          ]
        ]
      }
    },
    {
      "type": "Feature",
      "properties": {
        "OBJECTID": 24994,
        "US_NODE_ID": "2175109602",
        "DS_NODE_ID": "2175109603",
        "CONDUIT_LE": 27.9,
        "SHAPE_1": "OREC",
        "CONDUIT_WI": 2416.0,
        "CONDUIT_HE": 1918.0,
        "US_INVERT": 26.3,
        "DS_INVERT": 25.93,
        "USER_TEXT2": "Existing",
        "SHAPE.LEN": 27.873224783114
      },
      "geometry": {
        "type": "LineString",
        "coordinates": [
          [
            275932.6206,
            2110626.6075
          ],
          [
            275960.47759999987,
            2110627.5583999995
          ]
        ]
      }
    },
    {
      "type": "Feature",
      "properties": {
        "OBJECTID": 25011,
        "US_NODE_ID": "2175119502",
        "DS_NODE_ID": "2176110402",
        "CONDUIT_LE": 125.9,
        "SHAPE_1": "OREC",
        "CONDUIT_WI": 2000.0,
        "CONDUIT_HE": 2519.0,
        "US_INVERT": 27.0,
        "DS_INVERT": 26.874,
        "USER_TEXT2": "Proposal",
        "SHAPE.LEN": 125.87144235290201
      },
      "geometry": {
        "type": "LineString",
        "coordinates": [
          [
            275973.5999999996,
            2111540.9000000004
          ],
          [
            276063.5,
            2111452.8000000007
          ]
        ]
      }
    },
    {
      "type": "Feature",
      "properties": {
        "OBJECTID": 26762,
        "US_NODE_ID": "2176080801",
        "DS_NODE_ID": "2176080902",
        "CONDUIT_LE": 32.7,
        "SHAPE_1": "RECT",
        "CONDUIT_WI": 1500.0,
        "CONDUIT_HE": 1500.0,
        "US_INVERT": 25.913,
        "DS_INVERT": 25.811,
        "USER_TEXT2": "Proposal",
        "SHAPE.LEN": 32.6791982765796
      },
      "geometry": {
        "type": "LineString",
        "coordinates": [
          [
            276079.2999999998,
            2108890.8000000007
          ],
          [
            276048.5999999996,
            2108902
          ]
        ]
      }
    },
    {
      "type": "Feature",
      "properties": {
        "OBJECTID": 26935,
        "US_NODE_ID": "2176110401",
        "DS_NODE_ID": "2176110403",
        "CONDUIT_LE": 29.2,
        "SHAPE_1": "OREC",
        "CONDUIT_WI": 2000.0,
        "CONDUIT_HE": 2151.0,
        "US_INVERT": 26.878,
        "DS_INVERT": 26.85,
        "USER_TEXT2": "Proposal",
        "SHAPE.LEN": 29.1564744096401
      },
      "geometry": {
        "type": "LineString",
        "coordinates": [
          [
            276046.9000000004,
            2111431.4000000004
          ],
          [
            276063.5999999996,
            2111407.5
          ]
        ]
      }
    },
    {
      "type": "Feature",
      "properties": {
        "OBJECTID": 26771,
        "US_NODE_ID": "2176082801",
        "DS_NODE_ID": "2176081804",
        "CONDUIT_LE": 107.9,
        "SHAPE_1": "OREC",
        "CONDUIT_WI": 3500.0,
        "CONDUIT_HE": 1542.0,
        "US_INVERT": 26.4,
        "DS_INVERT": 26.203,
        "USER_TEXT2": "Proposal",
        "SHAPE.LEN": 107.87668886279401
      },
      "geometry": {
        "type": "LineString",
        "coordinates": [
          [
            276252.0999999996,
            2108889
          ],
          [
            276179.4000000004,
            2108809.3000000007
          ]
        ]
      }
    },
    {
      "type": "Feature",
      "properties": {
        "OBJECTID": 26820,
        "US_NODE_ID": "2176091001",
        "DS_NODE_ID": "2176081802",
        "CONDUIT_LE": 130.7,
        "SHAPE_1": "RECT",
        "CONDUIT_WI": 5000.0,
        "CONDUIT_HE": 2616.0,
        "US_INVERT": 25.611,
        "DS_INVERT": 25.512,
        "USER_TEXT2": "Proposal",
        "SHAPE.LEN": 130.67027205910298
      },
      "geometry": {
        "type": "LineString",
        "coordinates": [
          [
            276169.5,
            2109015
          ],
          [
            276127.0999999996,
            2108891.4000000004
          ]
        ]
      }
    },
    {
      "type": "Feature",
      "properties": {
        "OBJECTID": 26943,
        "US_NODE_ID": "2176111601",
        "DS_NODE_ID": "2176112601",
        "CONDUIT_LE": 53.6,
        "SHAPE_1": "OREC",
        "CONDUIT_WI": 2000.0,
        "CONDUIT_HE": 1909.0,
        "US_INVERT": 28.699,
        "DS_INVERT": 28.651,
        "USER_TEXT2": "Proposal",
        "SHAPE.LEN": 53.6156693514126
      },
      "geometry": {
        "type": "LineString",
        "coordinates": [
          [
            276179.5,
            2111654.9000000004
          ],
          [
            276226.5,
            2111629.0999999996
          ]
        ]
      }
    },
    {
      "type": "Feature",
      "properties": {
        "OBJECTID": 26827,
        "US_NODE_ID": "2176093102",
        "DS_NODE_ID": "2176093001",
        "CONDUIT_LE": 73.2,
        "SHAPE_1": "RECT",
        "CONDUIT_WI": 3000.0,
        "CONDUIT_HE": 3218.0,
        "US_INVERT": 26.279,
        "DS_INVERT": 26.135,
        "USER_TEXT2": "Proposal",
        "SHAPE.LEN": 73.20245897509179
      },
      "geometry": {
        "type": "LineString",
        "coordinates": [
          [
            276364.5,
            2109113.6999999993
          ],
          [
            276336.9000000004,
            2109045.9000000004
          ]
        ]
      }
    },
    {
      "type": "Feature",
      "properties": {
        "OBJECTID": 26829,
        "US_NODE_ID": "2176093201",
        "DS_NODE_ID": "2176092101",
        "CONDUIT_LE": 138.0,
        "SHAPE_1": "RECT",
        "CONDUIT_WI": 5000.0,
        "CONDUIT_HE": 2083.0,
        "US_INVERT": 25.841,
        "DS_INVERT": 25.737,
        "USER_TEXT2": "Proposal",
        "SHAPE.LEN": 137.971917432498
      },
      "geometry": {
        "type": "LineString",
        "coordinates": [
          [
            276307.0999999996,
            2109288.5999999996
          ],
          [
            276244.2000000002,
            2109165.8000000007
          ]
        ]
      }
    },
    {
      "type": "Feature",
      "properties": {
        "OBJECTID": 26836,
        "US_NODE_ID": "2176093902",
        "DS_NODE_ID": "2176093901",
        "CONDUIT_LE": 35.2,
        "SHAPE_1": "RECT",
        "CONDUIT_WI": 1500.0,
        "CONDUIT_HE": 1500.0,
        "US_INVERT": 25.279,
        "DS_INVERT": 25.157,
        "USER_TEXT2": "Proposal",
        "SHAPE.LEN": 35.1693047983607
      },
      "geometry": {
        "type": "LineString",
        "coordinates": [
          [
            276346.2000000002,
            2109935.5999999996
          ],
          [
            276312,
            2109943.8000000007
          ]
        ]
      }
    },
    {
      "type": "Feature",
      "properties": {
        "OBJECTID": 26839,
        "US_NODE_ID": "2176094001",
        "DS_NODE_ID": "2176093002",
        "CONDUIT_LE": 77.1,
        "SHAPE_1": "OREC",
        "CONDUIT_WI": 3500.0,
        "CONDUIT_HE": 1199.0,
        "US_INVERT": 28.0,
        "DS_INVERT": 27.678,
        "USER_TEXT2": "Proposal",
        "SHAPE.LEN": 77.13138142157189
      },
      "geometry": {
        "type": "LineString",
        "coordinates": [
          [
            276437.2000000002,
            2109059.4000000004
          ],
          [
            276378.2999999998,
            2109009.5999999996
          ]
        ]
      }
    },
    {
      "type": "Feature",
      "properties": {
        "OBJECTID": 26847,
        "US_NODE_ID": "2176094902",
        "DS_NODE_ID": "2176094901",
        "CONDUIT_LE": 23.6,
        "SHAPE_1": "RECT",
        "CONDUIT_WI": 1500.0,
        "CONDUIT_HE": 1500.0,
        "US_INVERT": 25.6,
        "DS_INVERT": 25.518,
        "USER_TEXT2": "Proposal",
        "SHAPE.LEN": 23.584952830141496
      },
      "geometry": {
        "type": "LineString",
        "coordinates": [
          [
            276428.9000000004,
            2109935.0999999996
          ],
          [
            276406.2000000002,
            2109941.5
          ]
        ]
      }
    },
    {
      "type": "Feature",
      "properties": {
        "OBJECTID": 26888,
        "US_NODE_ID": "2176104902",
        "DS_NODE_ID": "2176104903",
        "CONDUIT_LE": 30.6,
        "SHAPE_1": "OREC",
        "CONDUIT_WI": 6511.0,
        "CONDUIT_HE": 2786.0,
        "US_INVERT": 26.342,
        "DS_INVERT": 26.279,
        "USER_TEXT2": "Existing",
        "SHAPE.LEN": 30.5810731433676
      },
      "geometry": {
        "type": "LineString",
        "coordinates": [
          [
            276429.8298000004,
            2110982.0216000006
          ],
          [
            276457.5,
            2110969
          ]
        ]
      }
    },
    {
      "type": "Feature",
      "properties": {
        "OBJECTID": 26955,
        "US_NODE_ID": "2176113401",
        "DS_NODE_ID": "2176114301",
        "CONDUIT_LE": 164.1,
        "SHAPE_1": "OREC",
        "CONDUIT_WI": 2000.0,
        "CONDUIT_HE": 1645.0,
        "US_INVERT": 28.463,
        "DS_INVERT": 28.314,
        "USER_TEXT2": "Proposal",
        "SHAPE.LEN": 164.14667221725801
      },
      "geometry": {
        "type": "LineString",
        "coordinates": [
          [
            276374.2000000002,
            2111484.1999999993
          ],
          [
            276471.5,
            2111352
          ]
        ]
      }
    },
    {
      "type": "Feature",
      "properties": {
        "OBJECTID": 26891,
        "US_NODE_ID": "2176105101",
        "DS_NODE_ID": "2176104103",
        "CONDUIT_LE": 41.0,
        "SHAPE_1": "RECT",
        "CONDUIT_WI": 2000.0,
        "CONDUIT_HE": 1730.0,
        "US_INVERT": 27.608,
        "DS_INVERT": 27.112,
        "USER_TEXT2": "Proposal",
        "SHAPE.LEN": 41.032133476402194
      },
      "geometry": {
        "type": "LineString",
        "coordinates": [
          [
            276518.0999999996,
            2110141.8000000007
          ],
          [
            276498.82940000016,
            2110138.8465
          ],
          [
            276477.2999999998,
            2110139.4000000004
          ]
        ]
      }
    },
    {
      "type": "Feature",
      "properties": {
        "OBJECTID": 26895,
        "US_NODE_ID": "2176105301",
        "DS_NODE_ID": "2176104302",
        "CONDUIT_LE": 69.6,
        "SHAPE_1": "RECT",
        "CONDUIT_WI": 5000.0,
        "CONDUIT_HE": 1498.0,
        "US_INVERT": 27.226,
        "DS_INVERT": 27.132,
        "USER_TEXT2": "Proposal",
        "SHAPE.LEN": 69.6175983498426
      },
      "geometry": {
        "type": "LineString",
        "coordinates": [
          [
            276506.4000000004,
            2110385.8000000007
          ],
          [
            276485.7999999998,
            2110319.3000000007
          ]
        ]
      }
    },
    {
      "type": "Feature",
      "properties": {
        "OBJECTID": 26962,
        "US_NODE_ID": "2176115502",
        "DS_NODE_ID": "2176115401",
        "CONDUIT_LE": 45.7,
        "SHAPE_1": "OREC",
        "CONDUIT_WI": 5000.0,
        "CONDUIT_HE": 888.0,
        "US_INVERT": 27.611,
        "DS_INVERT": 27.448,
        "USER_TEXT2": "Proposal",
        "SHAPE.LEN": 45.669464634479795
      },
      "geometry": {
        "type": "LineString",
        "coordinates": [
          [
            276534.2000000002,
            2111512.1999999993
          ],
          [
            276551.9000000004,
            2111470.0999999996
          ]
        ]
      }
    },
    {
      "type": "Feature",
      "properties": {
        "OBJECTID": 26787,
        "US_NODE_ID": "2176086302",
        "DS_NODE_ID": "2176086301",
        "CONDUIT_LE": 29.7,
        "SHAPE_1": "OREC",
        "CONDUIT_WI": 22500.0,
        "CONDUIT_HE": 3013.0,
        "US_INVERT": 25.294,
        "DS_INVERT": 25.273,
        "USER_TEXT2": "Existing",
        "SHAPE.LEN": 29.73690581382
      },
      "geometry": {
        "type": "LineString",
        "coordinates": [
          [
            276645.61259999964,
            2108353.448000001
          ],
          [
            276642.35830000043,
            2108323.8896999992
          ]
        ]
      }
    },
    {
      "type": "Feature",
      "properties": {
        "OBJECTID": 26968,
        "US_NODE_ID": "2176116601",
        "DS_NODE_ID": "2176117601",
        "CONDUIT_LE": 111.6,
        "SHAPE_1": "CIRC",
        "CONDUIT_WI": 1000.0,
        "CONDUIT_HE": 1000.0,
        "US_INVERT": 26.764,
        "DS_INVERT": 25.968,
        "USER_TEXT2": "Proposal",
        "SHAPE.LEN": 111.63556780883101
      },
      "geometry": {
        "type": "LineString",
        "coordinates": [
          [
            276653.7999999998,
            2111637.0999999996
          ],
          [
            276760.0999999996,
            2111603
          ]
        ]
      }
    },
    {
      "type": "Feature",
      "properties": {
        "OBJECTID": 26908,
        "US_NODE_ID": "2176107202",
        "DS_NODE_ID": "2176107201",
        "CONDUIT_LE": 42.4,
        "SHAPE_1": "RECT",
        "CONDUIT_WI": 5000.0,
        "CONDUIT_HE": 3308.0,
        "US_INVERT": 31.0,
        "DS_INVERT": 30.9,
        "USER_TEXT2": "Proposal",
        "SHAPE.LEN": 42.351505286117
      },
      "geometry": {
        "type": "LineString",
        "coordinates": [
          [
            276796.0999999996,
            2110266.5
          ],
          [
            276777,
            2110228.6999999993
          ]
        ]
      }
    },
    {
      "type": "Feature",
      "properties": {
        "OBJECTID": 26801,
        "US_NODE_ID": "2176088503",
        "DS_NODE_ID": "2176088502",
        "CONDUIT_LE": 29.8,
        "SHAPE_1": "OREC",
        "CONDUIT_WI": 22500.0,
        "CONDUIT_HE": 2901.0,
        "US_INVERT": 25.506,
        "DS_INVERT": 25.484,
        "USER_TEXT2": "Existing",
        "SHAPE.LEN": 29.8384550082607
      },
      "geometry": {
        "type": "LineString",
        "coordinates": [
          [
            276851.4034000002,
            2108564.371099999
          ],
          [
            276827.58660000004,
            2108546.396299999
          ]
        ]
      }
    },
    {
      "type": "Feature",
      "properties": {
        "OBJECTID": 26819,
        "US_NODE_ID": "2176089701",
        "DS_NODE_ID": "2176089603",
        "CONDUIT_LE": 46.9,
        "SHAPE_1": "OREC",
        "CONDUIT_WI": 5200.0,
        "CONDUIT_HE": 1500.0,
        "US_INVERT": 27.066,
        "DS_INVERT": 27.031,
        "USER_TEXT2": "Existing",
        "SHAPE.LEN": 46.9373760452158
      },
      "geometry": {
        "type": "LineString",
        "coordinates": [
          [
            276922.2821000004,
            2108729.2027000003
          ],
          [
            276939.49450000003,
            2108685.5352
          ]
        ]
      }
    },
    {
      "type": "Feature",
      "properties": {
        "OBJECTID": 26813,
        "US_NODE_ID": "2176089603",
        "DS_NODE_ID": "2176089605",
        "CONDUIT_LE": 41.2,
        "SHAPE_1": "OREC",
        "CONDUIT_WI": 5200.0,
        "CONDUIT_HE": 1500.0,
        "US_INVERT": 27.031,
        "DS_INVERT": 27.0,
        "USER_TEXT2": "Existing",
        "SHAPE.LEN": 41.229643157563196
      },
      "geometry": {
        "type": "LineString",
        "coordinates": [
          [
            276939.49450000003,
            2108685.5352
          ],
          [
            276957.1496000001,
            2108648.276900001
          ]
        ]
      }
    },
    {
      "type": "Feature",
      "properties": {
        "OBJECTID": 26806,
        "US_NODE_ID": "2176088802",
        "DS_NODE_ID": "2176088701",
        "CONDUIT_LE": 50.9,
        "SHAPE_1": "OREC",
        "CONDUIT_WI": 5200.0,
        "CONDUIT_HE": 1500.0,
        "US_INVERT": 27.153,
        "DS_INVERT": 27.115,
        "USER_TEXT2": "Existing",
        "SHAPE.LEN": 50.87668560047909
      },
      "geometry": {
        "type": "LineString",
        "coordinates": [
          [
            276880.9923999999,
            2108837.6974
          ],
          [
            276898.9012000002,
            2108790.0768999998
          ]
        ]
      }
    },
    {
      "type": "Feature",
      "properties": {
        "OBJECTID": 28060,
        "US_NODE_ID": "2177080404",
        "DS_NODE_ID": "2177080403",
        "CONDUIT_LE": 29.3,
        "SHAPE_1": "OREC",
        "CONDUIT_WI": 4824.0,
        "CONDUIT_HE": 1428.0,
        "US_INVERT": 26.791,
        "DS_INVERT": 26.585,
        "USER_TEXT2": "Existing",
        "SHAPE.LEN": 29.2681001927013
      },
      "geometry": {
        "type": "LineString",
        "coordinates": [
          [
            277042.54110000003,
            2108413.4977
          ],
          [
            277031.65110000037,
            2108440.6644
          ]
        ]
      }
    },
    {
      "type": "Feature",
      "properties": {
        "OBJECTID": 28061,
        "US_NODE_ID": "2177080501",
        "DS_NODE_ID": "2176089502",
        "CONDUIT_LE": 30.2,
        "SHAPE_1": "OREC",
        "CONDUIT_WI": 4263.0,
        "CONDUIT_HE": 2029.0,
        "US_INVERT": 25.97,
        "DS_INVERT": 25.87,
        "USER_TEXT2": "Existing",
        "SHAPE.LEN": 30.240180287822398
      },
      "geometry": {
        "type": "LineString",
        "coordinates": [
          [
            277001.94039999973,
            2108526.3307000007
          ],
          [
            276992.6484000003,
            2108555.1078999992
          ]
        ]
      }
    },
    {
      "type": "Feature",
      "properties": {
        "OBJECTID": 28057,
        "US_NODE_ID": "2177080401",
        "DS_NODE_ID": "2177080501",
        "CONDUIT_LE": 30.1,
        "SHAPE_1": "OREC",
        "CONDUIT_WI": 4251.0,
        "CONDUIT_HE": 2045.0,
        "US_INVERT": 26.174,
        "DS_INVERT": 25.97,
        "USER_TEXT2": "Existing",
        "SHAPE.LEN": 30.065026987016
      },
      "geometry": {
        "type": "LineString",
        "coordinates": [
          [
            277008.89460000023,
            2108497.0810000002
          ],
          [
            277001.94039999973,
            2108526.3307000007
          ]
        ]
      }
    },
    {
      "type": "Feature",
      "properties": {
        "OBJECTID": 28310,
        "US_NODE_ID": "2177100701",
        "DS_NODE_ID": "2176109705",
        "CONDUIT_LE": 29.7,
        "SHAPE_1": "OREC",
        "CONDUIT_WI": 3096.0,
        "CONDUIT_HE": 2078.0,
        "US_INVERT": 26.99,
        "DS_INVERT": 26.839,
        "USER_TEXT2": "Existing",
        "SHAPE.LEN": 29.680478818577
      },
      "geometry": {
        "type": "LineString",
        "coordinates": [
          [
            277014.29849999957,
            2110776.7349999994
          ],
          [
            276984.6298000002,
            2110775.8989000004
          ]
        ]
      }
    },
    {
      "type": "Feature",
      "properties": {
        "OBJECTID": 28532,
        "US_NODE_ID": "2177110601",
        "DS_NODE_ID": "2177110501",
        "CONDUIT_LE": 76.5,
        "SHAPE_1": "RECT",
        "CONDUIT_WI": 2000.0,
        "CONDUIT_HE": 1500.0,
        "US_INVERT": 28.502,
        "DS_INVERT": 28.066,
        "USER_TEXT2": "Existing",
        "SHAPE.LEN": 76.4839754025639
      },
      "geometry": {
        "type": "LineString",
        "coordinates": [
          [
            277031.4643000001,
            2111656.3454
          ],
          [
            277019.1595999999,
            2111580.8576999996
          ]
        ]
      }
    },
    {
      "type": "Feature",
      "properties": {
        "OBJECTID": 28533,
        "US_NODE_ID": "2177110602",
        "DS_NODE_ID": "2177110601",
        "CONDUIT_LE": 8.5,
        "SHAPE_1": "RECT",
        "CONDUIT_WI": 2000.0,
        "CONDUIT_HE": 1500.0,
        "US_INVERT": 28.55,
        "DS_INVERT": 28.502,
        "USER_TEXT2": "Existing",
        "SHAPE.LEN": 8.46510668863659
      },
      "geometry": {
        "type": "LineString",
        "coordinates": [
          [
            277039.8724999996,
            2111655.3654999994
          ],
          [
            277031.4643000001,
            2111656.3454
          ]
        ]
      }
    },
    {
      "type": "Feature",
      "properties": {
        "OBJECTID": 28558,
        "US_NODE_ID": "2177113602",
        "DS_NODE_ID": "2177110602",
        "CONDUIT_LE": 283.4,
        "SHAPE_1": "RECT",
        "CONDUIT_WI": 1500.0,
        "CONDUIT_HE": 1500.0,
        "US_INVERT": 30.165,
        "DS_INVERT": 28.55,
        "USER_TEXT2": "Existing",
        "SHAPE.LEN": 283.36470014349004
      },
      "geometry": {
        "type": "LineString",
        "coordinates": [
          [
            277321.4271,
            2111623.3880000003
          ],
          [
            277039.8724999996,
            2111655.3654999994
          ]
        ]
      }
    },
    {
      "type": "Feature",
      "properties": {
        "OBJECTID": 28085,
        "US_NODE_ID": "2177081706",
        "DS_NODE_ID": "2177081705",
        "CONDUIT_LE": 29.9,
        "SHAPE_1": "OREC",
        "CONDUIT_WI": 15000.0,
        "CONDUIT_HE": 2048.0,
        "US_INVERT": 25.772,
        "DS_INVERT": 25.752,
        "USER_TEXT2": "Existing",
        "SHAPE.LEN": 29.9195720499141
      },
      "geometry": {
        "type": "LineString",
        "coordinates": [
          [
            277176.37760000024,
            2108769.387
          ],
          [
            277152.1030000001,
            2108751.896299999
          ]
        ]
      }
    },
    {
      "type": "Feature",
      "properties": {
        "OBJECTID": 28138,
        "US_NODE_ID": "2177091708",
        "DS_NODE_ID": "2177091705",
        "CONDUIT_LE": 19.2,
        "SHAPE_1": "OREC",
        "CONDUIT_WI": 10387.0,
        "CONDUIT_HE": 1455.0,
        "US_INVERT": 27.004,
        "DS_INVERT": 27.001,
        "USER_TEXT2": "Existing",
        "SHAPE.LEN": 19.231484602079
      },
      "geometry": {
        "type": "LineString",
        "coordinates": [
          [
            277184.0999999996,
            2109733.5
          ],
          [
            277171.7000000002,
            2109718.8000000007
          ]
        ]
      }
    },
    {
      "type": "Feature",
      "properties": {
        "OBJECTID": 28315,
        "US_NODE_ID": "2177101202",
        "DS_NODE_ID": "2177101203",
        "CONDUIT_LE": 30.0,
        "SHAPE_1": "OREC",
        "CONDUIT_WI": 3301.0,
        "CONDUIT_HE": 1811.0,
        "US_INVERT": 27.847,
        "DS_INVERT": 27.797,
        "USER_TEXT2": "Existing",
        "SHAPE.LEN": 29.9653486856068
      },
      "geometry": {
        "type": "LineString",
        "coordinates": [
          [
            277136.83270000014,
            2110292.6546
          ],
          [
            277166.6359000001,
            2110289.5415000003
          ]
        ]
      }
    },
    {
      "type": "Feature",
      "properties": {
        "OBJECTID": 28540,
        "US_NODE_ID": "2177111303",
        "DS_NODE_ID": "2177111302",
        "CONDUIT_LE": 30.0,
        "SHAPE_1": "RECT",
        "CONDUIT_WI": 2000.0,
        "CONDUIT_HE": 1533.0,
        "US_INVERT": 28.472,
        "DS_INVERT": 28.174,
        "USER_TEXT2": "Existing",
        "SHAPE.LEN": 30.0081655553951
      },
      "geometry": {
        "type": "LineString",
        "coordinates": [
          [
            277175.5999999996,
            2111354.4000000004
          ],
          [
            277162.0999999996,
            2111327.5999999996
          ]
        ]
      }
    },
    {
      "type": "Feature",
      "properties": {
        "OBJECTID": 28094,
        "US_NODE_ID": "2177082804",
        "DS_NODE_ID": "2177082803",
        "CONDUIT_LE": 2.1,
        "SHAPE_1": "RECT",
        "CONDUIT_WI": 15000.0,
        "CONDUIT_HE": 2364.0,
        "US_INVERT": 25.843,
        "DS_INVERT": 25.84,
        "USER_TEXT2": "Existing",
        "SHAPE.LEN": 2.14839814280314
      },
      "geometry": {
        "type": "LineString",
        "coordinates": [
          [
            277262.66530000046,
            2108830.1636999995
          ],
          [
            277261.5306000002,
            2108828.339400001
          ]
        ]
      }
    },
    {
      "type": "Feature",
      "properties": {
        "OBJECTID": 28147,
        "US_NODE_ID": "2177092506",
        "DS_NODE_ID": "2177092508",
        "CONDUIT_LE": 31.6,
        "SHAPE_1": "OREC",
        "CONDUIT_WI": 5650.0,
        "CONDUIT_HE": 1669.0,
        "US_INVERT": 26.558,
        "DS_INVERT": 26.529,
        "USER_TEXT2": "Existing",
        "SHAPE.LEN": 31.557869564500102
      },
      "geometry": {
        "type": "LineString",
        "coordinates": [
          [
            277257.82100000046,
            2109531.1680999994
          ],
          [
            277270.0262000002,
            2109502.0659999996
          ]
        ]
      }
    },
    {
      "type": "Feature",
      "properties": {
        "OBJECTID": 28155,
        "US_NODE_ID": "2177092604",
        "DS_NODE_ID": "2177092605",
        "CONDUIT_LE": 11.6,
        "SHAPE_1": "RECT",
        "CONDUIT_WI": 4500.0,
        "CONDUIT_HE": 1506.0,
        "US_INVERT": 26.993,
        "DS_INVERT": 26.991,
        "USER_TEXT2": "Existing",
        "SHAPE.LEN": 11.6382578958365
      },
      "geometry": {
        "type": "LineString",
        "coordinates": [
          [
            277229.7889999999,
            2109611.1996
          ],
          [
            277233.6124,
            2109600.2073
          ]
        ]
      }
    },
    {
      "type": "Feature",
      "properties": {
        "OBJECTID": 28143,
        "US_NODE_ID": "2177092502",
        "DS_NODE_ID": "2177092503",
        "CONDUIT_LE": 5.8,
        "SHAPE_1": "RECT",
        "CONDUIT_WI": 6500.0,
        "CONDUIT_HE": 1269.0,
        "US_INVERT": 26.99,
        "DS_INVERT": 26.99,
        "USER_TEXT2": "Existing",
        "SHAPE.LEN": 5.8379678973081
      },
      "geometry": {
        "type": "LineString",
        "coordinates": [
          [
            277237.61199999973,
            2109587.5803999994
          ],
          [
            277238.7145999996,
            2109581.8475
          ]
        ]
      }
    },
    {
      "type": "Feature",
      "properties": {
        "OBJECTID": 28144,
        "US_NODE_ID": "2177092503",
        "DS_NODE_ID": "2177092505",
        "CONDUIT_LE": 13.9,
        "SHAPE_1": "OREC",
        "CONDUIT_WI": 6500.0,
        "CONDUIT_HE": 1149.0,
        "US_INVERT": 26.99,
        "DS_INVERT": 26.98,
        "USER_TEXT2": "Existing",
        "SHAPE.LEN": 13.936092680518499
      },
      "geometry": {
        "type": "LineString",
        "coordinates": [
          [
            277238.7145999996,
            2109581.8475
          ],
          [
            277249.7318000002,
            2109573.313100001
          ]
        ]
      }
    },
    {
      "type": "Feature",
      "properties": {
        "OBJECTID": 28158,
        "US_NODE_ID": "2177092702",
        "DS_NODE_ID": "2177092701",
        "CONDUIT_LE": 27.6,
        "SHAPE_1": "OREC",
        "CONDUIT_WI": 7528.0,
        "CONDUIT_HE": 1661.0,
        "US_INVERT": 27.013,
        "DS_INVERT": 27.009,
        "USER_TEXT2": "Existing",
        "SHAPE.LEN": 27.629715306712797
      },
      "geometry": {
        "type": "LineString",
        "coordinates": [
          [
            277222.09279999975,
            2109774.7147000004
          ],
          [
            277205.7999999998,
            2109752.4000000004
          ]
        ]
      }
    },
    {
      "type": "Feature",
      "properties": {
        "OBJECTID": 28324,
        "US_NODE_ID": "2177102202",
        "DS_NODE_ID": "2177102203",
        "CONDUIT_LE": 29.8,
        "SHAPE_1": "RECT",
        "CONDUIT_WI": 5000.0,
        "CONDUIT_HE": 1399.0,
        "US_INVERT": 27.609,
        "DS_INVERT": 27.589,
        "USER_TEXT2": "Existing",
        "SHAPE.LEN": 29.7833846296891
      },
      "geometry": {
        "type": "LineString",
        "coordinates": [
          [
            277255.9000000004,
            2110284.5999999996
          ],
          [
            277276.2999999998,
            2110262.9000000004
          ]
        ]
      }
    },
    {
      "type": "Feature",
      "properties": {
        "OBJECTID": 28549,
        "US_NODE_ID": "2177112407",
        "DS_NODE_ID": "2177112405",
        "CONDUIT_LE": 22.1,
        "SHAPE_1": "RECT",
        "CONDUIT_WI": 1500.0,
        "CONDUIT_HE": 2008.0,
        "US_INVERT": 29.5,
        "DS_INVERT": 29.372,
        "USER_TEXT2": "Existing",
        "SHAPE.LEN": 22.1082400197302
      },
      "geometry": {
        "type": "LineString",
        "coordinates": [
          [
            277297.5999999996,
            2111458.5999999996
          ],
          [
            277277.33860000037,
            2111449.7541000005
          ]
        ]
      }
    },
    {
      "type": "Feature",
      "properties": {
        "OBJECTID": 28174,
        "US_NODE_ID": "2177093307",
        "DS_NODE_ID": "2177093204",
        "CONDUIT_LE": 31.4,
        "SHAPE_1": "OREC",
        "CONDUIT_WI": 9810.0,
        "CONDUIT_HE": 1599.0,
        "US_INVERT": 26.8,
        "DS_INVERT": 26.79,
        "USER_TEXT2": "Existing",
        "SHAPE.LEN": 31.369265408357897
      },
      "geometry": {
        "type": "LineString",
        "coordinates": [
          [
            277368.84619999956,
            2109302.6973
          ],
          [
            277380.25129999965,
            2109273.4748
          ]
        ]
      }
    },
    {
      "type": "Feature",
      "properties": {
        "OBJECTID": 28339,
        "US_NODE_ID": "2177103103",
        "DS_NODE_ID": "2177103104",
        "CONDUIT_LE": 30.2,
        "SHAPE_1": "OREC",
        "CONDUIT_WI": 5184.0,
        "CONDUIT_HE": 1887.0,
        "US_INVERT": 27.331,
        "DS_INVERT": 27.295,
        "USER_TEXT2": "Existing",
        "SHAPE.LEN": 30.171621892434
      },
      "geometry": {
        "type": "LineString",
        "coordinates": [
          [
            277361,
            2110141.6999999993
          ],
          [
            277380.3161000004,
            2110118.5220999997
          ]
        ]
      }
    },
    {
      "type": "Feature",
      "properties": {
        "OBJECTID": 28342,
        "US_NODE_ID": "2177103106",
        "DS_NODE_ID": "2177103001",
        "CONDUIT_LE": 10.3,
        "SHAPE_1": "OREC",
        "CONDUIT_WI": 6000.0,
        "CONDUIT_HE": 1566.0,
        "US_INVERT": 27.284,
        "DS_INVERT": 27.278,
        "USER_TEXT2": "Existing",
        "SHAPE.LEN": 10.3001602671997
      },
      "geometry": {
        "type": "LineString",
        "coordinates": [
          [
            277393,
            2110103.5999999996
          ],
          [
            277399.7187000001,
            2110095.7928
          ]
        ]
      }
    },
    {
      "type": "Feature",
      "properties": {
        "OBJECTID": 28350,
        "US_NODE_ID": "2177104001",
        "DS_NODE_ID": "2177104002",
        "CONDUIT_LE": 17.6,
        "SHAPE_1": "OREC",
        "CONDUIT_WI": 4996.0,
        "CONDUIT_HE": 2014.0,
        "US_INVERT": 27.194,
        "DS_INVERT": 27.169,
        "USER_TEXT2": "Existing",
        "SHAPE.LEN": 17.5893065505721
      },
      "geometry": {
        "type": "LineString",
        "coordinates": [
          [
            277418.4877000004,
            2110072.5250000004
          ],
          [
            277429.73390000034,
            2110059.0007000007
          ]
        ]
      }
    },
    {
      "type": "Feature",
      "properties": {
        "OBJECTID": 28553,
        "US_NODE_ID": "2177113502",
        "DS_NODE_ID": "2177113501",
        "CONDUIT_LE": 53.5,
        "SHAPE_1": "RECT",
        "CONDUIT_WI": 1500.0,
        "CONDUIT_HE": 1500.0,
        "US_INVERT": 30.264,
        "DS_INVERT": 30.1,
        "USER_TEXT2": "Existing",
        "SHAPE.LEN": 53.53120090909601
      },
      "geometry": {
        "type": "LineString",
        "coordinates": [
          [
            277315.5,
            2111583.5
          ],
          [
            277307.72389999963,
            2111530.5365999993
          ]
        ]
      }
    },
    {
      "type": "Feature",
      "properties": {
        "OBJECTID": 28554,
        "US_NODE_ID": "2177113503",
        "DS_NODE_ID": "2177113505",
        "CONDUIT_LE": 29.4,
        "SHAPE_1": "OREC",
        "CONDUIT_WI": 2165.0,
        "CONDUIT_HE": 1634.0,
        "US_INVERT": 30.082,
        "DS_INVERT": 30.01,
        "USER_TEXT2": "Existing",
        "SHAPE.LEN": 29.410803696941002
      },
      "geometry": {
        "type": "LineString",
        "coordinates": [
          [
            277339.5292999996,
            2111554.5710000005
          ],
          [
            277348.87600000016,
            2111526.6849000007
          ]
        ]
      }
    },
    {
      "type": "Feature",
      "properties": {
        "OBJECTID": 28551,
        "US_NODE_ID": "2177113402",
        "DS_NODE_ID": "2177113401",
        "CONDUIT_LE": 29.7,
        "SHAPE_1": "RECT",
        "CONDUIT_WI": 2000.0,
        "CONDUIT_HE": 1869.0,
        "US_INVERT": 29.92,
        "DS_INVERT": 29.864,
        "USER_TEXT2": "Existing",
        "SHAPE.LEN": 29.7445500932524
      },
      "geometry": {
        "type": "LineString",
        "coordinates": [
          [
            277354.43759999983,
            2111498.1995
          ],
          [
            277326.6447999999,
            2111487.6023999993
          ]
        ]
      }
    },
    {
      "type": "Feature",
      "properties": {
        "OBJECTID": 28556,
        "US_NODE_ID": "2177113505",
        "DS_NODE_ID": "2177113402",
        "CONDUIT_LE": 29.0,
        "SHAPE_1": "RECT",
        "CONDUIT_WI": 2000.0,
        "CONDUIT_HE": 1892.0,
        "US_INVERT": 30.01,
        "DS_INVERT": 29.92,
        "USER_TEXT2": "Existing",
        "SHAPE.LEN": 29.0232563252299
      },
      "geometry": {
        "type": "LineString",
        "coordinates": [
          [
            277348.87600000016,
            2111526.6849000007
          ],
          [
            277354.43759999983,
            2111498.1995
          ]
        ]
      }
    },
    {
      "type": "Feature",
      "properties": {
        "OBJECTID": 28561,
        "US_NODE_ID": "2177113605",
        "DS_NODE_ID": "2177113604",
        "CONDUIT_LE": 35.8,
        "SHAPE_1": "CIRC",
        "CONDUIT_WI": 900.0,
        "CONDUIT_HE": 900.0,
        "US_INVERT": 31.039,
        "DS_INVERT": 31.0,
        "USER_TEXT2": "Existing",
        "SHAPE.LEN": 35.8320233753273
      },
      "geometry": {
        "type": "LineString",
        "coordinates": [
          [
            277349.4000000004,
            2111655.8000000007
          ],
          [
            277345.8788999999,
            2111620.1414
          ]
        ]
      }
    },
    {
      "type": "Feature",
      "properties": {
        "OBJECTID": 28185,
        "US_NODE_ID": "2177094004",
        "DS_NODE_ID": "2177094006",
        "CONDUIT_LE": 31.4,
        "SHAPE_1": "OREC",
        "CONDUIT_WI": 5650.0,
        "CONDUIT_HE": 2221.0,
        "US_INVERT": 26.057,
        "DS_INVERT": 26.027,
        "USER_TEXT2": "Existing",
        "SHAPE.LEN": 31.3961154084387
      },
      "geometry": {
        "type": "LineString",
        "coordinates": [
          [
            277460.58160000015,
            2109032.5956999995
          ],
          [
            277472.65589999966,
            2109003.6141999997
          ]
        ]
      }
    },
    {
      "type": "Feature",
      "properties": {
        "OBJECTID": 28195,
        "US_NODE_ID": "2177094106",
        "DS_NODE_ID": "2177094001",
        "CONDUIT_LE": 15.8,
        "SHAPE_1": "RECT",
        "CONDUIT_WI": 5650.0,
        "CONDUIT_HE": 2212.0,
        "US_INVERT": 26.13,
        "DS_INVERT": 26.116,
        "USER_TEXT2": "Existing",
        "SHAPE.LEN": 15.82921116828
      },
      "geometry": {
        "type": "LineString",
        "coordinates": [
          [
            277429.8722000001,
            2109105.4540999997
          ],
          [
            277436.49120000005,
            2109091.075200001
          ]
        ]
      }
    },
    {
      "type": "Feature",
      "properties": {
        "OBJECTID": 28358,
        "US_NODE_ID": "2177104009",
        "DS_NODE_ID": "2177104010",
        "CONDUIT_LE": 1.7,
        "SHAPE_1": "OREC",
        "CONDUIT_WI": 4977.0,
        "CONDUIT_HE": 1907.0,
        "US_INVERT": 27.066,
        "DS_INVERT": 27.064,
        "USER_TEXT2": "Existing",
        "SHAPE.LEN": 1.74735679241533
      },
      "geometry": {
        "type": "LineString",
        "coordinates": [
          [
            277476.2999999998,
            2110004.4000000004
          ],
          [
            277477.4274000004,
            2110003.0649999995
          ]
        ]
      }
    },
    {
      "type": "Feature",
      "properties": {
        "OBJECTID": 28378,
        "US_NODE_ID": "2177105004",
        "DS_NODE_ID": "2177105003",
        "CONDUIT_LE": 7.7,
        "SHAPE_1": "RECT",
        "CONDUIT_WI": 8000.0,
        "CONDUIT_HE": 1710.0,
        "US_INVERT": 27.09,
        "DS_INVERT": 27.089,
        "USER_TEXT2": "Existing",
        "SHAPE.LEN": 7.710447874151019
      },
      "geometry": {
        "type": "LineString",
        "coordinates": [
          [
            277515.9000000004,
            2110014.9000000004
          ],
          [
            277515.3800999997,
            2110007.2071
          ]
        ]
      }
    },
    {
      "type": "Feature",
      "properties": {
        "OBJECTID": 28379,
        "US_NODE_ID": "2177105005",
        "DS_NODE_ID": "2177105004",
        "CONDUIT_LE": 12.0,
        "SHAPE_1": "OREC",
        "CONDUIT_WI": 8000.0,
        "CONDUIT_HE": 1767.0,
        "US_INVERT": 27.092,
        "DS_INVERT": 27.09,
        "USER_TEXT2": "Existing",
        "SHAPE.LEN": 12.0203299330759
      },
      "geometry": {
        "type": "LineString",
        "coordinates": [
          [
            277516.12090000045,
            2110026.918299999
          ],
          [
            277515.9000000004,
            2110014.9000000004
          ]
        ]
      }
    },
    {
      "type": "Feature",
      "properties": {
        "OBJECTID": 28364,
        "US_NODE_ID": "2177104104",
        "DS_NODE_ID": "2177104102",
        "CONDUIT_LE": 14.7,
        "SHAPE_1": "OREC",
        "CONDUIT_WI": 3090.0,
        "CONDUIT_HE": 1855.0,
        "US_INVERT": 27.194,
        "DS_INVERT": 27.19,
        "USER_TEXT2": "Existing",
        "SHAPE.LEN": 14.7366637394629
      },
      "geometry": {
        "type": "LineString",
        "coordinates": [
          [
            277481.70859999955,
            2110166.0260000005
          ],
          [
            277478.6155000003,
            2110151.6175999995
          ]
        ]
      }
    },
    {
      "type": "Feature",
      "properties": {
        "OBJECTID": 28418,
        "US_NODE_ID": "2177105301",
        "DS_NODE_ID": "2177105201",
        "CONDUIT_LE": 29.8,
        "SHAPE_1": "OREC",
        "CONDUIT_WI": 2670.0,
        "CONDUIT_HE": 1943.0,
        "US_INVERT": 27.226,
        "DS_INVERT": 27.222,
        "USER_TEXT2": "Existing",
        "SHAPE.LEN": 29.8442131241552
      },
      "geometry": {
        "type": "LineString",
        "coordinates": [
          [
            277515.54399999976,
            2110314.8389999997
          ],
          [
            277501.7000000002,
            2110288.4000000004
          ]
        ]
      }
    },
    {
      "type": "Feature",
      "properties": {
        "OBJECTID": 28420,
        "US_NODE_ID": "2177105303!",
        "DS_NODE_ID": "2177105308!",
        "CONDUIT_LE": 8.7,
        "SHAPE_1": "OREC",
        "CONDUIT_WI": 1465.0,
        "CONDUIT_HE": 3230.0,
        "US_INVERT": 26.77,
        "DS_INVERT": 26.762,
        "USER_TEXT2": "Existing",
        "SHAPE.LEN": 8.72490288885785
      },
      "geometry": {
        "type": "LineString",
        "coordinates": [
          [
            277521.2368000001,
            2110374.34
          ],
          [
            277525.34889999963,
            2110366.6448999997
          ]
        ]
      }
    },
    {
      "type": "Feature",
      "properties": {
        "OBJECTID": 28442,
        "US_NODE_ID": "2177105314!",
        "DS_NODE_ID": "2177105204!",
        "CONDUIT_LE": 30.0,
        "SHAPE_1": "OREC",
        "CONDUIT_WI": 13000.0,
        "CONDUIT_HE": 2394.0,
        "US_INVERT": 26.413,
        "DS_INVERT": 26.392,
        "USER_TEXT2": "Existing",
        "SHAPE.LEN": 29.957985719503895
      },
      "geometry": {
        "type": "LineString",
        "coordinates": [
          [
            277531.7873999998,
            2110301.2030999996
          ],
          [
            277533.5999999996,
            2110271.3000000007
          ]
        ]
      }
    },
    {
      "type": "Feature",
      "properties": {
        "OBJECTID": 28445,
        "US_NODE_ID": "2177105315",
        "DS_NODE_ID": "2177105310",
        "CONDUIT_LE": 18.0,
        "SHAPE_1": "OREC",
        "CONDUIT_WI": 13000.0,
        "CONDUIT_HE": 3160.0,
        "US_INVERT": 26.447,
        "DS_INVERT": 26.434,
        "USER_TEXT2": "Existing",
        "SHAPE.LEN": 17.9644214025946
      },
      "geometry": {
        "type": "LineString",
        "coordinates": [
          [
            277538.7000000002,
            2110345.5999999996
          ],
          [
            277528.4227999998,
            2110330.865700001
          ]
        ]
      }
    },
    {
      "type": "Feature",
      "properties": {
        "OBJECTID": 28446,
        "US_NODE_ID": "2177105316!",
        "DS_NODE_ID": "2177105315!",
        "CONDUIT_LE": 10.5,
        "SHAPE_1": "OREC",
        "CONDUIT_WI": 13000.0,
        "CONDUIT_HE": 3353.0,
        "US_INVERT": 26.454,
        "DS_INVERT": 26.447,
        "USER_TEXT2": "Existing",
        "SHAPE.LEN": 10.4601988097741
      },
      "geometry": {
        "type": "LineString",
        "coordinates": [
          [
            277544.5617000004,
            2110354.2634999994
          ],
          [
            277538.7000000002,
            2110345.5999999996
          ]
        ]
      }
    },
    {
      "type": "Feature",
      "properties": {
        "OBJECTID": 28572,
        "US_NODE_ID": "2177115501",
        "DS_NODE_ID": "2177114502",
        "CONDUIT_LE": 133.2,
        "SHAPE_1": "RECT",
        "CONDUIT_WI": 1800.0,
        "CONDUIT_HE": 1200.0,
        "US_INVERT": 31.464,
        "DS_INVERT": 30.869,
        "USER_TEXT2": "Existing",
        "SHAPE.LEN": 133.188867440676
      },
      "geometry": {
        "type": "LineString",
        "coordinates": [
          [
            277588.2078999998,
            2111581.2565
          ],
          [
            277461.7220999999,
            2111539.5358000007
          ]
        ]
      }
    },
    {
      "type": "Feature",
      "properties": {
        "OBJECTID": 28210,
        "US_NODE_ID": "2177095007",
        "DS_NODE_ID": "2177095005",
        "CONDUIT_LE": 27.2,
        "SHAPE_1": "OREC",
        "CONDUIT_WI": 13000.0,
        "CONDUIT_HE": 1971.0,
        "US_INVERT": 26.035,
        "DS_INVERT": 26.033,
        "USER_TEXT2": "Existing",
        "SHAPE.LEN": 27.216433734234897
      },
      "geometry": {
        "type": "LineString",
        "coordinates": [
          [
            277570.1105000004,
            2109079.041200001
          ],
          [
            277558.9068999998,
            2109054.2377000004
          ]
        ]
      }
    },
    {
      "type": "Feature",
      "properties": {
        "OBJECTID": 28219,
        "US_NODE_ID": "2177096104",
        "DS_NODE_ID": "2177096103",
        "CONDUIT_LE": 29.9,
        "SHAPE_1": "OREC",
        "CONDUIT_WI": 10687.0,
        "CONDUIT_HE": 2481.0,
        "US_INVERT": 26.05,
        "DS_INVERT": 26.047,
        "USER_TEXT2": "Existing",
        "SHAPE.LEN": 29.931989766301896
      },
      "geometry": {
        "type": "LineString",
        "coordinates": [
          [
            277664.0870000003,
            2109195.6503999997
          ],
          [
            277646.5471000001,
            2109171.3959999997
          ]
        ]
      }
    },
    {
      "type": "Feature",
      "properties": {
        "OBJECTID": 28383,
        "US_NODE_ID": "2177105007!",
        "DS_NODE_ID": "2177105008!",
        "CONDUIT_LE": 6.2,
        "SHAPE_1": "RECT",
        "CONDUIT_WI": 4000.0,
        "CONDUIT_HE": 1876.0,
        "US_INVERT": 26.433,
        "DS_INVERT": 26.429,
        "USER_TEXT2": "Existing",
        "SHAPE.LEN": 6.2452779321660294
      },
      "geometry": {
        "type": "LineString",
        "coordinates": [
          [
            277570.02219999954,
            2110020.973099999
          ],
          [
            277573.7999999998,
            2110016
          ]
        ]
      }
    },
    {
      "type": "Feature",
      "properties": {
        "OBJECTID": 28241,
        "US_NODE_ID": "2177096905",
        "DS_NODE_ID": "2177096906",
        "CONDUIT_LE": 14.7,
        "SHAPE_1": "OREC",
        "CONDUIT_WI": 10000.0,
        "CONDUIT_HE": 2672.0,
        "US_INVERT": 26.135,
        "DS_INVERT": 26.134,
        "USER_TEXT2": "Existing",
        "SHAPE.LEN": 14.705222913305299
      },
      "geometry": {
        "type": "LineString",
        "coordinates": [
          [
            277649.9227,
            2109916.1708000004
          ],
          [
            277659.12289999984,
            2109904.699100001
          ]
        ]
      }
    },
    {
      "type": "Feature",
      "properties": {
        "OBJECTID": 28409,
        "US_NODE_ID": "2177105103!",
        "DS_NODE_ID": "2177105013!",
        "CONDUIT_LE": 29.9,
        "SHAPE_1": "OREC",
        "CONDUIT_WI": 13000.0,
        "CONDUIT_HE": 2233.0,
        "US_INVERT": 26.285,
        "DS_INVERT": 26.264,
        "USER_TEXT2": "Existing",
        "SHAPE.LEN": 29.880231675976002
      },
      "geometry": {
        "type": "LineString",
        "coordinates": [
          [
            277547.2865000004,
            2110121.7826000005
          ],
          [
            277549.7000000002,
            2110092
          ]
        ]
      }
    },
    {
      "type": "Feature",
      "properties": {
        "OBJECTID": 28410,
        "US_NODE_ID": "2177105103",
        "DS_NODE_ID": "2177105013",
        "CONDUIT_LE": 29.9,
        "SHAPE_1": "OREC",
        "CONDUIT_WI": 13000.0,
        "CONDUIT_HE": 2233.0,
        "US_INVERT": 26.285,
        "DS_INVERT": 26.264,
        "USER_TEXT2": "Existing",
        "SHAPE.LEN": 29.880231675976002
      },
      "geometry": {
        "type": "LineString",
        "coordinates": [
          [
            277547.2865000004,
            2110121.7826000005
          ],
          [
            277549.7000000002,
            2110092
          ]
        ]
      }
    },
    {
      "type": "Feature",
      "properties": {
        "OBJECTID": 28461,
        "US_NODE_ID": "2177105403",
        "DS_NODE_ID": "2177105402",
        "CONDUIT_LE": 11.1,
        "SHAPE_1": "OREC",
        "CONDUIT_WI": 1624.0,
        "CONDUIT_HE": 3766.0,
        "US_INVERT": 26.833,
        "DS_INVERT": 26.822,
        "USER_TEXT2": "Existing",
        "SHAPE.LEN": 11.0743081080841
      },
      "geometry": {
        "type": "LineString",
        "coordinates": [
          [
            277549.6639999999,
            2110422.7562000006
          ],
          [
            277547.99990000017,
            2110414.4693
          ],
          [
            277547.24349999987,
            2110411.958799999
          ]
        ]
      }
    },
    {
      "type": "Feature",
      "properties": {
        "OBJECTID": 28573,
        "US_NODE_ID": "2177115501",
        "DS_NODE_ID": "2177115502",
        "CONDUIT_LE": 23.1,
        "SHAPE_1": "RECT",
        "CONDUIT_WI": 1800.0,
        "CONDUIT_HE": 1200.0,
        "US_INVERT": 31.464,
        "DS_INVERT": 31.29,
        "USER_TEXT2": "Existing",
        "SHAPE.LEN": 23.0529186414649
      },
      "geometry": {
        "type": "LineString",
        "coordinates": [
          [
            277588.2078999998,
            2111581.2565
          ],
          [
            277596.11209999956,
            2111559.601
          ]
        ]
      }
    },
    {
      "type": "Feature",
      "properties": {
        "OBJECTID": 28582,
        "US_NODE_ID": "2177116503",
        "DS_NODE_ID": "2177115502",
        "CONDUIT_LE": 50.5,
        "SHAPE_1": "RECT",
        "CONDUIT_WI": 1500.0,
        "CONDUIT_HE": 1500.0,
        "US_INVERT": 32.11,
        "DS_INVERT": 31.29,
        "USER_TEXT2": "Existing",
        "SHAPE.LEN": 50.493655485219094
      },
      "geometry": {
        "type": "LineString",
        "coordinates": [
          [
            277644.7966,
            2111572.996099999
          ],
          [
            277596.11209999956,
            2111559.601
          ]
        ]
      }
    },
    {
      "type": "Feature",
      "properties": {
        "OBJECTID": 28579,
        "US_NODE_ID": "2177116501",
        "DS_NODE_ID": "2177115501",
        "CONDUIT_LE": 12.8,
        "SHAPE_1": "RECT",
        "CONDUIT_WI": 1800.0,
        "CONDUIT_HE": 1750.0,
        "US_INVERT": 31.586,
        "DS_INVERT": 31.464,
        "USER_TEXT2": "Existing",
        "SHAPE.LEN": 12.7994183688166
      },
      "geometry": {
        "type": "LineString",
        "coordinates": [
          [
            277600.38019999955,
            2111585.2138
          ],
          [
            277588.2078999998,
            2111581.2565
          ]
        ]
      }
    },
    {
      "type": "Feature",
      "properties": {
        "OBJECTID": 28221,
        "US_NODE_ID": "2177096202",
        "DS_NODE_ID": "2177096201",
        "CONDUIT_LE": 30.0,
        "SHAPE_1": "OREC",
        "CONDUIT_WI": 10874.0,
        "CONDUIT_HE": 2411.0,
        "US_INVERT": 26.055,
        "DS_INVERT": 26.053,
        "USER_TEXT2": "Existing",
        "SHAPE.LEN": 30.0272574628453
      },
      "geometry": {
        "type": "LineString",
        "coordinates": [
          [
            277690.93740000017,
            2109249.2397000007
          ],
          [
            277678.16309999954,
            2109222.065199999
          ]
        ]
      }
    },
    {
      "type": "Feature",
      "properties": {
        "OBJECTID": 28254,
        "US_NODE_ID": "2177097602",
        "DS_NODE_ID": "2177097603",
        "CONDUIT_LE": 15.0,
        "SHAPE_1": "OREC",
        "CONDUIT_WI": 13000.0,
        "CONDUIT_HE": 2303.0,
        "US_INVERT": 26.103,
        "DS_INVERT": 26.101,
        "USER_TEXT2": "Existing",
        "SHAPE.LEN": 14.9755706645857
      },
      "geometry": {
        "type": "LineString",
        "coordinates": [
          [
            277746.5909000002,
            2109679.1755999997
          ],
          [
            277750.7056,
            2109664.7764
          ]
        ]
      }
    },
    {
      "type": "Feature",
      "properties": {
        "OBJECTID": 28245,
        "US_NODE_ID": "2177096907",
        "DS_NODE_ID": "2177096801",
        "CONDUIT_LE": 5.0,
        "SHAPE_1": "RECT",
        "CONDUIT_WI": 10000.0,
        "CONDUIT_HE": 2874.0,
        "US_INVERT": 26.133,
        "DS_INVERT": 26.133,
        "USER_TEXT2": "Existing",
        "SHAPE.LEN": 5.0262895579144695
      },
      "geometry": {
        "type": "LineString",
        "coordinates": [
          [
            277660.85479999986,
            2109901.7715000007
          ],
          [
            277663.8883999996,
            2109897.7639000006
          ]
        ]
      }
    },
    {
      "type": "Feature",
      "properties": {
        "OBJECTID": 28223,
        "US_NODE_ID": "2177096801",
        "DS_NODE_ID": "2177096802",
        "CONDUIT_LE": 2.1,
        "SHAPE_1": "RECT",
        "CONDUIT_WI": 10000.0,
        "CONDUIT_HE": 2874.0,
        "US_INVERT": 26.133,
        "DS_INVERT": 26.133,
        "USER_TEXT2": "Existing",
        "SHAPE.LEN": 2.14579835958554
      },
      "geometry": {
        "type": "LineString",
        "coordinates": [
          [
            277663.8883999996,
            2109897.7639000006
          ],
          [
            277665.4107999997,
            2109896.251700001
          ]
        ]
      }
    },
    {
      "type": "Feature",
      "properties": {
        "OBJECTID": 28228,
        "US_NODE_ID": "2177096804!",
        "DS_NODE_ID": "2177096805!",
        "CONDUIT_LE": 8.7,
        "SHAPE_1": "OREC",
        "CONDUIT_WI": 10000.0,
        "CONDUIT_HE": 2878.0,
        "US_INVERT": 26.129,
        "DS_INVERT": 26.129,
        "USER_TEXT2": "Existing",
        "SHAPE.LEN": 8.744266918387149
      },
      "geometry": {
        "type": "LineString",
        "coordinates": [
          [
            277689.54750000034,
            2109871.669500001
          ],
          [
            277695.75,
            2109865.5057999995
          ]
        ]
      }
    },
    {
      "type": "Feature",
      "properties": {
        "OBJECTID": 28231,
        "US_NODE_ID": "2177096805",
        "DS_NODE_ID": "2177097806",
        "CONDUIT_LE": 6.9,
        "SHAPE_1": "RECT",
        "CONDUIT_WI": 13000.0,
        "CONDUIT_HE": 2679.0,
        "US_INVERT": 26.129,
        "DS_INVERT": 26.128,
        "USER_TEXT2": "Existing",
        "SHAPE.LEN": 6.86748961702892
      },
      "geometry": {
        "type": "LineString",
        "coordinates": [
          [
            277695.75,
            2109865.5057999995
          ],
          [
            277701.0999999996,
            2109861.1999999993
          ]
        ]
      }
    },
    {
      "type": "Feature",
      "properties": {
        "OBJECTID": 28485,
        "US_NODE_ID": "2177107401",
        "DS_NODE_ID": "2177106404",
        "CONDUIT_LE": 30.0,
        "SHAPE_1": "OREC",
        "CONDUIT_WI": 13000.0,
        "CONDUIT_HE": 2115.0,
        "US_INVERT": 26.602,
        "DS_INVERT": 26.58,
        "USER_TEXT2": "Existing",
        "SHAPE.LEN": 29.9906898495183
      },
      "geometry": {
        "type": "LineString",
        "coordinates": [
          [
            277707.81549999956,
            2110482.0241
          ],
          [
            277684.2193,
            2110463.5130000003
          ]
        ]
      }
    },
    {
      "type": "Feature",
      "properties": {
        "OBJECTID": 28489,
        "US_NODE_ID": "2177107502",
        "DS_NODE_ID": "2177107501",
        "CONDUIT_LE": 30.0,
        "SHAPE_1": "OREC",
        "CONDUIT_WI": 13000.0,
        "CONDUIT_HE": 2103.0,
        "US_INVERT": 26.644,
        "DS_INVERT": 26.623,
        "USER_TEXT2": "Existing",
        "SHAPE.LEN": 30.0104367292447
      },
      "geometry": {
        "type": "LineString",
        "coordinates": [
          [
            277754.6989000002,
            2110519.4784999993
          ],
          [
            277731.4227,
            2110500.5352999996
          ]
        ]
      }
    },
    {
      "type": "Feature",
      "properties": {
        "OBJECTID": 28590,
        "US_NODE_ID": "2177117802",
        "DS_NODE_ID": "2177116702",
        "CONDUIT_LE": 116.6,
        "SHAPE_1": "RECT",
        "CONDUIT_WI": 1800.0,
        "CONDUIT_HE": 1500.0,
        "US_INVERT": 33.41,
        "DS_INVERT": 32.567,
        "USER_TEXT2": "Proposal",
        "SHAPE.LEN": 116.63892750197101
      },
      "geometry": {
        "type": "LineString",
        "coordinates": [
          [
            277729.1579999998,
            2111815.900800001
          ],
          [
            277676.3395999996,
            2111711.906300001
          ]
        ]
      }
    },
    {
      "type": "Feature",
      "properties": {
        "OBJECTID": 28589,
        "US_NODE_ID": "2177117802",
        "DS_NODE_ID": "2177117801",
        "CONDUIT_LE": 6.2,
        "SHAPE_1": "OREC",
        "CONDUIT_WI": 1800.0,
        "CONDUIT_HE": 1598.0,
        "US_INVERT": 33.41,
        "DS_INVERT": 33.373,
        "USER_TEXT2": "Existing",
        "SHAPE.LEN": 6.18273428185297
      },
      "geometry": {
        "type": "LineString",
        "coordinates": [
          [
            277729.1579999998,
            2111815.900800001
          ],
          [
            277722.99120000005,
            2111816.3444
          ]
        ]
      }
    },
    {
      "type": "Feature",
      "properties": {
        "OBJECTID": 28276,
        "US_NODE_ID": "2177098404",
        "DS_NODE_ID": "2177098403",
        "CONDUIT_LE": 9.9,
        "SHAPE_1": "RECT",
        "CONDUIT_WI": 4500.0,
        "CONDUIT_HE": 2325.0,
        "US_INVERT": 26.081,
        "DS_INVERT": 26.081,
        "USER_TEXT2": "Existing",
        "SHAPE.LEN": 9.900011000498939
      },
      "geometry": {
        "type": "LineString",
        "coordinates": [
          [
            277813.9000000004,
            2109491.6999999993
          ],
          [
            277812.75349999964,
            2109481.8665999994
          ]
        ]
      }
    },
    {
      "type": "Feature",
      "properties": {
        "OBJECTID": 28279,
        "US_NODE_ID": "2177098407",
        "DS_NODE_ID": "2177098406",
        "CONDUIT_LE": 25.0,
        "SHAPE_1": "OREC",
        "CONDUIT_WI": 12000.0,
        "CONDUIT_HE": 1521.0,
        "US_INVERT": 26.318,
        "DS_INVERT": 26.312,
        "USER_TEXT2": "Existing",
        "SHAPE.LEN": 25.0346982056904
      },
      "geometry": {
        "type": "LineString",
        "coordinates": [
          [
            277871.9363000002,
            2109456.4683
          ],
          [
            277847.72950000037,
            2109462.8532
          ]
        ]
      }
    },
    {
      "type": "Feature",
      "properties": {
        "OBJECTID": 28291,
        "US_NODE_ID": "2177098603",
        "DS_NODE_ID": "2177098602",
        "CONDUIT_LE": 26.7,
        "SHAPE_1": "OREC",
        "CONDUIT_WI": 7000.0,
        "CONDUIT_HE": 1597.0,
        "US_INVERT": 27.012,
        "DS_INVERT": 27.008,
        "USER_TEXT2": "Existing",
        "SHAPE.LEN": 26.7324480424072
      },
      "geometry": {
        "type": "LineString",
        "coordinates": [
          [
            277895.2904000003,
            2109654.627699999
          ],
          [
            277873.42009999976,
            2109639.2552000005
          ]
        ]
      }
    },
    {
      "type": "Feature",
      "properties": {
        "OBJECTID": 28295,
        "US_NODE_ID": "2177098901!",
        "DS_NODE_ID": "2178100001!",
        "CONDUIT_LE": 217.8,
        "SHAPE_1": "OREC",
        "CONDUIT_WI": 15000.0,
        "CONDUIT_HE": 2242.0,
        "US_INVERT": 26.056,
        "DS_INVERT": 26.042,
        "USER_TEXT2": "Proposal",
        "SHAPE.LEN": 217.769717821372
      },
      "geometry": {
        "type": "LineString",
        "coordinates": [
          [
            277824.2000000002,
            2109948.1999999993
          ],
          [
            278007.0999999996,
            2110066.4000000004
          ]
        ]
      }
    },
    {
      "type": "Feature",
      "properties": {
        "OBJECTID": 28496,
        "US_NODE_ID": "2177108503!",
        "DS_NODE_ID": "2177108502!",
        "CONDUIT_LE": 30.3,
        "SHAPE_1": "OREC",
        "CONDUIT_WI": 13000.0,
        "CONDUIT_HE": 2169.0,
        "US_INVERT": 26.729,
        "DS_INVERT": 26.708,
        "USER_TEXT2": "Existing",
        "SHAPE.LEN": 30.280394572396197
      },
      "geometry": {
        "type": "LineString",
        "coordinates": [
          [
            277846.6235999996,
            2110596.7859000005
          ],
          [
            277822.9171000002,
            2110577.9470000006
          ]
        ]
      }
    },
    {
      "type": "Feature",
      "properties": {
        "OBJECTID": 28595,
        "US_NODE_ID": "2177118101!",
        "DS_NODE_ID": "2177118001!",
        "CONDUIT_LE": 73.6,
        "SHAPE_1": "OREC",
        "CONDUIT_WI": 4800.0,
        "CONDUIT_HE": 2223.0,
        "US_INVERT": 27.777,
        "DS_INVERT": 27.703,
        "USER_TEXT2": "Existing",
        "SHAPE.LEN": 73.5924692682614
      },
      "geometry": {
        "type": "LineString",
        "coordinates": [
          [
            277809.52469999995,
            2111132.4804
          ],
          [
            277872.67789999954,
            2111094.6977999993
          ]
        ]
      }
    },
    {
      "type": "Feature",
      "properties": {
        "OBJECTID": 28602,
        "US_NODE_ID": "2177119801",
        "DS_NODE_ID": "2177118801",
        "CONDUIT_LE": 129.7,
        "SHAPE_1": "OREC",
        "CONDUIT_WI": 1800.0,
        "CONDUIT_HE": 1500.0,
        "US_INVERT": 40.48,
        "DS_INVERT": 39.11,
        "USER_TEXT2": "Existing",
        "SHAPE.LEN": 129.690876047623
      },
      "geometry": {
        "type": "LineString",
        "coordinates": [
          [
            277983.1437999997,
            2111831.2126
          ],
          [
            277853.6235999996,
            2111837.864
          ]
        ]
      }
    },
    {
      "type": "Feature",
      "properties": {
        "OBJECTID": 29106,
        "US_NODE_ID": "2178090401",
        "DS_NODE_ID": "2177099404",
        "CONDUIT_LE": 29.5,
        "SHAPE_1": "OREC",
        "CONDUIT_WI": 12000.0,
        "CONDUIT_HE": 1743.0,
        "US_INVERT": 26.356,
        "DS_INVERT": 26.349,
        "USER_TEXT2": "Existing",
        "SHAPE.LEN": 29.548096385385
      },
      "geometry": {
        "type": "LineString",
        "coordinates": [
          [
            278016.5999999996,
            2109417.1999999993
          ],
          [
            277988.0999999996,
            2109425
          ]
        ]
      }
    },
    {
      "type": "Feature",
      "properties": {
        "OBJECTID": 29109,
        "US_NODE_ID": "2178090602",
        "DS_NODE_ID": "2178090601",
        "CONDUIT_LE": 29.8,
        "SHAPE_1": "OREC",
        "CONDUIT_WI": 7000.0,
        "CONDUIT_HE": 1429.0,
        "US_INVERT": 27.09,
        "DS_INVERT": 27.075,
        "USER_TEXT2": "Existing",
        "SHAPE.LEN": 29.830925245456296
      },
      "geometry": {
        "type": "LineString",
        "coordinates": [
          [
            278042.2814999996,
            2109664.9913999997
          ],
          [
            278012.82770000026,
            2109660.2630000003
          ]
        ]
      }
    },
    {
      "type": "Feature",
      "properties": {
        "OBJECTID": 29201,
        "US_NODE_ID": "2178100001!",
        "DS_NODE_ID": "2178101101!",
        "CONDUIT_LE": 153.3,
        "SHAPE_1": "OREC",
        "CONDUIT_WI": 15000.0,
        "CONDUIT_HE": 2256.0,
        "US_INVERT": 26.042,
        "DS_INVERT": 26.033,
        "USER_TEXT2": "Proposal",
        "SHAPE.LEN": 153.287507644948
      },
      "geometry": {
        "type": "LineString",
        "coordinates": [
          [
            278007.0999999996,
            2110066.4000000004
          ],
          [
            278126.2000000002,
            2110162.9000000004
          ]
        ]
      }
    },
    {
      "type": "Feature",
      "properties": {
        "OBJECTID": 28507,
        "US_NODE_ID": "2177109603",
        "DS_NODE_ID": "2177109602",
        "CONDUIT_LE": 29.9,
        "SHAPE_1": "OREC",
        "CONDUIT_WI": 13000.0,
        "CONDUIT_HE": 2092.0,
        "US_INVERT": 26.836,
        "DS_INVERT": 26.815,
        "USER_TEXT2": "Existing",
        "SHAPE.LEN": 29.9196633846372
      },
      "geometry": {
        "type": "LineString",
        "coordinates": [
          [
            277963.9000000004,
            2110690
          ],
          [
            277940.4787999997,
            2110671.3818999995
          ]
        ]
      }
    },
    {
      "type": "Feature",
      "properties": {
        "OBJECTID": 29203,
        "US_NODE_ID": "2178100701!",
        "DS_NODE_ID": "2177109701!",
        "CONDUIT_LE": 29.9,
        "SHAPE_1": "OREC",
        "CONDUIT_WI": 13000.0,
        "CONDUIT_HE": 2239.0,
        "US_INVERT": 26.878,
        "DS_INVERT": 26.857,
        "USER_TEXT2": "Existing",
        "SHAPE.LEN": 29.8957522200061
      },
      "geometry": {
        "type": "LineString",
        "coordinates": [
          [
            278014.301,
            2110722.162799999
          ],
          [
            277988.10140000004,
            2110707.7635999992
          ]
        ]
      }
    },
    {
      "type": "Feature",
      "properties": {
        "OBJECTID": 29205,
        "US_NODE_ID": "2178100702!",
        "DS_NODE_ID": "2178100704!",
        "CONDUIT_LE": 39.0,
        "SHAPE_1": "OREC",
        "CONDUIT_WI": 4800.0,
        "CONDUIT_HE": 2082.0,
        "US_INVERT": 27.317,
        "DS_INVERT": 27.278,
        "USER_TEXT2": "Existing",
        "SHAPE.LEN": 38.971076272171494
      },
      "geometry": {
        "type": "LineString",
        "coordinates": [
          [
            278019.61369999964,
            2110768.9955
          ],
          [
            278033.25659999996,
            2110743.8742999993
          ],
          [
            278041.04110000003,
            2110737.0014999993
          ]
        ]
      }
    },
    {
      "type": "Feature",
      "properties": {
        "OBJECTID": 28512,
        "US_NODE_ID": "2177109802!",
        "DS_NODE_ID": "2177109803!",
        "CONDUIT_LE": 39.2,
        "SHAPE_1": "OREC",
        "CONDUIT_WI": 4800.0,
        "CONDUIT_HE": 2352.0,
        "US_INVERT": 27.447,
        "DS_INVERT": 27.408,
        "USER_TEXT2": "Existing",
        "SHAPE.LEN": 39.172954836213194
      },
      "geometry": {
        "type": "LineString",
        "coordinates": [
          [
            277961.8662999999,
            2110884.7207999993
          ],
          [
            277976.4297000002,
            2110848.3555999994
          ]
        ]
      }
    },
    {
      "type": "Feature",
      "properties": {
        "OBJECTID": 28519,
        "US_NODE_ID": "2177109901",
        "DS_NODE_ID": "2177109902",
        "CONDUIT_LE": 48.6,
        "SHAPE_1": "OREC",
        "CONDUIT_WI": 4800.0,
        "CONDUIT_HE": 2446.0,
        "US_INVERT": 27.553,
        "DS_INVERT": 27.504,
        "USER_TEXT2": "Existing",
        "SHAPE.LEN": 48.6079385895967
      },
      "geometry": {
        "type": "LineString",
        "coordinates": [
          [
            277948.26379999984,
            2110988.8730999995
          ],
          [
            277949.30900000036,
            2110940.2764
          ]
        ]
      }
    },
    {
      "type": "Feature",
      "properties": {
        "OBJECTID": 28511,
        "US_NODE_ID": "2177109801",
        "DS_NODE_ID": "2177109802",
        "CONDUIT_LE": 9.4,
        "SHAPE_1": "OREC",
        "CONDUIT_WI": 4800.0,
        "CONDUIT_HE": 2344.0,
        "US_INVERT": 27.456,
        "DS_INVERT": 27.447,
        "USER_TEXT2": "Existing",
        "SHAPE.LEN": 9.40639358574794
      },
      "geometry": {
        "type": "LineString",
        "coordinates": [
          [
            277959.15610000025,
            2110893.7282999996
          ],
          [
            277961.8662999999,
            2110884.7207999993
          ]
        ]
      }
    },
    {
      "type": "Feature",
      "properties": {
        "OBJECTID": 29375,
        "US_NODE_ID": "2178110303",
        "DS_NODE_ID": "2178110302",
        "CONDUIT_LE": 31.7,
        "SHAPE_1": "RECT",
        "CONDUIT_WI": 3500.0,
        "CONDUIT_HE": 2319.0,
        "US_INVERT": 30.887,
        "DS_INVERT": 30.734,
        "USER_TEXT2": "Existing",
        "SHAPE.LEN": 31.684373785511397
      },
      "geometry": {
        "type": "LineString",
        "coordinates": [
          [
            278019.55879999977,
            2111394.8194999993
          ],
          [
            278012.1571000004,
            2111364.0118000004
          ]
        ]
      }
    },
    {
      "type": "Feature",
      "properties": {
        "OBJECTID": 29117,
        "US_NODE_ID": "2178091403",
        "DS_NODE_ID": "2178091501",
        "CONDUIT_LE": 30.1,
        "SHAPE_1": "OREC",
        "CONDUIT_WI": 4981.0,
        "CONDUIT_HE": 1575.0,
        "US_INVERT": 26.783,
        "DS_INVERT": 26.758,
        "USER_TEXT2": "Existing",
        "SHAPE.LEN": 30.131710870775297
      },
      "geometry": {
        "type": "LineString",
        "coordinates": [
          [
            278136.2000000002,
            2109483.6999999993
          ],
          [
            278153.5999999996,
            2109508.3000000007
          ]
        ]
      }
    },
    {
      "type": "Feature",
      "properties": {
        "OBJECTID": 29209,
        "US_NODE_ID": "2178100704!",
        "DS_NODE_ID": "2178100703!",
        "CONDUIT_LE": 9.9,
        "SHAPE_1": "RECT",
        "CONDUIT_WI": 13000.0,
        "CONDUIT_HE": 3057.0,
        "US_INVERT": 26.9,
        "DS_INVERT": 26.893,
        "USER_TEXT2": "Existing",
        "SHAPE.LEN": 9.885179559320099
      },
      "geometry": {
        "type": "LineString",
        "coordinates": [
          [
            278041.04110000003,
            2110737.0014999993
          ],
          [
            278032.38150000013,
            2110732.234099999
          ]
        ]
      }
    },
    {
      "type": "Feature",
      "properties": {
        "OBJECTID": 29212,
        "US_NODE_ID": "2178100705",
        "DS_NODE_ID": "2178100704",
        "CONDUIT_LE": 9.5,
        "SHAPE_1": "RECT",
        "CONDUIT_WI": 13000.0,
        "CONDUIT_HE": 2532.0,
        "US_INVERT": 27.277,
        "DS_INVERT": 27.263,
        "USER_TEXT2": "Existing",
        "SHAPE.LEN": 9.53413821275945
      },
      "geometry": {
        "type": "LineString",
        "coordinates": [
          [
            278049.5,
            2110741.4000000004
          ],
          [
            278041.04110000003,
            2110737.0014999993
          ]
        ]
      }
    },
    {
      "type": "Feature",
      "properties": {
        "OBJECTID": 29228,
        "US_NODE_ID": "2178100804",
        "DS_NODE_ID": "2178100802",
        "CONDUIT_LE": 30.0,
        "SHAPE_1": "RECT",
        "CONDUIT_WI": 4500.0,
        "CONDUIT_HE": 1478.0,
        "US_INVERT": 28.068,
        "DS_INVERT": 28.048,
        "USER_TEXT2": "Existing",
        "SHAPE.LEN": 29.9656325563136
      },
      "geometry": {
        "type": "LineString",
        "coordinates": [
          [
            278059.8937999997,
            2110847.4278999995
          ],
          [
            278057.6102999998,
            2110817.5494
          ]
        ]
      }
    },
    {
      "type": "Feature",
      "properties": {
        "OBJECTID": 29219,
        "US_NODE_ID": "2178100709!",
        "DS_NODE_ID": "2178100708!",
        "CONDUIT_LE": 29.8,
        "SHAPE_1": "OREC",
        "CONDUIT_WI": 9600.0,
        "CONDUIT_HE": 2527.0,
        "US_INVERT": 27.301,
        "DS_INVERT": 27.283,
        "USER_TEXT2": "Existing",
        "SHAPE.LEN": 29.825376935924897
      },
      "geometry": {
        "type": "LineString",
        "coordinates": [
          [
            278079.1908,
            2110769.0145999994
          ],
          [
            278057.01769999973,
            2110749.067
          ]
        ]
      }
    },
    {
      "type": "Feature",
      "properties": {
        "OBJECTID": 29235,
        "US_NODE_ID": "2178100904!",
        "DS_NODE_ID": "2178100902!",
        "CONDUIT_LE": 30.0,
        "SHAPE_1": "RECT",
        "CONDUIT_WI": 4500.0,
        "CONDUIT_HE": 1785.0,
        "US_INVERT": 28.191,
        "DS_INVERT": 28.189,
        "USER_TEXT2": "Existing",
        "SHAPE.LEN": 30.0192263259732
      },
      "geometry": {
        "type": "LineString",
        "coordinates": [
          [
            278065.4205,
            2110966.9647000004
          ],
          [
            278062.5965,
            2110937.0786000006
          ]
        ]
      }
    },
    {
      "type": "Feature",
      "properties": {
        "OBJECTID": 29233,
        "US_NODE_ID": "2178100903!",
        "DS_NODE_ID": "2178100904!",
        "CONDUIT_LE": 30.0,
        "SHAPE_1": "RECT",
        "CONDUIT_WI": 4500.0,
        "CONDUIT_HE": 2008.0,
        "US_INVERT": 28.298,
        "DS_INVERT": 28.191,
        "USER_TEXT2": "Existing",
        "SHAPE.LEN": 30.018536223140497
      },
      "geometry": {
        "type": "LineString",
        "coordinates": [
          [
            278064.1188000003,
            2110996.955
          ],
          [
            278065.4205,
            2110966.9647000004
          ]
        ]
      }
    },
    {
      "type": "Feature",
      "properties": {
        "OBJECTID": 29347,
        "US_NODE_ID": "2178110001",
        "DS_NODE_ID": "2178100903",
        "CONDUIT_LE": 29.6,
        "SHAPE_1": "RECT",
        "CONDUIT_WI": 4500.0,
        "CONDUIT_HE": 1853.0,
        "US_INVERT": 28.403,
        "DS_INVERT": 28.298,
        "USER_TEXT2": "Existing",
        "SHAPE.LEN": 29.5773149553843
      },
      "geometry": {
        "type": "LineString",
        "coordinates": [
          [
            278056.5401999997,
            2111025.5449
          ],
          [
            278064.1188000003,
            2110996.955
          ]
        ]
      }
    },
    {
      "type": "Feature",
      "properties": {
        "OBJECTID": 29355,
        "US_NODE_ID": "2178110102",
        "DS_NODE_ID": "2178110103",
        "CONDUIT_LE": 29.0,
        "SHAPE_1": "RECT",
        "CONDUIT_WI": 3500.0,
        "CONDUIT_HE": 2099.0,
        "US_INVERT": 28.807,
        "DS_INVERT": 28.706,
        "USER_TEXT2": "Existing",
        "SHAPE.LEN": 28.955927043180598
      },
      "geometry": {
        "type": "LineString",
        "coordinates": [
          [
            278052.55790000036,
            2111170.095899999
          ],
          [
            278063.90919999965,
            2111143.457699999
          ]
        ]
      }
    },
    {
      "type": "Feature",
      "properties": {
        "OBJECTID": 29356,
        "US_NODE_ID": "2178110103!",
        "DS_NODE_ID": "2178110104!",
        "CONDUIT_LE": 24.2,
        "SHAPE_1": "RECT",
        "CONDUIT_WI": 3334.0,
        "CONDUIT_HE": 1970.0,
        "US_INVERT": 28.706,
        "DS_INVERT": 28.621,
        "USER_TEXT2": "Existing",
        "SHAPE.LEN": 24.1584245252045
      },
      "geometry": {
        "type": "LineString",
        "coordinates": [
          [
            278063.90919999965,
            2111143.457699999
          ],
          [
            278064.7807,
            2111119.3149999995
          ]
        ]
      }
    },
    {
      "type": "Feature",
      "properties": {
        "OBJECTID": 29357,
        "US_NODE_ID": "2178110103",
        "DS_NODE_ID": "2178110104",
        "CONDUIT_LE": 24.2,
        "SHAPE_1": "RECT",
        "CONDUIT_WI": 3334.0,
        "CONDUIT_HE": 1970.0,
        "US_INVERT": 28.706,
        "DS_INVERT": 28.621,
        "USER_TEXT2": "Existing",
        "SHAPE.LEN": 24.1584245252045
      },
      "geometry": {
        "type": "LineString",
        "coordinates": [
          [
            278063.90919999965,
            2111143.457699999
          ],
          [
            278064.7807,
            2111119.3149999995
          ]
        ]
      }
    },
    {
      "type": "Feature",
      "properties": {
        "OBJECTID": 29400,
        "US_NODE_ID": "2178111301!",
        "DS_NODE_ID": "2178110304!",
        "CONDUIT_LE": 76.2,
        "SHAPE_1": "OREC",
        "CONDUIT_WI": 7090.0,
        "CONDUIT_HE": 3248.0,
        "US_INVERT": 27.96,
        "DS_INVERT": 27.884,
        "USER_TEXT2": "Existing",
        "SHAPE.LEN": 76.23776479672
      },
      "geometry": {
        "type": "LineString",
        "coordinates": [
          [
            278138.32859999966,
            2111359.9481000006
          ],
          [
            278087.42920000013,
            2111303.190300001
          ]
        ]
      }
    },
    {
      "type": "Feature",
      "properties": {
        "OBJECTID": 29434,
        "US_NODE_ID": "2178112401!",
        "DS_NODE_ID": "2178111301!",
        "CONDUIT_LE": 90.9,
        "SHAPE_1": "OREC",
        "CONDUIT_WI": 7090.0,
        "CONDUIT_HE": 3057.0,
        "US_INVERT": 28.051,
        "DS_INVERT": 27.96,
        "USER_TEXT2": "Existing",
        "SHAPE.LEN": 90.89696725793439
      },
      "geometry": {
        "type": "LineString",
        "coordinates": [
          [
            278204.2324000001,
            2111422.5495999996
          ],
          [
            278138.32859999966,
            2111359.9481000006
          ]
        ]
      }
    },
    {
      "type": "Feature",
      "properties": {
        "OBJECTID": 29088,
        "US_NODE_ID": "2178083901",
        "DS_NODE_ID": "2178081802",
        "CONDUIT_LE": 157.2,
        "SHAPE_1": "OREC",
        "CONDUIT_WI": 4000.0,
        "CONDUIT_HE": 2325.0,
        "US_INVERT": 26.464,
        "DS_INVERT": 26.361,
        "USER_TEXT2": "Existing",
        "SHAPE.LEN": 157.16773197281898
      },
      "geometry": {
        "type": "LineString",
        "coordinates": [
          [
            278313.0401999997,
            2108979.3912000004
          ],
          [
            278191.7000000002,
            2108879.5
          ]
        ]
      }
    },
    {
      "type": "Feature",
      "properties": {
        "OBJECTID": 29129,
        "US_NODE_ID": "2178092601!",
        "DS_NODE_ID": "2178092602!",
        "CONDUIT_LE": 29.8,
        "SHAPE_1": "OREC",
        "CONDUIT_WI": 5073.0,
        "CONDUIT_HE": 1535.0,
        "US_INVERT": 26.687,
        "DS_INVERT": 26.658,
        "USER_TEXT2": "Existing",
        "SHAPE.LEN": 29.844429966075698
      },
      "geometry": {
        "type": "LineString",
        "coordinates": [
          [
            278219.7999999998,
            2109608.5
          ],
          [
            278236.0999999996,
            2109633.5
          ]
        ]
      }
    },
    {
      "type": "Feature",
      "properties": {
        "OBJECTID": 29133,
        "US_NODE_ID": "2178092603!",
        "DS_NODE_ID": "2178092604",
        "CONDUIT_LE": 48.6,
        "SHAPE_1": "RECT",
        "CONDUIT_WI": 7000.0,
        "CONDUIT_HE": 1630.0,
        "US_INVERT": 26.658,
        "DS_INVERT": 26.587,
        "USER_TEXT2": "Existing",
        "SHAPE.LEN": 48.6236567937871
      },
      "geometry": {
        "type": "LineString",
        "coordinates": [
          [
            278241.7999999998,
            2109643.4000000004
          ],
          [
            278269.2999999998,
            2109683.5
          ]
        ]
      }
    },
    {
      "type": "Feature",
      "properties": {
        "OBJECTID": 29134,
        "US_NODE_ID": "2178092603",
        "DS_NODE_ID": "2178092602",
        "CONDUIT_LE": 9.0,
        "SHAPE_1": "OREC",
        "CONDUIT_WI": 5000.0,
        "CONDUIT_HE": 567.0,
        "US_INVERT": 27.432,
        "DS_INVERT": 27.428,
        "USER_TEXT2": "Existing",
        "SHAPE.LEN": 8.967719888578149
      },
      "geometry": {
        "type": "LineString",
        "coordinates": [
          [
            278221.5,
            2109681.3000000007
          ],
          [
            278212.5999999996,
            2109680.1999999993
          ]
        ]
      }
    },
    {
      "type": "Feature",
      "properties": {
        "OBJECTID": 29253,
        "US_NODE_ID": "2178102901!",
        "DS_NODE_ID": "2178102801!",
        "CONDUIT_LE": 30.1,
        "SHAPE_1": "OREC",
        "CONDUIT_WI": 9600.0,
        "CONDUIT_HE": 2549.0,
        "US_INVERT": 27.489,
        "DS_INVERT": 27.463,
        "USER_TEXT2": "Existing",
        "SHAPE.LEN": 30.1280904288672
      },
      "geometry": {
        "type": "LineString",
        "coordinates": [
          [
            278241.2977,
            2110902.1351999994
          ],
          [
            278216.46970000025,
            2110885.068499999
          ]
        ]
      }
    },
    {
      "type": "Feature",
      "properties": {
        "OBJECTID": 29254,
        "US_NODE_ID": "2178102901",
        "DS_NODE_ID": "2178102801",
        "CONDUIT_LE": 30.1,
        "SHAPE_1": "OREC",
        "CONDUIT_WI": 9600.0,
        "CONDUIT_HE": 2549.0,
        "US_INVERT": 27.489,
        "DS_INVERT": 27.463,
        "USER_TEXT2": "Existing",
        "SHAPE.LEN": 30.1280904288672
      },
      "geometry": {
        "type": "LineString",
        "coordinates": [
          [
            278241.2977,
            2110902.1351999994
          ],
          [
            278216.46970000025,
            2110885.068499999
          ]
        ]
      }
    },
    {
      "type": "Feature",
      "properties": {
        "OBJECTID": 29420,
        "US_NODE_ID": "2178112004!",
        "DS_NODE_ID": "2178102902!",
        "CONDUIT_LE": 29.9,
        "SHAPE_1": "OREC",
        "CONDUIT_WI": 7200.0,
        "CONDUIT_HE": 1633.0,
        "US_INVERT": 27.575,
        "DS_INVERT": 27.561,
        "USER_TEXT2": "Existing",
        "SHAPE.LEN": 29.8869689291169
      },
      "geometry": {
        "type": "LineString",
        "coordinates": [
          [
            278240.4000000004,
            2111003.4000000004
          ],
          [
            278249.62509999983,
            2110974.9724000003
          ]
        ]
      }
    },
    {
      "type": "Feature",
      "properties": {
        "OBJECTID": 29260,
        "US_NODE_ID": "2178102904",
        "DS_NODE_ID": "2178102901",
        "CONDUIT_LE": 27.0,
        "SHAPE_1": "OREC",
        "CONDUIT_WI": 9600.0,
        "CONDUIT_HE": 2490.0,
        "US_INVERT": 27.518,
        "DS_INVERT": 27.489,
        "USER_TEXT2": "Existing",
        "SHAPE.LEN": 27.0036282336282
      },
      "geometry": {
        "type": "LineString",
        "coordinates": [
          [
            278263.12200000044,
            2110918.037900001
          ],
          [
            278241.2977,
            2110902.1351999994
          ]
        ]
      }
    },
    {
      "type": "Feature",
      "properties": {
        "OBJECTID": 29258,
        "US_NODE_ID": "2178102903",
        "DS_NODE_ID": "2178102904",
        "CONDUIT_LE": 28.6,
        "SHAPE_1": "OREC",
        "CONDUIT_WI": 7200.0,
        "CONDUIT_HE": 2674.0,
        "US_INVERT": 27.544,
        "DS_INVERT": 27.518,
        "USER_TEXT2": "Existing",
        "SHAPE.LEN": 28.6458583465394
      },
      "geometry": {
        "type": "LineString",
        "coordinates": [
          [
            278259.0999999996,
            2110946.4000000004
          ],
          [
            278263.12200000044,
            2110918.037900001
          ]
        ]
      }
    },
    {
      "type": "Feature",
      "properties": {
        "OBJECTID": 29425,
        "US_NODE_ID": "2178112102",
        "DS_NODE_ID": "2178112001",
        "CONDUIT_LE": 30.8,
        "SHAPE_1": "OREC",
        "CONDUIT_WI": 7200.0,
        "CONDUIT_HE": 1621.0,
        "US_INVERT": 27.638,
        "DS_INVERT": 27.614,
        "USER_TEXT2": "Existing",
        "SHAPE.LEN": 30.7535323293114
      },
      "geometry": {
        "type": "LineString",
        "coordinates": [
          [
            278202.3689000001,
            2111118.8127999995
          ],
          [
            278211.8680999996,
            2111089.563100001
          ]
        ]
      }
    },
    {
      "type": "Feature",
      "properties": {
        "OBJECTID": 29415,
        "US_NODE_ID": "2178112001",
        "DS_NODE_ID": "2178112002",
        "CONDUIT_LE": 30.8,
        "SHAPE_1": "OREC",
        "CONDUIT_WI": 7200.0,
        "CONDUIT_HE": 1594.0,
        "US_INVERT": 27.614,
        "DS_INVERT": 27.596,
        "USER_TEXT2": "Existing",
        "SHAPE.LEN": 30.8343294340902
      },
      "geometry": {
        "type": "LineString",
        "coordinates": [
          [
            278211.8680999996,
            2111089.563100001
          ],
          [
            278221.4402999999,
            2111060.2522
          ]
        ]
      }
    },
    {
      "type": "Feature",
      "properties": {
        "OBJECTID": 29394,
        "US_NODE_ID": "2178111102!",
        "DS_NODE_ID": "2178111101!",
        "CONDUIT_LE": 12.4,
        "SHAPE_1": "OREC",
        "CONDUIT_WI": 6000.0,
        "CONDUIT_HE": 2125.0,
        "US_INVERT": 27.675,
        "DS_INVERT": 27.663,
        "USER_TEXT2": "Existing",
        "SHAPE.LEN": 12.3675075856051
      },
      "geometry": {
        "type": "LineString",
        "coordinates": [
          [
            278191.2496999996,
            2111177.4499999993
          ],
          [
            278187.5088999998,
            2111165.661800001
          ]
        ]
      }
    },
    {
      "type": "Feature",
      "properties": {
        "OBJECTID": 29422,
        "US_NODE_ID": "2178112101!",
        "DS_NODE_ID": "2178111103!",
        "CONDUIT_LE": 5.0,
        "SHAPE_1": "OREC",
        "CONDUIT_WI": 4800.0,
        "CONDUIT_HE": 1603.0,
        "US_INVERT": 27.659,
        "DS_INVERT": 27.649,
        "USER_TEXT2": "Existing",
        "SHAPE.LEN": 4.9723063562093595
      },
      "geometry": {
        "type": "LineString",
        "coordinates": [
          [
            278200.3269999996,
            2111142.8463000003
          ],
          [
            278196.37650000025,
            2111139.8268
          ]
        ]
      }
    },
    {
      "type": "Feature",
      "properties": {
        "OBJECTID": 29426,
        "US_NODE_ID": "2178112103!",
        "DS_NODE_ID": "2178112101!",
        "CONDUIT_LE": 15.6,
        "SHAPE_1": "RECT",
        "CONDUIT_WI": 4800.0,
        "CONDUIT_HE": 1611.0,
        "US_INVERT": 27.676,
        "DS_INVERT": 27.659,
        "USER_TEXT2": "Existing",
        "SHAPE.LEN": 15.5953414598719
      },
      "geometry": {
        "type": "LineString",
        "coordinates": [
          [
            278215.06400000025,
            2111147.9487999994
          ],
          [
            278200.3269999996,
            2111142.8463000003
          ]
        ]
      }
    },
    {
      "type": "Feature",
      "properties": {
        "OBJECTID": 29429,
        "US_NODE_ID": "2178112104",
        "DS_NODE_ID": "2178112103",
        "CONDUIT_LE": 45.5,
        "SHAPE_1": "OREC",
        "CONDUIT_WI": 4800.0,
        "CONDUIT_HE": 1436.0,
        "US_INVERT": 27.699,
        "DS_INVERT": 27.688,
        "USER_TEXT2": "Existing",
        "SHAPE.LEN": 45.4716704449045
      },
      "geometry": {
        "type": "LineString",
        "coordinates": [
          [
            278258.5647999998,
            2111161.1909
          ],
          [
            278215.06400000025,
            2111147.9487999994
          ]
        ]
      }
    },
    {
      "type": "Feature",
      "properties": {
        "OBJECTID": 29442,
        "US_NODE_ID": "2178112503!",
        "DS_NODE_ID": "2178112502!",
        "CONDUIT_LE": 29.9,
        "SHAPE_1": "OREC",
        "CONDUIT_WI": 4000.0,
        "CONDUIT_HE": 3889.0,
        "US_INVERT": 33.267,
        "DS_INVERT": 33.202,
        "USER_TEXT2": "Existing",
        "SHAPE.LEN": 29.8779160921574
      },
      "geometry": {
        "type": "LineString",
        "coordinates": [
          [
            278284.2505000001,
            2111555.7688999996
          ],
          [
            278256.31900000013,
            2111545.1613
          ]
        ]
      }
    },
    {
      "type": "Feature",
      "properties": {
        "OBJECTID": 29092,
        "US_NODE_ID": "2178084801",
        "DS_NODE_ID": "2178083801",
        "CONDUIT_LE": 192.0,
        "SHAPE_1": "RECT",
        "CONDUIT_WI": 2000.0,
        "CONDUIT_HE": 1500.0,
        "US_INVERT": 28.276,
        "DS_INVERT": 27.5,
        "USER_TEXT2": "Proposal",
        "SHAPE.LEN": 192.03749633860602
      },
      "geometry": {
        "type": "LineString",
        "coordinates": [
          [
            278489.7999999998,
            2108835.8000000007
          ],
          [
            278308.5999999996,
            2108899.4000000004
          ]
        ]
      }
    },
    {
      "type": "Feature",
      "properties": {
        "OBJECTID": 29141,
        "US_NODE_ID": "2178093004",
        "DS_NODE_ID": "2178093003",
        "CONDUIT_LE": 9.1,
        "SHAPE_1": "OREC",
        "CONDUIT_WI": 4000.0,
        "CONDUIT_HE": 2594.0,
        "US_INVERT": 26.542,
        "DS_INVERT": 26.535,
        "USER_TEXT2": "Existing",
        "SHAPE.LEN": 9.12623662415127
      },
      "geometry": {
        "type": "LineString",
        "coordinates": [
          [
            278313.9422000004,
            2109074.803099999
          ],
          [
            278309.14159999974,
            2109067.0415000003
          ]
        ]
      }
    },
    {
      "type": "Feature",
      "properties": {
        "OBJECTID": 29145,
        "US_NODE_ID": "2178093008",
        "DS_NODE_ID": "2178093007",
        "CONDUIT_LE": 24.1,
        "SHAPE_1": "OREC",
        "CONDUIT_WI": 4000.0,
        "CONDUIT_HE": 2417.0,
        "US_INVERT": 26.609,
        "DS_INVERT": 26.59,
        "USER_TEXT2": "Existing",
        "SHAPE.LEN": 24.1062098897774
      },
      "geometry": {
        "type": "LineString",
        "coordinates": [
          [
            278393.1377999997,
            2109088.726
          ],
          [
            278373.96439999994,
            2109074.1147000007
          ]
        ]
      }
    },
    {
      "type": "Feature",
      "properties": {
        "OBJECTID": 29433,
        "US_NODE_ID": "2178112106",
        "DS_NODE_ID": "2178112105",
        "CONDUIT_LE": 15.4,
        "SHAPE_1": "OREC",
        "CONDUIT_WI": 4800.0,
        "CONDUIT_HE": 1468.0,
        "US_INVERT": 27.731,
        "DS_INVERT": 27.719,
        "USER_TEXT2": "Existing",
        "SHAPE.LEN": 15.405012917229199
      },
      "geometry": {
        "type": "LineString",
        "coordinates": [
          [
            278288.0999999996,
            2111171.5999999996
          ],
          [
            278273.5532999998,
            2111166.5297
          ]
        ]
      }
    },
    {
      "type": "Feature",
      "properties": {
        "OBJECTID": 29160,
        "US_NODE_ID": "2178094104",
        "DS_NODE_ID": "2178094103",
        "CONDUIT_LE": 27.3,
        "SHAPE_1": "OREC",
        "CONDUIT_WI": 4000.0,
        "CONDUIT_HE": 2178.0,
        "US_INVERT": 26.7,
        "DS_INVERT": 26.679,
        "USER_TEXT2": "Existing",
        "SHAPE.LEN": 27.289125599952797
      },
      "geometry": {
        "type": "LineString",
        "coordinates": [
          [
            278469.0747999996,
            2109175.9288
          ],
          [
            278450.59970000014,
            2109155.844799999
          ]
        ]
      }
    },
    {
      "type": "Feature",
      "properties": {
        "OBJECTID": 29161,
        "US_NODE_ID": "2178094201",
        "DS_NODE_ID": "2178094301",
        "CONDUIT_LE": 30.1,
        "SHAPE_1": "OREC",
        "CONDUIT_WI": 3500.0,
        "CONDUIT_HE": 1664.0,
        "US_INVERT": 26.536,
        "DS_INVERT": 26.524,
        "USER_TEXT2": "Existing",
        "SHAPE.LEN": 30.0507903390244
      },
      "geometry": {
        "type": "LineString",
        "coordinates": [
          [
            278448.7999999998,
            2109296
          ],
          [
            278419.5999999996,
            2109303.0999999996
          ]
        ]
      }
    },
    {
      "type": "Feature",
      "properties": {
        "OBJECTID": 29165,
        "US_NODE_ID": "2178094301",
        "DS_NODE_ID": "2178093304",
        "CONDUIT_LE": 30.1,
        "SHAPE_1": "OREC",
        "CONDUIT_WI": 3500.0,
        "CONDUIT_HE": 1626.0,
        "US_INVERT": 26.524,
        "DS_INVERT": 26.507,
        "USER_TEXT2": "Existing",
        "SHAPE.LEN": 30.147802573322
      },
      "geometry": {
        "type": "LineString",
        "coordinates": [
          [
            278419.5999999996,
            2109303.0999999996
          ],
          [
            278390.4000000004,
            2109310.5999999996
          ]
        ]
      }
    },
    {
      "type": "Feature",
      "properties": {
        "OBJECTID": 29167,
        "US_NODE_ID": "2178094801",
        "DS_NODE_ID": "2178094802",
        "CONDUIT_LE": 30.3,
        "SHAPE_1": "RECT",
        "CONDUIT_WI": 5000.0,
        "CONDUIT_HE": 2331.0,
        "US_INVERT": 26.186,
        "DS_INVERT": 26.158,
        "USER_TEXT2": "Existing",
        "SHAPE.LEN": 30.288776799336098
      },
      "geometry": {
        "type": "LineString",
        "coordinates": [
          [
            278426.7999999998,
            2109824.4000000004
          ],
          [
            278443.2999999998,
            2109849.8000000007
          ]
        ]
      }
    },
    {
      "type": "Feature",
      "properties": {
        "OBJECTID": 29174,
        "US_NODE_ID": "2178095202",
        "DS_NODE_ID": "2178095201",
        "CONDUIT_LE": 26.1,
        "SHAPE_1": "OREC",
        "CONDUIT_WI": 4000.0,
        "CONDUIT_HE": 2225.0,
        "US_INVERT": 26.774,
        "DS_INVERT": 26.754,
        "USER_TEXT2": "Existing",
        "SHAPE.LEN": 26.0532201719864
      },
      "geometry": {
        "type": "LineString",
        "coordinates": [
          [
            278510.4000000004,
            2109257.6999999993
          ],
          [
            278500.84619999956,
            2109233.4617
          ]
        ]
      }
    },
    {
      "type": "Feature",
      "properties": {
        "OBJECTID": 29177,
        "US_NODE_ID": "2178095205",
        "DS_NODE_ID": "2178095203",
        "CONDUIT_LE": 4.7,
        "SHAPE_1": "OREC",
        "CONDUIT_WI": 3500.0,
        "CONDUIT_HE": 2433.0,
        "US_INVERT": 26.736,
        "DS_INVERT": 26.729,
        "USER_TEXT2": "Existing",
        "SHAPE.LEN": 4.69765138127554
      },
      "geometry": {
        "type": "LineString",
        "coordinates": [
          [
            278516.35360000003,
            2109279.7908999994
          ],
          [
            278512.25129999965,
            2109282.0798000004
          ]
        ]
      }
    },
    {
      "type": "Feature",
      "properties": {
        "OBJECTID": 29181,
        "US_NODE_ID": "2178095902",
        "DS_NODE_ID": "2178095905",
        "CONDUIT_LE": 76.0,
        "SHAPE_1": "RECT",
        "CONDUIT_WI": 5000.0,
        "CONDUIT_HE": 2007.0,
        "US_INVERT": 26.039,
        "DS_INVERT": 25.958,
        "USER_TEXT2": "Proposal",
        "SHAPE.LEN": 75.98947295514029
      },
      "geometry": {
        "type": "LineString",
        "coordinates": [
          [
            278525.9000000004,
            2109974
          ],
          [
            278596.7000000002,
            2109946.4000000004
          ]
        ]
      }
    },
    {
      "type": "Feature",
      "properties": {
        "OBJECTID": 22447,
        "US_NODE_ID": "2174092101",
        "DS_NODE_ID": "2174093103",
        "CONDUIT_LE": 49.0,
        "SHAPE_1": "RECT",
        "CONDUIT_WI": 5000.0,
        "CONDUIT_HE": 2500.0,
        "US_INVERT": 24.077,
        "DS_INVERT": 24.0,
        "USER_TEXT2": "Proposal",
        "SHAPE.LEN": 49.0048977144122
      },
      "geometry": {
        "type": "LineString",
        "coordinates": [
          [
            274295.2999999998,
            2109138.3000000007
          ],
          [
            274343.0999999996,
            2109149.0999999996
          ]
        ]
      }
    },
    {
      "type": "Feature",
      "properties": {
        "OBJECTID": 22450,
        "US_NODE_ID": "2174092203",
        "DS_NODE_ID": "2174093101",
        "CONDUIT_LE": 30.0,
        "SHAPE_1": "OREC",
        "CONDUIT_WI": 60000.0,
        "CONDUIT_HE": 5366.0,
        "US_INVERT": 23.172,
        "DS_INVERT": 23.161,
        "USER_TEXT2": "Existing",
        "SHAPE.LEN": 29.9708191412914
      },
      "geometry": {
        "type": "LineString",
        "coordinates": [
          [
            274299,
            2109226.9000000004
          ],
          [
            274311.7999999998,
            2109199.8000000007
          ]
        ]
      }
    },
    {
      "type": "Feature",
      "properties": {
        "OBJECTID": 22532,
        "US_NODE_ID": "2174105601",
        "DS_NODE_ID": "2174104601",
        "CONDUIT_LE": 72.3,
        "SHAPE_1": "RECT",
        "CONDUIT_WI": 2000.0,
        "CONDUIT_HE": 1500.0,
        "US_INVERT": 26.0,
        "DS_INVERT": 25.049,
        "USER_TEXT2": "Existing",
        "SHAPE.LEN": 72.2698415661748
      },
      "geometry": {
        "type": "LineString",
        "coordinates": [
          [
            274500.7999999998,
            2110693.5999999996
          ],
          [
            274489,
            2110622.3000000007
          ]
        ]
      }
    },
    {
      "type": "Feature",
      "properties": {
        "OBJECTID": 22524,
        "US_NODE_ID": "2174104702",
        "DS_NODE_ID": "2174105701",
        "CONDUIT_LE": 20.6,
        "SHAPE_1": "RECT",
        "CONDUIT_WI": 2000.0,
        "CONDUIT_HE": 1500.0,
        "US_INVERT": 26.607,
        "DS_INVERT": 26.455,
        "USER_TEXT2": "Existing",
        "SHAPE.LEN": 20.630317496345
      },
      "geometry": {
        "type": "LineString",
        "coordinates": [
          [
            274495.0999999996,
            2110770.6999999993
          ],
          [
            274508.5999999996,
            2110755.0999999996
          ]
        ]
      }
    },
    {
      "type": "Feature",
      "properties": {
        "OBJECTID": 22541,
        "US_NODE_ID": "2174106604",
        "DS_NODE_ID": "2174106603",
        "CONDUIT_LE": 23.2,
        "SHAPE_1": "RECT",
        "CONDUIT_WI": 1500.0,
        "CONDUIT_HE": 1500.0,
        "US_INVERT": 27.0,
        "DS_INVERT": 26.772,
        "USER_TEXT2": "Existing",
        "SHAPE.LEN": 23.2280003444119
      },
      "geometry": {
        "type": "LineString",
        "coordinates": [
          [
            274653.5999999996,
            2110698.4000000004
          ],
          [
            274647.0999999996,
            2110676.0999999996
          ]
        ]
      }
    },
    {
      "type": "Feature",
      "properties": {
        "OBJECTID": 22542,
        "US_NODE_ID": "2174108401",
        "DS_NODE_ID": "2174106401",
        "CONDUIT_LE": 178.2,
        "SHAPE_1": "RECT",
        "CONDUIT_WI": 6800.0,
        "CONDUIT_HE": 3500.0,
        "US_INVERT": 25.0,
        "DS_INVERT": 24.859,
        "USER_TEXT2": "Existing",
        "SHAPE.LEN": 178.172191994149
      },
      "geometry": {
        "type": "LineString",
        "coordinates": [
          [
            274839.7000000002,
            2110413.4000000004
          ],
          [
            274669.5,
            2110466.0999999996
          ]
        ]
      }
    },
    {
      "type": "Feature",
      "properties": {
        "OBJECTID": 24899,
        "US_NODE_ID": "2175101401",
        "DS_NODE_ID": "2175101402",
        "CONDUIT_LE": 29.8,
        "SHAPE_1": "RECT",
        "CONDUIT_WI": 4000.0,
        "CONDUIT_HE": 1500.0,
        "US_INVERT": 27.28,
        "DS_INVERT": 27.223,
        "USER_TEXT2": "Proposal",
        "SHAPE.LEN": 29.8496730040716
      },
      "geometry": {
        "type": "LineString",
        "coordinates": [
          [
            275152.4863999998,
            2110488.8226999994
          ],
          [
            275155.61369999964,
            2110459.1372999996
          ]
        ]
      }
    },
    {
      "type": "Feature",
      "properties": {
        "OBJECTID": 24925,
        "US_NODE_ID": "2175103001",
        "DS_NODE_ID": "2175103002",
        "CONDUIT_LE": 19.8,
        "SHAPE_1": "OREC",
        "CONDUIT_WI": 3500.0,
        "CONDUIT_HE": 2368.0,
        "US_INVERT": 26.281,
        "DS_INVERT": 26.243,
        "USER_TEXT2": "Proposal",
        "SHAPE.LEN": 19.769992288567
      },
      "geometry": {
        "type": "LineString",
        "coordinates": [
          [
            275350.06429999974,
            2110077.7798999995
          ],
          [
            275367.34130000044,
            2110068.1696000006
          ]
        ]
      }
    },
    {
      "type": "Feature",
      "properties": {
        "OBJECTID": 24926,
        "US_NODE_ID": "2175103002",
        "DS_NODE_ID": "2175103004",
        "CONDUIT_LE": 30.2,
        "SHAPE_1": "OREC",
        "CONDUIT_WI": 3500.0,
        "CONDUIT_HE": 2796.0,
        "US_INVERT": 26.243,
        "DS_INVERT": 26.185,
        "USER_TEXT2": "Proposal",
        "SHAPE.LEN": 30.2076521808631
      },
      "geometry": {
        "type": "LineString",
        "coordinates": [
          [
            275367.34130000044,
            2110068.1696000006
          ],
          [
            275396.9890999999,
            2110062.3807999995
          ]
        ]
      }
    },
    {
      "type": "Feature",
      "properties": {
        "OBJECTID": 24927,
        "US_NODE_ID": "2175103003",
        "DS_NODE_ID": "2175104002",
        "CONDUIT_LE": 48.3,
        "SHAPE_1": "OREC",
        "CONDUIT_WI": 7000.0,
        "CONDUIT_HE": 2108.0,
        "US_INVERT": 26.17,
        "DS_INVERT": 26.08,
        "USER_TEXT2": "Existing",
        "SHAPE.LEN": 48.3176829006731
      },
      "geometry": {
        "type": "LineString",
        "coordinates": [
          [
            275396.6514999997,
            2110014.1192000005
          ],
          [
            275439.0999999996,
            2110037.1999999993
          ]
        ]
      }
    },
    {
      "type": "Feature",
      "properties": {
        "OBJECTID": 24941,
        "US_NODE_ID": "2175104001",
        "DS_NODE_ID": "2175104002",
        "CONDUIT_LE": 25.1,
        "SHAPE_1": "OREC",
        "CONDUIT_WI": 3500.0,
        "CONDUIT_HE": 2883.0,
        "US_INVERT": 26.128,
        "DS_INVERT": 26.08,
        "USER_TEXT2": "Proposal",
        "SHAPE.LEN": 25.0831477508306
      },
      "geometry": {
        "type": "LineString",
        "coordinates": [
          [
            275426.4797,
            2110058.8770000003
          ],
          [
            275439.0999999996,
            2110037.1999999993
          ]
        ]
      }
    },
    {
      "type": "Feature",
      "properties": {
        "OBJECTID": 24943,
        "US_NODE_ID": "2175104003",
        "DS_NODE_ID": "2175105001",
        "CONDUIT_LE": 56.1,
        "SHAPE_1": "OREC",
        "CONDUIT_WI": 8000.0,
        "CONDUIT_HE": 2251.0,
        "US_INVERT": 26.037,
        "DS_INVERT": 25.995,
        "USER_TEXT2": "Existing",
        "SHAPE.LEN": 56.0866823669398
      },
      "geometry": {
        "type": "LineString",
        "coordinates": [
          [
            275495.69350000005,
            2110041.9617999997
          ],
          [
            275549.0407999996,
            2110059.2760000005
          ]
        ]
      }
    },
    {
      "type": "Feature",
      "properties": {
        "OBJECTID": 24946,
        "US_NODE_ID": "2175106001",
        "DS_NODE_ID": "2175106002",
        "CONDUIT_LE": 19.8,
        "SHAPE_1": "OREC",
        "CONDUIT_WI": 8000.0,
        "CONDUIT_HE": 2180.0,
        "US_INVERT": 25.948,
        "DS_INVERT": 25.933,
        "USER_TEXT2": "Existing",
        "SHAPE.LEN": 19.807432260896398
      },
      "geometry": {
        "type": "LineString",
        "coordinates": [
          [
            275609.0840999996,
            2110073.687000001
          ],
          [
            275626.8909999998,
            2110082.3616000004
          ]
        ]
      }
    },
    {
      "type": "Feature",
      "properties": {
        "OBJECTID": 24874,
        "US_NODE_ID": "2175086802",
        "DS_NODE_ID": "2175087801",
        "CONDUIT_LE": 53.8,
        "SHAPE_1": "OREC",
        "CONDUIT_WI": 2000.0,
        "CONDUIT_HE": 1198.0,
        "US_INVERT": 26.96,
        "DS_INVERT": 26.692,
        "USER_TEXT2": "Existing",
        "SHAPE.LEN": 53.8003826563529
      },
      "geometry": {
        "type": "LineString",
        "coordinates": [
          [
            275651.55429999996,
            2108846.1285999995
          ],
          [
            275700.0574000003,
            2108822.849199999
          ]
        ]
      }
    },
    {
      "type": "Feature",
      "properties": {
        "OBJECTID": 24949,
        "US_NODE_ID": "2175106004",
        "DS_NODE_ID": "2175106005",
        "CONDUIT_LE": 25.6,
        "SHAPE_1": "OREC",
        "CONDUIT_WI": 5000.0,
        "CONDUIT_HE": 2743.0,
        "US_INVERT": 25.905,
        "DS_INVERT": 25.883,
        "USER_TEXT2": "Existing",
        "SHAPE.LEN": 25.638122204248898
      },
      "geometry": {
        "type": "LineString",
        "coordinates": [
          [
            275668.5332000004,
            2110075.2402
          ],
          [
            275683.28780000005,
            2110054.2731999997
          ]
        ]
      }
    },
    {
      "type": "Feature",
      "properties": {
        "OBJECTID": 24951,
        "US_NODE_ID": "2175106006",
        "DS_NODE_ID": "2175107001",
        "CONDUIT_LE": 17.2,
        "SHAPE_1": "RECT",
        "CONDUIT_WI": 5000.0,
        "CONDUIT_HE": 3037.0,
        "US_INVERT": 25.861,
        "DS_INVERT": 25.836,
        "USER_TEXT2": "Existing",
        "SHAPE.LEN": 17.1897981867153
      },
      "geometry": {
        "type": "LineString",
        "coordinates": [
          [
            275690.2768000001,
            2110043.7896999996
          ],
          [
            275706.3718999997,
            2110049.8259999994
          ]
        ]
      }
    },
    {
      "type": "Feature",
      "properties": {
        "OBJECTID": 24963,
        "US_NODE_ID": "2175107001",
        "DS_NODE_ID": "2175107002",
        "CONDUIT_LE": 16.6,
        "SHAPE_1": "RECT",
        "CONDUIT_WI": 5000.0,
        "CONDUIT_HE": 3202.0,
        "US_INVERT": 25.836,
        "DS_INVERT": 25.81,
        "USER_TEXT2": "Existing",
        "SHAPE.LEN": 16.597996583021697
      },
      "geometry": {
        "type": "LineString",
        "coordinates": [
          [
            275706.3718999997,
            2110049.8259999994
          ],
          [
            275721.05979999993,
            2110057.556399999
          ]
        ]
      }
    },
    {
      "type": "Feature",
      "properties": {
        "OBJECTID": 24955,
        "US_NODE_ID": "2175106501",
        "DS_NODE_ID": "2175107501",
        "CONDUIT_LE": 25.3,
        "SHAPE_1": "OREC",
        "CONDUIT_WI": 1500.0,
        "CONDUIT_HE": 1399.0,
        "US_INVERT": 26.999,
        "DS_INVERT": 26.926,
        "USER_TEXT2": "Existing",
        "SHAPE.LEN": 25.325441823194296
      },
      "geometry": {
        "type": "LineString",
        "coordinates": [
          [
            275692.69070000015,
            2110522.2722999994
          ],
          [
            275704.5401999997,
            2110544.6546
          ]
        ]
      }
    },
    {
      "type": "Feature",
      "properties": {
        "OBJECTID": 24958,
        "US_NODE_ID": "2175106602",
        "DS_NODE_ID": "2175106603",
        "CONDUIT_LE": 3.8,
        "SHAPE_1": "OREC",
        "CONDUIT_WI": 2000.0,
        "CONDUIT_HE": 1308.0,
        "US_INVERT": 28.25,
        "DS_INVERT": 28.139,
        "USER_TEXT2": "Existing",
        "SHAPE.LEN": 3.8108055027775998
      },
      "geometry": {
        "type": "LineString",
        "coordinates": [
          [
            275668.7849000003,
            2110669.6998999994
          ],
          [
            275669.29360000044,
            2110665.9232
          ]
        ]
      }
    },
    {
      "type": "Feature",
      "properties": {
        "OBJECTID": 24965,
        "US_NODE_ID": "2175107003",
        "DS_NODE_ID": "2175107004",
        "CONDUIT_LE": 47.7,
        "SHAPE_1": "OREC",
        "CONDUIT_WI": 5000.0,
        "CONDUIT_HE": 3330.0,
        "US_INVERT": 25.768,
        "DS_INVERT": 25.7,
        "USER_TEXT2": "Existing",
        "SHAPE.LEN": 47.7103568887301
      },
      "geometry": {
        "type": "LineString",
        "coordinates": [
          [
            275745.02440000046,
            2110072.2444
          ],
          [
            275787.5421000002,
            2110093.889799999
          ]
        ]
      }
    },
    {
      "type": "Feature",
      "properties": {
        "OBJECTID": 24982,
        "US_NODE_ID": "2175108501",
        "DS_NODE_ID": "2175108502",
        "CONDUIT_LE": 21.5,
        "SHAPE_1": "OREC",
        "CONDUIT_WI": 2000.0,
        "CONDUIT_HE": 1898.0,
        "US_INVERT": 26.84,
        "DS_INVERT": 26.79,
        "USER_TEXT2": "Existing",
        "SHAPE.LEN": 21.5363884727686
      },
      "geometry": {
        "type": "LineString",
        "coordinates": [
          [
            275817.71800000034,
            2110576.164000001
          ],
          [
            275832.2681999998,
            2110592.0418999996
          ]
        ]
      }
    },
    {
      "type": "Feature",
      "properties": {
        "OBJECTID": 24983,
        "US_NODE_ID": "2175108502",
        "DS_NODE_ID": "2175108503",
        "CONDUIT_LE": 7.2,
        "SHAPE_1": "OREC",
        "CONDUIT_WI": 2000.0,
        "CONDUIT_HE": 1918.0,
        "US_INVERT": 26.79,
        "DS_INVERT": 26.75,
        "USER_TEXT2": "Existing",
        "SHAPE.LEN": 7.22221914441815
      },
      "geometry": {
        "type": "LineString",
        "coordinates": [
          [
            275832.2681999998,
            2110592.0418999996
          ],
          [
            275837.1506000003,
            2110597.3638000004
          ]
        ]
      }
    },
    {
      "type": "Feature",
      "properties": {
        "OBJECTID": 24984,
        "US_NODE_ID": "2175108503",
        "DS_NODE_ID": "2175108601",
        "CONDUIT_LE": 12.8,
        "SHAPE_1": "OREC",
        "CONDUIT_WI": 2000.0,
        "CONDUIT_HE": 1969.0,
        "US_INVERT": 26.75,
        "DS_INVERT": 26.68,
        "USER_TEXT2": "Existing",
        "SHAPE.LEN": 12.8316174420842
      },
      "geometry": {
        "type": "LineString",
        "coordinates": [
          [
            275837.1506000003,
            2110597.3638000004
          ],
          [
            275840.2273000004,
            2110609.8211000003
          ]
        ]
      }
    },
    {
      "type": "Feature",
      "properties": {
        "OBJECTID": 24988,
        "US_NODE_ID": "2175108604",
        "DS_NODE_ID": "2175108605",
        "CONDUIT_LE": 20.0,
        "SHAPE_1": "OREC",
        "CONDUIT_WI": 2000.0,
        "CONDUIT_HE": 1888.0,
        "US_INVERT": 26.56,
        "DS_INVERT": 26.52,
        "USER_TEXT2": "Existing",
        "SHAPE.LEN": 19.9741923170876
      },
      "geometry": {
        "type": "LineString",
        "coordinates": [
          [
            275870.5555999996,
            2110631.6757999994
          ],
          [
            275888.8191999998,
            2110639.7633999996
          ]
        ]
      }
    },
    {
      "type": "Feature",
      "properties": {
        "OBJECTID": 24996,
        "US_NODE_ID": "2175109604",
        "DS_NODE_ID": "2175109605",
        "CONDUIT_LE": 22.0,
        "SHAPE_1": "RECT",
        "CONDUIT_WI": 3000.0,
        "CONDUIT_HE": 2258.0,
        "US_INVERT": 25.9,
        "DS_INVERT": 25.82,
        "USER_TEXT2": "Existing",
        "SHAPE.LEN": 21.989035494309398
      },
      "geometry": {
        "type": "LineString",
        "coordinates": [
          [
            275966.5663999999,
            2110631.6549999993
          ],
          [
            275987.6942999996,
            2110625.5615999997
          ]
        ]
      }
    },
    {
      "type": "Feature",
      "properties": {
        "OBJECTID": 25009,
        "US_NODE_ID": "2175119203",
        "DS_NODE_ID": "2176110101",
        "CONDUIT_LE": 29.8,
        "SHAPE_1": "OREC",
        "CONDUIT_WI": 6511.0,
        "CONDUIT_HE": 1995.0,
        "US_INVERT": 27.413,
        "DS_INVERT": 27.35,
        "USER_TEXT2": "Existing",
        "SHAPE.LEN": 29.8318621611189
      },
      "geometry": {
        "type": "LineString",
        "coordinates": [
          [
            275975.5,
            2111212.3000000007
          ],
          [
            276002,
            2111198.5999999996
          ]
        ]
      }
    },
    {
      "type": "Feature",
      "properties": {
        "OBJECTID": 26932,
        "US_NODE_ID": "2176110102",
        "DS_NODE_ID": "2176110103",
        "CONDUIT_LE": 29.9,
        "SHAPE_1": "OREC",
        "CONDUIT_WI": 6511.0,
        "CONDUIT_HE": 1806.0,
        "US_INVERT": 27.287,
        "DS_INVERT": 27.224,
        "USER_TEXT2": "Existing",
        "SHAPE.LEN": 29.8750732216676
      },
      "geometry": {
        "type": "LineString",
        "coordinates": [
          [
            276028.7000000002,
            2111185
          ],
          [
            276055.2999999998,
            2111171.4000000004
          ]
        ]
      }
    },
    {
      "type": "Feature",
      "properties": {
        "OBJECTID": 26936,
        "US_NODE_ID": "2176110402",
        "DS_NODE_ID": "2176111401",
        "CONDUIT_LE": 49.8,
        "SHAPE_1": "OREC",
        "CONDUIT_WI": 2000.0,
        "CONDUIT_HE": 3675.0,
        "US_INVERT": 26.874,
        "DS_INVERT": 26.825,
        "USER_TEXT2": "Proposal",
        "SHAPE.LEN": 49.840144462069894
      },
      "geometry": {
        "type": "LineString",
        "coordinates": [
          [
            276063.5,
            2111452.8000000007
          ],
          [
            276103.2999999998,
            2111422.8000000007
          ]
        ]
      }
    },
    {
      "type": "Feature",
      "properties": {
        "OBJECTID": 26821,
        "US_NODE_ID": "2176092101",
        "DS_NODE_ID": "2176091001",
        "CONDUIT_LE": 168.3,
        "SHAPE_1": "RECT",
        "CONDUIT_WI": 5000.0,
        "CONDUIT_HE": 2154.0,
        "US_INVERT": 25.737,
        "DS_INVERT": 25.611,
        "USER_TEXT2": "Proposal",
        "SHAPE.LEN": 168.287640663241
      },
      "geometry": {
        "type": "LineString",
        "coordinates": [
          [
            276244.2000000002,
            2109165.8000000007
          ],
          [
            276169.5,
            2109015
          ]
        ]
      }
    },
    {
      "type": "Feature",
      "properties": {
        "OBJECTID": 26867,
        "US_NODE_ID": "2176102101",
        "DS_NODE_ID": "2176101101!",
        "CONDUIT_LE": 109.4,
        "SHAPE_1": "OREC",
        "CONDUIT_WI": 5500.0,
        "CONDUIT_HE": 2393.0,
        "US_INVERT": 25.606,
        "DS_INVERT": 25.0,
        "USER_TEXT2": "Proposal",
        "SHAPE.LEN": 109.422118422191
      },
      "geometry": {
        "type": "LineString",
        "coordinates": [
          [
            276287,
            2110154
          ],
          [
            276183.5999999996,
            2110189.8000000007
          ]
        ]
      }
    },
    {
      "type": "Feature",
      "properties": {
        "OBJECTID": 26938,
        "US_NODE_ID": "2176111101",
        "DS_NODE_ID": "2176111102",
        "CONDUIT_LE": 30.0,
        "SHAPE_1": "OREC",
        "CONDUIT_WI": 6511.0,
        "CONDUIT_HE": 2012.0,
        "US_INVERT": 27.098,
        "DS_INVERT": 27.035,
        "USER_TEXT2": "Existing",
        "SHAPE.LEN": 30.0282797297814
      },
      "geometry": {
        "type": "LineString",
        "coordinates": [
          [
            276109.0999999996,
            2111144.4000000004
          ],
          [
            276135.8816999998,
            2111130.8192
          ]
        ]
      }
    },
    {
      "type": "Feature",
      "properties": {
        "OBJECTID": 26939,
        "US_NODE_ID": "2176111102",
        "DS_NODE_ID": "2176111103",
        "CONDUIT_LE": 29.9,
        "SHAPE_1": "OREC",
        "CONDUIT_WI": 6511.0,
        "CONDUIT_HE": 2081.0,
        "US_INVERT": 27.035,
        "DS_INVERT": 26.972,
        "USER_TEXT2": "Existing",
        "SHAPE.LEN": 29.8563543501212
      },
      "geometry": {
        "type": "LineString",
        "coordinates": [
          [
            276135.8816999998,
            2111130.8192
          ],
          [
            276162.5374999996,
            2111117.3704000004
          ]
        ]
      }
    },
    {
      "type": "Feature",
      "properties": {
        "OBJECTID": 26828,
        "US_NODE_ID": "2176093102",
        "DS_NODE_ID": "2176093101",
        "CONDUIT_LE": 66.4,
        "SHAPE_1": "RECT",
        "CONDUIT_WI": 2000.0,
        "CONDUIT_HE": 3218.0,
        "US_INVERT": 26.279,
        "DS_INVERT": 26.005,
        "USER_TEXT2": "Proposal",
        "SHAPE.LEN": 66.3692699974921
      },
      "geometry": {
        "type": "LineString",
        "coordinates": [
          [
            276364.5,
            2109113.6999999993
          ],
          [
            276302.7000000002,
            2109137.9000000004
          ]
        ]
      }
    },
    {
      "type": "Feature",
      "properties": {
        "OBJECTID": 26875,
        "US_NODE_ID": "2176103102",
        "DS_NODE_ID": "2176103101",
        "CONDUIT_LE": 51.0,
        "SHAPE_1": "OREC",
        "CONDUIT_WI": 3000.0,
        "CONDUIT_HE": 3389.0,
        "US_INVERT": 26.02,
        "DS_INVERT": 25.738,
        "USER_TEXT2": "Proposal",
        "SHAPE.LEN": 51.008332652616694
      },
      "geometry": {
        "type": "LineString",
        "coordinates": [
          [
            276357.9000000004,
            2110130.1999999993
          ],
          [
            276309.5999999996,
            2110146.5999999996
          ]
        ]
      }
    },
    {
      "type": "Feature",
      "properties": {
        "OBJECTID": 26946,
        "US_NODE_ID": "2176112003",
        "DS_NODE_ID": "2176112004",
        "CONDUIT_LE": 29.9,
        "SHAPE_1": "OREC",
        "CONDUIT_WI": 6511.0,
        "CONDUIT_HE": 2425.0,
        "US_INVERT": 26.72,
        "DS_INVERT": 26.657,
        "USER_TEXT2": "Existing",
        "SHAPE.LEN": 29.8802989235382
      },
      "geometry": {
        "type": "LineString",
        "coordinates": [
          [
            276269.5,
            2111062.9000000004
          ],
          [
            276296.15299999993,
            2111049.3926
          ]
        ]
      }
    },
    {
      "type": "Feature",
      "properties": {
        "OBJECTID": 26947,
        "US_NODE_ID": "2176112004",
        "DS_NODE_ID": "2176113001",
        "CONDUIT_LE": 30.0,
        "SHAPE_1": "OREC",
        "CONDUIT_WI": 6511.0,
        "CONDUIT_HE": 2493.0,
        "US_INVERT": 26.657,
        "DS_INVERT": 26.594,
        "USER_TEXT2": "Existing",
        "SHAPE.LEN": 29.980564651787297
      },
      "geometry": {
        "type": "LineString",
        "coordinates": [
          [
            276296.15299999993,
            2111049.3926
          ],
          [
            276322.8700000001,
            2111035.7897999994
          ]
        ]
      }
    },
    {
      "type": "Feature",
      "properties": {
        "OBJECTID": 26850,
        "US_NODE_ID": "2176095301",
        "DS_NODE_ID": "2176094202",
        "CONDUIT_LE": 100.6,
        "SHAPE_1": "RECT",
        "CONDUIT_WI": 3000.0,
        "CONDUIT_HE": 2085.0,
        "US_INVERT": 26.812,
        "DS_INVERT": 26.614,
        "USER_TEXT2": "Proposal",
        "SHAPE.LEN": 100.557794814556
      },
      "geometry": {
        "type": "LineString",
        "coordinates": [
          [
            276528.0999999996,
            2109324.6999999993
          ],
          [
            276499.4809999997,
            2109297.7251999993
          ],
          [
            276454.2999999998,
            2109256.4000000004
          ]
        ]
      }
    },
    {
      "type": "Feature",
      "properties": {
        "OBJECTID": 26837,
        "US_NODE_ID": "2176093903",
        "DS_NODE_ID": "2176093902",
        "CONDUIT_LE": 26.6,
        "SHAPE_1": "RECT",
        "CONDUIT_WI": 1500.0,
        "CONDUIT_HE": 1500.0,
        "US_INVERT": 25.371,
        "DS_INVERT": 25.279,
        "USER_TEXT2": "Proposal",
        "SHAPE.LEN": 26.558990944687597
      },
      "geometry": {
        "type": "LineString",
        "coordinates": [
          [
            276372.5,
            2109931.9000000004
          ],
          [
            276346.2000000002,
            2109935.5999999996
          ]
        ]
      }
    },
    {
      "type": "Feature",
      "properties": {
        "OBJECTID": 26876,
        "US_NODE_ID": "2176103103",
        "DS_NODE_ID": "2176103102",
        "CONDUIT_LE": 41.9,
        "SHAPE_1": "OREC",
        "CONDUIT_WI": 3000.0,
        "CONDUIT_HE": 3137.0,
        "US_INVERT": 26.252,
        "DS_INVERT": 26.02,
        "USER_TEXT2": "Proposal",
        "SHAPE.LEN": 41.9104998777156
      },
      "geometry": {
        "type": "LineString",
        "coordinates": [
          [
            276398.5999999996,
            2110120.1999999993
          ],
          [
            276357.9000000004,
            2110130.1999999993
          ]
        ]
      }
    },
    {
      "type": "Feature",
      "properties": {
        "OBJECTID": 26897,
        "US_NODE_ID": "2176105601",
        "DS_NODE_ID": "2176104601",
        "CONDUIT_LE": 113.4,
        "SHAPE_1": "RECT",
        "CONDUIT_WI": 5000.0,
        "CONDUIT_HE": 1827.0,
        "US_INVERT": 27.0,
        "DS_INVERT": 26.774,
        "USER_TEXT2": "Proposal",
        "SHAPE.LEN": 113.36974714819101
      },
      "geometry": {
        "type": "LineString",
        "coordinates": [
          [
            276539.7999999998,
            2110638.5
          ],
          [
            276524.05260000005,
            2110640.7335
          ],
          [
            276484.2264999999,
            2110635.4735000003
          ],
          [
            276456.4232999999,
            2110630.2134000007
          ],
          [
            276429.4000000004,
            2110619.6999999993
          ]
        ]
      }
    },
    {
      "type": "Feature",
      "properties": {
        "OBJECTID": 26887,
        "US_NODE_ID": "2176104901",
        "DS_NODE_ID": "2176104902",
        "CONDUIT_LE": 29.7,
        "SHAPE_1": "OREC",
        "CONDUIT_WI": 6511.0,
        "CONDUIT_HE": 2756.0,
        "US_INVERT": 26.405,
        "DS_INVERT": 26.342,
        "USER_TEXT2": "Existing",
        "SHAPE.LEN": 29.6650843614172
      },
      "geometry": {
        "type": "LineString",
        "coordinates": [
          [
            276402.95969999954,
            2110994.592
          ],
          [
            276429.8298000004,
            2110982.0216000006
          ]
        ]
      }
    },
    {
      "type": "Feature",
      "properties": {
        "OBJECTID": 26852,
        "US_NODE_ID": "2176095402",
        "DS_NODE_ID": "2176095301",
        "CONDUIT_LE": 95.6,
        "SHAPE_1": "RECT",
        "CONDUIT_WI": 3000.0,
        "CONDUIT_HE": 2105.0,
        "US_INVERT": 27.0,
        "DS_INVERT": 26.812,
        "USER_TEXT2": "Proposal",
        "SHAPE.LEN": 95.6495126139398
      },
      "geometry": {
        "type": "LineString",
        "coordinates": [
          [
            276584.9000000004,
            2109400.8000000007
          ],
          [
            276567.2642000001,
            2109368.2639000006
          ],
          [
            276544.66980000027,
            2109345.1184
          ],
          [
            276528.0999999996,
            2109324.6999999993
          ]
        ]
      }
    },
    {
      "type": "Feature",
      "properties": {
        "OBJECTID": 26892,
        "US_NODE_ID": "2176105102",
        "DS_NODE_ID": "2176105101",
        "CONDUIT_LE": 32.4,
        "SHAPE_1": "RECT",
        "CONDUIT_WI": 2000.0,
        "CONDUIT_HE": 1711.0,
        "US_INVERT": 28.0,
        "DS_INVERT": 27.608,
        "USER_TEXT2": "Proposal",
        "SHAPE.LEN": 32.4441474273311
      },
      "geometry": {
        "type": "LineString",
        "coordinates": [
          [
            276531.7999999998,
            2110171.1999999993
          ],
          [
            276527.62959999964,
            2110161.8867000006
          ],
          [
            276523.66949999984,
            2110152.886600001
          ],
          [
            276518.0999999996,
            2110141.8000000007
          ]
        ]
      }
    },
    {
      "type": "Feature",
      "properties": {
        "OBJECTID": 26964,
        "US_NODE_ID": "2176115601",
        "DS_NODE_ID": "2176116601",
        "CONDUIT_LE": 103.2,
        "SHAPE_1": "CIRC",
        "CONDUIT_WI": 1000.0,
        "CONDUIT_HE": 1000.0,
        "US_INVERT": 27.5,
        "DS_INVERT": 26.764,
        "USER_TEXT2": "Proposal",
        "SHAPE.LEN": 103.22877505812001
      },
      "geometry": {
        "type": "LineString",
        "coordinates": [
          [
            276552.0999999996,
            2111654.8000000007
          ],
          [
            276653.7999999998,
            2111637.0999999996
          ]
        ]
      }
    },
    {
      "type": "Feature",
      "properties": {
        "OBJECTID": 26857,
        "US_NODE_ID": "2176096901",
        "DS_NODE_ID": "2176095901",
        "CONDUIT_LE": 89.8,
        "SHAPE_1": "RECT",
        "CONDUIT_WI": 5000.0,
        "CONDUIT_HE": 4480.0,
        "US_INVERT": 30.0,
        "DS_INVERT": 28.198,
        "USER_TEXT2": "Proposal",
        "SHAPE.LEN": 89.7927057171127
      },
      "geometry": {
        "type": "LineString",
        "coordinates": [
          [
            276682.2999999998,
            2109972.5999999996
          ],
          [
            276593.0999999996,
            2109982.9000000004
          ]
        ]
      }
    },
    {
      "type": "Feature",
      "properties": {
        "OBJECTID": 26914,
        "US_NODE_ID": "2176107801",
        "DS_NODE_ID": "2176106801",
        "CONDUIT_LE": 47.7,
        "SHAPE_1": "OREC",
        "CONDUIT_WI": 4000.0,
        "CONDUIT_HE": 2798.0,
        "US_INVERT": 25.4,
        "DS_INVERT": 25.0,
        "USER_TEXT2": "Existing",
        "SHAPE.LEN": 47.7154570042036
      },
      "geometry": {
        "type": "LineString",
        "coordinates": [
          [
            276732.05040000007,
            2110831.6263999995
          ],
          [
            276689.7999999998,
            2110853.8000000007
          ]
        ]
      }
    },
    {
      "type": "Feature",
      "properties": {
        "OBJECTID": 26907,
        "US_NODE_ID": "2176107201",
        "DS_NODE_ID": "2176107101",
        "CONDUIT_LE": 87.2,
        "SHAPE_1": "RECT",
        "CONDUIT_WI": 5000.0,
        "CONDUIT_HE": 3598.0,
        "US_INVERT": 30.9,
        "DS_INVERT": 30.8,
        "USER_TEXT2": "Proposal",
        "SHAPE.LEN": 87.1967889317032
      },
      "geometry": {
        "type": "LineString",
        "coordinates": [
          [
            276777,
            2110228.6999999993
          ],
          [
            276746.7999999998,
            2110146.9000000004
          ]
        ]
      }
    },
    {
      "type": "Feature",
      "properties": {
        "OBJECTID": 26911,
        "US_NODE_ID": "2176107701",
        "DS_NODE_ID": "2176107702",
        "CONDUIT_LE": 36.1,
        "SHAPE_1": "RECT",
        "CONDUIT_WI": 3000.0,
        "CONDUIT_HE": 2000.0,
        "US_INVERT": 26.047,
        "DS_INVERT": 26.003,
        "USER_TEXT2": "Existing",
        "SHAPE.LEN": 36.0922429339048
      },
      "geometry": {
        "type": "LineString",
        "coordinates": [
          [
            276747.2000000002,
            2110700.3000000007
          ],
          [
            276769.5999999996,
            2110728.5999999996
          ]
        ]
      }
    },
    {
      "type": "Feature",
      "properties": {
        "OBJECTID": 26916,
        "US_NODE_ID": "2176107803",
        "DS_NODE_ID": "2176107802",
        "CONDUIT_LE": 22.3,
        "SHAPE_1": "OREC",
        "CONDUIT_WI": 4000.0,
        "CONDUIT_HE": 2499.0,
        "US_INVERT": 25.699,
        "DS_INVERT": 25.585,
        "USER_TEXT2": "Existing",
        "SHAPE.LEN": 22.3196134814203
      },
      "geometry": {
        "type": "LineString",
        "coordinates": [
          [
            276786.7483999999,
            2110811.5792999994
          ],
          [
            276765.06439999957,
            2110816.867900001
          ]
        ]
      }
    },
    {
      "type": "Feature",
      "properties": {
        "OBJECTID": 26975,
        "US_NODE_ID": "2176118502",
        "DS_NODE_ID": "2176118501",
        "CONDUIT_LE": 47.2,
        "SHAPE_1": "RECT",
        "CONDUIT_WI": 3000.0,
        "CONDUIT_HE": 1500.0,
        "US_INVERT": 27.069,
        "DS_INVERT": 26.8,
        "USER_TEXT2": "Existing",
        "SHAPE.LEN": 47.1858555607504
      },
      "geometry": {
        "type": "LineString",
        "coordinates": [
          [
            276849.76850000024,
            2111573.0294000003
          ],
          [
            276804.8744999999,
            2111587.556399999
          ]
        ]
      }
    },
    {
      "type": "Feature",
      "properties": {
        "OBJECTID": 26802,
        "US_NODE_ID": "2176088504",
        "DS_NODE_ID": "2176088503",
        "CONDUIT_LE": 29.9,
        "SHAPE_1": "OREC",
        "CONDUIT_WI": 22500.0,
        "CONDUIT_HE": 2480.0,
        "US_INVERT": 25.527,
        "DS_INVERT": 25.506,
        "USER_TEXT2": "Existing",
        "SHAPE.LEN": 29.9450968650963
      },
      "geometry": {
        "type": "LineString",
        "coordinates": [
          [
            276875.1098999996,
            2108582.666200001
          ],
          [
            276851.4034000002,
            2108564.371099999
          ]
        ]
      }
    },
    {
      "type": "Feature",
      "properties": {
        "OBJECTID": 26918,
        "US_NODE_ID": "2176108401",
        "DS_NODE_ID": "2176108301",
        "CONDUIT_LE": 62.3,
        "SHAPE_1": "RECT",
        "CONDUIT_WI": 5000.0,
        "CONDUIT_HE": 2234.0,
        "US_INVERT": 34.0,
        "DS_INVERT": 31.35,
        "USER_TEXT2": "Proposal",
        "SHAPE.LEN": 62.3031299374277
      },
      "geometry": {
        "type": "LineString",
        "coordinates": [
          [
            276879.7000000002,
            2110415
          ],
          [
            276833.5,
            2110373.1999999993
          ]
        ]
      }
    },
    {
      "type": "Feature",
      "properties": {
        "OBJECTID": 26927,
        "US_NODE_ID": "2176109702",
        "DS_NODE_ID": "2176109701",
        "CONDUIT_LE": 28.1,
        "SHAPE_1": "OREC",
        "CONDUIT_WI": 3096.0,
        "CONDUIT_HE": 2153.0,
        "US_INVERT": 26.535,
        "DS_INVERT": 26.391,
        "USER_TEXT2": "Existing",
        "SHAPE.LEN": 28.0761521754673
      },
      "geometry": {
        "type": "LineString",
        "coordinates": [
          [
            276927.7287999997,
            2110761.7413999997
          ],
          [
            276909.3541000001,
            2110782.9696999993
          ]
        ]
      }
    },
    {
      "type": "Feature",
      "properties": {
        "OBJECTID": 26977,
        "US_NODE_ID": "2176119001",
        "DS_NODE_ID": "2176118004",
        "CONDUIT_LE": 25.0,
        "SHAPE_1": "OREC",
        "CONDUIT_WI": 13000.0,
        "CONDUIT_HE": 3951.0,
        "US_INVERT": 25.447,
        "DS_INVERT": 25.044,
        "USER_TEXT2": "Existing",
        "SHAPE.LEN": 25.045957757690196
      },
      "geometry": {
        "type": "LineString",
        "coordinates": [
          [
            276915.2999999998,
            2111041
          ],
          [
            276890.4000000004,
            2111038.3000000007
          ]
        ]
      }
    },
    {
      "type": "Feature",
      "properties": {
        "OBJECTID": 26809,
        "US_NODE_ID": "2176089501",
        "DS_NODE_ID": "2176089607",
        "CONDUIT_LE": 29.4,
        "SHAPE_1": "OREC",
        "CONDUIT_WI": 4016.0,
        "CONDUIT_HE": 2288.0,
        "US_INVERT": 25.771,
        "DS_INVERT": 25.673,
        "USER_TEXT2": "Existing",
        "SHAPE.LEN": 29.4481864229361
      },
      "geometry": {
        "type": "LineString",
        "coordinates": [
          [
            276982.2023,
            2108582.729800001
          ],
          [
            276971.99289999995,
            2108610.3516000006
          ]
        ]
      }
    },
    {
      "type": "Feature",
      "properties": {
        "OBJECTID": 28128,
        "US_NODE_ID": "2177090803",
        "DS_NODE_ID": "2177090804",
        "CONDUIT_LE": 31.8,
        "SHAPE_1": "RECT",
        "CONDUIT_WI": 7500.0,
        "CONDUIT_HE": 2038.0,
        "US_INVERT": 27.311,
        "DS_INVERT": 27.185,
        "USER_TEXT2": "Existing",
        "SHAPE.LEN": 31.819134954929197
      },
      "geometry": {
        "type": "LineString",
        "coordinates": [
          [
            277053.3437999999,
            2109836.5845
          ],
          [
            277074.7866000002,
            2109813.0757
          ]
        ]
      }
    },
    {
      "type": "Feature",
      "properties": {
        "OBJECTID": 28308,
        "US_NODE_ID": "2177100304",
        "DS_NODE_ID": "2177100305",
        "CONDUIT_LE": 30.7,
        "SHAPE_1": "OREC",
        "CONDUIT_WI": 3000.0,
        "CONDUIT_HE": 1504.0,
        "US_INVERT": 27.983,
        "DS_INVERT": 27.938,
        "USER_TEXT2": "Existing",
        "SHAPE.LEN": 30.7237197373625
      },
      "geometry": {
        "type": "LineString",
        "coordinates": [
          [
            277053.2131000003,
            2110323.3356
          ],
          [
            277078.3953999998,
            2110305.7345000003
          ]
        ]
      }
    },
    {
      "type": "Feature",
      "properties": {
        "OBJECTID": 26980,
        "US_NODE_ID": "2176119101",
        "DS_NODE_ID": "2176119002",
        "CONDUIT_LE": 123.3,
        "SHAPE_1": "RECT",
        "CONDUIT_WI": 2500.0,
        "CONDUIT_HE": 2000.0,
        "US_INVERT": 26.3,
        "DS_INVERT": 26.14,
        "USER_TEXT2": "Proposal",
        "SHAPE.LEN": 123.26821286455001
      },
      "geometry": {
        "type": "LineString",
        "coordinates": [
          [
            276980.5,
            2111170.8000000007
          ],
          [
            276965.19909999985,
            2111048.4850999992
          ]
        ]
      }
    },
    {
      "type": "Feature",
      "properties": {
        "OBJECTID": 26981,
        "US_NODE_ID": "2176119102",
        "DS_NODE_ID": "2176119101",
        "CONDUIT_LE": 10.0,
        "SHAPE_1": "RECT",
        "CONDUIT_WI": 2500.0,
        "CONDUIT_HE": 2000.0,
        "US_INVERT": 26.35,
        "DS_INVERT": 26.3,
        "USER_TEXT2": "Proposal",
        "SHAPE.LEN": 10.0498756211209
      },
      "geometry": {
        "type": "LineString",
        "coordinates": [
          [
            276987.2999999998,
            2111178.1999999993
          ],
          [
            276980.5,
            2111170.8000000007
          ]
        ]
      }
    },
    {
      "type": "Feature",
      "properties": {
        "OBJECTID": 28055,
        "US_NODE_ID": "2177080303",
        "DS_NODE_ID": "2177080302",
        "CONDUIT_LE": 30.0,
        "SHAPE_1": "OREC",
        "CONDUIT_WI": 4341.0,
        "CONDUIT_HE": 1476.0,
        "US_INVERT": 26.873,
        "DS_INVERT": 26.852,
        "USER_TEXT2": "Existing",
        "SHAPE.LEN": 29.986986577847397
      },
      "geometry": {
        "type": "LineString",
        "coordinates": [
          [
            277076.1579999998,
            2108329.9407
          ],
          [
            277065.0608999999,
            2108357.798800001
          ]
        ]
      }
    },
    {
      "type": "Feature",
      "properties": {
        "OBJECTID": 28081,
        "US_NODE_ID": "2177081702",
        "DS_NODE_ID": "2177081701",
        "CONDUIT_LE": 29.8,
        "SHAPE_1": "OREC",
        "CONDUIT_WI": 15000.0,
        "CONDUIT_HE": 1878.0,
        "US_INVERT": 25.729,
        "DS_INVERT": 25.709,
        "USER_TEXT2": "Existing",
        "SHAPE.LEN": 29.757308272254697
      },
      "geometry": {
        "type": "LineString",
        "coordinates": [
          [
            277128.1171000004,
            2108733.400699999
          ],
          [
            277102.98560000025,
            2108717.4662999995
          ]
        ]
      }
    },
    {
      "type": "Feature",
      "properties": {
        "OBJECTID": 28082,
        "US_NODE_ID": "2177081703",
        "DS_NODE_ID": "2177081702",
        "CONDUIT_LE": 25.7,
        "SHAPE_1": "OREC",
        "CONDUIT_WI": 15000.0,
        "CONDUIT_HE": 2440.0,
        "US_INVERT": 25.745,
        "DS_INVERT": 25.729,
        "USER_TEXT2": "Existing",
        "SHAPE.LEN": 25.6695438457718
      },
      "geometry": {
        "type": "LineString",
        "coordinates": [
          [
            277148.3136999998,
            2108749.2444
          ],
          [
            277128.1171000004,
            2108733.400699999
          ]
        ]
      }
    },
    {
      "type": "Feature",
      "properties": {
        "OBJECTID": 28133,
        "US_NODE_ID": "2177091704",
        "DS_NODE_ID": "2177092501",
        "CONDUIT_LE": 145.0,
        "SHAPE_1": "RECT",
        "CONDUIT_WI": 12600.0,
        "CONDUIT_HE": 1890.0,
        "US_INVERT": 26.745,
        "DS_INVERT": 26.61,
        "USER_TEXT2": "Existing",
        "SHAPE.LEN": 144.979873391723
      },
      "geometry": {
        "type": "LineString",
        "coordinates": [
          [
            277168.3841000004,
            2109705.556500001
          ],
          [
            277225.6568999998,
            2109572.3686999995
          ]
        ]
      }
    },
    {
      "type": "Feature",
      "properties": {
        "OBJECTID": 28316,
        "US_NODE_ID": "2177101203",
        "DS_NODE_ID": "2177101204",
        "CONDUIT_LE": 30.1,
        "SHAPE_1": "OREC",
        "CONDUIT_WI": 2409.0,
        "CONDUIT_HE": 1601.0,
        "US_INVERT": 27.797,
        "DS_INVERT": 27.734,
        "USER_TEXT2": "Existing",
        "SHAPE.LEN": 30.090572892519003
      },
      "geometry": {
        "type": "LineString",
        "coordinates": [
          [
            277166.6359000001,
            2110289.5415000003
          ],
          [
            277196.65749999974,
            2110287.5053000003
          ]
        ]
      }
    },
    {
      "type": "Feature",
      "properties": {
        "OBJECTID": 28320,
        "US_NODE_ID": "2177101703",
        "DS_NODE_ID": "2177101702",
        "CONDUIT_LE": 13.5,
        "SHAPE_1": "RECT",
        "CONDUIT_WI": 3000.0,
        "CONDUIT_HE": 1488.0,
        "US_INVERT": 27.52,
        "DS_INVERT": 27.5,
        "USER_TEXT2": "Existing",
        "SHAPE.LEN": 13.489878363054299
      },
      "geometry": {
        "type": "LineString",
        "coordinates": [
          [
            277131.3716000002,
            2110729.8512999993
          ],
          [
            277122.5999999996,
            2110740.0999999996
          ]
        ]
      }
    },
    {
      "type": "Feature",
      "properties": {
        "OBJECTID": 28321,
        "US_NODE_ID": "2177101704",
        "DS_NODE_ID": "2177101703",
        "CONDUIT_LE": 10.5,
        "SHAPE_1": "RECT",
        "CONDUIT_WI": 3000.0,
        "CONDUIT_HE": 1278.0,
        "US_INVERT": 27.55,
        "DS_INVERT": 27.52,
        "USER_TEXT2": "Existing",
        "SHAPE.LEN": 10.539036334029799
      },
      "geometry": {
        "type": "LineString",
        "coordinates": [
          [
            277140.5521999998,
            2110724.6755999997
          ],
          [
            277131.3716000002,
            2110729.8512999993
          ]
        ]
      }
    },
    {
      "type": "Feature",
      "properties": {
        "OBJECTID": 28528,
        "US_NODE_ID": "2177110103",
        "DS_NODE_ID": "2177110102",
        "CONDUIT_LE": 32.9,
        "SHAPE_1": "RECT",
        "CONDUIT_WI": 2000.0,
        "CONDUIT_HE": 1698.0,
        "US_INVERT": 27.16,
        "DS_INVERT": 27.037,
        "USER_TEXT2": "Existing",
        "SHAPE.LEN": 32.872176684850096
      },
      "geometry": {
        "type": "LineString",
        "coordinates": [
          [
            277093.5999999996,
            2111193.9000000004
          ],
          [
            277075.9000000004,
            2111166.1999999993
          ]
        ]
      }
    },
    {
      "type": "Feature",
      "properties": {
        "OBJECTID": 28096,
        "US_NODE_ID": "2177082806",
        "DS_NODE_ID": "2177082805",
        "CONDUIT_LE": 30.0,
        "SHAPE_1": "OREC",
        "CONDUIT_WI": 15000.0,
        "CONDUIT_HE": 2335.0,
        "US_INVERT": 25.872,
        "DS_INVERT": 25.852,
        "USER_TEXT2": "Existing",
        "SHAPE.LEN": 30.032493174060697
      },
      "geometry": {
        "type": "LineString",
        "coordinates": [
          [
            277297.83330000006,
            2108856.974199999
          ],
          [
            277274.0164999999,
            2108838.6790999994
          ]
        ]
      }
    },
    {
      "type": "Feature",
      "properties": {
        "OBJECTID": 28151,
        "US_NODE_ID": "2177092510",
        "DS_NODE_ID": "2177092403",
        "CONDUIT_LE": 30.4,
        "SHAPE_1": "OREC",
        "CONDUIT_WI": 9780.0,
        "CONDUIT_HE": 1599.0,
        "US_INVERT": 26.93,
        "DS_INVERT": 26.91,
        "USER_TEXT2": "Existing",
        "SHAPE.LEN": 30.3793232041137
      },
      "geometry": {
        "type": "LineString",
        "coordinates": [
          [
            277282.7988,
            2109508.494000001
          ],
          [
            277295.1785000004,
            2109480.7514999993
          ]
        ]
      }
    },
    {
      "type": "Feature",
      "properties": {
        "OBJECTID": 28153,
        "US_NODE_ID": "2177092602",
        "DS_NODE_ID": "2177092603",
        "CONDUIT_LE": 8.1,
        "SHAPE_1": "RECT",
        "CONDUIT_WI": 6000.0,
        "CONDUIT_HE": 1375.0,
        "US_INVERT": 26.994,
        "DS_INVERT": 26.994,
        "USER_TEXT2": "Existing",
        "SHAPE.LEN": 8.076185972351059
      },
      "geometry": {
        "type": "LineString",
        "coordinates": [
          [
            277222.9386999998,
            2109629.2015000004
          ],
          [
            277225.96559999976,
            2109621.7139999997
          ]
        ]
      }
    },
    {
      "type": "Feature",
      "properties": {
        "OBJECTID": 28159,
        "US_NODE_ID": "2177092703",
        "DS_NODE_ID": "2177092702",
        "CONDUIT_LE": 30.1,
        "SHAPE_1": "OREC",
        "CONDUIT_WI": 7500.0,
        "CONDUIT_HE": 1182.0,
        "US_INVERT": 27.018,
        "DS_INVERT": 27.013,
        "USER_TEXT2": "Existing",
        "SHAPE.LEN": 30.149908257406004
      },
      "geometry": {
        "type": "LineString",
        "coordinates": [
          [
            277242.4000000004,
            2109797
          ],
          [
            277222.09279999975,
            2109774.7147000004
          ]
        ]
      }
    },
    {
      "type": "Feature",
      "properties": {
        "OBJECTID": 28327,
        "US_NODE_ID": "2177102205",
        "DS_NODE_ID": "2177102203",
        "CONDUIT_LE": 34.7,
        "SHAPE_1": "RECT",
        "CONDUIT_WI": 1800.0,
        "CONDUIT_HE": 1800.0,
        "US_INVERT": 27.607,
        "DS_INVERT": 27.589,
        "USER_TEXT2": "Existing",
        "SHAPE.LEN": 34.6561682821399
      },
      "geometry": {
        "type": "LineString",
        "coordinates": [
          [
            277299.0999999996,
            2110289
          ],
          [
            277276.2999999998,
            2110262.9000000004
          ]
        ]
      }
    },
    {
      "type": "Feature",
      "properties": {
        "OBJECTID": 28335,
        "US_NODE_ID": "2177102704",
        "DS_NODE_ID": "2177102703",
        "CONDUIT_LE": 9.3,
        "SHAPE_1": "RECT",
        "CONDUIT_WI": 4500.0,
        "CONDUIT_HE": 939.0,
        "US_INVERT": 28.591,
        "DS_INVERT": 28.495,
        "USER_TEXT2": "Existing",
        "SHAPE.LEN": 9.28516787354973
      },
      "geometry": {
        "type": "LineString",
        "coordinates": [
          [
            277250.4369999999,
            2110735.7753999997
          ],
          [
            277243.4639999997,
            2110729.644200001
          ]
        ]
      }
    },
    {
      "type": "Feature",
      "properties": {
        "OBJECTID": 28545,
        "US_NODE_ID": "2177112403",
        "DS_NODE_ID": "2177112402",
        "CONDUIT_LE": 29.4,
        "SHAPE_1": "RECT",
        "CONDUIT_WI": 2000.0,
        "CONDUIT_HE": 1946.0,
        "US_INVERT": 29.156,
        "DS_INVERT": 28.962,
        "USER_TEXT2": "Existing",
        "SHAPE.LEN": 29.3896083092307
      },
      "geometry": {
        "type": "LineString",
        "coordinates": [
          [
            277245.2128999997,
            2111449.4287
          ],
          [
            277222.30200000014,
            2111431.0210999995
          ]
        ]
      }
    },
    {
      "type": "Feature",
      "properties": {
        "OBJECTID": 28547,
        "US_NODE_ID": "2177112405",
        "DS_NODE_ID": "2177112301",
        "CONDUIT_LE": 81.6,
        "SHAPE_1": "RECT",
        "CONDUIT_WI": 1500.0,
        "CONDUIT_HE": 1836.0,
        "US_INVERT": 29.372,
        "DS_INVERT": 28.6,
        "USER_TEXT2": "Existing",
        "SHAPE.LEN": 81.55696086637849
      },
      "geometry": {
        "type": "LineString",
        "coordinates": [
          [
            277277.33860000037,
            2111449.7541000005
          ],
          [
            277220.11099999957,
            2111391.6460999995
          ]
        ]
      }
    },
    {
      "type": "Feature",
      "properties": {
        "OBJECTID": 28111,
        "US_NODE_ID": "2177084301",
        "DS_NODE_ID": "2177084201",
        "CONDUIT_LE": 111.0,
        "SHAPE_1": "OREC",
        "CONDUIT_WI": 4000.0,
        "CONDUIT_HE": 2882.0,
        "US_INVERT": 25.776,
        "DS_INVERT": 25.703,
        "USER_TEXT2": "Existing",
        "SHAPE.LEN": 110.96747594881101
      },
      "geometry": {
        "type": "LineString",
        "coordinates": [
          [
            277488.5,
            2108325.6999999993
          ],
          [
            277400.4726999998,
            2108258.135399999
          ]
        ]
      }
    },
    {
      "type": "Feature",
      "properties": {
        "OBJECTID": 28163,
        "US_NODE_ID": "2177093202",
        "DS_NODE_ID": "2177093203",
        "CONDUIT_LE": 31.4,
        "SHAPE_1": "OREC",
        "CONDUIT_WI": 5650.0,
        "CONDUIT_HE": 2064.0,
        "US_INVERT": 26.293,
        "DS_INVERT": 26.264,
        "USER_TEXT2": "Existing",
        "SHAPE.LEN": 31.3644714964241
      },
      "geometry": {
        "type": "LineString",
        "coordinates": [
          [
            277363.2746000001,
            2109266.608100001
          ],
          [
            277376.0471000001,
            2109237.962099999
          ]
        ]
      }
    },
    {
      "type": "Feature",
      "properties": {
        "OBJECTID": 28340,
        "US_NODE_ID": "2177103104",
        "DS_NODE_ID": "2177103105",
        "CONDUIT_LE": 7.8,
        "SHAPE_1": "OREC",
        "CONDUIT_WI": 6000.0,
        "CONDUIT_HE": 1513.0,
        "US_INVERT": 27.295,
        "DS_INVERT": 27.291,
        "USER_TEXT2": "Existing",
        "SHAPE.LEN": 7.80495404342652
      },
      "geometry": {
        "type": "LineString",
        "coordinates": [
          [
            277380.3161000004,
            2110118.5220999997
          ],
          [
            277385.4000000004,
            2110112.5999999996
          ]
        ]
      }
    },
    {
      "type": "Feature",
      "properties": {
        "OBJECTID": 28343,
        "US_NODE_ID": "2177103201",
        "DS_NODE_ID": "2177103202",
        "CONDUIT_LE": 9.5,
        "SHAPE_1": "OREC",
        "CONDUIT_WI": 6000.0,
        "CONDUIT_HE": 1898.0,
        "US_INVERT": 27.49,
        "DS_INVERT": 27.482,
        "USER_TEXT2": "Existing",
        "SHAPE.LEN": 9.50438958850067
      },
      "geometry": {
        "type": "LineString",
        "coordinates": [
          [
            277314.08330000006,
            2110219.8016
          ],
          [
            277320.4000000004,
            2110212.6999999993
          ]
        ]
      }
    },
    {
      "type": "Feature",
      "properties": {
        "OBJECTID": 28347,
        "US_NODE_ID": "2177103301",
        "DS_NODE_ID": "2177103302",
        "CONDUIT_LE": 50.8,
        "SHAPE_1": "OREC",
        "CONDUIT_WI": 4500.0,
        "CONDUIT_HE": 2075.0,
        "US_INVERT": 26.924,
        "DS_INVERT": 26.873,
        "USER_TEXT2": "Existing",
        "SHAPE.LEN": 50.8069879549064
      },
      "geometry": {
        "type": "LineString",
        "coordinates": [
          [
            277346.5064000003,
            2110392.0935999993
          ],
          [
            277395.6316999998,
            2110379.130000001
          ]
        ]
      }
    },
    {
      "type": "Feature",
      "properties": {
        "OBJECTID": 28557,
        "US_NODE_ID": "2177113601",
        "DS_NODE_ID": "2177113502",
        "CONDUIT_LE": 38.4,
        "SHAPE_1": "RECT",
        "CONDUIT_WI": 1500.0,
        "CONDUIT_HE": 1500.0,
        "US_INVERT": 30.41,
        "DS_INVERT": 30.264,
        "USER_TEXT2": "Existing",
        "SHAPE.LEN": 38.406386954515796
      },
      "geometry": {
        "type": "LineString",
        "coordinates": [
          [
            277321.04289999977,
            2111621.5043
          ],
          [
            277315.5,
            2111583.5
          ]
        ]
      }
    },
    {
      "type": "Feature",
      "properties": {
        "OBJECTID": 28560,
        "US_NODE_ID": "2177113604",
        "DS_NODE_ID": "2177113603",
        "CONDUIT_LE": 7.7,
        "SHAPE_1": "RECT",
        "CONDUIT_WI": 3000.0,
        "CONDUIT_HE": 1617.0,
        "US_INVERT": 30.371,
        "DS_INVERT": 30.338,
        "USER_TEXT2": "Existing",
        "SHAPE.LEN": 7.71694476849485
      },
      "geometry": {
        "type": "LineString",
        "coordinates": [
          [
            277345.8788999999,
            2111620.1414
          ],
          [
            277343.7622999996,
            2111612.7204
          ]
        ]
      }
    },
    {
      "type": "Feature",
      "properties": {
        "OBJECTID": 28205,
        "US_NODE_ID": "2177095002",
        "DS_NODE_ID": "2177095001",
        "CONDUIT_LE": 30.0,
        "SHAPE_1": "OREC",
        "CONDUIT_WI": 13000.0,
        "CONDUIT_HE": 2276.0,
        "US_INVERT": 26.03,
        "DS_INVERT": 26.027,
        "USER_TEXT2": "Existing",
        "SHAPE.LEN": 29.9830415196657
      },
      "geometry": {
        "type": "LineString",
        "coordinates": [
          [
            277539.2555999998,
            2109033.2437999994
          ],
          [
            277513.3870000001,
            2109018.0846999995
          ]
        ]
      }
    },
    {
      "type": "Feature",
      "properties": {
        "OBJECTID": 28202,
        "US_NODE_ID": "2177094904",
        "DS_NODE_ID": "2177094903",
        "CONDUIT_LE": 27.8,
        "SHAPE_1": "OREC",
        "CONDUIT_WI": 7461.0,
        "CONDUIT_HE": 1887.0,
        "US_INVERT": 27.066,
        "DS_INVERT": 27.062,
        "USER_TEXT2": "Existing",
        "SHAPE.LEN": 27.8163878636318
      },
      "geometry": {
        "type": "LineString",
        "coordinates": [
          [
            277481.07880000025,
            2109973.9715
          ],
          [
            277458.71949999966,
            2109957.4242000002
          ]
        ]
      }
    },
    {
      "type": "Feature",
      "properties": {
        "OBJECTID": 28359,
        "US_NODE_ID": "2177104010",
        "DS_NODE_ID": "2177094905",
        "CONDUIT_LE": 24.7,
        "SHAPE_1": "OREC",
        "CONDUIT_WI": 7172.0,
        "CONDUIT_HE": 1705.0,
        "US_INVERT": 27.073,
        "DS_INVERT": 27.069,
        "USER_TEXT2": "Existing",
        "SHAPE.LEN": 24.6541610232431
      },
      "geometry": {
        "type": "LineString",
        "coordinates": [
          [
            277477.4274000004,
            2110003.0649999995
          ],
          [
            277493.2999999998,
            2109984.1999999993
          ]
        ]
      }
    },
    {
      "type": "Feature",
      "properties": {
        "OBJECTID": 28354,
        "US_NODE_ID": "2177104005",
        "DS_NODE_ID": "2177104002",
        "CONDUIT_LE": 34.2,
        "SHAPE_1": "OREC",
        "CONDUIT_WI": 3500.0,
        "CONDUIT_HE": 2735.0,
        "US_INVERT": 27.174,
        "DS_INVERT": 27.169,
        "USER_TEXT2": "Existing",
        "SHAPE.LEN": 34.223114650773695
      },
      "geometry": {
        "type": "LineString",
        "coordinates": [
          [
            277451.44849999994,
            2110085.4525000006
          ],
          [
            277429.73390000034,
            2110059.0007000007
          ]
        ]
      }
    },
    {
      "type": "Feature",
      "properties": {
        "OBJECTID": 28361,
        "US_NODE_ID": "2177104101",
        "DS_NODE_ID": "2177104005",
        "CONDUIT_LE": 30.0,
        "SHAPE_1": "RECT",
        "CONDUIT_WI": 3500.0,
        "CONDUIT_HE": 2619.0,
        "US_INVERT": 27.18,
        "DS_INVERT": 27.174,
        "USER_TEXT2": "Existing",
        "SHAPE.LEN": 29.9553548228025
      },
      "geometry": {
        "type": "LineString",
        "coordinates": [
          [
            277470.0701000001,
            2110108.9165000003
          ],
          [
            277451.44849999994,
            2110085.4525000006
          ]
        ]
      }
    },
    {
      "type": "Feature",
      "properties": {
        "OBJECTID": 28362,
        "US_NODE_ID": "2177104102",
        "DS_NODE_ID": "2177104103",
        "CONDUIT_LE": 14.9,
        "SHAPE_1": "OREC",
        "CONDUIT_WI": 3000.0,
        "CONDUIT_HE": 1839.0,
        "US_INVERT": 27.19,
        "DS_INVERT": 27.187,
        "USER_TEXT2": "Existing",
        "SHAPE.LEN": 14.921197123890598
      },
      "geometry": {
        "type": "LineString",
        "coordinates": [
          [
            277478.6155000003,
            2110151.6175999995
          ],
          [
            277478.91949999984,
            2110136.6995
          ]
        ]
      }
    },
    {
      "type": "Feature",
      "properties": {
        "OBJECTID": 28368,
        "US_NODE_ID": "2177104203",
        "DS_NODE_ID": "2177104105",
        "CONDUIT_LE": 29.3,
        "SHAPE_1": "OREC",
        "CONDUIT_WI": 3160.0,
        "CONDUIT_HE": 1817.0,
        "US_INVERT": 27.202,
        "DS_INVERT": 27.199,
        "USER_TEXT2": "Existing",
        "SHAPE.LEN": 29.2960169811529
      },
      "geometry": {
        "type": "LineString",
        "coordinates": [
          [
            277467.60610000044,
            2110220.0625
          ],
          [
            277483.3547,
            2110195.3595000003
          ]
        ]
      }
    },
    {
      "type": "Feature",
      "properties": {
        "OBJECTID": 28414,
        "US_NODE_ID": "2177105203!",
        "DS_NODE_ID": "2177105101!",
        "CONDUIT_LE": 29.8,
        "SHAPE_1": "OREC",
        "CONDUIT_WI": 13000.0,
        "CONDUIT_HE": 2249.0,
        "US_INVERT": 26.349,
        "DS_INVERT": 26.328,
        "USER_TEXT2": "Existing",
        "SHAPE.LEN": 29.8492489861973
      },
      "geometry": {
        "type": "LineString",
        "coordinates": [
          [
            277538.9000000004,
            2110211.4000000004
          ],
          [
            277541.4397999998,
            2110181.659
          ]
        ]
      }
    },
    {
      "type": "Feature",
      "properties": {
        "OBJECTID": 28415,
        "US_NODE_ID": "2177105203",
        "DS_NODE_ID": "2177105101",
        "CONDUIT_LE": 29.8,
        "SHAPE_1": "OREC",
        "CONDUIT_WI": 13000.0,
        "CONDUIT_HE": 2249.0,
        "US_INVERT": 26.349,
        "DS_INVERT": 26.328,
        "USER_TEXT2": "Existing",
        "SHAPE.LEN": 29.8492489861973
      },
      "geometry": {
        "type": "LineString",
        "coordinates": [
          [
            277538.9000000004,
            2110211.4000000004
          ],
          [
            277541.4397999998,
            2110181.659
          ]
        ]
      }
    },
    {
      "type": "Feature",
      "properties": {
        "OBJECTID": 28411,
        "US_NODE_ID": "2177105201",
        "DS_NODE_ID": "2177104205",
        "CONDUIT_LE": 14.8,
        "SHAPE_1": "OREC",
        "CONDUIT_WI": 2500.0,
        "CONDUIT_HE": 2037.0,
        "US_INVERT": 27.222,
        "DS_INVERT": 27.216,
        "USER_TEXT2": "Existing",
        "SHAPE.LEN": 14.800511161443001
      },
      "geometry": {
        "type": "LineString",
        "coordinates": [
          [
            277501.7000000002,
            2110288.4000000004
          ],
          [
            277491.3757999996,
            2110277.795
          ]
        ]
      }
    },
    {
      "type": "Feature",
      "properties": {
        "OBJECTID": 28453,
        "US_NODE_ID": "2177105319",
        "DS_NODE_ID": "2177105306",
        "CONDUIT_LE": 7.7,
        "SHAPE_1": "OREC",
        "CONDUIT_WI": 4500.0,
        "CONDUIT_HE": 2053.0,
        "US_INVERT": 26.747,
        "DS_INVERT": 26.74,
        "USER_TEXT2": "Existing",
        "SHAPE.LEN": 7.677278437050459
      },
      "geometry": {
        "type": "LineString",
        "coordinates": [
          [
            277517.0999999996,
            2110348.9000000004
          ],
          [
            277523.03839999996,
            2110344.0341999996
          ]
        ]
      }
    },
    {
      "type": "Feature",
      "properties": {
        "OBJECTID": 28428,
        "US_NODE_ID": "2177105307!",
        "DS_NODE_ID": "2177105312!",
        "CONDUIT_LE": 9.9,
        "SHAPE_1": "OREC",
        "CONDUIT_WI": 1465.0,
        "CONDUIT_HE": 3044.0,
        "US_INVERT": 26.755,
        "DS_INVERT": 26.745,
        "USER_TEXT2": "Existing",
        "SHAPE.LEN": 9.93943148877238
      },
      "geometry": {
        "type": "LineString",
        "coordinates": [
          [
            277523.23089999985,
            2110360.2387000006
          ],
          [
            277529.8322999999,
            2110352.8081
          ]
        ]
      }
    },
    {
      "type": "Feature",
      "properties": {
        "OBJECTID": 28436,
        "US_NODE_ID": "2177105311!",
        "DS_NODE_ID": "2177105313!",
        "CONDUIT_LE": 3.5,
        "SHAPE_1": "RECT",
        "CONDUIT_WI": 13000.0,
        "CONDUIT_HE": 2779.0,
        "US_INVERT": 26.428,
        "DS_INVERT": 26.427,
        "USER_TEXT2": "Existing",
        "SHAPE.LEN": 3.51982820319401
      },
      "geometry": {
        "type": "LineString",
        "coordinates": [
          [
            277529.8372999998,
            2110322.1361
          ],
          [
            277530.2259999998,
            2110318.6378000006
          ]
        ]
      }
    },
    {
      "type": "Feature",
      "properties": {
        "OBJECTID": 28440,
        "US_NODE_ID": "2177105313!",
        "DS_NODE_ID": "2177105314!",
        "CONDUIT_LE": 17.5,
        "SHAPE_1": "OREC",
        "CONDUIT_WI": 13000.0,
        "CONDUIT_HE": 2780.0,
        "US_INVERT": 26.427,
        "DS_INVERT": 26.413,
        "USER_TEXT2": "Existing",
        "SHAPE.LEN": 17.504477542903096
      },
      "geometry": {
        "type": "LineString",
        "coordinates": [
          [
            277530.2259999998,
            2110318.6378000006
          ],
          [
            277531.7873999998,
            2110301.2030999996
          ]
        ]
      }
    },
    {
      "type": "Feature",
      "properties": {
        "OBJECTID": 28422,
        "US_NODE_ID": "2177105304!",
        "DS_NODE_ID": "2177105320!",
        "CONDUIT_LE": 7.5,
        "SHAPE_1": "OREC",
        "CONDUIT_WI": 555.0,
        "CONDUIT_HE": 3212.0,
        "US_INVERT": 26.787,
        "DS_INVERT": 26.779,
        "USER_TEXT2": "Existing",
        "SHAPE.LEN": 7.47351429315553
      },
      "geometry": {
        "type": "LineString",
        "coordinates": [
          [
            277521.5049999999,
            2110388.3783
          ],
          [
            277517.2999999998,
            2110382.1999999993
          ]
        ]
      }
    },
    {
      "type": "Feature",
      "properties": {
        "OBJECTID": 28387,
        "US_NODE_ID": "2177105009!",
        "DS_NODE_ID": "2177105010!",
        "CONDUIT_LE": 2.5,
        "SHAPE_1": "RECT",
        "CONDUIT_WI": 4000.0,
        "CONDUIT_HE": 1922.0,
        "US_INVERT": 26.428,
        "DS_INVERT": 26.427,
        "USER_TEXT2": "Existing",
        "SHAPE.LEN": 2.54384081656066
      },
      "geometry": {
        "type": "LineString",
        "coordinates": [
          [
            277575.7999999998,
            2110013.5
          ],
          [
            277577.48029999994,
            2110011.5900999997
          ]
        ]
      }
    },
    {
      "type": "Feature",
      "properties": {
        "OBJECTID": 28389,
        "US_NODE_ID": "2177105010!",
        "DS_NODE_ID": "2177105011!",
        "CONDUIT_LE": 2.5,
        "SHAPE_1": "RECT",
        "CONDUIT_WI": 4000.0,
        "CONDUIT_HE": 1923.0,
        "US_INVERT": 26.427,
        "DS_INVERT": 26.425,
        "USER_TEXT2": "Existing",
        "SHAPE.LEN": 2.5039940295456002
      },
      "geometry": {
        "type": "LineString",
        "coordinates": [
          [
            277577.48029999994,
            2110011.5900999997
          ],
          [
            277579,
            2110009.5999999996
          ]
        ]
      }
    },
    {
      "type": "Feature",
      "properties": {
        "OBJECTID": 28390,
        "US_NODE_ID": "2177105010",
        "DS_NODE_ID": "2177105011",
        "CONDUIT_LE": 2.5,
        "SHAPE_1": "RECT",
        "CONDUIT_WI": 4000.0,
        "CONDUIT_HE": 1923.0,
        "US_INVERT": 26.427,
        "DS_INVERT": 26.425,
        "USER_TEXT2": "Existing",
        "SHAPE.LEN": 2.5039940295456002
      },
      "geometry": {
        "type": "LineString",
        "coordinates": [
          [
            277577.48029999994,
            2110011.5900999997
          ],
          [
            277579,
            2110009.5999999996
          ]
        ]
      }
    },
    {
      "type": "Feature",
      "properties": {
        "OBJECTID": 28393,
        "US_NODE_ID": "2177105012!",
        "DS_NODE_ID": "2177095901!",
        "CONDUIT_LE": 9.3,
        "SHAPE_1": "RECT",
        "CONDUIT_WI": 4000.0,
        "CONDUIT_HE": 1928.0,
        "US_INVERT": 26.422,
        "DS_INVERT": 26.418,
        "USER_TEXT2": "Existing",
        "SHAPE.LEN": 9.26174929481467
      },
      "geometry": {
        "type": "LineString",
        "coordinates": [
          [
            277582.0999999996,
            2110005.5
          ],
          [
            277587.7999999998,
            2109998.1999999993
          ]
        ]
      }
    },
    {
      "type": "Feature",
      "properties": {
        "OBJECTID": 28239,
        "US_NODE_ID": "2177096904",
        "DS_NODE_ID": "2177096903",
        "CONDUIT_LE": 19.7,
        "SHAPE_1": "OREC",
        "CONDUIT_WI": 15000.0,
        "CONDUIT_HE": 3778.0,
        "US_INVERT": 24.98,
        "DS_INVERT": 26.138,
        "USER_TEXT2": "Existing",
        "SHAPE.LEN": 19.704285041838
      },
      "geometry": {
        "type": "LineString",
        "coordinates": [
          [
            277642.7000000002,
            2109956.4000000004
          ],
          [
            277631.6326000001,
            2109940.0975
          ]
        ]
      }
    },
    {
      "type": "Feature",
      "properties": {
        "OBJECTID": 28243,
        "US_NODE_ID": "2177096906",
        "DS_NODE_ID": "2177096907",
        "CONDUIT_LE": 3.4,
        "SHAPE_1": "RECT",
        "CONDUIT_WI": 10000.0,
        "CONDUIT_HE": 2873.0,
        "US_INVERT": 26.134,
        "DS_INVERT": 26.133,
        "USER_TEXT2": "Existing",
        "SHAPE.LEN": 3.4015172158905798
      },
      "geometry": {
        "type": "LineString",
        "coordinates": [
          [
            277659.12289999984,
            2109904.699100001
          ],
          [
            277660.85479999986,
            2109901.7715000007
          ]
        ]
      }
    },
    {
      "type": "Feature",
      "properties": {
        "OBJECTID": 28449,
        "US_NODE_ID": "2177105317",
        "DS_NODE_ID": "2177105316",
        "CONDUIT_LE": 30.6,
        "SHAPE_1": "OREC",
        "CONDUIT_WI": 13000.0,
        "CONDUIT_HE": 2301.0,
        "US_INVERT": 26.476,
        "DS_INVERT": 26.454,
        "USER_TEXT2": "Existing",
        "SHAPE.LEN": 30.629169943862298
      },
      "geometry": {
        "type": "LineString",
        "coordinates": [
          [
            277569.92200000025,
            2110371.439099999
          ],
          [
            277544.5617000004,
            2110354.2634999994
          ]
        ]
      }
    },
    {
      "type": "Feature",
      "properties": {
        "OBJECTID": 28460,
        "US_NODE_ID": "2177105403!",
        "DS_NODE_ID": "2177105402!",
        "CONDUIT_LE": 11.1,
        "SHAPE_1": "OREC",
        "CONDUIT_WI": 1624.0,
        "CONDUIT_HE": 3766.0,
        "US_INVERT": 26.833,
        "DS_INVERT": 26.822,
        "USER_TEXT2": "Existing",
        "SHAPE.LEN": 11.0743081080841
      },
      "geometry": {
        "type": "LineString",
        "coordinates": [
          [
            277549.6639999999,
            2110422.7562000006
          ],
          [
            277547.99990000017,
            2110414.4693
          ],
          [
            277547.24349999987,
            2110411.958799999
          ]
        ]
      }
    },
    {
      "type": "Feature",
      "properties": {
        "OBJECTID": 28469,
        "US_NODE_ID": "2177105407",
        "DS_NODE_ID": "2177105408",
        "CONDUIT_LE": 1.8,
        "SHAPE_1": "OREC",
        "CONDUIT_WI": 1624.0,
        "CONDUIT_HE": 3291.0,
        "US_INVERT": 26.908,
        "DS_INVERT": 26.906,
        "USER_TEXT2": "Existing",
        "SHAPE.LEN": 1.7520534238430099
      },
      "geometry": {
        "type": "LineString",
        "coordinates": [
          [
            277581.51570000034,
            2110485.66
          ],
          [
            277582.78890000004,
            2110484.4563999996
          ]
        ]
      }
    },
    {
      "type": "Feature",
      "properties": {
        "OBJECTID": 28479,
        "US_NODE_ID": "2177106402",
        "DS_NODE_ID": "2177106401",
        "CONDUIT_LE": 28.7,
        "SHAPE_1": "OREC",
        "CONDUIT_WI": 13000.0,
        "CONDUIT_HE": 2469.0,
        "US_INVERT": 26.538,
        "DS_INVERT": 26.517,
        "USER_TEXT2": "Existing",
        "SHAPE.LEN": 28.743347056319003
      },
      "geometry": {
        "type": "LineString",
        "coordinates": [
          [
            277637.7000000002,
            2110425.5999999996
          ],
          [
            277616.4000000004,
            2110406.3000000007
          ]
        ]
      }
    },
    {
      "type": "Feature",
      "properties": {
        "OBJECTID": 28472,
        "US_NODE_ID": "2177105501!",
        "DS_NODE_ID": "2177105502!",
        "CONDUIT_LE": 22.6,
        "SHAPE_1": "OREC",
        "CONDUIT_WI": 1687.0,
        "CONDUIT_HE": 3448.0,
        "US_INVERT": 26.951,
        "DS_INVERT": 26.928,
        "USER_TEXT2": "Existing",
        "SHAPE.LEN": 22.6073384601107
      },
      "geometry": {
        "type": "LineString",
        "coordinates": [
          [
            277553.1847000001,
            2110518.6063
          ],
          [
            277567.7627999997,
            2110501.3270999994
          ]
        ]
      }
    },
    {
      "type": "Feature",
      "properties": {
        "OBJECTID": 28473,
        "US_NODE_ID": "2177105501",
        "DS_NODE_ID": "2177105502",
        "CONDUIT_LE": 22.6,
        "SHAPE_1": "OREC",
        "CONDUIT_WI": 1687.0,
        "CONDUIT_HE": 3448.0,
        "US_INVERT": 26.951,
        "DS_INVERT": 26.928,
        "USER_TEXT2": "Existing",
        "SHAPE.LEN": 22.6073384601107
      },
      "geometry": {
        "type": "LineString",
        "coordinates": [
          [
            277553.1847000001,
            2110518.6063
          ],
          [
            277567.7627999997,
            2110501.3270999994
          ]
        ]
      }
    },
    {
      "type": "Feature",
      "properties": {
        "OBJECTID": 28581,
        "US_NODE_ID": "2177116502",
        "DS_NODE_ID": "2177116503",
        "CONDUIT_LE": 25.5,
        "SHAPE_1": "CIRC",
        "CONDUIT_WI": 1400.0,
        "CONDUIT_HE": 1400.0,
        "US_INVERT": 32.186,
        "DS_INVERT": 32.11,
        "USER_TEXT2": "Proposal",
        "SHAPE.LEN": 25.4794573274236
      },
      "geometry": {
        "type": "LineString",
        "coordinates": [
          [
            277639.3838999998,
            2111597.8939999994
          ],
          [
            277644.7966,
            2111572.996099999
          ]
        ]
      }
    },
    {
      "type": "Feature",
      "properties": {
        "OBJECTID": 28227,
        "US_NODE_ID": "2177096803",
        "DS_NODE_ID": "2177096804",
        "CONDUIT_LE": 29.9,
        "SHAPE_1": "OREC",
        "CONDUIT_WI": 10000.0,
        "CONDUIT_HE": 2875.0,
        "US_INVERT": 26.132,
        "DS_INVERT": 26.129,
        "USER_TEXT2": "Existing",
        "SHAPE.LEN": 29.854406427192597
      },
      "geometry": {
        "type": "LineString",
        "coordinates": [
          [
            277668.3340999996,
            2109892.6761000007
          ],
          [
            277689.54750000034,
            2109871.669500001
          ]
        ]
      }
    },
    {
      "type": "Feature",
      "properties": {
        "OBJECTID": 28267,
        "US_NODE_ID": "2177097804",
        "DS_NODE_ID": "2177097704",
        "CONDUIT_LE": 30.0,
        "SHAPE_1": "OREC",
        "CONDUIT_WI": 13000.0,
        "CONDUIT_HE": 2688.0,
        "US_INVERT": 26.118,
        "DS_INVERT": 26.115,
        "USER_TEXT2": "Existing",
        "SHAPE.LEN": 30.026431904074098
      },
      "geometry": {
        "type": "LineString",
        "coordinates": [
          [
            277766.8334999997,
            2109804.0012999997
          ],
          [
            277747.341,
            2109781.1621000003
          ]
        ]
      }
    },
    {
      "type": "Feature",
      "properties": {
        "OBJECTID": 28268,
        "US_NODE_ID": "2177097805",
        "DS_NODE_ID": "2177097804",
        "CONDUIT_LE": 13.4,
        "SHAPE_1": "OREC",
        "CONDUIT_WI": 13000.0,
        "CONDUIT_HE": 2087.0,
        "US_INVERT": 26.12,
        "DS_INVERT": 26.118,
        "USER_TEXT2": "Existing",
        "SHAPE.LEN": 13.386637798939699
      },
      "geometry": {
        "type": "LineString",
        "coordinates": [
          [
            277775.27249999996,
            2109814.3928999994
          ],
          [
            277766.8334999997,
            2109804.0012999997
          ]
        ]
      }
    },
    {
      "type": "Feature",
      "properties": {
        "OBJECTID": 28486,
        "US_NODE_ID": "2177107501!",
        "DS_NODE_ID": "2177107401!",
        "CONDUIT_LE": 30.0,
        "SHAPE_1": "OREC",
        "CONDUIT_WI": 13000.0,
        "CONDUIT_HE": 2184.0,
        "US_INVERT": 26.623,
        "DS_INVERT": 26.602,
        "USER_TEXT2": "Existing",
        "SHAPE.LEN": 29.999406948804797
      },
      "geometry": {
        "type": "LineString",
        "coordinates": [
          [
            277731.4227,
            2110500.5352999996
          ],
          [
            277707.81549999956,
            2110482.0241
          ]
        ]
      }
    },
    {
      "type": "Feature",
      "properties": {
        "OBJECTID": 28487,
        "US_NODE_ID": "2177107501",
        "DS_NODE_ID": "2177107401",
        "CONDUIT_LE": 30.0,
        "SHAPE_1": "OREC",
        "CONDUIT_WI": 13000.0,
        "CONDUIT_HE": 2184.0,
        "US_INVERT": 26.623,
        "DS_INVERT": 26.602,
        "USER_TEXT2": "Existing",
        "SHAPE.LEN": 29.999406948804797
      },
      "geometry": {
        "type": "LineString",
        "coordinates": [
          [
            277731.4227,
            2110500.5352999996
          ],
          [
            277707.81549999956,
            2110482.0241
          ]
        ]
      }
    },
    {
      "type": "Feature",
      "properties": {
        "OBJECTID": 28302,
        "US_NODE_ID": "2177099601",
        "DS_NODE_ID": "2177098603",
        "CONDUIT_LE": 30.5,
        "SHAPE_1": "OREC",
        "CONDUIT_WI": 7000.0,
        "CONDUIT_HE": 1575.0,
        "US_INVERT": 27.014,
        "DS_INVERT": 27.012,
        "USER_TEXT2": "Existing",
        "SHAPE.LEN": 30.5378531416339
      },
      "geometry": {
        "type": "LineString",
        "coordinates": [
          [
            277924.0739000002,
            2109664.8291999996
          ],
          [
            277895.2904000003,
            2109654.627699999
          ]
        ]
      }
    },
    {
      "type": "Feature",
      "properties": {
        "OBJECTID": 28293,
        "US_NODE_ID": "2177098802",
        "DS_NODE_ID": "2177098801",
        "CONDUIT_LE": 30.6,
        "SHAPE_1": "OREC",
        "CONDUIT_WI": 5000.0,
        "CONDUIT_HE": 1473.0,
        "US_INVERT": 26.8,
        "DS_INVERT": 26.7,
        "USER_TEXT2": "Existing",
        "SHAPE.LEN": 30.5986218148792
      },
      "geometry": {
        "type": "LineString",
        "coordinates": [
          [
            277823.40639999975,
            2109862.5198999997
          ],
          [
            277803.53479999956,
            2109839.2520000003
          ]
        ]
      }
    },
    {
      "type": "Feature",
      "properties": {
        "OBJECTID": 28297,
        "US_NODE_ID": "2177098902",
        "DS_NODE_ID": "2177098803",
        "CONDUIT_LE": 21.2,
        "SHAPE_1": "OREC",
        "CONDUIT_WI": 5000.0,
        "CONDUIT_HE": 1578.0,
        "US_INVERT": 26.828,
        "DS_INVERT": 26.817,
        "USER_TEXT2": "Existing",
        "SHAPE.LEN": 21.194871101283002
      },
      "geometry": {
        "type": "LineString",
        "coordinates": [
          [
            277843.3071999997,
            2109906.5945999995
          ],
          [
            277843.2000000002,
            2109885.4000000004
          ]
        ]
      }
    },
    {
      "type": "Feature",
      "properties": {
        "OBJECTID": 28506,
        "US_NODE_ID": "2177109603!",
        "DS_NODE_ID": "2177109602!",
        "CONDUIT_LE": 29.9,
        "SHAPE_1": "OREC",
        "CONDUIT_WI": 13000.0,
        "CONDUIT_HE": 2092.0,
        "US_INVERT": 26.836,
        "DS_INVERT": 26.815,
        "USER_TEXT2": "Existing",
        "SHAPE.LEN": 29.9196633846372
      },
      "geometry": {
        "type": "LineString",
        "coordinates": [
          [
            277963.9000000004,
            2110690
          ],
          [
            277940.4787999997,
            2110671.3818999995
          ]
        ]
      }
    },
    {
      "type": "Feature",
      "properties": {
        "OBJECTID": 28601,
        "US_NODE_ID": "2177119002",
        "DS_NODE_ID": "2177109901",
        "CONDUIT_LE": 53.7,
        "SHAPE_1": "OREC",
        "CONDUIT_WI": 4800.0,
        "CONDUIT_HE": 2592.0,
        "US_INVERT": 27.607,
        "DS_INVERT": 27.553,
        "USER_TEXT2": "Existing",
        "SHAPE.LEN": 53.7041782510449
      },
      "geometry": {
        "type": "LineString",
        "coordinates": [
          [
            277953.65490000043,
            2111042.306
          ],
          [
            277948.26379999984,
            2110988.8730999995
          ]
        ]
      }
    },
    {
      "type": "Feature",
      "properties": {
        "OBJECTID": 29370,
        "US_NODE_ID": "2178110301!",
        "DS_NODE_ID": "2178110201!",
        "CONDUIT_LE": 37.2,
        "SHAPE_1": "RECT",
        "CONDUIT_WI": 3500.0,
        "CONDUIT_HE": 2753.0,
        "US_INVERT": 30.583,
        "DS_INVERT": 30.403,
        "USER_TEXT2": "Existing",
        "SHAPE.LEN": 37.1651212781554
      },
      "geometry": {
        "type": "LineString",
        "coordinates": [
          [
            278005.30370000005,
            2111333.566299999
          ],
          [
            278007.6796000004,
            2111296.4771999996
          ]
        ]
      }
    },
    {
      "type": "Feature",
      "properties": {
        "OBJECTID": 29389,
        "US_NODE_ID": "2178110901",
        "DS_NODE_ID": "2178110801",
        "CONDUIT_LE": 39.9,
        "SHAPE_1": "OREC",
        "CONDUIT_WI": 1500.0,
        "CONDUIT_HE": 1500.0,
        "US_INVERT": 43.703,
        "DS_INVERT": 43.53,
        "USER_TEXT2": "Existing",
        "SHAPE.LEN": 39.9425831162683
      },
      "geometry": {
        "type": "LineString",
        "coordinates": [
          [
            278002.3108000001,
            2111906.158
          ],
          [
            278001.77579999994,
            2111866.2190000005
          ]
        ]
      }
    },
    {
      "type": "Feature",
      "properties": {
        "OBJECTID": 29105,
        "US_NODE_ID": "2178090401!",
        "DS_NODE_ID": "2178091401",
        "CONDUIT_LE": 7.0,
        "SHAPE_1": "RECT",
        "CONDUIT_WI": 6000.0,
        "CONDUIT_HE": 1557.0,
        "US_INVERT": 26.841,
        "DS_INVERT": 26.832,
        "USER_TEXT2": "Existing",
        "SHAPE.LEN": 6.9656299069072
      },
      "geometry": {
        "type": "LineString",
        "coordinates": [
          [
            278099.7999999998,
            2109436.5
          ],
          [
            278104.2000000002,
            2109441.9000000004
          ]
        ]
      }
    },
    {
      "type": "Feature",
      "properties": {
        "OBJECTID": 29210,
        "US_NODE_ID": "2178100704",
        "DS_NODE_ID": "2178100703",
        "CONDUIT_LE": 9.9,
        "SHAPE_1": "RECT",
        "CONDUIT_WI": 13000.0,
        "CONDUIT_HE": 3057.0,
        "US_INVERT": 26.9,
        "DS_INVERT": 26.893,
        "USER_TEXT2": "Existing",
        "SHAPE.LEN": 9.885179559320099
      },
      "geometry": {
        "type": "LineString",
        "coordinates": [
          [
            278041.04110000003,
            2110737.0014999993
          ],
          [
            278032.38150000013,
            2110732.234099999
          ]
        ]
      }
    },
    {
      "type": "Feature",
      "properties": {
        "OBJECTID": 29211,
        "US_NODE_ID": "2178100705!",
        "DS_NODE_ID": "2178100704!",
        "CONDUIT_LE": 9.5,
        "SHAPE_1": "RECT",
        "CONDUIT_WI": 13000.0,
        "CONDUIT_HE": 2532.0,
        "US_INVERT": 27.277,
        "DS_INVERT": 27.263,
        "USER_TEXT2": "Existing",
        "SHAPE.LEN": 9.53413821275945
      },
      "geometry": {
        "type": "LineString",
        "coordinates": [
          [
            278049.5,
            2110741.4000000004
          ],
          [
            278041.04110000003,
            2110737.0014999993
          ]
        ]
      }
    },
    {
      "type": "Feature",
      "properties": {
        "OBJECTID": 29218,
        "US_NODE_ID": "2178100708",
        "DS_NODE_ID": "2178100705",
        "CONDUIT_LE": 10.7,
        "SHAPE_1": "OREC",
        "CONDUIT_WI": 13000.0,
        "CONDUIT_HE": 2724.0,
        "US_INVERT": 27.283,
        "DS_INVERT": 27.277,
        "USER_TEXT2": "Existing",
        "SHAPE.LEN": 10.737723328993
      },
      "geometry": {
        "type": "LineString",
        "coordinates": [
          [
            278057.01769999973,
            2110749.067
          ],
          [
            278049.5,
            2110741.4000000004
          ]
        ]
      }
    },
    {
      "type": "Feature",
      "properties": {
        "OBJECTID": 29225,
        "US_NODE_ID": "2178100803!",
        "DS_NODE_ID": "2178100804!",
        "CONDUIT_LE": 29.9,
        "SHAPE_1": "RECT",
        "CONDUIT_WI": 4500.0,
        "CONDUIT_HE": 1587.0,
        "US_INVERT": 28.089,
        "DS_INVERT": 28.068,
        "USER_TEXT2": "Existing",
        "SHAPE.LEN": 29.8816969063003
      },
      "geometry": {
        "type": "LineString",
        "coordinates": [
          [
            278059.46360000037,
            2110877.306500001
          ],
          [
            278059.8937999997,
            2110847.4278999995
          ]
        ]
      }
    },
    {
      "type": "Feature",
      "properties": {
        "OBJECTID": 29220,
        "US_NODE_ID": "2178100709",
        "DS_NODE_ID": "2178100708",
        "CONDUIT_LE": 29.8,
        "SHAPE_1": "OREC",
        "CONDUIT_WI": 9600.0,
        "CONDUIT_HE": 2527.0,
        "US_INVERT": 27.301,
        "DS_INVERT": 27.283,
        "USER_TEXT2": "Existing",
        "SHAPE.LEN": 29.825376935924897
      },
      "geometry": {
        "type": "LineString",
        "coordinates": [
          [
            278079.1908,
            2110769.0145999994
          ],
          [
            278057.01769999973,
            2110749.067
          ]
        ]
      }
    },
    {
      "type": "Feature",
      "properties": {
        "OBJECTID": 29242,
        "US_NODE_ID": "2178101801",
        "DS_NODE_ID": "2178101701",
        "CONDUIT_LE": 29.8,
        "SHAPE_1": "OREC",
        "CONDUIT_WI": 9600.0,
        "CONDUIT_HE": 2690.0,
        "US_INVERT": 27.348,
        "DS_INVERT": 27.327,
        "USER_TEXT2": "Existing",
        "SHAPE.LEN": 29.774419002224
      },
      "geometry": {
        "type": "LineString",
        "coordinates": [
          [
            278124.68900000025,
            2110808.0143
          ],
          [
            278102.2876000004,
            2110788.400699999
          ]
        ]
      }
    },
    {
      "type": "Feature",
      "properties": {
        "OBJECTID": 29236,
        "US_NODE_ID": "2178100904",
        "DS_NODE_ID": "2178100902",
        "CONDUIT_LE": 30.0,
        "SHAPE_1": "RECT",
        "CONDUIT_WI": 4500.0,
        "CONDUIT_HE": 1785.0,
        "US_INVERT": 28.191,
        "DS_INVERT": 28.189,
        "USER_TEXT2": "Existing",
        "SHAPE.LEN": 30.0192263259732
      },
      "geometry": {
        "type": "LineString",
        "coordinates": [
          [
            278065.4205,
            2110966.9647000004
          ],
          [
            278062.5965,
            2110937.0786000006
          ]
        ]
      }
    },
    {
      "type": "Feature",
      "properties": {
        "OBJECTID": 29346,
        "US_NODE_ID": "2178110001!",
        "DS_NODE_ID": "2178100903!",
        "CONDUIT_LE": 29.6,
        "SHAPE_1": "RECT",
        "CONDUIT_WI": 4500.0,
        "CONDUIT_HE": 1853.0,
        "US_INVERT": 28.403,
        "DS_INVERT": 28.298,
        "USER_TEXT2": "Existing",
        "SHAPE.LEN": 29.5773149553843
      },
      "geometry": {
        "type": "LineString",
        "coordinates": [
          [
            278056.5401999997,
            2111025.5449
          ],
          [
            278064.1188000003,
            2110996.955
          ]
        ]
      }
    },
    {
      "type": "Feature",
      "properties": {
        "OBJECTID": 29350,
        "US_NODE_ID": "2178110003!",
        "DS_NODE_ID": "2178110002!",
        "CONDUIT_LE": 30.0,
        "SHAPE_1": "RECT",
        "CONDUIT_WI": 4500.0,
        "CONDUIT_HE": 1823.0,
        "US_INVERT": 28.613,
        "DS_INVERT": 28.506,
        "USER_TEXT2": "Existing",
        "SHAPE.LEN": 29.964461791262
      },
      "geometry": {
        "type": "LineString",
        "coordinates": [
          [
            278065.53079999983,
            2111083.7898999993
          ],
          [
            278058.4928000001,
            2111054.6636999995
          ]
        ]
      }
    },
    {
      "type": "Feature",
      "properties": {
        "OBJECTID": 29361,
        "US_NODE_ID": "2178110105",
        "DS_NODE_ID": "2178110003",
        "CONDUIT_LE": 19.4,
        "SHAPE_1": "RECT",
        "CONDUIT_WI": 4500.0,
        "CONDUIT_HE": 1818.0,
        "US_INVERT": 28.618,
        "DS_INVERT": 28.613,
        "USER_TEXT2": "Existing",
        "SHAPE.LEN": 19.4338436478737
      },
      "geometry": {
        "type": "LineString",
        "coordinates": [
          [
            278066.83249999955,
            2111103.1800999995
          ],
          [
            278065.53079999983,
            2111083.7898999993
          ]
        ]
      }
    },
    {
      "type": "Feature",
      "properties": {
        "OBJECTID": 29354,
        "US_NODE_ID": "2178110102!",
        "DS_NODE_ID": "2178110103!",
        "CONDUIT_LE": 29.0,
        "SHAPE_1": "RECT",
        "CONDUIT_WI": 3500.0,
        "CONDUIT_HE": 2099.0,
        "US_INVERT": 28.807,
        "DS_INVERT": 28.706,
        "USER_TEXT2": "Existing",
        "SHAPE.LEN": 28.955927043180598
      },
      "geometry": {
        "type": "LineString",
        "coordinates": [
          [
            278052.55790000036,
            2111170.095899999
          ],
          [
            278063.90919999965,
            2111143.457699999
          ]
        ]
      }
    },
    {
      "type": "Feature",
      "properties": {
        "OBJECTID": 29364,
        "US_NODE_ID": "2178110202!",
        "DS_NODE_ID": "2178110204!",
        "CONDUIT_LE": 29.8,
        "SHAPE_1": "RECT",
        "CONDUIT_WI": 3500.0,
        "CONDUIT_HE": 2193.0,
        "US_INVERT": 30.033,
        "DS_INVERT": 29.434,
        "USER_TEXT2": "Existing",
        "SHAPE.LEN": 29.7627706539563
      },
      "geometry": {
        "type": "LineString",
        "coordinates": [
          [
            278021.7061999999,
            2111268.7290000003
          ],
          [
            278043.4315999998,
            2111248.3861999996
          ]
        ]
      }
    },
    {
      "type": "Feature",
      "properties": {
        "OBJECTID": 29365,
        "US_NODE_ID": "2178110202",
        "DS_NODE_ID": "2178110204",
        "CONDUIT_LE": 29.8,
        "SHAPE_1": "RECT",
        "CONDUIT_WI": 3500.0,
        "CONDUIT_HE": 2193.0,
        "US_INVERT": 30.033,
        "DS_INVERT": 29.434,
        "USER_TEXT2": "Existing",
        "SHAPE.LEN": 29.7627706539563
      },
      "geometry": {
        "type": "LineString",
        "coordinates": [
          [
            278021.7061999999,
            2111268.7290000003
          ],
          [
            278043.4315999998,
            2111248.3861999996
          ]
        ]
      }
    },
    {
      "type": "Feature",
      "properties": {
        "OBJECTID": 29128,
        "US_NODE_ID": "2178092501",
        "DS_NODE_ID": "2178092601!",
        "CONDUIT_LE": 29.7,
        "SHAPE_1": "OREC",
        "CONDUIT_WI": 5020.0,
        "CONDUIT_HE": 1546.0,
        "US_INVERT": 26.702,
        "DS_INVERT": 26.687,
        "USER_TEXT2": "Existing",
        "SHAPE.LEN": 29.7060599878207
      },
      "geometry": {
        "type": "LineString",
        "coordinates": [
          [
            278203.5999999996,
            2109583.5999999996
          ],
          [
            278219.7999999998,
            2109608.5
          ]
        ]
      }
    },
    {
      "type": "Feature",
      "properties": {
        "OBJECTID": 29256,
        "US_NODE_ID": "2178102902",
        "DS_NODE_ID": "2178102903",
        "CONDUIT_LE": 30.1,
        "SHAPE_1": "OREC",
        "CONDUIT_WI": 7200.0,
        "CONDUIT_HE": 2047.0,
        "US_INVERT": 27.561,
        "DS_INVERT": 27.544,
        "USER_TEXT2": "Existing",
        "SHAPE.LEN": 30.102421360581598
      },
      "geometry": {
        "type": "LineString",
        "coordinates": [
          [
            278249.62509999983,
            2110974.9724000003
          ],
          [
            278259.0999999996,
            2110946.4000000004
          ]
        ]
      }
    },
    {
      "type": "Feature",
      "properties": {
        "OBJECTID": 29395,
        "US_NODE_ID": "2178111102",
        "DS_NODE_ID": "2178111101",
        "CONDUIT_LE": 12.4,
        "SHAPE_1": "OREC",
        "CONDUIT_WI": 6000.0,
        "CONDUIT_HE": 2125.0,
        "US_INVERT": 27.675,
        "DS_INVERT": 27.663,
        "USER_TEXT2": "Existing",
        "SHAPE.LEN": 12.3675075856051
      },
      "geometry": {
        "type": "LineString",
        "coordinates": [
          [
            278191.2496999996,
            2111177.4499999993
          ],
          [
            278187.5088999998,
            2111165.661800001
          ]
        ]
      }
    },
    {
      "type": "Feature",
      "properties": {
        "OBJECTID": 29438,
        "US_NODE_ID": "2178112501!",
        "DS_NODE_ID": "2178111504!",
        "CONDUIT_LE": 29.9,
        "SHAPE_1": "RECT",
        "CONDUIT_WI": 4000.0,
        "CONDUIT_HE": 3720.0,
        "US_INVERT": 33.136,
        "DS_INVERT": 33.071,
        "USER_TEXT2": "Existing",
        "SHAPE.LEN": 29.8968298750888
      },
      "geometry": {
        "type": "LineString",
        "coordinates": [
          [
            278227.74760000035,
            2111536.0659
          ],
          [
            278199.16530000046,
            2111527.2982
          ]
        ]
      }
    },
    {
      "type": "Feature",
      "properties": {
        "OBJECTID": 29140,
        "US_NODE_ID": "2178093003",
        "DS_NODE_ID": "2178093002",
        "CONDUIT_LE": 30.2,
        "SHAPE_1": "OREC",
        "CONDUIT_WI": 4000.0,
        "CONDUIT_HE": 2455.0,
        "US_INVERT": 26.535,
        "DS_INVERT": 26.511,
        "USER_TEXT2": "Existing",
        "SHAPE.LEN": 30.240684683055697
      },
      "geometry": {
        "type": "LineString",
        "coordinates": [
          [
            278309.14159999974,
            2109067.0415000003
          ],
          [
            278304.5736999996,
            2109037.1478000004
          ]
        ]
      }
    },
    {
      "type": "Feature",
      "properties": {
        "OBJECTID": 29446,
        "US_NODE_ID": "2178113102!",
        "DS_NODE_ID": "2178113101!",
        "CONDUIT_LE": 5.4,
        "SHAPE_1": "OREC",
        "CONDUIT_WI": 4800.0,
        "CONDUIT_HE": 1498.0,
        "US_INVERT": 27.75,
        "DS_INVERT": 27.738,
        "USER_TEXT2": "Existing",
        "SHAPE.LEN": 5.3696877795641
      },
      "geometry": {
        "type": "LineString",
        "coordinates": [
          [
            278321.1377999997,
            2111182.3099000007
          ],
          [
            278316.2000000002,
            2111180.1999999993
          ]
        ]
      }
    },
    {
      "type": "Feature",
      "properties": {
        "OBJECTID": 29447,
        "US_NODE_ID": "2178113102",
        "DS_NODE_ID": "2178113101",
        "CONDUIT_LE": 5.4,
        "SHAPE_1": "OREC",
        "CONDUIT_WI": 4800.0,
        "CONDUIT_HE": 1498.0,
        "US_INVERT": 27.75,
        "DS_INVERT": 27.738,
        "USER_TEXT2": "Existing",
        "SHAPE.LEN": 5.3696877795641
      },
      "geometry": {
        "type": "LineString",
        "coordinates": [
          [
            278321.1377999997,
            2111182.3099000007
          ],
          [
            278316.2000000002,
            2111180.1999999993
          ]
        ]
      }
    },
    {
      "type": "Feature",
      "properties": {
        "OBJECTID": 29158,
        "US_NODE_ID": "2178094102",
        "DS_NODE_ID": "2178094101",
        "CONDUIT_LE": 34.8,
        "SHAPE_1": "OREC",
        "CONDUIT_WI": 4000.0,
        "CONDUIT_HE": 2362.0,
        "US_INVERT": 26.659,
        "DS_INVERT": 26.632,
        "USER_TEXT2": "Existing",
        "SHAPE.LEN": 34.7675651911376
      },
      "geometry": {
        "type": "LineString",
        "coordinates": [
          [
            278431.6590999998,
            2109139.1855999995
          ],
          [
            278414.3186999997,
            2109109.051000001
          ]
        ]
      }
    },
    {
      "type": "Feature",
      "properties": {
        "OBJECTID": 29173,
        "US_NODE_ID": "2178095201",
        "DS_NODE_ID": "2178094204",
        "CONDUIT_LE": 19.3,
        "SHAPE_1": "OREC",
        "CONDUIT_WI": 4000.0,
        "CONDUIT_HE": 2008.0,
        "US_INVERT": 26.754,
        "DS_INVERT": 26.738,
        "USER_TEXT2": "Existing",
        "SHAPE.LEN": 19.303101974812197
      },
      "geometry": {
        "type": "LineString",
        "coordinates": [
          [
            278500.84619999956,
            2109233.4617
          ],
          [
            278498.7514000004,
            2109214.2726000007
          ]
        ]
      }
    },
    {
      "type": "Feature",
      "properties": {
        "OBJECTID": 29169,
        "US_NODE_ID": "2178094803",
        "DS_NODE_ID": "2178094804",
        "CONDUIT_LE": 30.0,
        "SHAPE_1": "RECT",
        "CONDUIT_WI": 5000.0,
        "CONDUIT_HE": 2238.0,
        "US_INVERT": 26.127,
        "DS_INVERT": 26.1,
        "USER_TEXT2": "Existing",
        "SHAPE.LEN": 29.957970558767798
      },
      "geometry": {
        "type": "LineString",
        "coordinates": [
          [
            278459.9000000004,
            2109874.5999999996
          ],
          [
            278476.0999999996,
            2109899.8000000007
          ]
        ]
      }
    },
    {
      "type": "Feature",
      "properties": {
        "OBJECTID": 29262,
        "US_NODE_ID": "2178104301",
        "DS_NODE_ID": "2178104401",
        "CONDUIT_LE": 90.2,
        "SHAPE_1": "OREC",
        "CONDUIT_WI": 15000.0,
        "CONDUIT_HE": 2287.0,
        "US_INVERT": 26.011,
        "DS_INVERT": 26.005,
        "USER_TEXT2": "Proposal",
        "SHAPE.LEN": 90.1800975825598
      },
      "geometry": {
        "type": "LineString",
        "coordinates": [
          [
            278406.9000000004,
            2110387.6999999993
          ],
          [
            278476.7000000002,
            2110444.8000000007
          ]
        ]
      }
    },
    {
      "type": "Feature",
      "properties": {
        "OBJECTID": 29469,
        "US_NODE_ID": "2178114603",
        "DS_NODE_ID": "2178114602",
        "CONDUIT_LE": 30.1,
        "SHAPE_1": "OREC",
        "CONDUIT_WI": 3512.0,
        "CONDUIT_HE": 3179.0,
        "US_INVERT": 33.727,
        "DS_INVERT": 33.661,
        "USER_TEXT2": "Existing",
        "SHAPE.LEN": 30.1283790478346
      },
      "geometry": {
        "type": "LineString",
        "coordinates": [
          [
            278481.9221999999,
            2111627.0052000005
          ],
          [
            278453.3399,
            2111617.4778000005
          ]
        ]
      }
    },
    {
      "type": "Feature",
      "properties": {
        "OBJECTID": 29093,
        "US_NODE_ID": "2178085401",
        "DS_NODE_ID": "2178085501",
        "CONDUIT_LE": 130.6,
        "SHAPE_1": "RECT",
        "CONDUIT_WI": 1500.0,
        "CONDUIT_HE": 1500.0,
        "US_INVERT": 33.0,
        "DS_INVERT": 30.5,
        "USER_TEXT2": "Proposal",
        "SHAPE.LEN": 130.56236057914998
      },
      "geometry": {
        "type": "LineString",
        "coordinates": [
          [
            278503.5999999996,
            2108429.4000000004
          ],
          [
            278527.7999999998,
            2108557.6999999993
          ]
        ]
      }
    },
    {
      "type": "Feature",
      "properties": {
        "OBJECTID": 29179,
        "US_NODE_ID": "2178095901",
        "DS_NODE_ID": "2178095902",
        "CONDUIT_LE": 28.2,
        "SHAPE_1": "OREC",
        "CONDUIT_WI": 5000.0,
        "CONDUIT_HE": 2002.0,
        "US_INVERT": 26.052,
        "DS_INVERT": 26.039,
        "USER_TEXT2": "Existing",
        "SHAPE.LEN": 28.151909349101
      },
      "geometry": {
        "type": "LineString",
        "coordinates": [
          [
            278510.0999999996,
            2109950.6999999993
          ],
          [
            278525.9000000004,
            2109974
          ]
        ]
      }
    },
    {
      "type": "Feature",
      "properties": {
        "OBJECTID": 29472,
        "US_NODE_ID": "2178115602!",
        "DS_NODE_ID": "2178115601!",
        "CONDUIT_LE": 30.0,
        "SHAPE_1": "OREC",
        "CONDUIT_WI": 3226.0,
        "CONDUIT_HE": 2388.0,
        "US_INVERT": 33.818,
        "DS_INVERT": 33.792,
        "USER_TEXT2": "Existing",
        "SHAPE.LEN": 29.994664374185003
      },
      "geometry": {
        "type": "LineString",
        "coordinates": [
          [
            278539.09059999976,
            2111645.2052999996
          ],
          [
            278510.50820000004,
            2111636.1098999996
          ]
        ]
      }
    },
    {
      "type": "Feature",
      "properties": {
        "OBJECTID": 22461,
        "US_NODE_ID": "2174093101",
        "DS_NODE_ID": "2174093102",
        "CONDUIT_LE": 30.0,
        "SHAPE_1": "OREC",
        "CONDUIT_WI": 60000.0,
        "CONDUIT_HE": 5469.0,
        "US_INVERT": 23.161,
        "DS_INVERT": 23.149,
        "USER_TEXT2": "Existing",
        "SHAPE.LEN": 29.9708191412914
      },
      "geometry": {
        "type": "LineString",
        "coordinates": [
          [
            274311.7999999998,
            2109199.8000000007
          ],
          [
            274324.5999999996,
            2109172.6999999993
          ]
        ]
      }
    },
    {
      "type": "Feature",
      "properties": {
        "OBJECTID": 22459,
        "US_NODE_ID": "2174093001",
        "DS_NODE_ID": "2174093002",
        "CONDUIT_LE": 30.0,
        "SHAPE_1": "OREC",
        "CONDUIT_WI": 62000.0,
        "CONDUIT_HE": 4355.0,
        "US_INVERT": 23.115,
        "DS_INVERT": 23.103,
        "USER_TEXT2": "Existing",
        "SHAPE.LEN": 30.0308175046901
      },
      "geometry": {
        "type": "LineString",
        "coordinates": [
          [
            274371.7999999998,
            2109096.4000000004
          ],
          [
            274387,
            2109070.5
          ]
        ]
      }
    },
    {
      "type": "Feature",
      "properties": {
        "OBJECTID": 22472,
        "US_NODE_ID": "2174095301",
        "DS_NODE_ID": "1",
        "CONDUIT_LE": 77.5,
        "SHAPE_1": "RECT",
        "CONDUIT_WI": 2000.0,
        "CONDUIT_HE": 2000.0,
        "US_INVERT": 25.346,
        "DS_INVERT": 25.245,
        "USER_TEXT2": "Existing",
        "SHAPE.LEN": 77.543342718766
      },
      "geometry": {
        "type": "LineString",
        "coordinates": [
          [
            274531.7999999998,
            2109328.4000000004
          ],
          [
            274470.2000000002,
            2109281.3000000007
          ]
        ]
      }
    },
    {
      "type": "Feature",
      "properties": {
        "OBJECTID": 22528,
        "US_NODE_ID": "2174104901",
        "DS_NODE_ID": "2174104803",
        "CONDUIT_LE": 22.8,
        "SHAPE_1": "RECT",
        "CONDUIT_WI": 2000.0,
        "CONDUIT_HE": 1500.0,
        "US_INVERT": 28.296,
        "DS_INVERT": 28.129,
        "USER_TEXT2": "Existing",
        "SHAPE.LEN": 22.8122773961742
      },
      "geometry": {
        "type": "LineString",
        "coordinates": [
          [
            274466.5,
            2110901.3000000007
          ],
          [
            274486.7000000002,
            2110890.6999999993
          ]
        ]
      }
    },
    {
      "type": "Feature",
      "properties": {
        "OBJECTID": 22539,
        "US_NODE_ID": "2174106602",
        "DS_NODE_ID": "2174106601",
        "CONDUIT_LE": 16.8,
        "SHAPE_1": "RECT",
        "CONDUIT_WI": 1500.0,
        "CONDUIT_HE": 1500.0,
        "US_INVERT": 26.481,
        "DS_INVERT": 26.317,
        "USER_TEXT2": "Existing",
        "SHAPE.LEN": 16.7523132730975
      },
      "geometry": {
        "type": "LineString",
        "coordinates": [
          [
            274623.4000000004,
            2110658.3000000007
          ],
          [
            274609.4000000004,
            2110667.5
          ]
        ]
      }
    },
    {
      "type": "Feature",
      "properties": {
        "OBJECTID": 22479,
        "US_NODE_ID": "2174097101",
        "DS_NODE_ID": "2174086901",
        "CONDUIT_LE": 169.5,
        "SHAPE_1": "RECT",
        "CONDUIT_WI": 1650.0,
        "CONDUIT_HE": 1650.0,
        "US_INVERT": 26.833,
        "DS_INVERT": 26.679,
        "USER_TEXT2": "Existing",
        "SHAPE.LEN": 169.49772859835002
      },
      "geometry": {
        "type": "LineString",
        "coordinates": [
          [
            274734.2000000002,
            2109115.1999999993
          ],
          [
            274685,
            2108953
          ]
        ]
      }
    },
    {
      "type": "Feature",
      "properties": {
        "OBJECTID": 22485,
        "US_NODE_ID": "2174098201",
        "DS_NODE_ID": "2174097101",
        "CONDUIT_LE": 195.5,
        "SHAPE_1": "RECT",
        "CONDUIT_WI": 1650.0,
        "CONDUIT_HE": 1650.0,
        "US_INVERT": 27.0,
        "DS_INVERT": 26.833,
        "USER_TEXT2": "Existing",
        "SHAPE.LEN": 195.493478152086
      },
      "geometry": {
        "type": "LineString",
        "coordinates": [
          [
            274795.2999999998,
            2109300.9000000004
          ],
          [
            274734.2000000002,
            2109115.1999999993
          ]
        ]
      }
    },
    {
      "type": "Feature",
      "properties": {
        "OBJECTID": 24902,
        "US_NODE_ID": "2175101501",
        "DS_NODE_ID": "2175100501",
        "CONDUIT_LE": 30.4,
        "SHAPE_1": "RECT",
        "CONDUIT_WI": 4000.0,
        "CONDUIT_HE": 1500.0,
        "US_INVERT": 27.453,
        "DS_INVERT": 27.395,
        "USER_TEXT2": "Proposal",
        "SHAPE.LEN": 30.435292442984696
      },
      "geometry": {
        "type": "LineString",
        "coordinates": [
          [
            275107.32459999993,
            2110545.7865999993
          ],
          [
            275099.2706000004,
            2110516.4363
          ]
        ]
      }
    },
    {
      "type": "Feature",
      "properties": {
        "OBJECTID": 24903,
        "US_NODE_ID": "2175101502",
        "DS_NODE_ID": "2175101501",
        "CONDUIT_LE": 24.4,
        "SHAPE_1": "RECT",
        "CONDUIT_WI": 4000.0,
        "CONDUIT_HE": 1500.0,
        "US_INVERT": 27.5,
        "DS_INVERT": 27.453,
        "USER_TEXT2": "Proposal",
        "SHAPE.LEN": 24.3504362326427
      },
      "geometry": {
        "type": "LineString",
        "coordinates": [
          [
            275117.2999999998,
            2110568
          ],
          [
            275107.32459999993,
            2110545.7865999993
          ]
        ]
      }
    },
    {
      "type": "Feature",
      "properties": {
        "OBJECTID": 24894,
        "US_NODE_ID": "2175091801",
        "DS_NODE_ID": "2175092801",
        "CONDUIT_LE": 109.1,
        "SHAPE_1": "OREC",
        "CONDUIT_WI": 7000.0,
        "CONDUIT_HE": 1498.0,
        "US_INVERT": 26.87,
        "DS_INVERT": 26.667,
        "USER_TEXT2": "Existing",
        "SHAPE.LEN": 109.12280000000001
      },
      "geometry": {
        "type": "LineString",
        "coordinates": [
          [
            275175.09470000025,
            2109825.272
          ],
          [
            275284.21750000026,
            2109825.272
          ]
        ]
      }
    },
    {
      "type": "Feature",
      "properties": {
        "OBJECTID": 24933,
        "US_NODE_ID": "2175103105",
        "DS_NODE_ID": "2175103106",
        "CONDUIT_LE": 30.4,
        "SHAPE_1": "RECT",
        "CONDUIT_WI": 3500.0,
        "CONDUIT_HE": 2000.0,
        "US_INVERT": 26.446,
        "DS_INVERT": 26.388,
        "USER_TEXT2": "Proposal",
        "SHAPE.LEN": 30.374928235800002
      },
      "geometry": {
        "type": "LineString",
        "coordinates": [
          [
            275357.5999999996,
            2110159.1999999993
          ],
          [
            275368.2673000004,
            2110130.7598
          ]
        ]
      }
    },
    {
      "type": "Feature",
      "properties": {
        "OBJECTID": 24916,
        "US_NODE_ID": "2175102203",
        "DS_NODE_ID": "2175102204",
        "CONDUIT_LE": 31.1,
        "SHAPE_1": "RECT",
        "CONDUIT_WI": 4000.0,
        "CONDUIT_HE": 1500.0,
        "US_INVERT": 26.725,
        "DS_INVERT": 26.666,
        "USER_TEXT2": "Proposal",
        "SHAPE.LEN": 31.143539837661397
      },
      "geometry": {
        "type": "LineString",
        "coordinates": [
          [
            275261.1542999996,
            2110254.1832
          ],
          [
            275282.9752000002,
            2110231.9623000007
          ]
        ]
      }
    },
    {
      "type": "Feature",
      "properties": {
        "OBJECTID": 24862,
        "US_NODE_ID": "2175085501",
        "DS_NODE_ID": "2175085502",
        "CONDUIT_LE": 16.7,
        "SHAPE_1": "OREC",
        "CONDUIT_WI": 5000.0,
        "CONDUIT_HE": 1498.0,
        "US_INVERT": 26.91,
        "DS_INVERT": 26.783,
        "USER_TEXT2": "Existing",
        "SHAPE.LEN": 16.7171050986706
      },
      "geometry": {
        "type": "LineString",
        "coordinates": [
          [
            275522.00189999957,
            2108567.236300001
          ],
          [
            275538.4967,
            2108569.9535000008
          ]
        ]
      }
    },
    {
      "type": "Feature",
      "properties": {
        "OBJECTID": 24864,
        "US_NODE_ID": "2175085503",
        "DS_NODE_ID": "2175085504",
        "CONDUIT_LE": 21.5,
        "SHAPE_1": "OREC",
        "CONDUIT_WI": 5000.0,
        "CONDUIT_HE": 1293.0,
        "US_INVERT": 26.695,
        "DS_INVERT": 26.532,
        "USER_TEXT2": "Existing",
        "SHAPE.LEN": 21.4642276641858
      },
      "geometry": {
        "type": "LineString",
        "coordinates": [
          [
            275547.3192999996,
            2108577.2271
          ],
          [
            275567.09619999956,
            2108568.8851999994
          ]
        ]
      }
    },
    {
      "type": "Feature",
      "properties": {
        "OBJECTID": 24945,
        "US_NODE_ID": "2175105002",
        "DS_NODE_ID": "2175106001",
        "CONDUIT_LE": 20.7,
        "SHAPE_1": "OREC",
        "CONDUIT_WI": 8000.0,
        "CONDUIT_HE": 2134.0,
        "US_INVERT": 25.964,
        "DS_INVERT": 25.948,
        "USER_TEXT2": "Existing",
        "SHAPE.LEN": 20.7232569486555
      },
      "geometry": {
        "type": "LineString",
        "coordinates": [
          [
            275588.92250000034,
            2110068.8949999996
          ],
          [
            275609.0840999996,
            2110073.687000001
          ]
        ]
      }
    },
    {
      "type": "Feature",
      "properties": {
        "OBJECTID": 24957,
        "US_NODE_ID": "2175106601",
        "DS_NODE_ID": "2175106602",
        "CONDUIT_LE": 8.3,
        "SHAPE_1": "OREC",
        "CONDUIT_WI": 2000.0,
        "CONDUIT_HE": 1308.0,
        "US_INVERT": 28.26,
        "DS_INVERT": 28.25,
        "USER_TEXT2": "Existing",
        "SHAPE.LEN": 8.33565637307585
      },
      "geometry": {
        "type": "LineString",
        "coordinates": [
          [
            275667.6562999999,
            2110677.958799999
          ],
          [
            275668.7849000003,
            2110669.6998999994
          ]
        ]
      }
    },
    {
      "type": "Feature",
      "properties": {
        "OBJECTID": 24971,
        "US_NODE_ID": "2175107505",
        "DS_NODE_ID": "2175107506",
        "CONDUIT_LE": 20.1,
        "SHAPE_1": "OREC",
        "CONDUIT_WI": 2000.0,
        "CONDUIT_HE": 1848.0,
        "US_INVERT": 26.9,
        "DS_INVERT": 26.895,
        "USER_TEXT2": "Existing",
        "SHAPE.LEN": 20.1338270830461
      },
      "geometry": {
        "type": "LineString",
        "coordinates": [
          [
            275745.8443999998,
            2110591.0825999994
          ],
          [
            275763.0044999998,
            2110580.5516
          ]
        ]
      }
    },
    {
      "type": "Feature",
      "properties": {
        "OBJECTID": 24972,
        "US_NODE_ID": "2175107506",
        "DS_NODE_ID": "2175107507",
        "CONDUIT_LE": 24.1,
        "SHAPE_1": "OREC",
        "CONDUIT_WI": 2000.0,
        "CONDUIT_HE": 1823.0,
        "US_INVERT": 26.895,
        "DS_INVERT": 26.89,
        "USER_TEXT2": "Existing",
        "SHAPE.LEN": 24.072815036468
      },
      "geometry": {
        "type": "LineString",
        "coordinates": [
          [
            275763.0044999998,
            2110580.5516
          ],
          [
            275784.0482000001,
            2110568.861300001
          ]
        ]
      }
    },
    {
      "type": "Feature",
      "properties": {
        "OBJECTID": 24991,
        "US_NODE_ID": "2175109102",
        "DS_NODE_ID": "2175109103",
        "CONDUIT_LE": 26.9,
        "SHAPE_1": "OREC",
        "CONDUIT_WI": 10000.0,
        "CONDUIT_HE": 3507.0,
        "US_INVERT": 25.321,
        "DS_INVERT": 25.262,
        "USER_TEXT2": "Existing",
        "SHAPE.LEN": 26.890617819975798
      },
      "geometry": {
        "type": "LineString",
        "coordinates": [
          [
            275924.37179999985,
            2110170.4217000008
          ],
          [
            275949.8825000003,
            2110178.9252000004
          ]
        ]
      }
    },
    {
      "type": "Feature",
      "properties": {
        "OBJECTID": 24993,
        "US_NODE_ID": "2175109601",
        "DS_NODE_ID": "2175109602",
        "CONDUIT_LE": 30.0,
        "SHAPE_1": "OREC",
        "CONDUIT_WI": 2366.0,
        "CONDUIT_HE": 1898.0,
        "US_INVERT": 26.5,
        "DS_INVERT": 26.3,
        "USER_TEXT2": "Existing",
        "SHAPE.LEN": 29.9901882601627
      },
      "geometry": {
        "type": "LineString",
        "coordinates": [
          [
            275903.9274000004,
            2110635.331700001
          ],
          [
            275932.6206,
            2110626.6075
          ]
        ]
      }
    },
    {
      "type": "Feature",
      "properties": {
        "OBJECTID": 25012,
        "US_NODE_ID": "2175119801",
        "DS_NODE_ID": "2176111601",
        "CONDUIT_LE": 331.9,
        "SHAPE_1": "OREC",
        "CONDUIT_WI": 2000.0,
        "CONDUIT_HE": 1699.0,
        "US_INVERT": 29.0,
        "DS_INVERT": 28.699,
        "USER_TEXT2": "Proposal",
        "SHAPE.LEN": 331.91592308896503
      },
      "geometry": {
        "type": "LineString",
        "coordinates": [
          [
            275944.7999999998,
            2111889.5999999996
          ],
          [
            276179.5,
            2111654.9000000004
          ]
        ]
      }
    },
    {
      "type": "Feature",
      "properties": {
        "OBJECTID": 26769,
        "US_NODE_ID": "2176081803",
        "DS_NODE_ID": "2176080702",
        "CONDUIT_LE": 65.9,
        "SHAPE_1": "RECT",
        "CONDUIT_WI": 3000.0,
        "CONDUIT_HE": 2310.0,
        "US_INVERT": 25.561,
        "DS_INVERT": 25.432,
        "USER_TEXT2": "Proposal",
        "SHAPE.LEN": 65.85020880756569
      },
      "geometry": {
        "type": "LineString",
        "coordinates": [
          [
            276135.7999999998,
            2108834.8000000007
          ],
          [
            276085,
            2108792.9000000004
          ]
        ]
      }
    },
    {
      "type": "Feature",
      "properties": {
        "OBJECTID": 26863,
        "US_NODE_ID": "2176100601",
        "DS_NODE_ID": "2176100501",
        "CONDUIT_LE": 33.3,
        "SHAPE_1": "OREC",
        "CONDUIT_WI": 3132.0,
        "CONDUIT_HE": 2228.0,
        "US_INVERT": 25.76,
        "DS_INVERT": 25.68,
        "USER_TEXT2": "Existing",
        "SHAPE.LEN": 33.3088151613053
      },
      "geometry": {
        "type": "LineString",
        "coordinates": [
          [
            276008.29959999956,
            2110603.8027
          ],
          [
            276031.5999999996,
            2110580
          ]
        ]
      }
    },
    {
      "type": "Feature",
      "properties": {
        "OBJECTID": 26770,
        "US_NODE_ID": "2176081804",
        "DS_NODE_ID": "2176081701",
        "CONDUIT_LE": 98.8,
        "SHAPE_1": "OREC",
        "CONDUIT_WI": 3500.0,
        "CONDUIT_HE": 1474.0,
        "US_INVERT": 26.203,
        "DS_INVERT": 26.023,
        "USER_TEXT2": "Proposal",
        "SHAPE.LEN": 98.7571769543865
      },
      "geometry": {
        "type": "LineString",
        "coordinates": [
          [
            276179.4000000004,
            2108809.3000000007
          ],
          [
            276116.7000000002,
            2108733
          ]
        ]
      }
    },
    {
      "type": "Feature",
      "properties": {
        "OBJECTID": 26871,
        "US_NODE_ID": "2176102401",
        "DS_NODE_ID": "2176101401",
        "CONDUIT_LE": 140.4,
        "SHAPE_1": "RECT",
        "CONDUIT_WI": 2000.0,
        "CONDUIT_HE": 3241.0,
        "US_INVERT": 26.32,
        "DS_INVERT": 26.172,
        "USER_TEXT2": "Proposal",
        "SHAPE.LEN": 140.437352581142
      },
      "geometry": {
        "type": "LineString",
        "coordinates": [
          [
            276269.2999999998,
            2110419.0999999996
          ],
          [
            276153.5999999996,
            2110498.6999999993
          ]
        ]
      }
    },
    {
      "type": "Feature",
      "properties": {
        "OBJECTID": 26823,
        "US_NODE_ID": "2176092502",
        "DS_NODE_ID": "2176092501",
        "CONDUIT_LE": 33.5,
        "SHAPE_1": "RECT",
        "CONDUIT_WI": 3000.0,
        "CONDUIT_HE": 1500.0,
        "US_INVERT": 26.137,
        "DS_INVERT": 26.0,
        "USER_TEXT2": "Proposal",
        "SHAPE.LEN": 33.5049250111084
      },
      "geometry": {
        "type": "LineString",
        "coordinates": [
          [
            276273,
            2109548.5
          ],
          [
            276239.7000000002,
            2109544.8000000007
          ]
        ]
      }
    },
    {
      "type": "Feature",
      "properties": {
        "OBJECTID": 26868,
        "US_NODE_ID": "2176102101",
        "DS_NODE_ID": "2176102102",
        "CONDUIT_LE": 22.8,
        "SHAPE_1": "OREC",
        "CONDUIT_WI": 4500.0,
        "CONDUIT_HE": 2393.0,
        "US_INVERT": 25.606,
        "DS_INVERT": 25.525,
        "USER_TEXT2": "Proposal",
        "SHAPE.LEN": 22.7705950734714
      },
      "geometry": {
        "type": "LineString",
        "coordinates": [
          [
            276287,
            2110154
          ],
          [
            276299.7000000002,
            2110172.9000000004
          ]
        ]
      }
    },
    {
      "type": "Feature",
      "properties": {
        "OBJECTID": 26869,
        "US_NODE_ID": "2176102102",
        "DS_NODE_ID": "2176102201",
        "CONDUIT_LE": 49.5,
        "SHAPE_1": "OREC",
        "CONDUIT_WI": 4500.0,
        "CONDUIT_HE": 3591.0,
        "US_INVERT": 25.525,
        "DS_INVERT": 25.348,
        "USER_TEXT2": "Proposal",
        "SHAPE.LEN": 49.477267507411895
      },
      "geometry": {
        "type": "LineString",
        "coordinates": [
          [
            276299.7000000002,
            2110172.9000000004
          ],
          [
            276268.5,
            2110211.3000000007
          ]
        ]
      }
    },
    {
      "type": "Feature",
      "properties": {
        "OBJECTID": 26884,
        "US_NODE_ID": "2176104301",
        "DS_NODE_ID": "2176102401",
        "CONDUIT_LE": 171.0,
        "SHAPE_1": "RECT",
        "CONDUIT_WI": 2000.0,
        "CONDUIT_HE": 3932.0,
        "US_INVERT": 26.5,
        "DS_INVERT": 26.32,
        "USER_TEXT2": "Proposal",
        "SHAPE.LEN": 170.971869031136
      },
      "geometry": {
        "type": "LineString",
        "coordinates": [
          [
            276413.5999999996,
            2110327.4000000004
          ],
          [
            276269.2999999998,
            2110419.0999999996
          ]
        ]
      }
    },
    {
      "type": "Feature",
      "properties": {
        "OBJECTID": 26949,
        "US_NODE_ID": "2176112201",
        "DS_NODE_ID": "2176113101",
        "CONDUIT_LE": 71.6,
        "SHAPE_1": "OREC",
        "CONDUIT_WI": 2000.0,
        "CONDUIT_HE": 3957.0,
        "US_INVERT": 26.572,
        "DS_INVERT": 26.5,
        "USER_TEXT2": "Proposal",
        "SHAPE.LEN": 71.64530689445048
      },
      "geometry": {
        "type": "LineString",
        "coordinates": [
          [
            276282.5999999996,
            2111243.5
          ],
          [
            276332.2000000002,
            2111191.8000000007
          ]
        ]
      }
    },
    {
      "type": "Feature",
      "properties": {
        "OBJECTID": 26950,
        "US_NODE_ID": "2176112601",
        "DS_NODE_ID": "2176113401",
        "CONDUIT_LE": 206.9,
        "SHAPE_1": "OREC",
        "CONDUIT_WI": 2000.0,
        "CONDUIT_HE": 1848.0,
        "US_INVERT": 28.651,
        "DS_INVERT": 28.463,
        "USER_TEXT2": "Proposal",
        "SHAPE.LEN": 206.90891715921802
      },
      "geometry": {
        "type": "LineString",
        "coordinates": [
          [
            276226.5,
            2111629.0999999996
          ],
          [
            276374.2000000002,
            2111484.1999999993
          ]
        ]
      }
    },
    {
      "type": "Feature",
      "properties": {
        "OBJECTID": 26848,
        "US_NODE_ID": "2176094903",
        "DS_NODE_ID": "2176094904",
        "CONDUIT_LE": 33.0,
        "SHAPE_1": "RECT",
        "CONDUIT_WI": 2000.0,
        "CONDUIT_HE": 2000.0,
        "US_INVERT": 25.3,
        "DS_INVERT": 25.105,
        "USER_TEXT2": "Proposal",
        "SHAPE.LEN": 33.0106043567821
      },
      "geometry": {
        "type": "LineString",
        "coordinates": [
          [
            276429.0999999996,
            2109961.9000000004
          ],
          [
            276431.7999999998,
            2109994.8000000007
          ]
        ]
      }
    },
    {
      "type": "Feature",
      "properties": {
        "OBJECTID": 26883,
        "US_NODE_ID": "2176104201",
        "DS_NODE_ID": "2176104102",
        "CONDUIT_LE": 100.1,
        "SHAPE_1": "RECT",
        "CONDUIT_WI": 5000.0,
        "CONDUIT_HE": 1147.0,
        "US_INVERT": 27.02,
        "DS_INVERT": 26.885,
        "USER_TEXT2": "Proposal",
        "SHAPE.LEN": 100.061231253668
      },
      "geometry": {
        "type": "LineString",
        "coordinates": [
          [
            276473.7000000002,
            2110237.4000000004
          ],
          [
            276458.5,
            2110138.5
          ]
        ]
      }
    },
    {
      "type": "Feature",
      "properties": {
        "OBJECTID": 26889,
        "US_NODE_ID": "2176104903",
        "DS_NODE_ID": "2176104904",
        "CONDUIT_LE": 30.0,
        "SHAPE_1": "OREC",
        "CONDUIT_WI": 6511.0,
        "CONDUIT_HE": 2816.0,
        "US_INVERT": 26.279,
        "DS_INVERT": 26.216,
        "USER_TEXT2": "Existing",
        "SHAPE.LEN": 29.9568005033915
      },
      "geometry": {
        "type": "LineString",
        "coordinates": [
          [
            276457.5,
            2110969
          ],
          [
            276484.1058,
            2110955.2325999998
          ]
        ]
      }
    },
    {
      "type": "Feature",
      "properties": {
        "OBJECTID": 26786,
        "US_NODE_ID": "2176086301",
        "DS_NODE_ID": "2176086201",
        "CONDUIT_LE": 30.0,
        "SHAPE_1": "OREC",
        "CONDUIT_WI": 22500.0,
        "CONDUIT_HE": 2734.0,
        "US_INVERT": 25.273,
        "DS_INVERT": 25.273,
        "USER_TEXT2": "Existing",
        "SHAPE.LEN": 29.9973604627141
      },
      "geometry": {
        "type": "LineString",
        "coordinates": [
          [
            276642.35830000043,
            2108323.8896999992
          ],
          [
            276641.70749999955,
            2108293.8993999995
          ]
        ]
      }
    },
    {
      "type": "Feature",
      "properties": {
        "OBJECTID": 26899,
        "US_NODE_ID": "2176106102",
        "DS_NODE_ID": "2176106101",
        "CONDUIT_LE": 28.8,
        "SHAPE_1": "RECT",
        "CONDUIT_WI": 2000.0,
        "CONDUIT_HE": 2000.0,
        "US_INVERT": 31.096,
        "DS_INVERT": 30.324,
        "USER_TEXT2": "Proposal",
        "SHAPE.LEN": 28.8196113783653
      },
      "geometry": {
        "type": "LineString",
        "coordinates": [
          [
            276634.9000000004,
            2110172.5
          ],
          [
            276606.7999999998,
            2110178.9000000004
          ]
        ]
      }
    },
    {
      "type": "Feature",
      "properties": {
        "OBJECTID": 26903,
        "US_NODE_ID": "2176106601",
        "DS_NODE_ID": "2176106602",
        "CONDUIT_LE": 15.7,
        "SHAPE_1": "RECT",
        "CONDUIT_WI": 3000.0,
        "CONDUIT_HE": 2000.0,
        "US_INVERT": 26.2,
        "DS_INVERT": 26.181,
        "USER_TEXT2": "Existing",
        "SHAPE.LEN": 15.720050890502899
      },
      "geometry": {
        "type": "LineString",
        "coordinates": [
          [
            276672.0999999996,
            2110600
          ],
          [
            276681.5,
            2110612.5999999996
          ]
        ]
      }
    },
    {
      "type": "Feature",
      "properties": {
        "OBJECTID": 26969,
        "US_NODE_ID": "2176116801",
        "DS_NODE_ID": "2176116802",
        "CONDUIT_LE": 61.6,
        "SHAPE_1": "OREC",
        "CONDUIT_WI": 3000.0,
        "CONDUIT_HE": 2676.0,
        "US_INVERT": 27.533,
        "DS_INVERT": 27.33,
        "USER_TEXT2": "Proposal",
        "SHAPE.LEN": 61.6458433310795
      },
      "geometry": {
        "type": "LineString",
        "coordinates": [
          [
            276613.2999999998,
            2111817
          ],
          [
            276674.7000000002,
            2111822.5
          ]
        ]
      }
    },
    {
      "type": "Feature",
      "properties": {
        "OBJECTID": 26796,
        "US_NODE_ID": "2176087501",
        "DS_NODE_ID": "2176087403",
        "CONDUIT_LE": 30.1,
        "SHAPE_1": "OREC",
        "CONDUIT_WI": 22500.0,
        "CONDUIT_HE": 2645.0,
        "US_INVERT": 25.442,
        "DS_INVERT": 25.421,
        "USER_TEXT2": "Existing",
        "SHAPE.LEN": 30.0886250980333
      },
      "geometry": {
        "type": "LineString",
        "coordinates": [
          [
            276780.4935999997,
            2108509.142999999
          ],
          [
            276755.81630000006,
            2108491.9279999994
          ]
        ]
      }
    },
    {
      "type": "Feature",
      "properties": {
        "OBJECTID": 26811,
        "US_NODE_ID": "2176089601",
        "DS_NODE_ID": "2176088601",
        "CONDUIT_LE": 14.1,
        "SHAPE_1": "OREC",
        "CONDUIT_WI": 22500.0,
        "CONDUIT_HE": 2949.0,
        "US_INVERT": 25.558,
        "DS_INVERT": 25.548,
        "USER_TEXT2": "Existing",
        "SHAPE.LEN": 14.1006105460012
      },
      "geometry": {
        "type": "LineString",
        "coordinates": [
          [
            276906.5053000003,
            2108613.7367000002
          ],
          [
            276896.97420000006,
            2108603.3451000005
          ]
        ]
      }
    },
    {
      "type": "Feature",
      "properties": {
        "OBJECTID": 26921,
        "US_NODE_ID": "2176108703",
        "DS_NODE_ID": "2176108702",
        "CONDUIT_LE": 22.7,
        "SHAPE_1": "OREC",
        "CONDUIT_WI": 3096.0,
        "CONDUIT_HE": 2382.0,
        "US_INVERT": 26.076,
        "DS_INVERT": 25.959,
        "USER_TEXT2": "Existing",
        "SHAPE.LEN": 22.7441184045458
      },
      "geometry": {
        "type": "LineString",
        "coordinates": [
          [
            276848.5088999998,
            2110772.0847999994
          ],
          [
            276830.13790000044,
            2110785.4937999994
          ]
        ]
      }
    },
    {
      "type": "Feature",
      "properties": {
        "OBJECTID": 26926,
        "US_NODE_ID": "2176109701",
        "DS_NODE_ID": "2176108704",
        "CONDUIT_LE": 26.8,
        "SHAPE_1": "OREC",
        "CONDUIT_WI": 3096.0,
        "CONDUIT_HE": 2047.0,
        "US_INVERT": 26.391,
        "DS_INVERT": 26.254,
        "USER_TEXT2": "Existing",
        "SHAPE.LEN": 26.8223084200447
      },
      "geometry": {
        "type": "LineString",
        "coordinates": [
          [
            276909.3541000001,
            2110782.9696999993
          ],
          [
            276882.95639999956,
            2110778.216
          ]
        ]
      }
    },
    {
      "type": "Feature",
      "properties": {
        "OBJECTID": 28531,
        "US_NODE_ID": "2177110501",
        "DS_NODE_ID": "2176118503",
        "CONDUIT_LE": 139.1,
        "SHAPE_1": "RECT",
        "CONDUIT_WI": 3000.0,
        "CONDUIT_HE": 1500.0,
        "US_INVERT": 28.066,
        "DS_INVERT": 27.274,
        "USER_TEXT2": "Existing",
        "SHAPE.LEN": 139.056740942178
      },
      "geometry": {
        "type": "LineString",
        "coordinates": [
          [
            277019.1595999999,
            2111580.8576999996
          ],
          [
            276880.5270999996,
            2111591.7116
          ]
        ]
      }
    },
    {
      "type": "Feature",
      "properties": {
        "OBJECTID": 26817,
        "US_NODE_ID": "2176089607",
        "DS_NODE_ID": "2176089605",
        "CONDUIT_LE": 40.7,
        "SHAPE_1": "OREC",
        "CONDUIT_WI": 3848.0,
        "CONDUIT_HE": 2326.0,
        "US_INVERT": 25.673,
        "DS_INVERT": 25.538,
        "USER_TEXT2": "Existing",
        "SHAPE.LEN": 40.739324506458
      },
      "geometry": {
        "type": "LineString",
        "coordinates": [
          [
            276971.99289999995,
            2108610.3516000006
          ],
          [
            276957.1496000001,
            2108648.092
          ],
          [
            276957.1496000001,
            2108648.276900001
          ]
        ]
      }
    },
    {
      "type": "Feature",
      "properties": {
        "OBJECTID": 28063,
        "US_NODE_ID": "2177080602",
        "DS_NODE_ID": "2177080601",
        "CONDUIT_LE": 29.9,
        "SHAPE_1": "OREC",
        "CONDUIT_WI": 15000.0,
        "CONDUIT_HE": 2090.0,
        "US_INVERT": 25.67,
        "DS_INVERT": 25.65,
        "USER_TEXT2": "Existing",
        "SHAPE.LEN": 29.850525627700396
      },
      "geometry": {
        "type": "LineString",
        "coordinates": [
          [
            277051.23450000025,
            2108687.1833999995
          ],
          [
            277025.4790000003,
            2108672.0933999997
          ]
        ]
      }
    },
    {
      "type": "Feature",
      "properties": {
        "OBJECTID": 26859,
        "US_NODE_ID": "2176099901",
        "DS_NODE_ID": "2176099902",
        "CONDUIT_LE": 31.6,
        "SHAPE_1": "RECT",
        "CONDUIT_WI": 6500.0,
        "CONDUIT_HE": 1893.0,
        "US_INVERT": 28.812,
        "DS_INVERT": 28.561,
        "USER_TEXT2": "Existing",
        "SHAPE.LEN": 31.607956918788698
      },
      "geometry": {
        "type": "LineString",
        "coordinates": [
          [
            276967.3108999999,
            2109929.7074999996
          ],
          [
            276989.6556000002,
            2109907.3518000003
          ]
        ]
      }
    },
    {
      "type": "Feature",
      "properties": {
        "OBJECTID": 28307,
        "US_NODE_ID": "2177100303",
        "DS_NODE_ID": "2177100304",
        "CONDUIT_LE": 8.8,
        "SHAPE_1": "RECT",
        "CONDUIT_WI": 5000.0,
        "CONDUIT_HE": 1462.0,
        "US_INVERT": 28.016,
        "DS_INVERT": 27.983,
        "USER_TEXT2": "Existing",
        "SHAPE.LEN": 8.753896319354029
      },
      "geometry": {
        "type": "LineString",
        "coordinates": [
          [
            277044.95249999966,
            2110326.2326999996
          ],
          [
            277053.2131000003,
            2110323.3356
          ]
        ]
      }
    },
    {
      "type": "Feature",
      "properties": {
        "OBJECTID": 26930,
        "US_NODE_ID": "2176109705",
        "DS_NODE_ID": "2176109704",
        "CONDUIT_LE": 23.1,
        "SHAPE_1": "OREC",
        "CONDUIT_WI": 2911.0,
        "CONDUIT_HE": 1989.0,
        "US_INVERT": 26.839,
        "DS_INVERT": 26.72,
        "USER_TEXT2": "Existing",
        "SHAPE.LEN": 23.1463303313938
      },
      "geometry": {
        "type": "LineString",
        "coordinates": [
          [
            276984.6298000002,
            2110775.8989000004
          ],
          [
            276961.50320000015,
            2110774.9433999993
          ]
        ]
      }
    },
    {
      "type": "Feature",
      "properties": {
        "OBJECTID": 28530,
        "US_NODE_ID": "2177110104",
        "DS_NODE_ID": "2177110102",
        "CONDUIT_LE": 23.6,
        "SHAPE_1": "CIRC",
        "CONDUIT_WI": 1800.0,
        "CONDUIT_HE": 1800.0,
        "US_INVERT": 27.0,
        "DS_INVERT": 26.8,
        "USER_TEXT2": "Proposal",
        "SHAPE.LEN": 23.6484671807709
      },
      "geometry": {
        "type": "LineString",
        "coordinates": [
          [
            277097.5999999996,
            2111156.8000000007
          ],
          [
            277075.9000000004,
            2111166.1999999993
          ]
        ]
      }
    },
    {
      "type": "Feature",
      "properties": {
        "OBJECTID": 28091,
        "US_NODE_ID": "2177082801",
        "DS_NODE_ID": "2177082701",
        "CONDUIT_LE": 30.1,
        "SHAPE_1": "OREC",
        "CONDUIT_WI": 15000.0,
        "CONDUIT_HE": 2496.0,
        "US_INVERT": 25.811,
        "DS_INVERT": 25.791,
        "USER_TEXT2": "Existing",
        "SHAPE.LEN": 30.071516128057098
      },
      "geometry": {
        "type": "LineString",
        "coordinates": [
          [
            277225.2026000004,
            2108804.2490999997
          ],
          [
            277200.62459999975,
            2108786.9222999997
          ]
        ]
      }
    },
    {
      "type": "Feature",
      "properties": {
        "OBJECTID": 28148,
        "US_NODE_ID": "2177092507",
        "DS_NODE_ID": "2177092509",
        "CONDUIT_LE": 21.8,
        "SHAPE_1": "OREC",
        "CONDUIT_WI": 9870.0,
        "CONDUIT_HE": 1529.0,
        "US_INVERT": 26.97,
        "DS_INVERT": 26.95,
        "USER_TEXT2": "Existing",
        "SHAPE.LEN": 21.819466491415398
      },
      "geometry": {
        "type": "LineString",
        "coordinates": [
          [
            277262.49069999997,
            2109558.2479
          ],
          [
            277271.2773000002,
            2109538.275800001
          ]
        ]
      }
    },
    {
      "type": "Feature",
      "properties": {
        "OBJECTID": 28156,
        "US_NODE_ID": "2177092605",
        "DS_NODE_ID": "2177092502",
        "CONDUIT_LE": 13.2,
        "SHAPE_1": "OREC",
        "CONDUIT_WI": 5300.0,
        "CONDUIT_HE": 1568.0,
        "US_INVERT": 26.991,
        "DS_INVERT": 26.99,
        "USER_TEXT2": "Existing",
        "SHAPE.LEN": 13.2452030475187
      },
      "geometry": {
        "type": "LineString",
        "coordinates": [
          [
            277233.6124,
            2109600.2073
          ],
          [
            277237.61199999973,
            2109587.5803999994
          ]
        ]
      }
    },
    {
      "type": "Feature",
      "properties": {
        "OBJECTID": 28146,
        "US_NODE_ID": "2177092505",
        "DS_NODE_ID": "2177092507",
        "CONDUIT_LE": 19.7,
        "SHAPE_1": "OREC",
        "CONDUIT_WI": 9460.0,
        "CONDUIT_HE": 1099.0,
        "US_INVERT": 26.98,
        "DS_INVERT": 26.97,
        "USER_TEXT2": "Existing",
        "SHAPE.LEN": 19.7420814568778
      },
      "geometry": {
        "type": "LineString",
        "coordinates": [
          [
            277249.7318000002,
            2109573.313100001
          ],
          [
            277262.49069999997,
            2109558.2479
          ]
        ]
      }
    },
    {
      "type": "Feature",
      "properties": {
        "OBJECTID": 28157,
        "US_NODE_ID": "2177092701",
        "DS_NODE_ID": "2177091708",
        "CONDUIT_LE": 28.8,
        "SHAPE_1": "OREC",
        "CONDUIT_WI": 7433.0,
        "CONDUIT_HE": 1628.0,
        "US_INVERT": 27.009,
        "DS_INVERT": 27.004,
        "USER_TEXT2": "Existing",
        "SHAPE.LEN": 28.7767267075323
      },
      "geometry": {
        "type": "LineString",
        "coordinates": [
          [
            277205.7999999998,
            2109752.4000000004
          ],
          [
            277184.0999999996,
            2109733.5
          ]
        ]
      }
    },
    {
      "type": "Feature",
      "properties": {
        "OBJECTID": 28329,
        "US_NODE_ID": "2177102302",
        "DS_NODE_ID": "2177102303",
        "CONDUIT_LE": 26.5,
        "SHAPE_1": "OREC",
        "CONDUIT_WI": 1800.0,
        "CONDUIT_HE": 1200.0,
        "US_INVERT": 27.637,
        "DS_INVERT": 27.624,
        "USER_TEXT2": "Existing",
        "SHAPE.LEN": 26.469794105734902
      },
      "geometry": {
        "type": "LineString",
        "coordinates": [
          [
            277283.4000000004,
            2110346.4000000004
          ],
          [
            277291.5,
            2110321.1999999993
          ]
        ]
      }
    },
    {
      "type": "Feature",
      "properties": {
        "OBJECTID": 28331,
        "US_NODE_ID": "2177102304",
        "DS_NODE_ID": "2177102205",
        "CONDUIT_LE": 17.6,
        "SHAPE_1": "OREC",
        "CONDUIT_WI": 1800.0,
        "CONDUIT_HE": 1200.0,
        "US_INVERT": 27.616,
        "DS_INVERT": 27.607,
        "USER_TEXT2": "Existing",
        "SHAPE.LEN": 17.6343414960695
      },
      "geometry": {
        "type": "LineString",
        "coordinates": [
          [
            277298,
            2110306.5999999996
          ],
          [
            277299.0999999996,
            2110289
          ]
        ]
      }
    },
    {
      "type": "Feature",
      "properties": {
        "OBJECTID": 28103,
        "US_NODE_ID": "2177083802",
        "DS_NODE_ID": "2177083801",
        "CONDUIT_LE": 30.0,
        "SHAPE_1": "OREC",
        "CONDUIT_WI": 15000.0,
        "CONDUIT_HE": 2496.0,
        "US_INVERT": 25.911,
        "DS_INVERT": 25.892,
        "USER_TEXT2": "Existing",
        "SHAPE.LEN": 30.0285305882589
      },
      "geometry": {
        "type": "LineString",
        "coordinates": [
          [
            277345.46690000035,
            2108893.0207
          ],
          [
            277320.34839999955,
            2108876.5655000005
          ]
        ]
      }
    },
    {
      "type": "Feature",
      "properties": {
        "OBJECTID": 28164,
        "US_NODE_ID": "2177093203",
        "DS_NODE_ID": "2177093205",
        "CONDUIT_LE": 32.0,
        "SHAPE_1": "OREC",
        "CONDUIT_WI": 5650.0,
        "CONDUIT_HE": 2134.0,
        "US_INVERT": 26.264,
        "DS_INVERT": 26.234,
        "USER_TEXT2": "Existing",
        "SHAPE.LEN": 32.0461914024116
      },
      "geometry": {
        "type": "LineString",
        "coordinates": [
          [
            277376.0471000001,
            2109237.962099999
          ],
          [
            277388.1359000001,
            2109208.283500001
          ]
        ]
      }
    },
    {
      "type": "Feature",
      "properties": {
        "OBJECTID": 28168,
        "US_NODE_ID": "2177093301",
        "DS_NODE_ID": "2177093302",
        "CONDUIT_LE": 31.6,
        "SHAPE_1": "OREC",
        "CONDUIT_WI": 5650.0,
        "CONDUIT_HE": 1517.0,
        "US_INVERT": 26.411,
        "DS_INVERT": 26.381,
        "USER_TEXT2": "Existing",
        "SHAPE.LEN": 31.550516149977597
      },
      "geometry": {
        "type": "LineString",
        "coordinates": [
          [
            277318.09059999976,
            2109384.840399999
          ],
          [
            277329.7284000004,
            2109355.5146999992
          ]
        ]
      }
    },
    {
      "type": "Feature",
      "properties": {
        "OBJECTID": 28177,
        "US_NODE_ID": "2177093403",
        "DS_NODE_ID": "2177093303",
        "CONDUIT_LE": 31.3,
        "SHAPE_1": "OREC",
        "CONDUIT_WI": 10260.0,
        "CONDUIT_HE": 1669.0,
        "US_INVERT": 26.88,
        "DS_INVERT": 26.86,
        "USER_TEXT2": "Existing",
        "SHAPE.LEN": 31.2805580167618
      },
      "geometry": {
        "type": "LineString",
        "coordinates": [
          [
            277320.0544999996,
            2109420.0348000005
          ],
          [
            277332.36149999965,
            2109391.2770000007
          ]
        ]
      }
    },
    {
      "type": "Feature",
      "properties": {
        "OBJECTID": 28170,
        "US_NODE_ID": "2177093303",
        "DS_NODE_ID": "2177093305",
        "CONDUIT_LE": 32.2,
        "SHAPE_1": "OREC",
        "CONDUIT_WI": 10130.0,
        "CONDUIT_HE": 1609.0,
        "US_INVERT": 26.86,
        "DS_INVERT": 26.84,
        "USER_TEXT2": "Existing",
        "SHAPE.LEN": 32.222447877372694
      },
      "geometry": {
        "type": "LineString",
        "coordinates": [
          [
            277332.36149999965,
            2109391.2770000007
          ],
          [
            277344.93039999995,
            2109361.607000001
          ]
        ]
      }
    },
    {
      "type": "Feature",
      "properties": {
        "OBJECTID": 28564,
        "US_NODE_ID": "2177113703",
        "DS_NODE_ID": "2177113701",
        "CONDUIT_LE": 65.2,
        "SHAPE_1": "CIRC",
        "CONDUIT_WI": 900.0,
        "CONDUIT_HE": 900.0,
        "US_INVERT": 31.168,
        "DS_INVERT": 31.097,
        "USER_TEXT2": "Existing",
        "SHAPE.LEN": 65.1989263715285
      },
      "geometry": {
        "type": "LineString",
        "coordinates": [
          [
            277365.0999999996,
            2111772.8000000007
          ],
          [
            277351.2000000002,
            2111709.0999999996
          ]
        ]
      }
    },
    {
      "type": "Feature",
      "properties": {
        "OBJECTID": 28186,
        "US_NODE_ID": "2177094005",
        "DS_NODE_ID": "2177094007",
        "CONDUIT_LE": 34.3,
        "SHAPE_1": "OREC",
        "CONDUIT_WI": 9500.0,
        "CONDUIT_HE": 1707.0,
        "US_INVERT": 26.292,
        "DS_INVERT": 26.163,
        "USER_TEXT2": "Existing",
        "SHAPE.LEN": 34.2541542922899
      },
      "geometry": {
        "type": "LineString",
        "coordinates": [
          [
            277465.1786000002,
            2109069.1927000005
          ],
          [
            277478.64940000046,
            2109037.6985
          ]
        ]
      }
    },
    {
      "type": "Feature",
      "properties": {
        "OBJECTID": 28188,
        "US_NODE_ID": "2177094007",
        "DS_NODE_ID": "2177094008",
        "CONDUIT_LE": 37.0,
        "SHAPE_1": "OREC",
        "CONDUIT_WI": 10120.0,
        "CONDUIT_HE": 1966.0,
        "US_INVERT": 26.163,
        "DS_INVERT": 26.024,
        "USER_TEXT2": "Existing",
        "SHAPE.LEN": 37.0173366909344
      },
      "geometry": {
        "type": "LineString",
        "coordinates": [
          [
            277478.64940000046,
            2109037.6985
          ],
          [
            277488.25739999954,
            2109001.9497999996
          ]
        ]
      }
    },
    {
      "type": "Feature",
      "properties": {
        "OBJECTID": 28184,
        "US_NODE_ID": "2177094003",
        "DS_NODE_ID": "2177094005",
        "CONDUIT_LE": 32.0,
        "SHAPE_1": "OREC",
        "CONDUIT_WI": 9500.0,
        "CONDUIT_HE": 1886.0,
        "US_INVERT": 26.413,
        "DS_INVERT": 26.292,
        "USER_TEXT2": "Existing",
        "SHAPE.LEN": 32.0164948370367
      },
      "geometry": {
        "type": "LineString",
        "coordinates": [
          [
            277452.6096999999,
            2109098.6389000006
          ],
          [
            277465.1786000002,
            2109069.1927000005
          ]
        ]
      }
    },
    {
      "type": "Feature",
      "properties": {
        "OBJECTID": 28377,
        "US_NODE_ID": "2177105003",
        "DS_NODE_ID": "2177105002",
        "CONDUIT_LE": 8.3,
        "SHAPE_1": "OREC",
        "CONDUIT_WI": 8000.0,
        "CONDUIT_HE": 1631.0,
        "US_INVERT": 27.089,
        "DS_INVERT": 27.087,
        "USER_TEXT2": "Existing",
        "SHAPE.LEN": 8.3348309173012
      },
      "geometry": {
        "type": "LineString",
        "coordinates": [
          [
            277515.3800999997,
            2110007.2071
          ],
          [
            277509.5,
            2110001.3000000007
          ]
        ]
      }
    },
    {
      "type": "Feature",
      "properties": {
        "OBJECTID": 28351,
        "US_NODE_ID": "2177104002",
        "DS_NODE_ID": "2177104003",
        "CONDUIT_LE": 12.6,
        "SHAPE_1": "OREC",
        "CONDUIT_WI": 5000.0,
        "CONDUIT_HE": 2079.0,
        "US_INVERT": 27.169,
        "DS_INVERT": 27.146,
        "USER_TEXT2": "Existing",
        "SHAPE.LEN": 12.6148750548707
      },
      "geometry": {
        "type": "LineString",
        "coordinates": [
          [
            277429.73390000034,
            2110059.0007000007
          ],
          [
            277437.99959999975,
            2110049.4711000007
          ]
        ]
      }
    },
    {
      "type": "Feature",
      "properties": {
        "OBJECTID": 28412,
        "US_NODE_ID": "2177105202!",
        "DS_NODE_ID": "2177105203!",
        "CONDUIT_LE": 30.1,
        "SHAPE_1": "OREC",
        "CONDUIT_WI": 13000.0,
        "CONDUIT_HE": 2228.0,
        "US_INVERT": 26.37,
        "DS_INVERT": 26.349,
        "USER_TEXT2": "Existing",
        "SHAPE.LEN": 30.0665927567458
      },
      "geometry": {
        "type": "LineString",
        "coordinates": [
          [
            277536.9000000004,
            2110241.4000000004
          ],
          [
            277538.9000000004,
            2110211.4000000004
          ]
        ]
      }
    },
    {
      "type": "Feature",
      "properties": {
        "OBJECTID": 28371,
        "US_NODE_ID": "2177104301!",
        "DS_NODE_ID": "2177104302!",
        "CONDUIT_LE": 42.9,
        "SHAPE_1": "OREC",
        "CONDUIT_WI": 4500.0,
        "CONDUIT_HE": 2177.0,
        "US_INVERT": 26.822,
        "DS_INVERT": 26.779,
        "USER_TEXT2": "Existing",
        "SHAPE.LEN": 42.861414503023596
      },
      "geometry": {
        "type": "LineString",
        "coordinates": [
          [
            277445.30709999986,
            2110367.812000001
          ],
          [
            277487.3909,
            2110359.6845999993
          ]
        ]
      }
    },
    {
      "type": "Feature",
      "properties": {
        "OBJECTID": 28370,
        "US_NODE_ID": "2177104205",
        "DS_NODE_ID": "2177104204",
        "CONDUIT_LE": 15.1,
        "SHAPE_1": "OREC",
        "CONDUIT_WI": 2624.0,
        "CONDUIT_HE": 2253.0,
        "US_INVERT": 27.216,
        "DS_INVERT": 27.212,
        "USER_TEXT2": "Existing",
        "SHAPE.LEN": 15.0740435441191
      },
      "geometry": {
        "type": "LineString",
        "coordinates": [
          [
            277491.3757999996,
            2110277.795
          ],
          [
            277478.8147,
            2110269.4616
          ]
        ]
      }
    },
    {
      "type": "Feature",
      "properties": {
        "OBJECTID": 28443,
        "US_NODE_ID": "2177105314",
        "DS_NODE_ID": "2177105204",
        "CONDUIT_LE": 30.0,
        "SHAPE_1": "OREC",
        "CONDUIT_WI": 13000.0,
        "CONDUIT_HE": 2394.0,
        "US_INVERT": 26.413,
        "DS_INVERT": 26.392,
        "USER_TEXT2": "Existing",
        "SHAPE.LEN": 29.957985719503895
      },
      "geometry": {
        "type": "LineString",
        "coordinates": [
          [
            277531.7873999998,
            2110301.2030999996
          ],
          [
            277533.5999999996,
            2110271.3000000007
          ]
        ]
      }
    },
    {
      "type": "Feature",
      "properties": {
        "OBJECTID": 28438,
        "US_NODE_ID": "2177105312!",
        "DS_NODE_ID": "2177105315!",
        "CONDUIT_LE": 11.4,
        "SHAPE_1": "OREC",
        "CONDUIT_WI": 1465.0,
        "CONDUIT_HE": 3054.0,
        "US_INVERT": 26.745,
        "DS_INVERT": 26.447,
        "USER_TEXT2": "Existing",
        "SHAPE.LEN": 11.4277210720248
      },
      "geometry": {
        "type": "LineString",
        "coordinates": [
          [
            277529.8322999999,
            2110352.8081
          ],
          [
            277538.7000000002,
            2110345.5999999996
          ]
        ]
      }
    },
    {
      "type": "Feature",
      "properties": {
        "OBJECTID": 28122,
        "US_NODE_ID": "2177087501",
        "DS_NODE_ID": "2177086401",
        "CONDUIT_LE": 196.0,
        "SHAPE_1": "OREC",
        "CONDUIT_WI": 4000.0,
        "CONDUIT_HE": 3578.0,
        "US_INVERT": 26.021,
        "DS_INVERT": 25.893,
        "USER_TEXT2": "Existing",
        "SHAPE.LEN": 196.024717829155
      },
      "geometry": {
        "type": "LineString",
        "coordinates": [
          [
            277785.0999999996,
            2108554.3000000007
          ],
          [
            277629.0999999996,
            2108435.5999999996
          ]
        ]
      }
    },
    {
      "type": "Feature",
      "properties": {
        "OBJECTID": 28207,
        "US_NODE_ID": "2177095004",
        "DS_NODE_ID": "2177095003",
        "CONDUIT_LE": 3.3,
        "SHAPE_1": "RECT",
        "CONDUIT_WI": 13000.0,
        "CONDUIT_HE": 2275.0,
        "US_INVERT": 26.031,
        "DS_INVERT": 26.031,
        "USER_TEXT2": "Existing",
        "SHAPE.LEN": 3.2649579017194097
      },
      "geometry": {
        "type": "LineString",
        "coordinates": [
          [
            277551.10199999996,
            2109038.966
          ],
          [
            277548.1917000003,
            2109037.4860999994
          ]
        ]
      }
    },
    {
      "type": "Feature",
      "properties": {
        "OBJECTID": 28208,
        "US_NODE_ID": "2177095005",
        "DS_NODE_ID": "2177095006",
        "CONDUIT_LE": 10.4,
        "SHAPE_1": "OREC",
        "CONDUIT_WI": 13000.0,
        "CONDUIT_HE": 2473.0,
        "US_INVERT": 26.033,
        "DS_INVERT": 26.032,
        "USER_TEXT2": "Existing",
        "SHAPE.LEN": 10.4450997553877
      },
      "geometry": {
        "type": "LineString",
        "coordinates": [
          [
            277558.9068999998,
            2109054.2377000004
          ],
          [
            277559.2999999998,
            2109043.8000000007
          ]
        ]
      }
    },
    {
      "type": "Feature",
      "properties": {
        "OBJECTID": 28216,
        "US_NODE_ID": "2177096101",
        "DS_NODE_ID": "2177095101",
        "CONDUIT_LE": 29.9,
        "SHAPE_1": "OREC",
        "CONDUIT_WI": 10132.0,
        "CONDUIT_HE": 2295.0,
        "US_INVERT": 26.041,
        "DS_INVERT": 26.038,
        "USER_TEXT2": "Existing",
        "SHAPE.LEN": 29.9370561172938
      },
      "geometry": {
        "type": "LineString",
        "coordinates": [
          [
            277608.87480000034,
            2109124.6227
          ],
          [
            277589.92289999966,
            2109101.4483000003
          ]
        ]
      }
    },
    {
      "type": "Feature",
      "properties": {
        "OBJECTID": 28217,
        "US_NODE_ID": "2177096102",
        "DS_NODE_ID": "2177096101",
        "CONDUIT_LE": 30.0,
        "SHAPE_1": "OREC",
        "CONDUIT_WI": 10127.0,
        "CONDUIT_HE": 2182.0,
        "US_INVERT": 26.044,
        "DS_INVERT": 26.041,
        "USER_TEXT2": "Existing",
        "SHAPE.LEN": 30.028280511044898
      },
      "geometry": {
        "type": "LineString",
        "coordinates": [
          [
            277627.7054000003,
            2109148.0130000003
          ],
          [
            277608.87480000034,
            2109124.6227
          ]
        ]
      }
    },
    {
      "type": "Feature",
      "properties": {
        "OBJECTID": 28392,
        "US_NODE_ID": "2177105011",
        "DS_NODE_ID": "2177105012",
        "CONDUIT_LE": 5.1,
        "SHAPE_1": "RECT",
        "CONDUIT_WI": 4000.0,
        "CONDUIT_HE": 1925.0,
        "US_INVERT": 26.425,
        "DS_INVERT": 26.422,
        "USER_TEXT2": "Existing",
        "SHAPE.LEN": 5.14003891035856
      },
      "geometry": {
        "type": "LineString",
        "coordinates": [
          [
            277579,
            2110009.5999999996
          ],
          [
            277582.0999999996,
            2110005.5
          ]
        ]
      }
    },
    {
      "type": "Feature",
      "properties": {
        "OBJECTID": 28235,
        "US_NODE_ID": "2177096902",
        "DS_NODE_ID": "2177096903",
        "CONDUIT_LE": 20.7,
        "SHAPE_1": "RECT",
        "CONDUIT_WI": 10000.0,
        "CONDUIT_HE": 2854.0,
        "US_INVERT": 26.153,
        "DS_INVERT": 26.138,
        "USER_TEXT2": "Existing",
        "SHAPE.LEN": 20.6687418700317
      },
      "geometry": {
        "type": "LineString",
        "coordinates": [
          [
            277620.0385999996,
            2109957.2082
          ],
          [
            277631.6326000001,
            2109940.0975
          ]
        ]
      }
    },
    {
      "type": "Feature",
      "properties": {
        "OBJECTID": 28242,
        "US_NODE_ID": "2177096906!",
        "DS_NODE_ID": "2177096907!",
        "CONDUIT_LE": 3.4,
        "SHAPE_1": "RECT",
        "CONDUIT_WI": 10000.0,
        "CONDUIT_HE": 2873.0,
        "US_INVERT": 26.134,
        "DS_INVERT": 26.133,
        "USER_TEXT2": "Existing",
        "SHAPE.LEN": 3.4015172158905798
      },
      "geometry": {
        "type": "LineString",
        "coordinates": [
          [
            277659.12289999984,
            2109904.699100001
          ],
          [
            277660.85479999986,
            2109901.7715000007
          ]
        ]
      }
    },
    {
      "type": "Feature",
      "properties": {
        "OBJECTID": 28408,
        "US_NODE_ID": "2177105102",
        "DS_NODE_ID": "2177105103",
        "CONDUIT_LE": 30.1,
        "SHAPE_1": "OREC",
        "CONDUIT_WI": 13000.0,
        "CONDUIT_HE": 2291.0,
        "US_INVERT": 26.307,
        "DS_INVERT": 26.285,
        "USER_TEXT2": "Existing",
        "SHAPE.LEN": 30.146457254709098
      },
      "geometry": {
        "type": "LineString",
        "coordinates": [
          [
            277544.5,
            2110151.8000000007
          ],
          [
            277547.2865000004,
            2110121.7826000005
          ]
        ]
      }
    },
    {
      "type": "Feature",
      "properties": {
        "OBJECTID": 28396,
        "US_NODE_ID": "2177105013",
        "DS_NODE_ID": "2177105014",
        "CONDUIT_LE": 30.0,
        "SHAPE_1": "OREC",
        "CONDUIT_WI": 13000.0,
        "CONDUIT_HE": 2343.0,
        "US_INVERT": 26.264,
        "DS_INVERT": 26.243,
        "USER_TEXT2": "Existing",
        "SHAPE.LEN": 29.9808272067333
      },
      "geometry": {
        "type": "LineString",
        "coordinates": [
          [
            277549.7000000002,
            2110092
          ],
          [
            277551.9000000004,
            2110062.0999999996
          ]
        ]
      }
    },
    {
      "type": "Feature",
      "properties": {
        "OBJECTID": 28402,
        "US_NODE_ID": "2177105015",
        "DS_NODE_ID": "2177105016",
        "CONDUIT_LE": 9.0,
        "SHAPE_1": "OREC",
        "CONDUIT_WI": 15000.0,
        "CONDUIT_HE": 2268.0,
        "US_INVERT": 26.23,
        "DS_INVERT": 25.239,
        "USER_TEXT2": "Existing",
        "SHAPE.LEN": 9.04765162901402
      },
      "geometry": {
        "type": "LineString",
        "coordinates": [
          [
            277555.7000000002,
            2110044.5
          ],
          [
            277564.2000000002,
            2110047.5999999996
          ]
        ]
      }
    },
    {
      "type": "Feature",
      "properties": {
        "OBJECTID": 28450,
        "US_NODE_ID": "2177105318!",
        "DS_NODE_ID": "2177105317!",
        "CONDUIT_LE": 29.9,
        "SHAPE_1": "OREC",
        "CONDUIT_WI": 13000.0,
        "CONDUIT_HE": 2301.0,
        "US_INVERT": 26.497,
        "DS_INVERT": 26.476,
        "USER_TEXT2": "Existing",
        "SHAPE.LEN": 29.8824512516962
      },
      "geometry": {
        "type": "LineString",
        "coordinates": [
          [
            277594.0999999996,
            2110389
          ],
          [
            277569.92200000025,
            2110371.439099999
          ]
        ]
      }
    },
    {
      "type": "Feature",
      "properties": {
        "OBJECTID": 28470,
        "US_NODE_ID": "2177105408!",
        "DS_NODE_ID": "2177105406!",
        "CONDUIT_LE": 16.9,
        "SHAPE_1": "OREC",
        "CONDUIT_WI": 1624.0,
        "CONDUIT_HE": 2693.0,
        "US_INVERT": 26.906,
        "DS_INVERT": 26.889,
        "USER_TEXT2": "Existing",
        "SHAPE.LEN": 16.855744602360296
      },
      "geometry": {
        "type": "LineString",
        "coordinates": [
          [
            277582.78890000004,
            2110484.4563999996
          ],
          [
            277570.9809999997,
            2110472.4277
          ]
        ]
      }
    },
    {
      "type": "Feature",
      "properties": {
        "OBJECTID": 28481,
        "US_NODE_ID": "2177106403",
        "DS_NODE_ID": "2177106402",
        "CONDUIT_LE": 29.9,
        "SHAPE_1": "OREC",
        "CONDUIT_WI": 13000.0,
        "CONDUIT_HE": 2238.0,
        "US_INVERT": 26.559,
        "DS_INVERT": 26.538,
        "USER_TEXT2": "Existing",
        "SHAPE.LEN": 29.8877182886215
      },
      "geometry": {
        "type": "LineString",
        "coordinates": [
          [
            277660.62310000043,
            2110444.7783000004
          ],
          [
            277637.7000000002,
            2110425.5999999996
          ]
        ]
      }
    },
    {
      "type": "Feature",
      "properties": {
        "OBJECTID": 28576,
        "US_NODE_ID": "2177116201",
        "DS_NODE_ID": "2177116202",
        "CONDUIT_LE": 76.0,
        "SHAPE_1": "OREC",
        "CONDUIT_WI": 4800.0,
        "CONDUIT_HE": 2408.0,
        "US_INVERT": 27.992,
        "DS_INVERT": 27.916,
        "USER_TEXT2": "Existing",
        "SHAPE.LEN": 76.0445679746423
      },
      "geometry": {
        "type": "LineString",
        "coordinates": [
          [
            277623.9157999996,
            2111240.6896
          ],
          [
            277689.5996000003,
            2111202.3696999997
          ]
        ]
      }
    },
    {
      "type": "Feature",
      "properties": {
        "OBJECTID": 28585,
        "US_NODE_ID": "2177116702",
        "DS_NODE_ID": "2177116504",
        "CONDUIT_LE": 116.7,
        "SHAPE_1": "RECT",
        "CONDUIT_WI": 1800.0,
        "CONDUIT_HE": 1500.0,
        "US_INVERT": 32.567,
        "DS_INVERT": 32.217,
        "USER_TEXT2": "Proposal",
        "SHAPE.LEN": 116.711029374134
      },
      "geometry": {
        "type": "LineString",
        "coordinates": [
          [
            277676.3395999996,
            2111711.906300001
          ],
          [
            277649.4749999996,
            2111598.3291999996
          ]
        ]
      }
    },
    {
      "type": "Feature",
      "properties": {
        "OBJECTID": 28247,
        "US_NODE_ID": "2177097301",
        "DS_NODE_ID": "2177097201",
        "CONDUIT_LE": 29.8,
        "SHAPE_1": "OREC",
        "CONDUIT_WI": 10389.0,
        "CONDUIT_HE": 2245.0,
        "US_INVERT": 26.061,
        "DS_INVERT": 26.058,
        "USER_TEXT2": "Existing",
        "SHAPE.LEN": 29.8345349816283
      },
      "geometry": {
        "type": "LineString",
        "coordinates": [
          [
            277718.33939999994,
            2109302.5161000006
          ],
          [
            277704.4840000002,
            2109276.0940000005
          ]
        ]
      }
    },
    {
      "type": "Feature",
      "properties": {
        "OBJECTID": 28248,
        "US_NODE_ID": "2177097302",
        "DS_NODE_ID": "2177097301",
        "CONDUIT_LE": 30.1,
        "SHAPE_1": "OREC",
        "CONDUIT_WI": 13965.0,
        "CONDUIT_HE": 2161.0,
        "US_INVERT": 26.064,
        "DS_INVERT": 26.061,
        "USER_TEXT2": "Existing",
        "SHAPE.LEN": 30.0947553876087
      },
      "geometry": {
        "type": "LineString",
        "coordinates": [
          [
            277732.7463999996,
            2109328.9383000005
          ],
          [
            277718.33939999994,
            2109302.5161000006
          ]
        ]
      }
    },
    {
      "type": "Feature",
      "properties": {
        "OBJECTID": 28251,
        "US_NODE_ID": "2177097401",
        "DS_NODE_ID": "2177097304",
        "CONDUIT_LE": 29.9,
        "SHAPE_1": "OREC",
        "CONDUIT_WI": 10020.0,
        "CONDUIT_HE": 2341.0,
        "US_INVERT": 26.073,
        "DS_INVERT": 26.07,
        "USER_TEXT2": "Existing",
        "SHAPE.LEN": 29.9465095029454
      },
      "geometry": {
        "type": "LineString",
        "coordinates": [
          [
            277775.9453999996,
            2109407.750499999
          ],
          [
            277761,
            2109381.8000000007
          ]
        ]
      }
    },
    {
      "type": "Feature",
      "properties": {
        "OBJECTID": 28260,
        "US_NODE_ID": "2177097701",
        "DS_NODE_ID": "2177097703",
        "CONDUIT_LE": 39.3,
        "SHAPE_1": "OREC",
        "CONDUIT_WI": 13000.0,
        "CONDUIT_HE": 3095.0,
        "US_INVERT": 26.111,
        "DS_INVERT": 26.107,
        "USER_TEXT2": "Existing",
        "SHAPE.LEN": 39.286869921769
      },
      "geometry": {
        "type": "LineString",
        "coordinates": [
          [
            277707.82650000043,
            2109751.0601000004
          ],
          [
            277724.3957000002,
            2109715.4382000007
          ]
        ]
      }
    },
    {
      "type": "Feature",
      "properties": {
        "OBJECTID": 28224,
        "US_NODE_ID": "2177096802!",
        "DS_NODE_ID": "2177096803!",
        "CONDUIT_LE": 4.6,
        "SHAPE_1": "RECT",
        "CONDUIT_WI": 10000.0,
        "CONDUIT_HE": 2874.0,
        "US_INVERT": 26.133,
        "DS_INVERT": 26.132,
        "USER_TEXT2": "Existing",
        "SHAPE.LEN": 4.61850606257045
      },
      "geometry": {
        "type": "LineString",
        "coordinates": [
          [
            277665.4107999997,
            2109896.251700001
          ],
          [
            277668.3340999996,
            2109892.6761000007
          ]
        ]
      }
    },
    {
      "type": "Feature",
      "properties": {
        "OBJECTID": 28226,
        "US_NODE_ID": "2177096803!",
        "DS_NODE_ID": "2177096804!",
        "CONDUIT_LE": 29.9,
        "SHAPE_1": "OREC",
        "CONDUIT_WI": 10000.0,
        "CONDUIT_HE": 2875.0,
        "US_INVERT": 26.132,
        "DS_INVERT": 26.129,
        "USER_TEXT2": "Existing",
        "SHAPE.LEN": 29.854406427192597
      },
      "geometry": {
        "type": "LineString",
        "coordinates": [
          [
            277668.3340999996,
            2109892.6761000007
          ],
          [
            277689.54750000034,
            2109871.669500001
          ]
        ]
      }
    },
    {
      "type": "Feature",
      "properties": {
        "OBJECTID": 28272,
        "US_NODE_ID": "2177097901",
        "DS_NODE_ID": "2177098901",
        "CONDUIT_LE": 59.2,
        "SHAPE_1": "OREC",
        "CONDUIT_WI": 15000.0,
        "CONDUIT_HE": 2439.0,
        "US_INVERT": 26.059,
        "DS_INVERT": 26.056,
        "USER_TEXT2": "Proposal",
        "SHAPE.LEN": 59.242299077601594
      },
      "geometry": {
        "type": "LineString",
        "coordinates": [
          [
            277774.7999999998,
            2109915.5
          ],
          [
            277824.2000000002,
            2109948.1999999993
          ]
        ]
      }
    },
    {
      "type": "Feature",
      "properties": {
        "OBJECTID": 28490,
        "US_NODE_ID": "2177107503!",
        "DS_NODE_ID": "2177107502!",
        "CONDUIT_LE": 30.1,
        "SHAPE_1": "OREC",
        "CONDUIT_WI": 13000.0,
        "CONDUIT_HE": 2041.0,
        "US_INVERT": 26.666,
        "DS_INVERT": 26.644,
        "USER_TEXT2": "Existing",
        "SHAPE.LEN": 30.100784817841497
      },
      "geometry": {
        "type": "LineString",
        "coordinates": [
          [
            277777.5449999999,
            2110539.077299999
          ],
          [
            277754.6989000002,
            2110519.4784999993
          ]
        ]
      }
    },
    {
      "type": "Feature",
      "properties": {
        "OBJECTID": 28274,
        "US_NODE_ID": "2177098402",
        "DS_NODE_ID": "2177098401",
        "CONDUIT_LE": 14.4,
        "SHAPE_1": "OREC",
        "CONDUIT_WI": 7384.0,
        "CONDUIT_HE": 1916.0,
        "US_INVERT": 26.08,
        "DS_INVERT": 26.078,
        "USER_TEXT2": "Existing",
        "SHAPE.LEN": 14.4013503727949
      },
      "geometry": {
        "type": "LineString",
        "coordinates": [
          [
            277810.1730000004,
            2109474.0132
          ],
          [
            277805.5719999997,
            2109460.3665999994
          ]
        ]
      }
    },
    {
      "type": "Feature",
      "properties": {
        "OBJECTID": 28282,
        "US_NODE_ID": "2177098503",
        "DS_NODE_ID": "2177098502",
        "CONDUIT_LE": 30.1,
        "SHAPE_1": "OREC",
        "CONDUIT_WI": 10284.0,
        "CONDUIT_HE": 2519.0,
        "US_INVERT": 26.087,
        "DS_INVERT": 26.084,
        "USER_TEXT2": "Existing",
        "SHAPE.LEN": 30.0605524596605
      },
      "geometry": {
        "type": "LineString",
        "coordinates": [
          [
            277825.4000000004,
            2109548.0999999996
          ],
          [
            277819.4643000001,
            2109518.6313000005
          ]
        ]
      }
    },
    {
      "type": "Feature",
      "properties": {
        "OBJECTID": 28298,
        "US_NODE_ID": "2177099401",
        "DS_NODE_ID": "2177098407",
        "CONDUIT_LE": 30.1,
        "SHAPE_1": "OREC",
        "CONDUIT_WI": 12000.0,
        "CONDUIT_HE": 1513.0,
        "US_INVERT": 26.326,
        "DS_INVERT": 26.318,
        "USER_TEXT2": "Existing",
        "SHAPE.LEN": 30.093471760167496
      },
      "geometry": {
        "type": "LineString",
        "coordinates": [
          [
            277900.9000000004,
            2109448.3000000007
          ],
          [
            277871.9363000002,
            2109456.4683
          ]
        ]
      }
    },
    {
      "type": "Feature",
      "properties": {
        "OBJECTID": 28284,
        "US_NODE_ID": "2177098505",
        "DS_NODE_ID": "2177098503",
        "CONDUIT_LE": 7.8,
        "SHAPE_1": "OREC",
        "CONDUIT_WI": 10142.0,
        "CONDUIT_HE": 2341.0,
        "US_INVERT": 26.088,
        "DS_INVERT": 26.087,
        "USER_TEXT2": "Existing",
        "SHAPE.LEN": 7.758384322782679
      },
      "geometry": {
        "type": "LineString",
        "coordinates": [
          [
            277826.86870000046,
            2109555.7181
          ],
          [
            277825.4000000004,
            2109548.0999999996
          ]
        ]
      }
    },
    {
      "type": "Feature",
      "properties": {
        "OBJECTID": 28288,
        "US_NODE_ID": "2177098509",
        "DS_NODE_ID": "2177098508",
        "CONDUIT_LE": 10.7,
        "SHAPE_1": "RECT",
        "CONDUIT_WI": 7000.0,
        "CONDUIT_HE": 1215.0,
        "US_INVERT": 26.982,
        "DS_INVERT": 26.975,
        "USER_TEXT2": "Existing",
        "SHAPE.LEN": 10.7218
      },
      "geometry": {
        "type": "LineString",
        "coordinates": [
          [
            277855.3814000003,
            2109599.087099999
          ],
          [
            277855.3814000003,
            2109588.3652999997
          ]
        ]
      }
    },
    {
      "type": "Feature",
      "properties": {
        "OBJECTID": 28495,
        "US_NODE_ID": "2177108502",
        "DS_NODE_ID": "2177108501",
        "CONDUIT_LE": 29.8,
        "SHAPE_1": "OREC",
        "CONDUIT_WI": 13000.0,
        "CONDUIT_HE": 2090.0,
        "US_INVERT": 26.708,
        "DS_INVERT": 26.687,
        "USER_TEXT2": "Existing",
        "SHAPE.LEN": 29.828158196744198
      },
      "geometry": {
        "type": "LineString",
        "coordinates": [
          [
            277822.9171000002,
            2110577.9470000006
          ],
          [
            277800.2999999998,
            2110558.5
          ]
        ]
      }
    },
    {
      "type": "Feature",
      "properties": {
        "OBJECTID": 28500,
        "US_NODE_ID": "2177108602!",
        "DS_NODE_ID": "2177108601!",
        "CONDUIT_LE": 30.0,
        "SHAPE_1": "OREC",
        "CONDUIT_WI": 13000.0,
        "CONDUIT_HE": 2178.0,
        "US_INVERT": 26.74,
        "DS_INVERT": 26.735,
        "USER_TEXT2": "Existing",
        "SHAPE.LEN": 29.970151818100597
      },
      "geometry": {
        "type": "LineString",
        "coordinates": [
          [
            277893.5,
            2110634
          ],
          [
            277870,
            2110615.4000000004
          ]
        ]
      }
    },
    {
      "type": "Feature",
      "properties": {
        "OBJECTID": 28508,
        "US_NODE_ID": "2177109701!",
        "DS_NODE_ID": "2177109603!",
        "CONDUIT_LE": 30.0,
        "SHAPE_1": "OREC",
        "CONDUIT_WI": 13000.0,
        "CONDUIT_HE": 1961.0,
        "US_INVERT": 26.857,
        "DS_INVERT": 26.836,
        "USER_TEXT2": "Existing",
        "SHAPE.LEN": 30.0208801822998
      },
      "geometry": {
        "type": "LineString",
        "coordinates": [
          [
            277988.10140000004,
            2110707.7635999992
          ],
          [
            277963.9000000004,
            2110690
          ]
        ]
      }
    },
    {
      "type": "Feature",
      "properties": {
        "OBJECTID": 28521,
        "US_NODE_ID": "2177109902",
        "DS_NODE_ID": "2177109801",
        "CONDUIT_LE": 47.6,
        "SHAPE_1": "OREC",
        "CONDUIT_WI": 4800.0,
        "CONDUIT_HE": 2496.0,
        "US_INVERT": 27.504,
        "DS_INVERT": 27.456,
        "USER_TEXT2": "Existing",
        "SHAPE.LEN": 47.578261759126896
      },
      "geometry": {
        "type": "LineString",
        "coordinates": [
          [
            277949.30900000036,
            2110940.2764
          ],
          [
            277959.15610000025,
            2110893.7282999996
          ]
        ]
      }
    },
    {
      "type": "Feature",
      "properties": {
        "OBJECTID": 28598,
        "US_NODE_ID": "2177119001!",
        "DS_NODE_ID": "2177119002!",
        "CONDUIT_LE": 27.5,
        "SHAPE_1": "OREC",
        "CONDUIT_WI": 4800.0,
        "CONDUIT_HE": 2164.0,
        "US_INVERT": 27.635,
        "DS_INVERT": 27.607,
        "USER_TEXT2": "Existing",
        "SHAPE.LEN": 27.543123393144796
      },
      "geometry": {
        "type": "LineString",
        "coordinates": [
          [
            277930.9901999999,
            2111057.9563999996
          ],
          [
            277953.65490000043,
            2111042.306
          ]
        ]
      }
    },
    {
      "type": "Feature",
      "properties": {
        "OBJECTID": 29391,
        "US_NODE_ID": "2178110903",
        "DS_NODE_ID": "2178110901",
        "CONDUIT_LE": 46.0,
        "SHAPE_1": "OREC",
        "CONDUIT_WI": 1500.0,
        "CONDUIT_HE": 1500.0,
        "US_INVERT": 43.902,
        "DS_INVERT": 43.703,
        "USER_TEXT2": "Existing",
        "SHAPE.LEN": 46.0492205750542
      },
      "geometry": {
        "type": "LineString",
        "coordinates": [
          [
            278026.7906999998,
            2111945.1613999996
          ],
          [
            278002.3108000001,
            2111906.158
          ]
        ]
      }
    },
    {
      "type": "Feature",
      "properties": {
        "OBJECTID": 28625,
        "US_NODE_ID": "2177129101",
        "DS_NODE_ID": "2177129001",
        "CONDUIT_LE": 86.0,
        "SHAPE_1": "OREC",
        "CONDUIT_WI": 1500.0,
        "CONDUIT_HE": 1500.0,
        "US_INVERT": 44.66,
        "DS_INVERT": 44.288,
        "USER_TEXT2": "Existing",
        "SHAPE.LEN": 86.00338611589659
      },
      "geometry": {
        "type": "LineString",
        "coordinates": [
          [
            277959.47559999954,
            2112105.4362000003
          ],
          [
            277989.2867999999,
            2112024.764799999
          ]
        ]
      }
    },
    {
      "type": "Feature",
      "properties": {
        "OBJECTID": 29104,
        "US_NODE_ID": "2178090301",
        "DS_NODE_ID": "2178090402",
        "CONDUIT_LE": 29.1,
        "SHAPE_1": "OREC",
        "CONDUIT_WI": 3500.0,
        "CONDUIT_HE": 1727.0,
        "US_INVERT": 26.371,
        "DS_INVERT": 26.364,
        "USER_TEXT2": "Existing",
        "SHAPE.LEN": 29.0571085431775
      },
      "geometry": {
        "type": "LineString",
        "coordinates": [
          [
            278071,
            2109393.5999999996
          ],
          [
            278043.78199999966,
            2109403.7732999995
          ]
        ]
      }
    },
    {
      "type": "Feature",
      "properties": {
        "OBJECTID": 29113,
        "US_NODE_ID": "2178091303",
        "DS_NODE_ID": "2178091302",
        "CONDUIT_LE": 30.4,
        "SHAPE_1": "OREC",
        "CONDUIT_WI": 3567.0,
        "CONDUIT_HE": 1625.0,
        "US_INVERT": 26.394,
        "DS_INVERT": 26.386,
        "USER_TEXT2": "Existing",
        "SHAPE.LEN": 30.449652630695102
      },
      "geometry": {
        "type": "LineString",
        "coordinates": [
          [
            278158.75129999965,
            2109372.4836999997
          ],
          [
            278129.3075000001,
            2109380.2454000004
          ]
        ]
      }
    },
    {
      "type": "Feature",
      "properties": {
        "OBJECTID": 29123,
        "US_NODE_ID": "2178091603",
        "DS_NODE_ID": "2178091602",
        "CONDUIT_LE": 30.1,
        "SHAPE_1": "OREC",
        "CONDUIT_WI": 5000.0,
        "CONDUIT_HE": 1470.0,
        "US_INVERT": 27.169,
        "DS_INVERT": 27.149,
        "USER_TEXT2": "Existing",
        "SHAPE.LEN": 30.1063663800532
      },
      "geometry": {
        "type": "LineString",
        "coordinates": [
          [
            278161.89360000007,
            2109675.7178000007
          ],
          [
            278131.9025999997,
            2109673.0846999995
          ]
        ]
      }
    },
    {
      "type": "Feature",
      "properties": {
        "OBJECTID": 29213,
        "US_NODE_ID": "2178100706!",
        "DS_NODE_ID": "2178100707!",
        "CONDUIT_LE": 29.9,
        "SHAPE_1": "RECT",
        "CONDUIT_WI": 4500.0,
        "CONDUIT_HE": 1579.0,
        "US_INVERT": 28.027,
        "DS_INVERT": 28.006,
        "USER_TEXT2": "Existing",
        "SHAPE.LEN": 29.881540566041796
      },
      "geometry": {
        "type": "LineString",
        "coordinates": [
          [
            278055.12820000015,
            2110787.6633
          ],
          [
            278055.5473999996,
            2110757.7847000007
          ]
        ]
      }
    },
    {
      "type": "Feature",
      "properties": {
        "OBJECTID": 29227,
        "US_NODE_ID": "2178100804!",
        "DS_NODE_ID": "2178100802!",
        "CONDUIT_LE": 30.0,
        "SHAPE_1": "RECT",
        "CONDUIT_WI": 4500.0,
        "CONDUIT_HE": 1478.0,
        "US_INVERT": 28.068,
        "DS_INVERT": 28.048,
        "USER_TEXT2": "Existing",
        "SHAPE.LEN": 29.9656325563136
      },
      "geometry": {
        "type": "LineString",
        "coordinates": [
          [
            278059.8937999997,
            2110847.4278999995
          ],
          [
            278057.6102999998,
            2110817.5494
          ]
        ]
      }
    },
    {
      "type": "Feature",
      "properties": {
        "OBJECTID": 29366,
        "US_NODE_ID": "2178110203!",
        "DS_NODE_ID": "2178110101!",
        "CONDUIT_LE": 29.0,
        "SHAPE_1": "RECT",
        "CONDUIT_WI": 3500.0,
        "CONDUIT_HE": 2184.0,
        "US_INVERT": 29.014,
        "DS_INVERT": 28.912,
        "USER_TEXT2": "Existing",
        "SHAPE.LEN": 29.0389173684213
      },
      "geometry": {
        "type": "LineString",
        "coordinates": [
          [
            278023.0048000002,
            2111220.340500001
          ],
          [
            278033.4956,
            2111193.2628000006
          ]
        ]
      }
    },
    {
      "type": "Feature",
      "properties": {
        "OBJECTID": 29353,
        "US_NODE_ID": "2178110101",
        "DS_NODE_ID": "2178110102",
        "CONDUIT_LE": 30.0,
        "SHAPE_1": "RECT",
        "CONDUIT_WI": 3500.0,
        "CONDUIT_HE": 2086.0,
        "US_INVERT": 28.912,
        "DS_INVERT": 28.807,
        "USER_TEXT2": "Existing",
        "SHAPE.LEN": 30.0012755878813
      },
      "geometry": {
        "type": "LineString",
        "coordinates": [
          [
            278033.4956,
            2111193.2628000006
          ],
          [
            278052.55790000036,
            2111170.095899999
          ]
        ]
      }
    },
    {
      "type": "Feature",
      "properties": {
        "OBJECTID": 29368,
        "US_NODE_ID": "2178110204!",
        "DS_NODE_ID": "2178110203!",
        "CONDUIT_LE": 34.7,
        "SHAPE_1": "RECT",
        "CONDUIT_WI": 3500.0,
        "CONDUIT_HE": 2064.0,
        "US_INVERT": 29.434,
        "DS_INVERT": 29.014,
        "USER_TEXT2": "Existing",
        "SHAPE.LEN": 34.6960436754682
      },
      "geometry": {
        "type": "LineString",
        "coordinates": [
          [
            278043.4315999998,
            2111248.3861999996
          ],
          [
            278023.0048000002,
            2111220.340500001
          ]
        ]
      }
    },
    {
      "type": "Feature",
      "properties": {
        "OBJECTID": 29377,
        "US_NODE_ID": "2178110304",
        "DS_NODE_ID": "2178111302",
        "CONDUIT_LE": 56.2,
        "SHAPE_1": "OREC",
        "CONDUIT_WI": 7000.0,
        "CONDUIT_HE": 2824.0,
        "US_INVERT": 27.884,
        "DS_INVERT": 27.828,
        "USER_TEXT2": "Existing",
        "SHAPE.LEN": 56.2359821228366
      },
      "geometry": {
        "type": "LineString",
        "coordinates": [
          [
            278087.42920000013,
            2111303.190300001
          ],
          [
            278141.67059999984,
            2111318.0347000007
          ]
        ]
      }
    },
    {
      "type": "Feature",
      "properties": {
        "OBJECTID": 29409,
        "US_NODE_ID": "2178111502",
        "DS_NODE_ID": "2178111501",
        "CONDUIT_LE": 30.1,
        "SHAPE_1": "RECT",
        "CONDUIT_WI": 4000.0,
        "CONDUIT_HE": 3067.0,
        "US_INVERT": 32.939,
        "DS_INVERT": 32.874,
        "USER_TEXT2": "Existing",
        "SHAPE.LEN": 30.085035424609398
      },
      "geometry": {
        "type": "LineString",
        "coordinates": [
          [
            278141.2394000003,
            2111512.3626000006
          ],
          [
            278111.35529999994,
            2111508.8913000003
          ]
        ]
      }
    },
    {
      "type": "Feature",
      "properties": {
        "OBJECTID": 29125,
        "US_NODE_ID": "2178092301",
        "DS_NODE_ID": "2178091304",
        "CONDUIT_LE": 30.1,
        "SHAPE_1": "OREC",
        "CONDUIT_WI": 3654.0,
        "CONDUIT_HE": 1491.0,
        "US_INVERT": 26.409,
        "DS_INVERT": 26.401,
        "USER_TEXT2": "Existing",
        "SHAPE.LEN": 30.059104681277496
      },
      "geometry": {
        "type": "LineString",
        "coordinates": [
          [
            278216.7000000002,
            2109357.5999999996
          ],
          [
            278187.49679999985,
            2109364.721999999
          ]
        ]
      }
    },
    {
      "type": "Feature",
      "properties": {
        "OBJECTID": 29118,
        "US_NODE_ID": "2178091501",
        "DS_NODE_ID": "2178091502",
        "CONDUIT_LE": 30.0,
        "SHAPE_1": "OREC",
        "CONDUIT_WI": 4956.0,
        "CONDUIT_HE": 1572.0,
        "US_INVERT": 26.758,
        "DS_INVERT": 26.739,
        "USER_TEXT2": "Existing",
        "SHAPE.LEN": 29.984829497597598
      },
      "geometry": {
        "type": "LineString",
        "coordinates": [
          [
            278153.5999999996,
            2109508.3000000007
          ],
          [
            278170.5999999996,
            2109533
          ]
        ]
      }
    },
    {
      "type": "Feature",
      "properties": {
        "OBJECTID": 29124,
        "US_NODE_ID": "2178091604",
        "DS_NODE_ID": "2178091603",
        "CONDUIT_LE": 30.0,
        "SHAPE_1": "OREC",
        "CONDUIT_WI": 5000.0,
        "CONDUIT_HE": 1600.0,
        "US_INVERT": 27.189,
        "DS_INVERT": 27.169,
        "USER_TEXT2": "Existing",
        "SHAPE.LEN": 30.026068361009198
      },
      "geometry": {
        "type": "LineString",
        "coordinates": [
          [
            278191.8104999997,
            2109678.2759000007
          ],
          [
            278161.89360000007,
            2109675.7178000007
          ]
        ]
      }
    },
    {
      "type": "Feature",
      "properties": {
        "OBJECTID": 29130,
        "US_NODE_ID": "2178092601",
        "DS_NODE_ID": "2178091604",
        "CONDUIT_LE": 13.7,
        "SHAPE_1": "OREC",
        "CONDUIT_WI": 5000.0,
        "CONDUIT_HE": 1393.0,
        "US_INVERT": 27.426,
        "DS_INVERT": 27.189,
        "USER_TEXT2": "Existing",
        "SHAPE.LEN": 13.7355746534319
      },
      "geometry": {
        "type": "LineString",
        "coordinates": [
          [
            278205.5,
            2109679.4000000004
          ],
          [
            278191.8104999997,
            2109678.2759000007
          ]
        ]
      }
    },
    {
      "type": "Feature",
      "properties": {
        "OBJECTID": 29252,
        "US_NODE_ID": "2178102801",
        "DS_NODE_ID": "2178101804",
        "CONDUIT_LE": 29.6,
        "SHAPE_1": "OREC",
        "CONDUIT_WI": 9600.0,
        "CONDUIT_HE": 2495.0,
        "US_INVERT": 27.463,
        "DS_INVERT": 27.439,
        "USER_TEXT2": "Existing",
        "SHAPE.LEN": 29.6127146097753
      },
      "geometry": {
        "type": "LineString",
        "coordinates": [
          [
            278216.46970000025,
            2110885.068499999
          ],
          [
            278193.3136999998,
            2110866.6100999992
          ]
        ]
      }
    },
    {
      "type": "Feature",
      "properties": {
        "OBJECTID": 29259,
        "US_NODE_ID": "2178102904!",
        "DS_NODE_ID": "2178102901!",
        "CONDUIT_LE": 27.0,
        "SHAPE_1": "OREC",
        "CONDUIT_WI": 9600.0,
        "CONDUIT_HE": 2490.0,
        "US_INVERT": 27.518,
        "DS_INVERT": 27.489,
        "USER_TEXT2": "Existing",
        "SHAPE.LEN": 27.0036282336282
      },
      "geometry": {
        "type": "LineString",
        "coordinates": [
          [
            278263.12200000044,
            2110918.037900001
          ],
          [
            278241.2977,
            2110902.1351999994
          ]
        ]
      }
    },
    {
      "type": "Feature",
      "properties": {
        "OBJECTID": 29397,
        "US_NODE_ID": "2178111103",
        "DS_NODE_ID": "2178112102",
        "CONDUIT_LE": 21.9,
        "SHAPE_1": "OREC",
        "CONDUIT_WI": 7200.0,
        "CONDUIT_HE": 1499.0,
        "US_INVERT": 27.649,
        "DS_INVERT": 27.638,
        "USER_TEXT2": "Existing",
        "SHAPE.LEN": 21.851705969100003
      },
      "geometry": {
        "type": "LineString",
        "coordinates": [
          [
            278196.37650000025,
            2111139.8268
          ],
          [
            278202.3689000001,
            2111118.8127999995
          ]
        ]
      }
    },
    {
      "type": "Feature",
      "properties": {
        "OBJECTID": 29402,
        "US_NODE_ID": "2178111302!",
        "DS_NODE_ID": "2178111303!",
        "CONDUIT_LE": 16.2,
        "SHAPE_1": "OREC",
        "CONDUIT_WI": 6923.0,
        "CONDUIT_HE": 3500.0,
        "US_INVERT": 27.828,
        "DS_INVERT": 27.811,
        "USER_TEXT2": "Existing",
        "SHAPE.LEN": 16.2317680851471
      },
      "geometry": {
        "type": "LineString",
        "coordinates": [
          [
            278141.67059999984,
            2111318.0347000007
          ],
          [
            278154.5020000003,
            2111308.0935999993
          ]
        ]
      }
    },
    {
      "type": "Feature",
      "properties": {
        "OBJECTID": 29404,
        "US_NODE_ID": "2178111303!",
        "DS_NODE_ID": "2178111201!",
        "CONDUIT_LE": 89.9,
        "SHAPE_1": "OREC",
        "CONDUIT_WI": 4500.0,
        "CONDUIT_HE": 3497.0,
        "US_INVERT": 27.811,
        "DS_INVERT": 27.721,
        "USER_TEXT2": "Existing",
        "SHAPE.LEN": 89.909757673792
      },
      "geometry": {
        "type": "LineString",
        "coordinates": [
          [
            278154.5020000003,
            2111308.0935999993
          ],
          [
            278179.4000000004,
            2111221.6999999993
          ]
        ]
      }
    },
    {
      "type": "Feature",
      "properties": {
        "OBJECTID": 29405,
        "US_NODE_ID": "2178111303",
        "DS_NODE_ID": "2178111201",
        "CONDUIT_LE": 89.9,
        "SHAPE_1": "OREC",
        "CONDUIT_WI": 4500.0,
        "CONDUIT_HE": 3497.0,
        "US_INVERT": 27.811,
        "DS_INVERT": 27.721,
        "USER_TEXT2": "Existing",
        "SHAPE.LEN": 89.909757673792
      },
      "geometry": {
        "type": "LineString",
        "coordinates": [
          [
            278154.5020000003,
            2111308.0935999993
          ],
          [
            278179.4000000004,
            2111221.6999999993
          ]
        ]
      }
    },
    {
      "type": "Feature",
      "properties": {
        "OBJECTID": 29411,
        "US_NODE_ID": "2178111503",
        "DS_NODE_ID": "2178111502",
        "CONDUIT_LE": 29.9,
        "SHAPE_1": "RECT",
        "CONDUIT_WI": 4000.0,
        "CONDUIT_HE": 3301.0,
        "US_INVERT": 33.005,
        "DS_INVERT": 32.939,
        "USER_TEXT2": "Existing",
        "SHAPE.LEN": 29.898502890278596
      },
      "geometry": {
        "type": "LineString",
        "coordinates": [
          [
            278170.4726,
            2111518.6348
          ],
          [
            278141.2394000003,
            2111512.3626000006
          ]
        ]
      }
    },
    {
      "type": "Feature",
      "properties": {
        "OBJECTID": 29441,
        "US_NODE_ID": "2178112502",
        "DS_NODE_ID": "2178112501",
        "CONDUIT_LE": 30.0,
        "SHAPE_1": "OREC",
        "CONDUIT_WI": 4000.0,
        "CONDUIT_HE": 3894.0,
        "US_INVERT": 33.202,
        "DS_INVERT": 33.136,
        "USER_TEXT2": "Existing",
        "SHAPE.LEN": 29.984182482102096
      },
      "geometry": {
        "type": "LineString",
        "coordinates": [
          [
            278256.31900000013,
            2111545.1613
          ],
          [
            278227.74760000035,
            2111536.0659
          ]
        ]
      }
    },
    {
      "type": "Feature",
      "properties": {
        "OBJECTID": 29156,
        "US_NODE_ID": "2178094001",
        "DS_NODE_ID": "2178083801",
        "CONDUIT_LE": 196.9,
        "SHAPE_1": "RECT",
        "CONDUIT_WI": 4000.0,
        "CONDUIT_HE": 1500.0,
        "US_INVERT": 27.417,
        "DS_INVERT": 27.3,
        "USER_TEXT2": "Proposal",
        "SHAPE.LEN": 196.92765168965002
      },
      "geometry": {
        "type": "LineString",
        "coordinates": [
          [
            278468.0999999996,
            2109014.9000000004
          ],
          [
            278308.5999999996,
            2108899.4000000004
          ]
        ]
      }
    },
    {
      "type": "Feature",
      "properties": {
        "OBJECTID": 29138,
        "US_NODE_ID": "2178093001",
        "DS_NODE_ID": "2178083901",
        "CONDUIT_LE": 30.2,
        "SHAPE_1": "OREC",
        "CONDUIT_WI": 4000.0,
        "CONDUIT_HE": 2426.0,
        "US_INVERT": 26.488,
        "DS_INVERT": 26.464,
        "USER_TEXT2": "Existing",
        "SHAPE.LEN": 30.237864698420797
      },
      "geometry": {
        "type": "LineString",
        "coordinates": [
          [
            278301.8388,
            2109007.4778000005
          ],
          [
            278313.0401999997,
            2108979.3912000004
          ]
        ]
      }
    },
    {
      "type": "Feature",
      "properties": {
        "OBJECTID": 29147,
        "US_NODE_ID": "2178093302",
        "DS_NODE_ID": "2178093301",
        "CONDUIT_LE": 29.7,
        "SHAPE_1": "OREC",
        "CONDUIT_WI": 3632.0,
        "CONDUIT_HE": 1624.0,
        "US_INVERT": 26.474,
        "DS_INVERT": 26.441,
        "USER_TEXT2": "Existing",
        "SHAPE.LEN": 29.725521619308896
      },
      "geometry": {
        "type": "LineString",
        "coordinates": [
          [
            278332.2000000002,
            2109325.1999999993
          ],
          [
            278303.64269999973,
            2109333.4515000004
          ]
        ]
      }
    },
    {
      "type": "Feature",
      "properties": {
        "OBJECTID": 29451,
        "US_NODE_ID": "2178113501",
        "DS_NODE_ID": "2178112503",
        "CONDUIT_LE": 30.2,
        "SHAPE_1": "OREC",
        "CONDUIT_WI": 4000.0,
        "CONDUIT_HE": 3653.0,
        "US_INVERT": 33.333,
        "DS_INVERT": 33.267,
        "USER_TEXT2": "Existing",
        "SHAPE.LEN": 30.2166343997805
      },
      "geometry": {
        "type": "LineString",
        "coordinates": [
          [
            278312.50189999957,
            2111566.4881999996
          ],
          [
            278284.2505000001,
            2111555.7688999996
          ]
        ]
      }
    },
    {
      "type": "Feature",
      "properties": {
        "OBJECTID": 29162,
        "US_NODE_ID": "2178094202",
        "DS_NODE_ID": "2178094201",
        "CONDUIT_LE": 29.7,
        "SHAPE_1": "OREC",
        "CONDUIT_WI": 3304.0,
        "CONDUIT_HE": 1598.0,
        "US_INVERT": 26.711,
        "DS_INVERT": 26.536,
        "USER_TEXT2": "Existing",
        "SHAPE.LEN": 29.697105702071397
      },
      "geometry": {
        "type": "LineString",
        "coordinates": [
          [
            278477.80319999997,
            2109289.617799999
          ],
          [
            278448.7999999998,
            2109296
          ]
        ]
      }
    },
    {
      "type": "Feature",
      "properties": {
        "OBJECTID": 29164,
        "US_NODE_ID": "2178094204",
        "DS_NODE_ID": "2178094203",
        "CONDUIT_LE": 15.9,
        "SHAPE_1": "OREC",
        "CONDUIT_WI": 4000.0,
        "CONDUIT_HE": 2079.0,
        "US_INVERT": 26.738,
        "DS_INVERT": 26.726,
        "USER_TEXT2": "Existing",
        "SHAPE.LEN": 15.884412280282799
      },
      "geometry": {
        "type": "LineString",
        "coordinates": [
          [
            278498.7514000004,
            2109214.2726000007
          ],
          [
            278490.3139000004,
            2109200.8144000005
          ]
        ]
      }
    },
    {
      "type": "Feature",
      "properties": {
        "OBJECTID": 29264,
        "US_NODE_ID": "2178104401",
        "DS_NODE_ID": "2178105401",
        "CONDUIT_LE": 62.4,
        "SHAPE_1": "OREC",
        "CONDUIT_WI": 15000.0,
        "CONDUIT_HE": 2365.0,
        "US_INVERT": 26.005,
        "DS_INVERT": 26.001,
        "USER_TEXT2": "Proposal",
        "SHAPE.LEN": 62.3609653549398
      },
      "geometry": {
        "type": "LineString",
        "coordinates": [
          [
            278476.7000000002,
            2110444.8000000007
          ],
          [
            278525.2000000002,
            2110484
          ]
        ]
      }
    },
    {
      "type": "Feature",
      "properties": {
        "OBJECTID": 29471,
        "US_NODE_ID": "2178115601",
        "DS_NODE_ID": "2178114603",
        "CONDUIT_LE": 30.0,
        "SHAPE_1": "OREC",
        "CONDUIT_WI": 3135.0,
        "CONDUIT_HE": 3014.0,
        "US_INVERT": 33.792,
        "DS_INVERT": 33.727,
        "USER_TEXT2": "Existing",
        "SHAPE.LEN": 30.0009159541838
      },
      "geometry": {
        "type": "LineString",
        "coordinates": [
          [
            278510.50820000004,
            2111636.1098999996
          ],
          [
            278481.9221999999,
            2111627.0052000005
          ]
        ]
      }
    },
    {
      "type": "Feature",
      "properties": {
        "OBJECTID": 29094,
        "US_NODE_ID": "2178085501",
        "DS_NODE_ID": "2178086701",
        "CONDUIT_LE": 220.9,
        "SHAPE_1": "RECT",
        "CONDUIT_WI": 1500.0,
        "CONDUIT_HE": 1500.0,
        "US_INVERT": 30.5,
        "DS_INVERT": 29.201,
        "USER_TEXT2": "Proposal",
        "SHAPE.LEN": 220.907333513399
      },
      "geometry": {
        "type": "LineString",
        "coordinates": [
          [
            278527.7999999998,
            2108557.6999999993
          ],
          [
            278641.5,
            2108747.0999999996
          ]
        ]
      }
    },
    {
      "type": "Feature",
      "properties": {
        "OBJECTID": 29176,
        "US_NODE_ID": "2178095204",
        "DS_NODE_ID": "2178095205",
        "CONDUIT_LE": 11.3,
        "SHAPE_1": "OREC",
        "CONDUIT_WI": 9000.0,
        "CONDUIT_HE": 2375.0,
        "US_INVERT": 26.744,
        "DS_INVERT": 26.736,
        "USER_TEXT2": "Existing",
        "SHAPE.LEN": 11.318691836957099
      },
      "geometry": {
        "type": "LineString",
        "coordinates": [
          [
            278514.5207000002,
            2109268.6216
          ],
          [
            278516.35360000003,
            2109279.7908999994
          ]
        ]
      }
    },
    {
      "type": "Feature",
      "properties": {
        "OBJECTID": 29273,
        "US_NODE_ID": "2178105401!",
        "DS_NODE_ID": "2178105301",
        "CONDUIT_LE": 112.8,
        "SHAPE_1": "RECT",
        "CONDUIT_WI": 15000.0,
        "CONDUIT_HE": 2599.0,
        "US_INVERT": 26.001,
        "DS_INVERT": 25.995,
        "USER_TEXT2": "Proposal",
        "SHAPE.LEN": 112.75974458999102
      },
      "geometry": {
        "type": "LineString",
        "coordinates": [
          [
            278525.2000000002,
            2110484
          ],
          [
            278596.2000000002,
            2110396.4000000004
          ]
        ]
      }
    },
    {
      "type": "Feature",
      "properties": {
        "OBJECTID": 22511,
        "US_NODE_ID": "2174102704",
        "DS_NODE_ID": "2174102703",
        "CONDUIT_LE": 26.5,
        "SHAPE_1": "RECT",
        "CONDUIT_WI": 1500.0,
        "CONDUIT_HE": 1500.0,
        "US_INVERT": 26.815,
        "DS_INVERT": 26.644,
        "USER_TEXT2": "Existing",
        "SHAPE.LEN": 26.5324329830493
      },
      "geometry": {
        "type": "LineString",
        "coordinates": [
          [
            274281.5,
            2110753.6999999993
          ],
          [
            274263.4000000004,
            2110734.3000000007
          ]
        ]
      }
    },
    {
      "type": "Feature",
      "properties": {
        "OBJECTID": 22460,
        "US_NODE_ID": "2174093002",
        "DS_NODE_ID": "2174094001",
        "CONDUIT_LE": 30.0,
        "SHAPE_1": "OREC",
        "CONDUIT_WI": 62000.0,
        "CONDUIT_HE": 4335.0,
        "US_INVERT": 23.103,
        "DS_INVERT": 23.092,
        "USER_TEXT2": "Existing",
        "SHAPE.LEN": 29.995499662449397
      },
      "geometry": {
        "type": "LineString",
        "coordinates": [
          [
            274387,
            2109070.5
          ],
          [
            274402.2999999998,
            2109044.6999999993
          ]
        ]
      }
    },
    {
      "type": "Feature",
      "properties": {
        "OBJECTID": 22480,
        "US_NODE_ID": "2174097301",
        "DS_NODE_ID": "2174095301",
        "CONDUIT_LE": 229.5,
        "SHAPE_1": "RECT",
        "CONDUIT_WI": 1500.0,
        "CONDUIT_HE": 2000.0,
        "US_INVERT": 25.961,
        "DS_INVERT": 25.666,
        "USER_TEXT2": "Existing",
        "SHAPE.LEN": 229.53067333147402
      },
      "geometry": {
        "type": "LineString",
        "coordinates": [
          [
            274760.5999999996,
            2109310.0999999996
          ],
          [
            274531.7999999998,
            2109328.4000000004
          ]
        ]
      }
    },
    {
      "type": "Feature",
      "properties": {
        "OBJECTID": 22474,
        "US_NODE_ID": "2174095902",
        "DS_NODE_ID": "2174104002",
        "CONDUIT_LE": 87.8,
        "SHAPE_1": "RECT",
        "CONDUIT_WI": 3000.0,
        "CONDUIT_HE": 1500.0,
        "US_INVERT": 26.656,
        "DS_INVERT": 26.471,
        "USER_TEXT2": "Proposal",
        "SHAPE.LEN": 87.81366636236069
      },
      "geometry": {
        "type": "LineString",
        "coordinates": [
          [
            274547.5,
            2109974.8000000007
          ],
          [
            274480.7000000002,
            2110031.8000000007
          ]
        ]
      }
    },
    {
      "type": "Feature",
      "properties": {
        "OBJECTID": 22527,
        "US_NODE_ID": "2174104803",
        "DS_NODE_ID": "2174104802",
        "CONDUIT_LE": 47.6,
        "SHAPE_1": "RECT",
        "CONDUIT_WI": 2000.0,
        "CONDUIT_HE": 1500.0,
        "US_INVERT": 28.129,
        "DS_INVERT": 27.78,
        "USER_TEXT2": "Existing",
        "SHAPE.LEN": 47.5716302012029
      },
      "geometry": {
        "type": "LineString",
        "coordinates": [
          [
            274486.7000000002,
            2110890.6999999993
          ],
          [
            274474.2000000002,
            2110844.8000000007
          ]
        ]
      }
    },
    {
      "type": "Feature",
      "properties": {
        "OBJECTID": 22473,
        "US_NODE_ID": "2174095901",
        "DS_NODE_ID": "2174095902",
        "CONDUIT_LE": 19.0,
        "SHAPE_1": "RECT",
        "CONDUIT_WI": 3000.0,
        "CONDUIT_HE": 1500.0,
        "US_INVERT": 26.696,
        "DS_INVERT": 26.656,
        "USER_TEXT2": "Proposal",
        "SHAPE.LEN": 18.990787240133
      },
      "geometry": {
        "type": "LineString",
        "coordinates": [
          [
            274542.7999999998,
            2109956.4000000004
          ],
          [
            274547.5,
            2109974.8000000007
          ]
        ]
      }
    },
    {
      "type": "Feature",
      "properties": {
        "OBJECTID": 22476,
        "US_NODE_ID": "2174095904",
        "DS_NODE_ID": "2174095903",
        "CONDUIT_LE": 32.2,
        "SHAPE_1": "RECT",
        "CONDUIT_WI": 3000.0,
        "CONDUIT_HE": 1500.0,
        "US_INVERT": 26.795,
        "DS_INVERT": 26.727,
        "USER_TEXT2": "Proposal",
        "SHAPE.LEN": 32.221886971436
      },
      "geometry": {
        "type": "LineString",
        "coordinates": [
          [
            274577.7000000002,
            2109925.1999999993
          ],
          [
            274553.7000000002,
            2109946.6999999993
          ]
        ]
      }
    },
    {
      "type": "Feature",
      "properties": {
        "OBJECTID": 22481,
        "US_NODE_ID": "2174097301",
        "DS_NODE_ID": "2174098201",
        "CONDUIT_LE": 35.9,
        "SHAPE_1": "RECT",
        "CONDUIT_WI": 1650.0,
        "CONDUIT_HE": 1650.0,
        "US_INVERT": 27.1,
        "DS_INVERT": 27.0,
        "USER_TEXT2": "Existing",
        "SHAPE.LEN": 35.8988857765809
      },
      "geometry": {
        "type": "LineString",
        "coordinates": [
          [
            274760.5999999996,
            2109310.0999999996
          ],
          [
            274795.2999999998,
            2109300.9000000004
          ]
        ]
      }
    },
    {
      "type": "Feature",
      "properties": {
        "OBJECTID": 22486,
        "US_NODE_ID": "2174098901",
        "DS_NODE_ID": "2174097803",
        "CONDUIT_LE": 101.1,
        "SHAPE_1": "RECT",
        "CONDUIT_WI": 3000.0,
        "CONDUIT_HE": 1500.0,
        "US_INVERT": 27.525,
        "DS_INVERT": 27.3,
        "USER_TEXT2": "Proposal",
        "SHAPE.LEN": 101.06878845618
      },
      "geometry": {
        "type": "LineString",
        "coordinates": [
          [
            274851.2000000002,
            2109948.1999999993
          ],
          [
            274768.5,
            2109890.0999999996
          ]
        ]
      }
    },
    {
      "type": "Feature",
      "properties": {
        "OBJECTID": 24909,
        "US_NODE_ID": "2175101604",
        "DS_NODE_ID": "2175101603",
        "CONDUIT_LE": 30.1,
        "SHAPE_1": "OREC",
        "CONDUIT_WI": 2645.0,
        "CONDUIT_HE": 797.0,
        "US_INVERT": 29.787,
        "DS_INVERT": 29.649,
        "USER_TEXT2": "Existing",
        "SHAPE.LEN": 30.116492213403596
      },
      "geometry": {
        "type": "LineString",
        "coordinates": [
          [
            275141.27020000014,
            2110652.777899999
          ],
          [
            275128.4642000003,
            2110625.5197
          ]
        ]
      }
    },
    {
      "type": "Feature",
      "properties": {
        "OBJECTID": 24895,
        "US_NODE_ID": "2175092801",
        "DS_NODE_ID": "2175092901",
        "CONDUIT_LE": 99.0,
        "SHAPE_1": "OREC",
        "CONDUIT_WI": 7000.0,
        "CONDUIT_HE": 1471.0,
        "US_INVERT": 26.667,
        "DS_INVERT": 26.483,
        "USER_TEXT2": "Existing",
        "SHAPE.LEN": 98.96143004383069
      },
      "geometry": {
        "type": "LineString",
        "coordinates": [
          [
            275284.21750000026,
            2109825.272
          ],
          [
            275258.7578999996,
            2109920.9024
          ]
        ]
      }
    },
    {
      "type": "Feature",
      "properties": {
        "OBJECTID": 24896,
        "US_NODE_ID": "2175092901",
        "DS_NODE_ID": "2175093901",
        "CONDUIT_LE": 102.5,
        "SHAPE_1": "OREC",
        "CONDUIT_WI": 7000.0,
        "CONDUIT_HE": 1765.0,
        "US_INVERT": 26.483,
        "DS_INVERT": 26.292,
        "USER_TEXT2": "Existing",
        "SHAPE.LEN": 102.494118504624
      },
      "geometry": {
        "type": "LineString",
        "coordinates": [
          [
            275258.7578999996,
            2109920.9024
          ],
          [
            275336.0931000002,
            2109988.1654000003
          ]
        ]
      }
    },
    {
      "type": "Feature",
      "properties": {
        "OBJECTID": 24918,
        "US_NODE_ID": "2175102301",
        "DS_NODE_ID": "2175102201",
        "CONDUIT_LE": 29.8,
        "SHAPE_1": "RECT",
        "CONDUIT_WI": 4000.0,
        "CONDUIT_HE": 1500.0,
        "US_INVERT": 26.885,
        "DS_INVERT": 26.828,
        "USER_TEXT2": "Proposal",
        "SHAPE.LEN": 29.766928286271
      },
      "geometry": {
        "type": "LineString",
        "coordinates": [
          [
            275236.6952999998,
            2110329.0922999997
          ],
          [
            275236.8350999998,
            2110299.3257
          ]
        ]
      }
    },
    {
      "type": "Feature",
      "properties": {
        "OBJECTID": 24914,
        "US_NODE_ID": "2175102201",
        "DS_NODE_ID": "2175102202",
        "CONDUIT_LE": 28.6,
        "SHAPE_1": "RECT",
        "CONDUIT_WI": 4000.0,
        "CONDUIT_HE": 1500.0,
        "US_INVERT": 26.828,
        "DS_INVERT": 26.773,
        "USER_TEXT2": "Proposal",
        "SHAPE.LEN": 28.5640032355411
      },
      "geometry": {
        "type": "LineString",
        "coordinates": [
          [
            275236.8350999998,
            2110299.3257
          ],
          [
            275242.96729999967,
            2110271.4277
          ]
        ]
      }
    },
    {
      "type": "Feature",
      "properties": {
        "OBJECTID": 24911,
        "US_NODE_ID": "2175101701",
        "DS_NODE_ID": "2175101605",
        "CONDUIT_LE": 29.8,
        "SHAPE_1": "OREC",
        "CONDUIT_WI": 2103.0,
        "CONDUIT_HE": 817.0,
        "US_INVERT": 29.953,
        "DS_INVERT": 29.888,
        "USER_TEXT2": "Existing",
        "SHAPE.LEN": 29.846903305033198
      },
      "geometry": {
        "type": "LineString",
        "coordinates": [
          [
            275167.2840999998,
            2110706.4816999994
          ],
          [
            275155.5438000001,
            2110679.0407999996
          ]
        ]
      }
    },
    {
      "type": "Feature",
      "properties": {
        "OBJECTID": 24924,
        "US_NODE_ID": "2175102702",
        "DS_NODE_ID": "2175102701",
        "CONDUIT_LE": 11.1,
        "SHAPE_1": "RECT",
        "CONDUIT_WI": 2000.0,
        "CONDUIT_HE": 2246.0,
        "US_INVERT": 30.474,
        "DS_INVERT": 30.452,
        "USER_TEXT2": "Existing",
        "SHAPE.LEN": 11.085148684614001
      },
      "geometry": {
        "type": "LineString",
        "coordinates": [
          [
            275207.6939000003,
            2110780.2940999996
          ],
          [
            275202.85450000037,
            2110770.3211000003
          ]
        ]
      }
    },
    {
      "type": "Feature",
      "properties": {
        "OBJECTID": 24929,
        "US_NODE_ID": "2175103101",
        "DS_NODE_ID": "2175103102",
        "CONDUIT_LE": 25.2,
        "SHAPE_1": "OREC",
        "CONDUIT_WI": 4000.0,
        "CONDUIT_HE": 1500.0,
        "US_INVERT": 26.551,
        "DS_INVERT": 26.502,
        "USER_TEXT2": "Proposal",
        "SHAPE.LEN": 25.203245782438398
      },
      "geometry": {
        "type": "LineString",
        "coordinates": [
          [
            275315.33100000024,
            2110181.315300001
          ],
          [
            275328.39910000004,
            2110159.7646999992
          ]
        ]
      }
    },
    {
      "type": "Feature",
      "properties": {
        "OBJECTID": 24937,
        "US_NODE_ID": "2175103203",
        "DS_NODE_ID": "2175103103",
        "CONDUIT_LE": 46.0,
        "SHAPE_1": "OREC",
        "CONDUIT_WI": 2500.0,
        "CONDUIT_HE": 1650.0,
        "US_INVERT": 27.134,
        "DS_INVERT": 27.071,
        "USER_TEXT2": "Existing",
        "SHAPE.LEN": 46.0479885921199
      },
      "geometry": {
        "type": "LineString",
        "coordinates": [
          [
            275344.8435000004,
            2110223.6499000005
          ],
          [
            275340.95720000006,
            2110177.7662000004
          ]
        ]
      }
    },
    {
      "type": "Feature",
      "properties": {
        "OBJECTID": 24931,
        "US_NODE_ID": "2175103103",
        "DS_NODE_ID": "2175103105",
        "CONDUIT_LE": 24.9,
        "SHAPE_1": "OREC",
        "CONDUIT_WI": 2500.0,
        "CONDUIT_HE": 1820.0,
        "US_INVERT": 27.071,
        "DS_INVERT": 27.037,
        "USER_TEXT2": "Existing",
        "SHAPE.LEN": 24.9336434216903
      },
      "geometry": {
        "type": "LineString",
        "coordinates": [
          [
            275340.95720000006,
            2110177.7662000004
          ],
          [
            275357.5999999996,
            2110159.1999999993
          ]
        ]
      }
    },
    {
      "type": "Feature",
      "properties": {
        "OBJECTID": 24942,
        "US_NODE_ID": "2175104002",
        "DS_NODE_ID": "2175104003",
        "CONDUIT_LE": 56.8,
        "SHAPE_1": "OREC",
        "CONDUIT_WI": 8000.0,
        "CONDUIT_HE": 2418.0,
        "US_INVERT": 26.08,
        "DS_INVERT": 26.037,
        "USER_TEXT2": "Existing",
        "SHAPE.LEN": 56.7934765751314
      },
      "geometry": {
        "type": "LineString",
        "coordinates": [
          [
            275439.0999999996,
            2110037.1999999993
          ],
          [
            275495.69350000005,
            2110041.9617999997
          ]
        ]
      }
    },
    {
      "type": "Feature",
      "properties": {
        "OBJECTID": 24885,
        "US_NODE_ID": "2175088401",
        "DS_NODE_ID": "2175087201",
        "CONDUIT_LE": 161.2,
        "SHAPE_1": "RECT",
        "CONDUIT_WI": 5000.0,
        "CONDUIT_HE": 2971.0,
        "US_INVERT": 25.075,
        "DS_INVERT": 24.737,
        "USER_TEXT2": "Proposal",
        "SHAPE.LEN": 161.218240637806
      },
      "geometry": {
        "type": "LineString",
        "coordinates": [
          [
            275812.7999999998,
            2108405.5999999996
          ],
          [
            275790.8086000001,
            2108376.4525000006
          ],
          [
            275756.47670000046,
            2108327.0297
          ],
          [
            275719,
            2108274.5
          ]
        ]
      }
    },
    {
      "type": "Feature",
      "properties": {
        "OBJECTID": 24878,
        "US_NODE_ID": "2175087802",
        "DS_NODE_ID": "2175087701",
        "CONDUIT_LE": 39.3,
        "SHAPE_1": "OREC",
        "CONDUIT_WI": 2000.0,
        "CONDUIT_HE": 1382.0,
        "US_INVERT": 26.536,
        "DS_INVERT": 26.34,
        "USER_TEXT2": "Existing",
        "SHAPE.LEN": 39.3118277856678
      },
      "geometry": {
        "type": "LineString",
        "coordinates": [
          [
            275727.2427000003,
            2108806.945699999
          ],
          [
            275756.20100000035,
            2108780.3593000006
          ]
        ]
      }
    },
    {
      "type": "Feature",
      "properties": {
        "OBJECTID": 24948,
        "US_NODE_ID": "2175106003",
        "DS_NODE_ID": "2175106004",
        "CONDUIT_LE": 25.8,
        "SHAPE_1": "OREC",
        "CONDUIT_WI": 5000.0,
        "CONDUIT_HE": 2427.0,
        "US_INVERT": 25.921,
        "DS_INVERT": 25.905,
        "USER_TEXT2": "Existing",
        "SHAPE.LEN": 25.7837662601878
      },
      "geometry": {
        "type": "LineString",
        "coordinates": [
          [
            275642.78479999956,
            2110076.5901999995
          ],
          [
            275668.5332000004,
            2110075.2402
          ]
        ]
      }
    },
    {
      "type": "Feature",
      "properties": {
        "OBJECTID": 24956,
        "US_NODE_ID": "2175106502",
        "DS_NODE_ID": "2175106501",
        "CONDUIT_LE": 19.4,
        "SHAPE_1": "OREC",
        "CONDUIT_WI": 1500.0,
        "CONDUIT_HE": 1389.0,
        "US_INVERT": 27.01,
        "DS_INVERT": 26.999,
        "USER_TEXT2": "Existing",
        "SHAPE.LEN": 19.4019853935106
      },
      "geometry": {
        "type": "LineString",
        "coordinates": [
          [
            275698.74710000027,
            2110503.8398
          ],
          [
            275692.69070000015,
            2110522.2722999994
          ]
        ]
      }
    },
    {
      "type": "Feature",
      "properties": {
        "OBJECTID": 24970,
        "US_NODE_ID": "2175107504",
        "DS_NODE_ID": "2175107506",
        "CONDUIT_LE": 26.5,
        "SHAPE_1": "OREC",
        "CONDUIT_WI": 1500.0,
        "CONDUIT_HE": 1899.0,
        "US_INVERT": 26.9,
        "DS_INVERT": 26.895,
        "USER_TEXT2": "Existing",
        "SHAPE.LEN": 26.533702623833
      },
      "geometry": {
        "type": "LineString",
        "coordinates": [
          [
            275738.86280000024,
            2110569.5418
          ],
          [
            275763.0044999998,
            2110580.5516
          ]
        ]
      }
    },
    {
      "type": "Feature",
      "properties": {
        "OBJECTID": 24975,
        "US_NODE_ID": "2175107601",
        "DS_NODE_ID": "2175107602",
        "CONDUIT_LE": 19.9,
        "SHAPE_1": "OREC",
        "CONDUIT_WI": 2000.0,
        "CONDUIT_HE": 1548.0,
        "US_INVERT": 27.3,
        "DS_INVERT": 27.2,
        "USER_TEXT2": "Existing",
        "SHAPE.LEN": 19.9017633153447
      },
      "geometry": {
        "type": "LineString",
        "coordinates": [
          [
            275705.3722000001,
            2110638.2224000003
          ],
          [
            275716.34810000006,
            2110621.6208999995
          ]
        ]
      }
    },
    {
      "type": "Feature",
      "properties": {
        "OBJECTID": 24881,
        "US_NODE_ID": "2175088302",
        "DS_NODE_ID": "2175087202",
        "CONDUIT_LE": 155.7,
        "SHAPE_1": "RECT",
        "CONDUIT_WI": 5000.0,
        "CONDUIT_HE": 2308.0,
        "US_INVERT": 25.191,
        "DS_INVERT": 24.856,
        "USER_TEXT2": "Proposal",
        "SHAPE.LEN": 155.706422475118
      },
      "geometry": {
        "type": "LineString",
        "coordinates": [
          [
            275854.9000000004,
            2108381.9000000004
          ],
          [
            275769.2000000002,
            2108251.9000000004
          ]
        ]
      }
    },
    {
      "type": "Feature",
      "properties": {
        "OBJECTID": 24978,
        "US_NODE_ID": "2175108101",
        "DS_NODE_ID": "2175108102",
        "CONDUIT_LE": 31.7,
        "SHAPE_1": "OREC",
        "CONDUIT_WI": 5000.0,
        "CONDUIT_HE": 3510.0,
        "US_INVERT": 25.628,
        "DS_INVERT": 25.573,
        "USER_TEXT2": "Existing",
        "SHAPE.LEN": 31.7233197097971
      },
      "geometry": {
        "type": "LineString",
        "coordinates": [
          [
            275826.9676000001,
            2110117.0812
          ],
          [
            275850.1590999998,
            2110138.7266000006
          ]
        ]
      }
    },
    {
      "type": "Feature",
      "properties": {
        "OBJECTID": 24985,
        "US_NODE_ID": "2175108601",
        "DS_NODE_ID": "2175108602",
        "CONDUIT_LE": 9.3,
        "SHAPE_1": "OREC",
        "CONDUIT_WI": 2000.0,
        "CONDUIT_HE": 1998.0,
        "US_INVERT": 26.68,
        "DS_INVERT": 26.643,
        "USER_TEXT2": "Existing",
        "SHAPE.LEN": 9.31961217272478
      },
      "geometry": {
        "type": "LineString",
        "coordinates": [
          [
            275840.2273000004,
            2110609.8211000003
          ],
          [
            275842.5125000002,
            2110618.8562000003
          ]
        ]
      }
    },
    {
      "type": "Feature",
      "properties": {
        "OBJECTID": 24987,
        "US_NODE_ID": "2175108603",
        "DS_NODE_ID": "2175108604",
        "CONDUIT_LE": 20.0,
        "SHAPE_1": "OREC",
        "CONDUIT_WI": 2000.0,
        "CONDUIT_HE": 2008.0,
        "US_INVERT": 26.6,
        "DS_INVERT": 26.56,
        "USER_TEXT2": "Existing",
        "SHAPE.LEN": 19.990034097269596
      },
      "geometry": {
        "type": "LineString",
        "coordinates": [
          [
            275852.35809999984,
            2110623.4022000004
          ],
          [
            275870.5555999996,
            2110631.6757999994
          ]
        ]
      }
    },
    {
      "type": "Feature",
      "properties": {
        "OBJECTID": 24888,
        "US_NODE_ID": "2175089401",
        "DS_NODE_ID": "2175088303",
        "CONDUIT_LE": 102.9,
        "SHAPE_1": "OREC",
        "CONDUIT_WI": 3500.0,
        "CONDUIT_HE": 2086.0,
        "US_INVERT": 25.413,
        "DS_INVERT": 25.225,
        "USER_TEXT2": "Proposal",
        "SHAPE.LEN": 102.882117007768
      },
      "geometry": {
        "type": "LineString",
        "coordinates": [
          [
            275919.9000000004,
            2108463.4000000004
          ],
          [
            275867.0999999996,
            2108375.0999999996
          ]
        ]
      }
    },
    {
      "type": "Feature",
      "properties": {
        "OBJECTID": 26766,
        "US_NODE_ID": "2176081701",
        "DS_NODE_ID": "2176080602",
        "CONDUIT_LE": 51.1,
        "SHAPE_1": "OREC",
        "CONDUIT_WI": 3500.0,
        "CONDUIT_HE": 1676.0,
        "US_INVERT": 26.023,
        "DS_INVERT": 25.929,
        "USER_TEXT2": "Proposal",
        "SHAPE.LEN": 51.072203790320195
      },
      "geometry": {
        "type": "LineString",
        "coordinates": [
          [
            276116.7000000002,
            2108733
          ],
          [
            276089.2999999998,
            2108689.9000000004
          ]
        ]
      }
    },
    {
      "type": "Feature",
      "properties": {
        "OBJECTID": 26861,
        "US_NODE_ID": "2176100101",
        "DS_NODE_ID": "2176100102",
        "CONDUIT_LE": 91.6,
        "SHAPE_1": "OREC",
        "CONDUIT_WI": 10000.0,
        "CONDUIT_HE": 3301.0,
        "US_INVERT": 25.187,
        "DS_INVERT": 25.109,
        "USER_TEXT2": "Existing",
        "SHAPE.LEN": 91.56353729804239
      },
      "geometry": {
        "type": "LineString",
        "coordinates": [
          [
            276006.14460000023,
            2110197.7554
          ],
          [
            276064.3388,
            2110127.0637
          ]
        ]
      }
    },
    {
      "type": "Feature",
      "properties": {
        "OBJECTID": 24997,
        "US_NODE_ID": "2175109605",
        "DS_NODE_ID": "2176100601",
        "CONDUIT_LE": 30.0,
        "SHAPE_1": "OREC",
        "CONDUIT_WI": 3132.0,
        "CONDUIT_HE": 2238.0,
        "US_INVERT": 25.82,
        "DS_INVERT": 25.76,
        "USER_TEXT2": "Existing",
        "SHAPE.LEN": 29.967117267097898
      },
      "geometry": {
        "type": "LineString",
        "coordinates": [
          [
            275987.6942999996,
            2110625.5615999997
          ],
          [
            276008.29959999956,
            2110603.8027
          ]
        ]
      }
    },
    {
      "type": "Feature",
      "properties": {
        "OBJECTID": 26937,
        "US_NODE_ID": "2176110403",
        "DS_NODE_ID": "2176112101",
        "CONDUIT_LE": 318.5,
        "SHAPE_1": "OREC",
        "CONDUIT_WI": 2000.0,
        "CONDUIT_HE": 3149.0,
        "US_INVERT": 26.85,
        "DS_INVERT": 26.54,
        "USER_TEXT2": "Proposal",
        "SHAPE.LEN": 318.51508598495
      },
      "geometry": {
        "type": "LineString",
        "coordinates": [
          [
            276063.5999999996,
            2111407.5
          ],
          [
            276292.0999999996,
            2111185.5999999996
          ]
        ]
      }
    },
    {
      "type": "Feature",
      "properties": {
        "OBJECTID": 26944,
        "US_NODE_ID": "2176112001",
        "DS_NODE_ID": "2176112002",
        "CONDUIT_LE": 30.0,
        "SHAPE_1": "OREC",
        "CONDUIT_WI": 6511.0,
        "CONDUIT_HE": 2287.0,
        "US_INVERT": 26.846,
        "DS_INVERT": 26.783,
        "USER_TEXT2": "Existing",
        "SHAPE.LEN": 29.965683984851697
      },
      "geometry": {
        "type": "LineString",
        "coordinates": [
          [
            276215.8183000004,
            2111089.9926999994
          ],
          [
            276242.5965,
            2111076.5439
          ]
        ]
      }
    },
    {
      "type": "Feature",
      "properties": {
        "OBJECTID": 26773,
        "US_NODE_ID": "2176083901",
        "DS_NODE_ID": "2176082801",
        "CONDUIT_LE": 76.2,
        "SHAPE_1": "OREC",
        "CONDUIT_WI": 3500.0,
        "CONDUIT_HE": 1132.0,
        "US_INVERT": 27.268,
        "DS_INVERT": 26.4,
        "USER_TEXT2": "Proposal",
        "SHAPE.LEN": 76.2266357646722
      },
      "geometry": {
        "type": "LineString",
        "coordinates": [
          [
            276305.7999999998,
            2108943.0999999996
          ],
          [
            276252.0999999996,
            2108889
          ]
        ]
      }
    },
    {
      "type": "Feature",
      "properties": {
        "OBJECTID": 26825,
        "US_NODE_ID": "2176093002",
        "DS_NODE_ID": "2176083901",
        "CONDUIT_LE": 98.4,
        "SHAPE_1": "OREC",
        "CONDUIT_WI": 3500.0,
        "CONDUIT_HE": 895.0,
        "US_INVERT": 27.678,
        "DS_INVERT": 27.268,
        "USER_TEXT2": "Proposal",
        "SHAPE.LEN": 98.3793677556427
      },
      "geometry": {
        "type": "LineString",
        "coordinates": [
          [
            276378.2999999998,
            2109009.5999999996
          ],
          [
            276305.7999999998,
            2108943.0999999996
          ]
        ]
      }
    },
    {
      "type": "Feature",
      "properties": {
        "OBJECTID": 26842,
        "US_NODE_ID": "2176094401",
        "DS_NODE_ID": "2176093401",
        "CONDUIT_LE": 92.0,
        "SHAPE_1": "RECT",
        "CONDUIT_WI": 3000.0,
        "CONDUIT_HE": 2107.0,
        "US_INVERT": 26.143,
        "DS_INVERT": 26.0,
        "USER_TEXT2": "Proposal",
        "SHAPE.LEN": 91.96629817492929
      },
      "geometry": {
        "type": "LineString",
        "coordinates": [
          [
            276451.7000000002,
            2109476.6999999993
          ],
          [
            276360.9000000004,
            2109491.3000000007
          ]
        ]
      }
    },
    {
      "type": "Feature",
      "properties": {
        "OBJECTID": 26880,
        "US_NODE_ID": "2176104101",
        "DS_NODE_ID": "2176103103",
        "CONDUIT_LE": 44.8,
        "SHAPE_1": "OREC",
        "CONDUIT_WI": 3000.0,
        "CONDUIT_HE": 1889.0,
        "US_INVERT": 26.5,
        "DS_INVERT": 26.252,
        "USER_TEXT2": "Proposal",
        "SHAPE.LEN": 44.7853770777918
      },
      "geometry": {
        "type": "LineString",
        "coordinates": [
          [
            276442.2999999998,
            2110110.4000000004
          ],
          [
            276398.5999999996,
            2110120.1999999993
          ]
        ]
      }
    },
    {
      "type": "Feature",
      "properties": {
        "OBJECTID": 26952,
        "US_NODE_ID": "2176113002",
        "DS_NODE_ID": "2176113003",
        "CONDUIT_LE": 29.6,
        "SHAPE_1": "OREC",
        "CONDUIT_WI": 6511.0,
        "CONDUIT_HE": 2631.0,
        "US_INVERT": 26.531,
        "DS_INVERT": 26.468,
        "USER_TEXT2": "Existing",
        "SHAPE.LEN": 29.640827633519297
      },
      "geometry": {
        "type": "LineString",
        "coordinates": [
          [
            276349.8931999998,
            2111021.8519
          ],
          [
            276376.1814000001,
            2111008.158500001
          ]
        ]
      }
    },
    {
      "type": "Feature",
      "properties": {
        "OBJECTID": 26953,
        "US_NODE_ID": "2176113003",
        "DS_NODE_ID": "2176104901",
        "CONDUIT_LE": 30.0,
        "SHAPE_1": "OREC",
        "CONDUIT_WI": 6511.0,
        "CONDUIT_HE": 2700.0,
        "US_INVERT": 26.468,
        "DS_INVERT": 26.405,
        "USER_TEXT2": "Existing",
        "SHAPE.LEN": 30.018782006270698
      },
      "geometry": {
        "type": "LineString",
        "coordinates": [
          [
            276376.1814000001,
            2111008.158500001
          ],
          [
            276402.95969999954,
            2110994.592
          ]
        ]
      }
    },
    {
      "type": "Feature",
      "properties": {
        "OBJECTID": 26956,
        "US_NODE_ID": "2176114101",
        "DS_NODE_ID": "2176115001",
        "CONDUIT_LE": 156.7,
        "SHAPE_1": "OREC",
        "CONDUIT_WI": 2000.0,
        "CONDUIT_HE": 5161.0,
        "US_INVERT": 26.298,
        "DS_INVERT": 26.0,
        "USER_TEXT2": "Proposal",
        "SHAPE.LEN": 156.696458160355
      },
      "geometry": {
        "type": "LineString",
        "coordinates": [
          [
            276407.9000000004,
            2111116.6999999993
          ],
          [
            276518.2000000002,
            2111005.4000000004
          ]
        ]
      }
    },
    {
      "type": "Feature",
      "properties": {
        "OBJECTID": 26844,
        "US_NODE_ID": "2176094502",
        "DS_NODE_ID": "2176094501",
        "CONDUIT_LE": 53.3,
        "SHAPE_1": "RECT",
        "CONDUIT_WI": 3000.0,
        "CONDUIT_HE": 3037.0,
        "US_INVERT": 26.44,
        "DS_INVERT": 26.357,
        "USER_TEXT2": "Proposal",
        "SHAPE.LEN": 53.3303853351914
      },
      "geometry": {
        "type": "LineString",
        "coordinates": [
          [
            276486.7999999998,
            2109592.5
          ],
          [
            276485,
            2109539.1999999993
          ]
        ]
      }
    },
    {
      "type": "Feature",
      "properties": {
        "OBJECTID": 26896,
        "US_NODE_ID": "2176105401",
        "DS_NODE_ID": "2176105301",
        "CONDUIT_LE": 45.4,
        "SHAPE_1": "RECT",
        "CONDUIT_WI": 5000.0,
        "CONDUIT_HE": 1629.0,
        "US_INVERT": 27.287,
        "DS_INVERT": 27.226,
        "USER_TEXT2": "Proposal",
        "SHAPE.LEN": 45.3630907236268
      },
      "geometry": {
        "type": "LineString",
        "coordinates": [
          [
            276529.4000000004,
            2110424.9000000004
          ],
          [
            276506.4000000004,
            2110385.8000000007
          ]
        ]
      }
    },
    {
      "type": "Feature",
      "properties": {
        "OBJECTID": 26789,
        "US_NODE_ID": "2176086401",
        "DS_NODE_ID": "2176086303",
        "CONDUIT_LE": 29.2,
        "SHAPE_1": "OREC",
        "CONDUIT_WI": 22500.0,
        "CONDUIT_HE": 2891.0,
        "US_INVERT": 25.336,
        "DS_INVERT": 25.315,
        "USER_TEXT2": "Existing",
        "SHAPE.LEN": 29.248083666626798
      },
      "geometry": {
        "type": "LineString",
        "coordinates": [
          [
            276674.51489999983,
            2108404.5493
          ],
          [
            276656.11450000014,
            2108381.8144000005
          ]
        ]
      }
    },
    {
      "type": "Feature",
      "properties": {
        "OBJECTID": 26790,
        "US_NODE_ID": "2176086402",
        "DS_NODE_ID": "2176086401",
        "CONDUIT_LE": 30.0,
        "SHAPE_1": "OREC",
        "CONDUIT_WI": 22500.0,
        "CONDUIT_HE": 2720.0,
        "US_INVERT": 25.357,
        "DS_INVERT": 25.336,
        "USER_TEXT2": "Existing",
        "SHAPE.LEN": 30.022614922754496
      },
      "geometry": {
        "type": "LineString",
        "coordinates": [
          [
            276696.37909999955,
            2108425.1239
          ],
          [
            276674.51489999983,
            2108404.5493
          ]
        ]
      }
    },
    {
      "type": "Feature",
      "properties": {
        "OBJECTID": 26894,
        "US_NODE_ID": "2176105104",
        "DS_NODE_ID": "2176105103",
        "CONDUIT_LE": 11.2,
        "SHAPE_1": "RECT",
        "CONDUIT_WI": 2000.0,
        "CONDUIT_HE": 2000.0,
        "US_INVERT": 29.786,
        "DS_INVERT": 29.485,
        "USER_TEXT2": "Proposal",
        "SHAPE.LEN": 11.248555462813899
      },
      "geometry": {
        "type": "LineString",
        "coordinates": [
          [
            276589.2000000002,
            2110188.5999999996
          ],
          [
            276581,
            2110196.3000000007
          ]
        ]
      }
    },
    {
      "type": "Feature",
      "properties": {
        "OBJECTID": 26970,
        "US_NODE_ID": "2176116802",
        "DS_NODE_ID": "2176117801",
        "CONDUIT_LE": 100.1,
        "SHAPE_1": "OREC",
        "CONDUIT_WI": 3000.0,
        "CONDUIT_HE": 3209.0,
        "US_INVERT": 27.33,
        "DS_INVERT": 27.0,
        "USER_TEXT2": "Proposal",
        "SHAPE.LEN": 100.051286848296
      },
      "geometry": {
        "type": "LineString",
        "coordinates": [
          [
            276674.7000000002,
            2111822.5
          ],
          [
            276774.5999999996,
            2111828
          ]
        ]
      }
    },
    {
      "type": "Feature",
      "properties": {
        "OBJECTID": 26910,
        "US_NODE_ID": "2176107602",
        "DS_NODE_ID": "2176107701",
        "CONDUIT_LE": 27.8,
        "SHAPE_1": "RECT",
        "CONDUIT_WI": 3000.0,
        "CONDUIT_HE": 2000.0,
        "US_INVERT": 26.081,
        "DS_INVERT": 26.047,
        "USER_TEXT2": "Existing",
        "SHAPE.LEN": 27.7521170363632
      },
      "geometry": {
        "type": "LineString",
        "coordinates": [
          [
            276729.9000000004,
            2110678.5999999996
          ],
          [
            276747.2000000002,
            2110700.3000000007
          ]
        ]
      }
    },
    {
      "type": "Feature",
      "properties": {
        "OBJECTID": 26919,
        "US_NODE_ID": "2176108701",
        "DS_NODE_ID": "2176108801",
        "CONDUIT_LE": 20.9,
        "SHAPE_1": "OREC",
        "CONDUIT_WI": 4000.0,
        "CONDUIT_HE": 2437.0,
        "US_INVERT": 25.902,
        "DS_INVERT": 25.796,
        "USER_TEXT2": "Existing",
        "SHAPE.LEN": 20.938093466693697
      },
      "geometry": {
        "type": "LineString",
        "coordinates": [
          [
            276821.2854000004,
            2110792.2852
          ],
          [
            276804.42349999957,
            2110804.6981000006
          ]
        ]
      }
    },
    {
      "type": "Feature",
      "properties": {
        "OBJECTID": 26971,
        "US_NODE_ID": "2176117601",
        "DS_NODE_ID": "2176117602",
        "CONDUIT_LE": 23.6,
        "SHAPE_1": "CIRC",
        "CONDUIT_WI": 1000.0,
        "CONDUIT_HE": 1000.0,
        "US_INVERT": 25.968,
        "DS_INVERT": 25.8,
        "USER_TEXT2": "Proposal",
        "SHAPE.LEN": 23.6237168963734
      },
      "geometry": {
        "type": "LineString",
        "coordinates": [
          [
            276760.0999999996,
            2111603
          ],
          [
            276780.9000000004,
            2111614.1999999993
          ]
        ]
      }
    },
    {
      "type": "Feature",
      "properties": {
        "OBJECTID": 26814,
        "US_NODE_ID": "2176089604",
        "DS_NODE_ID": "2176089602",
        "CONDUIT_LE": 21.0,
        "SHAPE_1": "OREC",
        "CONDUIT_WI": 22500.0,
        "CONDUIT_HE": 2826.0,
        "US_INVERT": 25.59,
        "DS_INVERT": 25.572,
        "USER_TEXT2": "Existing",
        "SHAPE.LEN": 21.017166894232002
      },
      "geometry": {
        "type": "LineString",
        "coordinates": [
          [
            276940.824,
            2108642.6469
          ],
          [
            276922.78890000004,
            2108631.8554
          ]
        ]
      }
    },
    {
      "type": "Feature",
      "properties": {
        "OBJECTID": 26807,
        "US_NODE_ID": "2176088901",
        "DS_NODE_ID": "2176088902",
        "CONDUIT_LE": 43.9,
        "SHAPE_1": "OREC",
        "CONDUIT_WI": 5200.0,
        "CONDUIT_HE": 1500.0,
        "US_INVERT": 27.252,
        "DS_INVERT": 27.22,
        "USER_TEXT2": "Existing",
        "SHAPE.LEN": 43.9269709500894
      },
      "geometry": {
        "type": "LineString",
        "coordinates": [
          [
            276840.39910000004,
            2108964.8401999995
          ],
          [
            276852.7999999998,
            2108922.6999999993
          ]
        ]
      }
    },
    {
      "type": "Feature",
      "properties": {
        "OBJECTID": 26974,
        "US_NODE_ID": "2176118004",
        "DS_NODE_ID": "2176118003",
        "CONDUIT_LE": 38.6,
        "SHAPE_1": "OREC",
        "CONDUIT_WI": 13000.0,
        "CONDUIT_HE": 4154.0,
        "US_INVERT": 25.044,
        "DS_INVERT": 24.42,
        "USER_TEXT2": "Existing",
        "SHAPE.LEN": 38.646345234704896
      },
      "geometry": {
        "type": "LineString",
        "coordinates": [
          [
            276890.4000000004,
            2111038.3000000007
          ],
          [
            276853.9000000004,
            2111025.5999999996
          ]
        ]
      }
    },
    {
      "type": "Feature",
      "properties": {
        "OBJECTID": 28058,
        "US_NODE_ID": "2177080402",
        "DS_NODE_ID": "2177080401",
        "CONDUIT_LE": 30.5,
        "SHAPE_1": "OREC",
        "CONDUIT_WI": 4000.0,
        "CONDUIT_HE": 1974.0,
        "US_INVERT": 26.185,
        "DS_INVERT": 26.174,
        "USER_TEXT2": "Existing",
        "SHAPE.LEN": 30.532966780350698
      },
      "geometry": {
        "type": "LineString",
        "coordinates": [
          [
            277020.2581000002,
            2108468.7413999997
          ],
          [
            277008.89460000023,
            2108497.0810000002
          ]
        ]
      }
    },
    {
      "type": "Feature",
      "properties": {
        "OBJECTID": 26815,
        "US_NODE_ID": "2176089605",
        "DS_NODE_ID": "2176089604",
        "CONDUIT_LE": 17.3,
        "SHAPE_1": "OREC",
        "CONDUIT_WI": 15000.0,
        "CONDUIT_HE": 2720.0,
        "US_INVERT": 25.602,
        "DS_INVERT": 25.59,
        "USER_TEXT2": "Existing",
        "SHAPE.LEN": 17.2691087019568
      },
      "geometry": {
        "type": "LineString",
        "coordinates": [
          [
            276957.1496000001,
            2108648.276900001
          ],
          [
            276940.824,
            2108642.6469
          ]
        ]
      }
    },
    {
      "type": "Feature",
      "properties": {
        "OBJECTID": 26860,
        "US_NODE_ID": "2176099902",
        "DS_NODE_ID": "2177090801",
        "CONDUIT_LE": 32.1,
        "SHAPE_1": "RECT",
        "CONDUIT_WI": 6500.0,
        "CONDUIT_HE": 1940.0,
        "US_INVERT": 28.561,
        "DS_INVERT": 27.561,
        "USER_TEXT2": "Existing",
        "SHAPE.LEN": 32.134674206065895
      },
      "geometry": {
        "type": "LineString",
        "coordinates": [
          [
            276989.6556000002,
            2109907.3518000003
          ],
          [
            277011.5639000004,
            2109883.8430000003
          ]
        ]
      }
    },
    {
      "type": "Feature",
      "properties": {
        "OBJECTID": 28126,
        "US_NODE_ID": "2177090801",
        "DS_NODE_ID": "2177090802",
        "CONDUIT_LE": 31.2,
        "SHAPE_1": "RECT",
        "CONDUIT_WI": 6200.0,
        "CONDUIT_HE": 2238.0,
        "US_INVERT": 27.561,
        "DS_INVERT": 27.436,
        "USER_TEXT2": "Existing",
        "SHAPE.LEN": 31.2183942905461
      },
      "geometry": {
        "type": "LineString",
        "coordinates": [
          [
            277011.5639000004,
            2109883.8430000003
          ],
          [
            277032.1047,
            2109860.3342000004
          ]
        ]
      }
    },
    {
      "type": "Feature",
      "properties": {
        "OBJECTID": 26924,
        "US_NODE_ID": "2176109301",
        "DS_NODE_ID": "2176109302",
        "CONDUIT_LE": 15.5,
        "SHAPE_1": "OREC",
        "CONDUIT_WI": 3000.0,
        "CONDUIT_HE": 1500.0,
        "US_INVERT": 28.05,
        "DS_INVERT": 28.037,
        "USER_TEXT2": "Existing",
        "SHAPE.LEN": 15.5051604312887
      },
      "geometry": {
        "type": "LineString",
        "coordinates": [
          [
            276965.7000000002,
            2110347.5
          ],
          [
            276981.2000000002,
            2110347.9000000004
          ]
        ]
      }
    },
    {
      "type": "Feature",
      "properties": {
        "OBJECTID": 28306,
        "US_NODE_ID": "2177100302",
        "DS_NODE_ID": "2177100303",
        "CONDUIT_LE": 28.5,
        "SHAPE_1": "OREC",
        "CONDUIT_WI": 3000.0,
        "CONDUIT_HE": 1500.0,
        "US_INVERT": 28.006,
        "DS_INVERT": 27.983,
        "USER_TEXT2": "Existing",
        "SHAPE.LEN": 28.5046691883979
      },
      "geometry": {
        "type": "LineString",
        "coordinates": [
          [
            277018.4000000004,
            2110336.5999999996
          ],
          [
            277044.95249999966,
            2110326.2326999996
          ]
        ]
      }
    },
    {
      "type": "Feature",
      "properties": {
        "OBJECTID": 28311,
        "US_NODE_ID": "2177100702",
        "DS_NODE_ID": "2177100701",
        "CONDUIT_LE": 30.2,
        "SHAPE_1": "OREC",
        "CONDUIT_WI": 3096.0,
        "CONDUIT_HE": 2373.0,
        "US_INVERT": 27.145,
        "DS_INVERT": 26.99,
        "USER_TEXT2": "Existing",
        "SHAPE.LEN": 30.240947446136698
      },
      "geometry": {
        "type": "LineString",
        "coordinates": [
          [
            277044.49230000004,
            2110778.4230000004
          ],
          [
            277014.29849999957,
            2110776.7349999994
          ]
        ]
      }
    },
    {
      "type": "Feature",
      "properties": {
        "OBJECTID": 28525,
        "US_NODE_ID": "2177110101",
        "DS_NODE_ID": "2177110003",
        "CONDUIT_LE": 30.2,
        "SHAPE_1": "RECT",
        "CONDUIT_WI": 2000.0,
        "CONDUIT_HE": 1702.0,
        "US_INVERT": 26.976,
        "DS_INVERT": 26.914,
        "USER_TEXT2": "Existing",
        "SHAPE.LEN": 30.1602387258457
      },
      "geometry": {
        "type": "LineString",
        "coordinates": [
          [
            277044.7000000002,
            2111118.8000000007
          ],
          [
            277026.7000000002,
            2111094.5999999996
          ]
        ]
      }
    },
    {
      "type": "Feature",
      "properties": {
        "OBJECTID": 28527,
        "US_NODE_ID": "2177110102",
        "DS_NODE_ID": "2176119102",
        "CONDUIT_LE": 89.4,
        "SHAPE_1": "RECT",
        "CONDUIT_WI": 2500.0,
        "CONDUIT_HE": 2000.0,
        "US_INVERT": 26.45,
        "DS_INVERT": 26.35,
        "USER_TEXT2": "Proposal",
        "SHAPE.LEN": 89.4089480980511
      },
      "geometry": {
        "type": "LineString",
        "coordinates": [
          [
            277075.9000000004,
            2111166.1999999993
          ],
          [
            276987.2999999998,
            2111178.1999999993
          ]
        ]
      }
    },
    {
      "type": "Feature",
      "properties": {
        "OBJECTID": 28083,
        "US_NODE_ID": "2177081704",
        "DS_NODE_ID": "2177081703",
        "CONDUIT_LE": 2.9,
        "SHAPE_1": "RECT",
        "CONDUIT_WI": 15000.0,
        "CONDUIT_HE": 2467.0,
        "US_INVERT": 25.749,
        "DS_INVERT": 25.745,
        "USER_TEXT2": "Existing",
        "SHAPE.LEN": 2.8524854863785
      },
      "geometry": {
        "type": "LineString",
        "coordinates": [
          [
            277150.6964999996,
            2108750.8125
          ],
          [
            277148.3136999998,
            2108749.2444
          ]
        ]
      }
    },
    {
      "type": "Feature",
      "properties": {
        "OBJECTID": 28314,
        "US_NODE_ID": "2177101201",
        "DS_NODE_ID": "2177101202",
        "CONDUIT_LE": 30.0,
        "SHAPE_1": "OREC",
        "CONDUIT_WI": 2903.0,
        "CONDUIT_HE": 1983.0,
        "US_INVERT": 27.895,
        "DS_INVERT": 27.847,
        "USER_TEXT2": "Existing",
        "SHAPE.LEN": 30.0481984506559
      },
      "geometry": {
        "type": "LineString",
        "coordinates": [
          [
            277107.34640000015,
            2110298.4384000003
          ],
          [
            277136.83270000014,
            2110292.6546
          ]
        ]
      }
    },
    {
      "type": "Feature",
      "properties": {
        "OBJECTID": 28313,
        "US_NODE_ID": "2177100704",
        "DS_NODE_ID": "2177100703",
        "CONDUIT_LE": 28.0,
        "SHAPE_1": "OREC",
        "CONDUIT_WI": 3096.0,
        "CONDUIT_HE": 1860.0,
        "US_INVERT": 27.438,
        "DS_INVERT": 27.295,
        "USER_TEXT2": "Existing",
        "SHAPE.LEN": 28.001916312459798
      },
      "geometry": {
        "type": "LineString",
        "coordinates": [
          [
            277098.97020000033,
            2110766.1766
          ],
          [
            277073.9456000002,
            2110778.7414999995
          ]
        ]
      }
    },
    {
      "type": "Feature",
      "properties": {
        "OBJECTID": 28319,
        "US_NODE_ID": "2177101702",
        "DS_NODE_ID": "2177101701",
        "CONDUIT_LE": 5.2,
        "SHAPE_1": "RECT",
        "CONDUIT_WI": 3000.0,
        "CONDUIT_HE": 1698.0,
        "US_INVERT": 27.5,
        "DS_INVERT": 27.47,
        "USER_TEXT2": "Existing",
        "SHAPE.LEN": 5.15524110881344
      },
      "geometry": {
        "type": "LineString",
        "coordinates": [
          [
            277122.5999999996,
            2110740.0999999996
          ],
          [
            277119.22950000037,
            2110744.0008000005
          ]
        ]
      }
    },
    {
      "type": "Feature",
      "properties": {
        "OBJECTID": 28536,
        "US_NODE_ID": "2177111202",
        "DS_NODE_ID": "2177111201",
        "CONDUIT_LE": 30.1,
        "SHAPE_1": "RECT",
        "CONDUIT_WI": 2000.0,
        "CONDUIT_HE": 1815.0,
        "US_INVERT": 27.283,
        "DS_INVERT": 27.221,
        "USER_TEXT2": "Existing",
        "SHAPE.LEN": 30.105979472523398
      },
      "geometry": {
        "type": "LineString",
        "coordinates": [
          [
            277121.2999999998,
            2111247.5
          ],
          [
            277107.2000000002,
            2111220.9000000004
          ]
        ]
      }
    },
    {
      "type": "Feature",
      "properties": {
        "OBJECTID": 28145,
        "US_NODE_ID": "2177092504",
        "DS_NODE_ID": "2177092506",
        "CONDUIT_LE": 31.8,
        "SHAPE_1": "OREC",
        "CONDUIT_WI": 5650.0,
        "CONDUIT_HE": 1840.0,
        "US_INVERT": 26.588,
        "DS_INVERT": 26.558,
        "USER_TEXT2": "Existing",
        "SHAPE.LEN": 31.752922856644197
      },
      "geometry": {
        "type": "LineString",
        "coordinates": [
          [
            277246.5323000001,
            2109560.8466
          ],
          [
            277257.82100000046,
            2109531.1680999994
          ]
        ]
      }
    },
    {
      "type": "Feature",
      "properties": {
        "OBJECTID": 28150,
        "US_NODE_ID": "2177092509",
        "DS_NODE_ID": "2177092510",
        "CONDUIT_LE": 31.9,
        "SHAPE_1": "OREC",
        "CONDUIT_WI": 9720.0,
        "CONDUIT_HE": 1259.0,
        "US_INVERT": 26.95,
        "DS_INVERT": 26.93,
        "USER_TEXT2": "Existing",
        "SHAPE.LEN": 31.932750797418002
      },
      "geometry": {
        "type": "LineString",
        "coordinates": [
          [
            277271.2773000002,
            2109538.275800001
          ],
          [
            277282.7988,
            2109508.494000001
          ]
        ]
      }
    },
    {
      "type": "Feature",
      "properties": {
        "OBJECTID": 28161,
        "US_NODE_ID": "2177092802",
        "DS_NODE_ID": "2177092801",
        "CONDUIT_LE": 27.6,
        "SHAPE_1": "OREC",
        "CONDUIT_WI": 7382.0,
        "CONDUIT_HE": 1136.0,
        "US_INVERT": 27.028,
        "DS_INVERT": 27.023,
        "USER_TEXT2": "Existing",
        "SHAPE.LEN": 27.5582829806213
      },
      "geometry": {
        "type": "LineString",
        "coordinates": [
          [
            277284.6172000002,
            2109836.335000001
          ],
          [
            277264.5,
            2109817.5
          ]
        ]
      }
    },
    {
      "type": "Feature",
      "properties": {
        "OBJECTID": 28323,
        "US_NODE_ID": "2177102201",
        "DS_NODE_ID": "2177102202",
        "CONDUIT_LE": 29.6,
        "SHAPE_1": "OREC",
        "CONDUIT_WI": 2965.0,
        "CONDUIT_HE": 1726.0,
        "US_INVERT": 27.682,
        "DS_INVERT": 27.609,
        "USER_TEXT2": "Existing",
        "SHAPE.LEN": 29.6076003755792
      },
      "geometry": {
        "type": "LineString",
        "coordinates": [
          [
            277226.5,
            2110288.0999999996
          ],
          [
            277255.9000000004,
            2110284.5999999996
          ]
        ]
      }
    },
    {
      "type": "Feature",
      "properties": {
        "OBJECTID": 28328,
        "US_NODE_ID": "2177102301",
        "DS_NODE_ID": "2177102302",
        "CONDUIT_LE": 25.3,
        "SHAPE_1": "OREC",
        "CONDUIT_WI": 1800.0,
        "CONDUIT_HE": 1200.0,
        "US_INVERT": 27.65,
        "DS_INVERT": 27.637,
        "USER_TEXT2": "Existing",
        "SHAPE.LEN": 25.2517326138228
      },
      "geometry": {
        "type": "LineString",
        "coordinates": [
          [
            277277.7000000002,
            2110371
          ],
          [
            277283.4000000004,
            2110346.4000000004
          ]
        ]
      }
    },
    {
      "type": "Feature",
      "properties": {
        "OBJECTID": 28330,
        "US_NODE_ID": "2177102303",
        "DS_NODE_ID": "2177102304",
        "CONDUIT_LE": 16.0,
        "SHAPE_1": "OREC",
        "CONDUIT_WI": 1800.0,
        "CONDUIT_HE": 1200.0,
        "US_INVERT": 27.624,
        "DS_INVERT": 27.616,
        "USER_TEXT2": "Existing",
        "SHAPE.LEN": 15.9815518645719
      },
      "geometry": {
        "type": "LineString",
        "coordinates": [
          [
            277291.5,
            2110321.1999999993
          ],
          [
            277298,
            2110306.5999999996
          ]
        ]
      }
    },
    {
      "type": "Feature",
      "properties": {
        "OBJECTID": 28543,
        "US_NODE_ID": "2177112401",
        "DS_NODE_ID": "2177111304",
        "CONDUIT_LE": 30.0,
        "SHAPE_1": "RECT",
        "CONDUIT_WI": 2000.0,
        "CONDUIT_HE": 1811.0,
        "US_INVERT": 28.773,
        "DS_INVERT": 28.591,
        "USER_TEXT2": "Existing",
        "SHAPE.LEN": 30.0166449377674
      },
      "geometry": {
        "type": "LineString",
        "coordinates": [
          [
            277205.0608999999,
            2111406.4926999994
          ],
          [
            277189.1174999997,
            2111381.0603
          ]
        ]
      }
    },
    {
      "type": "Feature",
      "properties": {
        "OBJECTID": 28112,
        "US_NODE_ID": "2177084901",
        "DS_NODE_ID": "2177083903",
        "CONDUIT_LE": 30.0,
        "SHAPE_1": "OREC",
        "CONDUIT_WI": 15000.0,
        "CONDUIT_HE": 2448.0,
        "US_INVERT": 25.97,
        "DS_INVERT": 25.951,
        "USER_TEXT2": "Existing",
        "SHAPE.LEN": 29.9938724090438
      },
      "geometry": {
        "type": "LineString",
        "coordinates": [
          [
            277417.3476,
            2108946.8409
          ],
          [
            277393.4204000002,
            2108928.7544
          ]
        ]
      }
    },
    {
      "type": "Feature",
      "properties": {
        "OBJECTID": 28166,
        "US_NODE_ID": "2177093205",
        "DS_NODE_ID": "2177094101",
        "CONDUIT_LE": 31.6,
        "SHAPE_1": "OREC",
        "CONDUIT_WI": 5650.0,
        "CONDUIT_HE": 2514.0,
        "US_INVERT": 26.234,
        "DS_INVERT": 26.204,
        "USER_TEXT2": "Existing",
        "SHAPE.LEN": 31.557777346321497
      },
      "geometry": {
        "type": "LineString",
        "coordinates": [
          [
            277388.1359000001,
            2109208.283500001
          ],
          [
            277400.34109999985,
            2109179.181500001
          ]
        ]
      }
    },
    {
      "type": "Feature",
      "properties": {
        "OBJECTID": 28198,
        "US_NODE_ID": "2177094201",
        "DS_NODE_ID": "2177094103",
        "CONDUIT_LE": 32.1,
        "SHAPE_1": "OREC",
        "CONDUIT_WI": 10020.0,
        "CONDUIT_HE": 1529.0,
        "US_INVERT": 26.75,
        "DS_INVERT": 26.73,
        "USER_TEXT2": "Existing",
        "SHAPE.LEN": 32.08975208209
      },
      "geometry": {
        "type": "LineString",
        "coordinates": [
          [
            277404.89439999964,
            2109215.2708
          ],
          [
            277416.5614,
            2109185.3771
          ]
        ]
      }
    },
    {
      "type": "Feature",
      "properties": {
        "OBJECTID": 28175,
        "US_NODE_ID": "2177093401",
        "DS_NODE_ID": "2177093301",
        "CONDUIT_LE": 31.4,
        "SHAPE_1": "OREC",
        "CONDUIT_WI": 5650.0,
        "CONDUIT_HE": 2117.0,
        "US_INVERT": 26.44,
        "DS_INVERT": 26.411,
        "USER_TEXT2": "Existing",
        "SHAPE.LEN": 31.4076150945913
      },
      "geometry": {
        "type": "LineString",
        "coordinates": [
          [
            277306.32180000003,
            2109413.9596999995
          ],
          [
            277318.09059999976,
            2109384.840399999
          ]
        ]
      }
    },
    {
      "type": "Feature",
      "properties": {
        "OBJECTID": 28179,
        "US_NODE_ID": "2177093802",
        "DS_NODE_ID": "2177093801",
        "CONDUIT_LE": 33.0,
        "SHAPE_1": "OREC",
        "CONDUIT_WI": 7736.0,
        "CONDUIT_HE": 1384.0,
        "US_INVERT": 27.038,
        "DS_INVERT": 27.033,
        "USER_TEXT2": "Existing",
        "SHAPE.LEN": 33.013434476437006
      },
      "geometry": {
        "type": "LineString",
        "coordinates": [
          [
            277336.9874999998,
            2109875.2553000003
          ],
          [
            277310.2786999997,
            2109855.851
          ]
        ]
      }
    },
    {
      "type": "Feature",
      "properties": {
        "OBJECTID": 28181,
        "US_NODE_ID": "2177093901",
        "DS_NODE_ID": "2177093803",
        "CONDUIT_LE": 30.2,
        "SHAPE_1": "OREC",
        "CONDUIT_WI": 7500.0,
        "CONDUIT_HE": 1679.0,
        "US_INVERT": 27.048,
        "DS_INVERT": 27.043,
        "USER_TEXT2": "Existing",
        "SHAPE.LEN": 30.2169561948254
      },
      "geometry": {
        "type": "LineString",
        "coordinates": [
          [
            277387.64130000025,
            2109902.9891
          ],
          [
            277363.56549999956,
            2109884.7293
          ]
        ]
      }
    },
    {
      "type": "Feature",
      "properties": {
        "OBJECTID": 28555,
        "US_NODE_ID": "2177113504",
        "DS_NODE_ID": "2177113503",
        "CONDUIT_LE": 30.0,
        "SHAPE_1": "OREC",
        "CONDUIT_WI": 3000.0,
        "CONDUIT_HE": 1699.0,
        "US_INVERT": 30.131,
        "DS_INVERT": 30.082,
        "USER_TEXT2": "Existing",
        "SHAPE.LEN": 29.975594731214297
      },
      "geometry": {
        "type": "LineString",
        "coordinates": [
          [
            277341.2000000002,
            2111584.5
          ],
          [
            277339.5292999996,
            2111554.5710000005
          ]
        ]
      }
    },
    {
      "type": "Feature",
      "properties": {
        "OBJECTID": 28559,
        "US_NODE_ID": "2177113603",
        "DS_NODE_ID": "2177113504",
        "CONDUIT_LE": 28.3,
        "SHAPE_1": "OREC",
        "CONDUIT_WI": 3000.0,
        "CONDUIT_HE": 1650.0,
        "US_INVERT": 30.338,
        "DS_INVERT": 30.131,
        "USER_TEXT2": "Existing",
        "SHAPE.LEN": 28.3364845640739
      },
      "geometry": {
        "type": "LineString",
        "coordinates": [
          [
            277343.7622999996,
            2111612.7204
          ],
          [
            277341.2000000002,
            2111584.5
          ]
        ]
      }
    },
    {
      "type": "Feature",
      "properties": {
        "OBJECTID": 28563,
        "US_NODE_ID": "2177113702",
        "DS_NODE_ID": "2177113602",
        "CONDUIT_LE": 137.9,
        "SHAPE_1": "RECT",
        "CONDUIT_WI": 1500.0,
        "CONDUIT_HE": 1500.0,
        "US_INVERT": 30.65,
        "DS_INVERT": 30.165,
        "USER_TEXT2": "Existing",
        "SHAPE.LEN": 137.93030797620202
      },
      "geometry": {
        "type": "LineString",
        "coordinates": [
          [
            277351.5,
            2111758
          ],
          [
            277321.4271,
            2111623.3880000003
          ]
        ]
      }
    },
    {
      "type": "Feature",
      "properties": {
        "OBJECTID": 28204,
        "US_NODE_ID": "2177095001",
        "DS_NODE_ID": "2177094008",
        "CONDUIT_LE": 29.9,
        "SHAPE_1": "OREC",
        "CONDUIT_WI": 13000.0,
        "CONDUIT_HE": 2282.0,
        "US_INVERT": 26.027,
        "DS_INVERT": 26.024,
        "USER_TEXT2": "Existing",
        "SHAPE.LEN": 29.8635529394947
      },
      "geometry": {
        "type": "LineString",
        "coordinates": [
          [
            277513.3870000001,
            2109018.0846999995
          ],
          [
            277488.25739999954,
            2109001.9497999996
          ]
        ]
      }
    },
    {
      "type": "Feature",
      "properties": {
        "OBJECTID": 28356,
        "US_NODE_ID": "2177104007",
        "DS_NODE_ID": "2177104008",
        "CONDUIT_LE": 25.4,
        "SHAPE_1": "OREC",
        "CONDUIT_WI": 4977.0,
        "CONDUIT_HE": 1907.0,
        "US_INVERT": 27.101,
        "DS_INVERT": 27.072,
        "USER_TEXT2": "Existing",
        "SHAPE.LEN": 25.394355421038
      },
      "geometry": {
        "type": "LineString",
        "coordinates": [
          [
            277456.9760999996,
            2110026.4098000005
          ],
          [
            277473.7000000002,
            2110007.3000000007
          ]
        ]
      }
    },
    {
      "type": "Feature",
      "properties": {
        "OBJECTID": 28417,
        "US_NODE_ID": "2177105204",
        "DS_NODE_ID": "2177105202",
        "CONDUIT_LE": 30.1,
        "SHAPE_1": "OREC",
        "CONDUIT_WI": 13000.0,
        "CONDUIT_HE": 2246.0,
        "US_INVERT": 26.392,
        "DS_INVERT": 26.37,
        "USER_TEXT2": "Existing",
        "SHAPE.LEN": 30.081555810828696
      },
      "geometry": {
        "type": "LineString",
        "coordinates": [
          [
            277533.5999999996,
            2110271.3000000007
          ],
          [
            277536.9000000004,
            2110241.4000000004
          ]
        ]
      }
    },
    {
      "type": "Feature",
      "properties": {
        "OBJECTID": 28372,
        "US_NODE_ID": "2177104301",
        "DS_NODE_ID": "2177104302",
        "CONDUIT_LE": 42.9,
        "SHAPE_1": "OREC",
        "CONDUIT_WI": 4500.0,
        "CONDUIT_HE": 2177.0,
        "US_INVERT": 26.822,
        "DS_INVERT": 26.779,
        "USER_TEXT2": "Existing",
        "SHAPE.LEN": 42.861414503023596
      },
      "geometry": {
        "type": "LineString",
        "coordinates": [
          [
            277445.30709999986,
            2110367.812000001
          ],
          [
            277487.3909,
            2110359.6845999993
          ]
        ]
      }
    },
    {
      "type": "Feature",
      "properties": {
        "OBJECTID": 28424,
        "US_NODE_ID": "2177105305!",
        "DS_NODE_ID": "2177105310!",
        "CONDUIT_LE": 7.4,
        "SHAPE_1": "OREC",
        "CONDUIT_WI": 4500.0,
        "CONDUIT_HE": 2269.0,
        "US_INVERT": 26.731,
        "DS_INVERT": 26.434,
        "USER_TEXT2": "Existing",
        "SHAPE.LEN": 7.39887346289961
      },
      "geometry": {
        "type": "LineString",
        "coordinates": [
          [
            277523.03839999996,
            2110335.940300001
          ],
          [
            277528.4227999998,
            2110330.865700001
          ]
        ]
      }
    },
    {
      "type": "Feature",
      "properties": {
        "OBJECTID": 28439,
        "US_NODE_ID": "2177105312",
        "DS_NODE_ID": "2177105315",
        "CONDUIT_LE": 11.4,
        "SHAPE_1": "OREC",
        "CONDUIT_WI": 1465.0,
        "CONDUIT_HE": 3054.0,
        "US_INVERT": 26.745,
        "DS_INVERT": 26.447,
        "USER_TEXT2": "Existing",
        "SHAPE.LEN": 11.4277210720248
      },
      "geometry": {
        "type": "LineString",
        "coordinates": [
          [
            277529.8322999999,
            2110352.8081
          ],
          [
            277538.7000000002,
            2110345.5999999996
          ]
        ]
      }
    },
    {
      "type": "Feature",
      "properties": {
        "OBJECTID": 28423,
        "US_NODE_ID": "2177105304",
        "DS_NODE_ID": "2177105320",
        "CONDUIT_LE": 7.5,
        "SHAPE_1": "OREC",
        "CONDUIT_WI": 555.0,
        "CONDUIT_HE": 3212.0,
        "US_INVERT": 26.787,
        "DS_INVERT": 26.779,
        "USER_TEXT2": "Existing",
        "SHAPE.LEN": 7.47351429315553
      },
      "geometry": {
        "type": "LineString",
        "coordinates": [
          [
            277521.5049999999,
            2110388.3783
          ],
          [
            277517.2999999998,
            2110382.1999999993
          ]
        ]
      }
    },
    {
      "type": "Feature",
      "properties": {
        "OBJECTID": 28457,
        "US_NODE_ID": "2177105401",
        "DS_NODE_ID": "2177105309",
        "CONDUIT_LE": 12.7,
        "SHAPE_1": "OREC",
        "CONDUIT_WI": 1624.0,
        "CONDUIT_HE": 3193.0,
        "US_INVERT": 26.807,
        "DS_INVERT": 26.794,
        "USER_TEXT2": "Existing",
        "SHAPE.LEN": 12.7421994824285
      },
      "geometry": {
        "type": "LineString",
        "coordinates": [
          [
            277536.70880000014,
            2110401.6987999994
          ],
          [
            277526.44909999985,
            2110394.1422000006
          ]
        ]
      }
    },
    {
      "type": "Feature",
      "properties": {
        "OBJECTID": 28458,
        "US_NODE_ID": "2177105402!",
        "DS_NODE_ID": "2177105401!",
        "CONDUIT_LE": 14.7,
        "SHAPE_1": "OREC",
        "CONDUIT_WI": 1624.0,
        "CONDUIT_HE": 3777.0,
        "US_INVERT": 26.822,
        "DS_INVERT": 26.807,
        "USER_TEXT2": "Existing",
        "SHAPE.LEN": 14.7053563061219
      },
      "geometry": {
        "type": "LineString",
        "coordinates": [
          [
            277547.24349999987,
            2110411.958799999
          ],
          [
            277536.70880000014,
            2110401.6987999994
          ]
        ]
      }
    },
    {
      "type": "Feature",
      "properties": {
        "OBJECTID": 28574,
        "US_NODE_ID": "2177115502",
        "DS_NODE_ID": "2177114503",
        "CONDUIT_LE": 133.2,
        "SHAPE_1": "RECT",
        "CONDUIT_WI": 1500.0,
        "CONDUIT_HE": 1500.0,
        "US_INVERT": 31.29,
        "DS_INVERT": 30.54,
        "USER_TEXT2": "Existing",
        "SHAPE.LEN": 133.15763181601702
      },
      "geometry": {
        "type": "LineString",
        "coordinates": [
          [
            277596.11209999956,
            2111559.601
          ],
          [
            277469.2034999998,
            2111519.2876999993
          ]
        ]
      }
    },
    {
      "type": "Feature",
      "properties": {
        "OBJECTID": 28385,
        "US_NODE_ID": "2177105008!",
        "DS_NODE_ID": "2177105009!",
        "CONDUIT_LE": 3.2,
        "SHAPE_1": "RECT",
        "CONDUIT_WI": 4000.0,
        "CONDUIT_HE": 1921.0,
        "US_INVERT": 26.429,
        "DS_INVERT": 26.428,
        "USER_TEXT2": "Existing",
        "SHAPE.LEN": 3.20156211871642
      },
      "geometry": {
        "type": "LineString",
        "coordinates": [
          [
            277573.7999999998,
            2110016
          ],
          [
            277575.7999999998,
            2110013.5
          ]
        ]
      }
    },
    {
      "type": "Feature",
      "properties": {
        "OBJECTID": 28386,
        "US_NODE_ID": "2177105008",
        "DS_NODE_ID": "2177105009",
        "CONDUIT_LE": 3.2,
        "SHAPE_1": "RECT",
        "CONDUIT_WI": 4000.0,
        "CONDUIT_HE": 1921.0,
        "US_INVERT": 26.429,
        "DS_INVERT": 26.428,
        "USER_TEXT2": "Existing",
        "SHAPE.LEN": 3.20156211871642
      },
      "geometry": {
        "type": "LineString",
        "coordinates": [
          [
            277573.7999999998,
            2110016
          ],
          [
            277575.7999999998,
            2110013.5
          ]
        ]
      }
    },
    {
      "type": "Feature",
      "properties": {
        "OBJECTID": 28394,
        "US_NODE_ID": "2177105012",
        "DS_NODE_ID": "2177095901",
        "CONDUIT_LE": 9.3,
        "SHAPE_1": "RECT",
        "CONDUIT_WI": 4000.0,
        "CONDUIT_HE": 1928.0,
        "US_INVERT": 26.422,
        "DS_INVERT": 26.418,
        "USER_TEXT2": "Existing",
        "SHAPE.LEN": 9.26174929481467
      },
      "geometry": {
        "type": "LineString",
        "coordinates": [
          [
            277582.0999999996,
            2110005.5
          ],
          [
            277587.7999999998,
            2109998.1999999993
          ]
        ]
      }
    },
    {
      "type": "Feature",
      "properties": {
        "OBJECTID": 28212,
        "US_NODE_ID": "2177095901!",
        "DS_NODE_ID": "2177095902!",
        "CONDUIT_LE": 12.9,
        "SHAPE_1": "RECT",
        "CONDUIT_WI": 4000.0,
        "CONDUIT_HE": 1932.0,
        "US_INVERT": 26.418,
        "DS_INVERT": 26.411,
        "USER_TEXT2": "Existing",
        "SHAPE.LEN": 12.8958861355085
      },
      "geometry": {
        "type": "LineString",
        "coordinates": [
          [
            277587.7999999998,
            2109998.1999999993
          ],
          [
            277595.90189999994,
            2109988.1668999996
          ]
        ]
      }
    },
    {
      "type": "Feature",
      "properties": {
        "OBJECTID": 28214,
        "US_NODE_ID": "2177095902!",
        "DS_NODE_ID": "2177096901!",
        "CONDUIT_LE": 13.6,
        "SHAPE_1": "OREC",
        "CONDUIT_WI": 4000.0,
        "CONDUIT_HE": 1998.0,
        "US_INVERT": 26.411,
        "DS_INVERT": 26.406,
        "USER_TEXT2": "Existing",
        "SHAPE.LEN": 13.5549953434149
      },
      "geometry": {
        "type": "LineString",
        "coordinates": [
          [
            277595.90189999994,
            2109988.1668999996
          ],
          [
            277604.3409000002,
            2109977.5593
          ]
        ]
      }
    },
    {
      "type": "Feature",
      "properties": {
        "OBJECTID": 28215,
        "US_NODE_ID": "2177095902",
        "DS_NODE_ID": "2177096901",
        "CONDUIT_LE": 13.6,
        "SHAPE_1": "OREC",
        "CONDUIT_WI": 4000.0,
        "CONDUIT_HE": 1998.0,
        "US_INVERT": 26.411,
        "DS_INVERT": 26.406,
        "USER_TEXT2": "Existing",
        "SHAPE.LEN": 13.5549953434149
      },
      "geometry": {
        "type": "LineString",
        "coordinates": [
          [
            277595.90189999994,
            2109988.1668999996
          ],
          [
            277604.3409000002,
            2109977.5593
          ]
        ]
      }
    },
    {
      "type": "Feature",
      "properties": {
        "OBJECTID": 28234,
        "US_NODE_ID": "2177096902!",
        "DS_NODE_ID": "2177096903!",
        "CONDUIT_LE": 20.7,
        "SHAPE_1": "RECT",
        "CONDUIT_WI": 10000.0,
        "CONDUIT_HE": 2854.0,
        "US_INVERT": 26.153,
        "DS_INVERT": 26.138,
        "USER_TEXT2": "Existing",
        "SHAPE.LEN": 20.6687418700317
      },
      "geometry": {
        "type": "LineString",
        "coordinates": [
          [
            277620.0385999996,
            2109957.2082
          ],
          [
            277631.6326000001,
            2109940.0975
          ]
        ]
      }
    },
    {
      "type": "Feature",
      "properties": {
        "OBJECTID": 28407,
        "US_NODE_ID": "2177105102!",
        "DS_NODE_ID": "2177105103!",
        "CONDUIT_LE": 30.1,
        "SHAPE_1": "OREC",
        "CONDUIT_WI": 13000.0,
        "CONDUIT_HE": 2291.0,
        "US_INVERT": 26.307,
        "DS_INVERT": 26.285,
        "USER_TEXT2": "Existing",
        "SHAPE.LEN": 30.146457254709098
      },
      "geometry": {
        "type": "LineString",
        "coordinates": [
          [
            277544.5,
            2110151.8000000007
          ],
          [
            277547.2865000004,
            2110121.7826000005
          ]
        ]
      }
    },
    {
      "type": "Feature",
      "properties": {
        "OBJECTID": 28395,
        "US_NODE_ID": "2177105013!",
        "DS_NODE_ID": "2177105014!",
        "CONDUIT_LE": 30.0,
        "SHAPE_1": "OREC",
        "CONDUIT_WI": 13000.0,
        "CONDUIT_HE": 2343.0,
        "US_INVERT": 26.264,
        "DS_INVERT": 26.243,
        "USER_TEXT2": "Existing",
        "SHAPE.LEN": 29.9808272067333
      },
      "geometry": {
        "type": "LineString",
        "coordinates": [
          [
            277549.7000000002,
            2110092
          ],
          [
            277551.9000000004,
            2110062.0999999996
          ]
        ]
      }
    },
    {
      "type": "Feature",
      "properties": {
        "OBJECTID": 28398,
        "US_NODE_ID": "2177105014",
        "DS_NODE_ID": "2177105015",
        "CONDUIT_LE": 18.0,
        "SHAPE_1": "OREC",
        "CONDUIT_WI": 13000.0,
        "CONDUIT_HE": 2355.0,
        "US_INVERT": 26.243,
        "DS_INVERT": 26.23,
        "USER_TEXT2": "Existing",
        "SHAPE.LEN": 18.005554698481202
      },
      "geometry": {
        "type": "LineString",
        "coordinates": [
          [
            277551.9000000004,
            2110062.0999999996
          ],
          [
            277555.7000000002,
            2110044.5
          ]
        ]
      }
    },
    {
      "type": "Feature",
      "properties": {
        "OBJECTID": 28403,
        "US_NODE_ID": "2177105017!",
        "DS_NODE_ID": "2177105006!",
        "CONDUIT_LE": 11.4,
        "SHAPE_1": "OREC",
        "CONDUIT_WI": 13000.0,
        "CONDUIT_HE": 2152.0,
        "US_INVERT": 26.455,
        "DS_INVERT": 26.436,
        "USER_TEXT2": "Existing",
        "SHAPE.LEN": 11.4262648284555
      },
      "geometry": {
        "type": "LineString",
        "coordinates": [
          [
            277559.5999999996,
            2110036.0999999996
          ],
          [
            277565.7971999999,
            2110026.5002999995
          ]
        ]
      }
    },
    {
      "type": "Feature",
      "properties": {
        "OBJECTID": 28405,
        "US_NODE_ID": "2177105101!",
        "DS_NODE_ID": "2177105102!",
        "CONDUIT_LE": 30.0,
        "SHAPE_1": "OREC",
        "CONDUIT_WI": 13000.0,
        "CONDUIT_HE": 2279.0,
        "US_INVERT": 26.328,
        "DS_INVERT": 26.307,
        "USER_TEXT2": "Existing",
        "SHAPE.LEN": 30.0154077939981
      },
      "geometry": {
        "type": "LineString",
        "coordinates": [
          [
            277541.4397999998,
            2110181.659
          ],
          [
            277544.5,
            2110151.8000000007
          ]
        ]
      }
    },
    {
      "type": "Feature",
      "properties": {
        "OBJECTID": 28451,
        "US_NODE_ID": "2177105318",
        "DS_NODE_ID": "2177105317",
        "CONDUIT_LE": 29.9,
        "SHAPE_1": "OREC",
        "CONDUIT_WI": 13000.0,
        "CONDUIT_HE": 2301.0,
        "US_INVERT": 26.497,
        "DS_INVERT": 26.476,
        "USER_TEXT2": "Existing",
        "SHAPE.LEN": 29.8824512516962
      },
      "geometry": {
        "type": "LineString",
        "coordinates": [
          [
            277594.0999999996,
            2110389
          ],
          [
            277569.92200000025,
            2110371.439099999
          ]
        ]
      }
    },
    {
      "type": "Feature",
      "properties": {
        "OBJECTID": 28463,
        "US_NODE_ID": "2177105404",
        "DS_NODE_ID": "2177105403",
        "CONDUIT_LE": 16.3,
        "SHAPE_1": "OREC",
        "CONDUIT_WI": 1624.0,
        "CONDUIT_HE": 3351.0,
        "US_INVERT": 26.849,
        "DS_INVERT": 26.833,
        "USER_TEXT2": "Existing",
        "SHAPE.LEN": 16.2630709676863
      },
      "geometry": {
        "type": "LineString",
        "coordinates": [
          [
            277552.9096999997,
            2110438.6920999996
          ],
          [
            277549.6639999999,
            2110422.7562000006
          ]
        ]
      }
    },
    {
      "type": "Feature",
      "properties": {
        "OBJECTID": 28471,
        "US_NODE_ID": "2177105408",
        "DS_NODE_ID": "2177105406",
        "CONDUIT_LE": 16.9,
        "SHAPE_1": "OREC",
        "CONDUIT_WI": 1624.0,
        "CONDUIT_HE": 2693.0,
        "US_INVERT": 26.906,
        "DS_INVERT": 26.889,
        "USER_TEXT2": "Existing",
        "SHAPE.LEN": 16.855744602360296
      },
      "geometry": {
        "type": "LineString",
        "coordinates": [
          [
            277582.78890000004,
            2110484.4563999996
          ],
          [
            277570.9809999997,
            2110472.4277
          ]
        ]
      }
    },
    {
      "type": "Feature",
      "properties": {
        "OBJECTID": 28468,
        "US_NODE_ID": "2177105407!",
        "DS_NODE_ID": "2177105408!",
        "CONDUIT_LE": 1.8,
        "SHAPE_1": "OREC",
        "CONDUIT_WI": 1624.0,
        "CONDUIT_HE": 3291.0,
        "US_INVERT": 26.908,
        "DS_INVERT": 26.906,
        "USER_TEXT2": "Existing",
        "SHAPE.LEN": 1.7520534238430099
      },
      "geometry": {
        "type": "LineString",
        "coordinates": [
          [
            277581.51570000034,
            2110485.66
          ],
          [
            277582.78890000004,
            2110484.4563999996
          ]
        ]
      }
    },
    {
      "type": "Feature",
      "properties": {
        "OBJECTID": 28575,
        "US_NODE_ID": "2177116201!",
        "DS_NODE_ID": "2177116202!",
        "CONDUIT_LE": 76.0,
        "SHAPE_1": "OREC",
        "CONDUIT_WI": 4800.0,
        "CONDUIT_HE": 2408.0,
        "US_INVERT": 27.992,
        "DS_INVERT": 27.916,
        "USER_TEXT2": "Existing",
        "SHAPE.LEN": 76.0445679746423
      },
      "geometry": {
        "type": "LineString",
        "coordinates": [
          [
            277623.9157999996,
            2111240.6896
          ],
          [
            277689.5996000003,
            2111202.3696999997
          ]
        ]
      }
    },
    {
      "type": "Feature",
      "properties": {
        "OBJECTID": 28583,
        "US_NODE_ID": "2177116504",
        "DS_NODE_ID": "2177116502",
        "CONDUIT_LE": 10.1,
        "SHAPE_1": "RECT",
        "CONDUIT_WI": 1800.0,
        "CONDUIT_HE": 1500.0,
        "US_INVERT": 32.217,
        "DS_INVERT": 32.186,
        "USER_TEXT2": "Proposal",
        "SHAPE.LEN": 10.1004800999754
      },
      "geometry": {
        "type": "LineString",
        "coordinates": [
          [
            277649.4749999996,
            2111598.3291999996
          ],
          [
            277639.3838999998,
            2111597.8939999994
          ]
        ]
      }
    },
    {
      "type": "Feature",
      "properties": {
        "OBJECTID": 28121,
        "US_NODE_ID": "2177087401",
        "DS_NODE_ID": "2177086302",
        "CONDUIT_LE": 59.7,
        "SHAPE_1": "RECT",
        "CONDUIT_WI": 4700.0,
        "CONDUIT_HE": 2000.0,
        "US_INVERT": 26.407,
        "DS_INVERT": 26.36,
        "USER_TEXT2": "Proposal",
        "SHAPE.LEN": 59.7062943747977
      },
      "geometry": {
        "type": "LineString",
        "coordinates": [
          [
            277709,
            2108435.1999999993
          ],
          [
            277668.40189999994,
            2108391.420600001
          ]
        ]
      }
    },
    {
      "type": "Feature",
      "properties": {
        "OBJECTID": 28220,
        "US_NODE_ID": "2177096201",
        "DS_NODE_ID": "2177096104",
        "CONDUIT_LE": 29.9,
        "SHAPE_1": "OREC",
        "CONDUIT_WI": 11396.0,
        "CONDUIT_HE": 2393.0,
        "US_INVERT": 26.053,
        "DS_INVERT": 26.05,
        "USER_TEXT2": "Existing",
        "SHAPE.LEN": 29.931225338265097
      },
      "geometry": {
        "type": "LineString",
        "coordinates": [
          [
            277678.16309999954,
            2109222.065199999
          ],
          [
            277664.0870000003,
            2109195.6503999997
          ]
        ]
      }
    },
    {
      "type": "Feature",
      "properties": {
        "OBJECTID": 28229,
        "US_NODE_ID": "2177096804",
        "DS_NODE_ID": "2177096805",
        "CONDUIT_LE": 8.7,
        "SHAPE_1": "OREC",
        "CONDUIT_WI": 10000.0,
        "CONDUIT_HE": 2878.0,
        "US_INVERT": 26.129,
        "DS_INVERT": 26.129,
        "USER_TEXT2": "Existing",
        "SHAPE.LEN": 8.744266918387149
      },
      "geometry": {
        "type": "LineString",
        "coordinates": [
          [
            277689.54750000034,
            2109871.669500001
          ],
          [
            277695.75,
            2109865.5057999995
          ]
        ]
      }
    },
    {
      "type": "Feature",
      "properties": {
        "OBJECTID": 28230,
        "US_NODE_ID": "2177096805!",
        "DS_NODE_ID": "2177097806!",
        "CONDUIT_LE": 6.9,
        "SHAPE_1": "RECT",
        "CONDUIT_WI": 13000.0,
        "CONDUIT_HE": 2679.0,
        "US_INVERT": 26.129,
        "DS_INVERT": 26.128,
        "USER_TEXT2": "Existing",
        "SHAPE.LEN": 6.86748961702892
      },
      "geometry": {
        "type": "LineString",
        "coordinates": [
          [
            277695.75,
            2109865.5057999995
          ],
          [
            277701.0999999996,
            2109861.1999999993
          ]
        ]
      }
    },
    {
      "type": "Feature",
      "properties": {
        "OBJECTID": 28266,
        "US_NODE_ID": "2177097803",
        "DS_NODE_ID": "2177097805",
        "CONDUIT_LE": 16.7,
        "SHAPE_1": "OREC",
        "CONDUIT_WI": 13000.0,
        "CONDUIT_HE": 2086.0,
        "US_INVERT": 26.121,
        "DS_INVERT": 26.12,
        "USER_TEXT2": "Existing",
        "SHAPE.LEN": 16.7319359934826
      },
      "geometry": {
        "type": "LineString",
        "coordinates": [
          [
            277762.6085000001,
            2109825.3281999994
          ],
          [
            277775.27249999996,
            2109814.3928999994
          ]
        ]
      }
    },
    {
      "type": "Feature",
      "properties": {
        "OBJECTID": 28578,
        "US_NODE_ID": "2177116202",
        "DS_NODE_ID": "2177117101",
        "CONDUIT_LE": 72.5,
        "SHAPE_1": "OREC",
        "CONDUIT_WI": 4800.0,
        "CONDUIT_HE": 2283.0,
        "US_INVERT": 27.916,
        "DS_INVERT": 27.843,
        "USER_TEXT2": "Existing",
        "SHAPE.LEN": 72.4917027242429
      },
      "geometry": {
        "type": "LineString",
        "coordinates": [
          [
            277689.5996000003,
            2111202.3696999997
          ],
          [
            277752.4227,
            2111166.1992000006
          ]
        ]
      }
    },
    {
      "type": "Feature",
      "properties": {
        "OBJECTID": 28587,
        "US_NODE_ID": "2177117101",
        "DS_NODE_ID": "2177118101",
        "CONDUIT_LE": 66.3,
        "SHAPE_1": "OREC",
        "CONDUIT_WI": 4800.0,
        "CONDUIT_HE": 2157.0,
        "US_INVERT": 27.843,
        "DS_INVERT": 27.777,
        "USER_TEXT2": "Existing",
        "SHAPE.LEN": 66.3143715753984
      },
      "geometry": {
        "type": "LineString",
        "coordinates": [
          [
            277752.4227,
            2111166.1992000006
          ],
          [
            277809.52469999995,
            2111132.4804
          ]
        ]
      }
    },
    {
      "type": "Feature",
      "properties": {
        "OBJECTID": 28588,
        "US_NODE_ID": "2177117801",
        "DS_NODE_ID": "2177116701",
        "CONDUIT_LE": 115.6,
        "SHAPE_1": "RECT",
        "CONDUIT_WI": 600.0,
        "CONDUIT_HE": 1595.0,
        "US_INVERT": 33.373,
        "DS_INVERT": 32.688,
        "USER_TEXT2": "Existing",
        "SHAPE.LEN": 115.63891925377001
      },
      "geometry": {
        "type": "LineString",
        "coordinates": [
          [
            277722.99120000005,
            2111816.3444
          ],
          [
            277671.49590000045,
            2111712.8040999994
          ]
        ]
      }
    },
    {
      "type": "Feature",
      "properties": {
        "OBJECTID": 29082,
        "US_NODE_ID": "2178080701",
        "DS_NODE_ID": "2177087501",
        "CONDUIT_LE": 276.0,
        "SHAPE_1": "OREC",
        "CONDUIT_WI": 4000.0,
        "CONDUIT_HE": 3298.0,
        "US_INVERT": 26.201,
        "DS_INVERT": 26.021,
        "USER_TEXT2": "Existing",
        "SHAPE.LEN": 276.045358591663
      },
      "geometry": {
        "type": "LineString",
        "coordinates": [
          [
            278004.9000000004,
            2108721.3000000007
          ],
          [
            277785.0999999996,
            2108554.3000000007
          ]
        ]
      }
    },
    {
      "type": "Feature",
      "properties": {
        "OBJECTID": 28258,
        "US_NODE_ID": "2177097606",
        "DS_NODE_ID": "2177097607",
        "CONDUIT_LE": 7.6,
        "SHAPE_1": "OREC",
        "CONDUIT_WI": 13000.0,
        "CONDUIT_HE": 2510.0,
        "US_INVERT": 26.096,
        "DS_INVERT": 26.095,
        "USER_TEXT2": "Existing",
        "SHAPE.LEN": 7.57586369267557
      },
      "geometry": {
        "type": "LineString",
        "coordinates": [
          [
            277792.1616000002,
            2109619.7388000004
          ],
          [
            277798.21779999975,
            2109615.1873000003
          ]
        ]
      }
    },
    {
      "type": "Feature",
      "properties": {
        "OBJECTID": 28287,
        "US_NODE_ID": "2177098508",
        "DS_NODE_ID": "2177098507",
        "CONDUIT_LE": 8.5,
        "SHAPE_1": "OREC",
        "CONDUIT_WI": 7000.0,
        "CONDUIT_HE": 1231.0,
        "US_INVERT": 26.975,
        "DS_INVERT": 26.97,
        "USER_TEXT2": "Existing",
        "SHAPE.LEN": 8.47523749283759
      },
      "geometry": {
        "type": "LineString",
        "coordinates": [
          [
            277855.3814000003,
            2109588.3652999997
          ],
          [
            277851.9774000002,
            2109580.603700001
          ]
        ]
      }
    },
    {
      "type": "Feature",
      "properties": {
        "OBJECTID": 28296,
        "US_NODE_ID": "2177098901",
        "DS_NODE_ID": "2178100001",
        "CONDUIT_LE": 217.8,
        "SHAPE_1": "OREC",
        "CONDUIT_WI": 15000.0,
        "CONDUIT_HE": 2242.0,
        "US_INVERT": 26.056,
        "DS_INVERT": 26.042,
        "USER_TEXT2": "Proposal",
        "SHAPE.LEN": 217.769717821372
      },
      "geometry": {
        "type": "LineString",
        "coordinates": [
          [
            277824.2000000002,
            2109948.1999999993
          ],
          [
            278007.0999999996,
            2110066.4000000004
          ]
        ]
      }
    },
    {
      "type": "Feature",
      "properties": {
        "OBJECTID": 28503,
        "US_NODE_ID": "2177109601",
        "DS_NODE_ID": "2177108602",
        "CONDUIT_LE": 29.9,
        "SHAPE_1": "OREC",
        "CONDUIT_WI": 13000.0,
        "CONDUIT_HE": 2014.0,
        "US_INVERT": 26.793,
        "DS_INVERT": 26.74,
        "USER_TEXT2": "Existing",
        "SHAPE.LEN": 29.920540904535798
      },
      "geometry": {
        "type": "LineString",
        "coordinates": [
          [
            277916.9819,
            2110652.5429
          ],
          [
            277893.5,
            2110634
          ]
        ]
      }
    },
    {
      "type": "Feature",
      "properties": {
        "OBJECTID": 28597,
        "US_NODE_ID": "2177118801",
        "DS_NODE_ID": "2177117804",
        "CONDUIT_LE": 70.3,
        "SHAPE_1": "OREC",
        "CONDUIT_WI": 1800.0,
        "CONDUIT_HE": 1500.0,
        "US_INVERT": 39.11,
        "DS_INVERT": 34.1,
        "USER_TEXT2": "Existing",
        "SHAPE.LEN": 70.2954449381324
      },
      "geometry": {
        "type": "LineString",
        "coordinates": [
          [
            277853.6235999996,
            2111837.864
          ],
          [
            277783.3383999998,
            2111836.663899999
          ]
        ]
      }
    },
    {
      "type": "Feature",
      "properties": {
        "OBJECTID": 29085,
        "US_NODE_ID": "2178081802",
        "DS_NODE_ID": "2178080701",
        "CONDUIT_LE": 244.8,
        "SHAPE_1": "OREC",
        "CONDUIT_WI": 4000.0,
        "CONDUIT_HE": 3038.0,
        "US_INVERT": 26.361,
        "DS_INVERT": 26.201,
        "USER_TEXT2": "Existing",
        "SHAPE.LEN": 244.78864352743201
      },
      "geometry": {
        "type": "LineString",
        "coordinates": [
          [
            278191.7000000002,
            2108879.5
          ],
          [
            278004.9000000004,
            2108721.3000000007
          ]
        ]
      }
    },
    {
      "type": "Feature",
      "properties": {
        "OBJECTID": 29107,
        "US_NODE_ID": "2178090402",
        "DS_NODE_ID": "2178090401",
        "CONDUIT_LE": 30.3,
        "SHAPE_1": "OREC",
        "CONDUIT_WI": 12000.0,
        "CONDUIT_HE": 1755.0,
        "US_INVERT": 26.364,
        "DS_INVERT": 26.356,
        "USER_TEXT2": "Existing",
        "SHAPE.LEN": 30.317278850352
      },
      "geometry": {
        "type": "LineString",
        "coordinates": [
          [
            278043.78199999966,
            2109403.7732999995
          ],
          [
            278016.5999999996,
            2109417.1999999993
          ]
        ]
      }
    },
    {
      "type": "Feature",
      "properties": {
        "OBJECTID": 28509,
        "US_NODE_ID": "2177109701",
        "DS_NODE_ID": "2177109603",
        "CONDUIT_LE": 30.0,
        "SHAPE_1": "OREC",
        "CONDUIT_WI": 13000.0,
        "CONDUIT_HE": 1961.0,
        "US_INVERT": 26.857,
        "DS_INVERT": 26.836,
        "USER_TEXT2": "Existing",
        "SHAPE.LEN": 30.0208801822998
      },
      "geometry": {
        "type": "LineString",
        "coordinates": [
          [
            277988.10140000004,
            2110707.7635999992
          ],
          [
            277963.9000000004,
            2110690
          ]
        ]
      }
    },
    {
      "type": "Feature",
      "properties": {
        "OBJECTID": 29208,
        "US_NODE_ID": "2178100703",
        "DS_NODE_ID": "2178100701",
        "CONDUIT_LE": 20.7,
        "SHAPE_1": "OREC",
        "CONDUIT_WI": 13000.0,
        "CONDUIT_HE": 2894.0,
        "US_INVERT": 26.893,
        "DS_INVERT": 26.878,
        "USER_TEXT2": "Existing",
        "SHAPE.LEN": 20.696269324204298
      },
      "geometry": {
        "type": "LineString",
        "coordinates": [
          [
            278032.38150000013,
            2110732.234099999
          ],
          [
            278014.301,
            2110722.162799999
          ]
        ]
      }
    },
    {
      "type": "Feature",
      "properties": {
        "OBJECTID": 28516,
        "US_NODE_ID": "2177109804!",
        "DS_NODE_ID": "2178100801!",
        "CONDUIT_LE": 39.3,
        "SHAPE_1": "OREC",
        "CONDUIT_WI": 4800.0,
        "CONDUIT_HE": 2401.0,
        "US_INVERT": 27.398,
        "DS_INVERT": 27.358,
        "USER_TEXT2": "Existing",
        "SHAPE.LEN": 39.2952291482058
      },
      "geometry": {
        "type": "LineString",
        "coordinates": [
          [
            277981.23560000025,
            2110839.585000001
          ],
          [
            278000.1946999999,
            2110805.1659999993
          ]
        ]
      }
    },
    {
      "type": "Feature",
      "properties": {
        "OBJECTID": 28510,
        "US_NODE_ID": "2177109801!",
        "DS_NODE_ID": "2177109802!",
        "CONDUIT_LE": 9.4,
        "SHAPE_1": "OREC",
        "CONDUIT_WI": 4800.0,
        "CONDUIT_HE": 2344.0,
        "US_INVERT": 27.456,
        "DS_INVERT": 27.447,
        "USER_TEXT2": "Existing",
        "SHAPE.LEN": 9.40639358574794
      },
      "geometry": {
        "type": "LineString",
        "coordinates": [
          [
            277959.15610000025,
            2110893.7282999996
          ],
          [
            277961.8662999999,
            2110884.7207999993
          ]
        ]
      }
    },
    {
      "type": "Feature",
      "properties": {
        "OBJECTID": 28599,
        "US_NODE_ID": "2177119001",
        "DS_NODE_ID": "2177119002",
        "CONDUIT_LE": 27.5,
        "SHAPE_1": "OREC",
        "CONDUIT_WI": 4800.0,
        "CONDUIT_HE": 2164.0,
        "US_INVERT": 27.635,
        "DS_INVERT": 27.607,
        "USER_TEXT2": "Existing",
        "SHAPE.LEN": 27.543123393144796
      },
      "geometry": {
        "type": "LineString",
        "coordinates": [
          [
            277930.9901999999,
            2111057.9563999996
          ],
          [
            277953.65490000043,
            2111042.306
          ]
        ]
      }
    },
    {
      "type": "Feature",
      "properties": {
        "OBJECTID": 29373,
        "US_NODE_ID": "2178110302",
        "DS_NODE_ID": "2178110301",
        "CONDUIT_LE": 31.2,
        "SHAPE_1": "RECT",
        "CONDUIT_WI": 3500.0,
        "CONDUIT_HE": 2772.0,
        "US_INVERT": 30.734,
        "DS_INVERT": 30.583,
        "USER_TEXT2": "Existing",
        "SHAPE.LEN": 31.207331859837
      },
      "geometry": {
        "type": "LineString",
        "coordinates": [
          [
            278012.1571000004,
            2111364.0118000004
          ],
          [
            278005.30370000005,
            2111333.566299999
          ]
        ]
      }
    },
    {
      "type": "Feature",
      "properties": {
        "OBJECTID": 29378,
        "US_NODE_ID": "2178110401!",
        "DS_NODE_ID": "2178110303!",
        "CONDUIT_LE": 29.8,
        "SHAPE_1": "RECT",
        "CONDUIT_WI": 3500.0,
        "CONDUIT_HE": 2110.0,
        "US_INVERT": 31.156,
        "DS_INVERT": 30.919,
        "USER_TEXT2": "Existing",
        "SHAPE.LEN": 29.8230998958861
      },
      "geometry": {
        "type": "LineString",
        "coordinates": [
          [
            278029.20440000016,
            2111423.0396999996
          ],
          [
            278019.55879999977,
            2111394.8194999993
          ]
        ]
      }
    },
    {
      "type": "Feature",
      "properties": {
        "OBJECTID": 29122,
        "US_NODE_ID": "2178091602",
        "DS_NODE_ID": "2178091601",
        "CONDUIT_LE": 29.9,
        "SHAPE_1": "OREC",
        "CONDUIT_WI": 5000.0,
        "CONDUIT_HE": 1570.0,
        "US_INVERT": 27.149,
        "DS_INVERT": 27.13,
        "USER_TEXT2": "Existing",
        "SHAPE.LEN": 29.9310447630884
      },
      "geometry": {
        "type": "LineString",
        "coordinates": [
          [
            278131.9025999997,
            2109673.0846999995
          ],
          [
            278102.0876000002,
            2109670.4516000003
          ]
        ]
      }
    },
    {
      "type": "Feature",
      "properties": {
        "OBJECTID": 29237,
        "US_NODE_ID": "2178101101!",
        "DS_NODE_ID": "2178102201!",
        "CONDUIT_LE": 209.4,
        "SHAPE_1": "OREC",
        "CONDUIT_WI": 15000.0,
        "CONDUIT_HE": 2265.0,
        "US_INVERT": 26.033,
        "DS_INVERT": 26.02,
        "USER_TEXT2": "Proposal",
        "SHAPE.LEN": 209.417406153357
      },
      "geometry": {
        "type": "LineString",
        "coordinates": [
          [
            278126.2000000002,
            2110162.9000000004
          ],
          [
            278287.2999999998,
            2110296.6999999993
          ]
        ]
      }
    },
    {
      "type": "Feature",
      "properties": {
        "OBJECTID": 29215,
        "US_NODE_ID": "2178100707!",
        "DS_NODE_ID": "2178100708!",
        "CONDUIT_LE": 8.8,
        "SHAPE_1": "RECT",
        "CONDUIT_WI": 4500.0,
        "CONDUIT_HE": 1740.0,
        "US_INVERT": 28.006,
        "DS_INVERT": 28.0,
        "USER_TEXT2": "Existing",
        "SHAPE.LEN": 8.840818705301
      },
      "geometry": {
        "type": "LineString",
        "coordinates": [
          [
            278055.5473999996,
            2110757.7847000007
          ],
          [
            278057.01769999973,
            2110749.067
          ]
        ]
      }
    },
    {
      "type": "Feature",
      "properties": {
        "OBJECTID": 29216,
        "US_NODE_ID": "2178100707",
        "DS_NODE_ID": "2178100708",
        "CONDUIT_LE": 8.8,
        "SHAPE_1": "RECT",
        "CONDUIT_WI": 4500.0,
        "CONDUIT_HE": 1740.0,
        "US_INVERT": 28.006,
        "DS_INVERT": 28.0,
        "USER_TEXT2": "Existing",
        "SHAPE.LEN": 8.840818705301
      },
      "geometry": {
        "type": "LineString",
        "coordinates": [
          [
            278055.5473999996,
            2110757.7847000007
          ],
          [
            278057.01769999973,
            2110749.067
          ]
        ]
      }
    },
    {
      "type": "Feature",
      "properties": {
        "OBJECTID": 29240,
        "US_NODE_ID": "2178101701",
        "DS_NODE_ID": "2178100709",
        "CONDUIT_LE": 30.2,
        "SHAPE_1": "OREC",
        "CONDUIT_WI": 9600.0,
        "CONDUIT_HE": 2491.0,
        "US_INVERT": 27.327,
        "DS_INVERT": 27.301,
        "USER_TEXT2": "Existing",
        "SHAPE.LEN": 30.154320477337897
      },
      "geometry": {
        "type": "LineString",
        "coordinates": [
          [
            278102.2876000004,
            2110788.400699999
          ],
          [
            278079.1908,
            2110769.0145999994
          ]
        ]
      }
    },
    {
      "type": "Feature",
      "properties": {
        "OBJECTID": 29244,
        "US_NODE_ID": "2178101802",
        "DS_NODE_ID": "2178101801",
        "CONDUIT_LE": 29.9,
        "SHAPE_1": "OREC",
        "CONDUIT_WI": 9600.0,
        "CONDUIT_HE": 2365.0,
        "US_INVERT": 27.373,
        "DS_INVERT": 27.348,
        "USER_TEXT2": "Existing",
        "SHAPE.LEN": 29.8999284163023
      },
      "geometry": {
        "type": "LineString",
        "coordinates": [
          [
            278147.5491000004,
            2110827.2865999993
          ],
          [
            278124.68900000025,
            2110808.0143
          ]
        ]
      }
    },
    {
      "type": "Feature",
      "properties": {
        "OBJECTID": 29229,
        "US_NODE_ID": "2178100901!",
        "DS_NODE_ID": "2178100803!",
        "CONDUIT_LE": 30.0,
        "SHAPE_1": "RECT",
        "CONDUIT_WI": 4500.0,
        "CONDUIT_HE": 1596.0,
        "US_INVERT": 28.11,
        "DS_INVERT": 28.089,
        "USER_TEXT2": "Existing",
        "SHAPE.LEN": 30.0304932635147
      },
      "geometry": {
        "type": "LineString",
        "coordinates": [
          [
            278060.86450000014,
            2110907.304300001
          ],
          [
            278059.46360000037,
            2110877.306500001
          ]
        ]
      }
    },
    {
      "type": "Feature",
      "properties": {
        "OBJECTID": 29231,
        "US_NODE_ID": "2178100902!",
        "DS_NODE_ID": "2178100901!",
        "CONDUIT_LE": 29.8,
        "SHAPE_1": "RECT",
        "CONDUIT_WI": 4500.0,
        "CONDUIT_HE": 1697.0,
        "US_INVERT": 28.189,
        "DS_INVERT": 28.11,
        "USER_TEXT2": "Existing",
        "SHAPE.LEN": 29.8246335181172
      },
      "geometry": {
        "type": "LineString",
        "coordinates": [
          [
            278062.5965,
            2110937.0786000006
          ],
          [
            278060.86450000014,
            2110907.304300001
          ]
        ]
      }
    },
    {
      "type": "Feature",
      "properties": {
        "OBJECTID": 29401,
        "US_NODE_ID": "2178111301",
        "DS_NODE_ID": "2178110304",
        "CONDUIT_LE": 76.2,
        "SHAPE_1": "OREC",
        "CONDUIT_WI": 7090.0,
        "CONDUIT_HE": 3248.0,
        "US_INVERT": 27.96,
        "DS_INVERT": 27.884,
        "USER_TEXT2": "Existing",
        "SHAPE.LEN": 76.23776479672
      },
      "geometry": {
        "type": "LineString",
        "coordinates": [
          [
            278138.32859999966,
            2111359.9481000006
          ],
          [
            278087.42920000013,
            2111303.190300001
          ]
        ]
      }
    },
    {
      "type": "Feature",
      "properties": {
        "OBJECTID": 29376,
        "US_NODE_ID": "2178110304!",
        "DS_NODE_ID": "2178111302!",
        "CONDUIT_LE": 56.2,
        "SHAPE_1": "OREC",
        "CONDUIT_WI": 7000.0,
        "CONDUIT_HE": 2824.0,
        "US_INVERT": 27.884,
        "DS_INVERT": 27.828,
        "USER_TEXT2": "Existing",
        "SHAPE.LEN": 56.2359821228366
      },
      "geometry": {
        "type": "LineString",
        "coordinates": [
          [
            278087.42920000013,
            2111303.190300001
          ],
          [
            278141.67059999984,
            2111318.0347000007
          ]
        ]
      }
    },
    {
      "type": "Feature",
      "properties": {
        "OBJECTID": 29381,
        "US_NODE_ID": "2178110402",
        "DS_NODE_ID": "2178110401",
        "CONDUIT_LE": 30.0,
        "SHAPE_1": "RECT",
        "CONDUIT_WI": 3500.0,
        "CONDUIT_HE": 2110.0,
        "US_INVERT": 31.536,
        "DS_INVERT": 31.156,
        "USER_TEXT2": "Existing",
        "SHAPE.LEN": 29.963225658964
      },
      "geometry": {
        "type": "LineString",
        "coordinates": [
          [
            278035.7901999997,
            2111452.270199999
          ],
          [
            278029.20440000016,
            2111423.0396999996
          ]
        ]
      }
    },
    {
      "type": "Feature",
      "properties": {
        "OBJECTID": 29435,
        "US_NODE_ID": "2178112401",
        "DS_NODE_ID": "2178111301",
        "CONDUIT_LE": 90.9,
        "SHAPE_1": "OREC",
        "CONDUIT_WI": 7090.0,
        "CONDUIT_HE": 3057.0,
        "US_INVERT": 28.051,
        "DS_INVERT": 27.96,
        "USER_TEXT2": "Existing",
        "SHAPE.LEN": 90.89696725793439
      },
      "geometry": {
        "type": "LineString",
        "coordinates": [
          [
            278204.2324000001,
            2111422.5495999996
          ],
          [
            278138.32859999966,
            2111359.9481000006
          ]
        ]
      }
    },
    {
      "type": "Feature",
      "properties": {
        "OBJECTID": 29385,
        "US_NODE_ID": "2178110501",
        "DS_NODE_ID": "2178110403",
        "CONDUIT_LE": 28.8,
        "SHAPE_1": "RECT",
        "CONDUIT_WI": 4000.0,
        "CONDUIT_HE": 2085.0,
        "US_INVERT": 32.421,
        "DS_INVERT": 31.809,
        "USER_TEXT2": "Existing",
        "SHAPE.LEN": 28.8262802166703
      },
      "geometry": {
        "type": "LineString",
        "coordinates": [
          [
            278051.5981999999,
            2111508.8913000003
          ],
          [
            278042.93850000016,
            2111481.3965000007
          ]
        ]
      }
    },
    {
      "type": "Feature",
      "properties": {
        "OBJECTID": 29387,
        "US_NODE_ID": "2178110502",
        "DS_NODE_ID": "2178110501",
        "CONDUIT_LE": 29.8,
        "SHAPE_1": "RECT",
        "CONDUIT_WI": 4000.0,
        "CONDUIT_HE": 2136.0,
        "US_INVERT": 32.87,
        "DS_INVERT": 32.421,
        "USER_TEXT2": "Existing",
        "SHAPE.LEN": 29.7737
      },
      "geometry": {
        "type": "LineString",
        "coordinates": [
          [
            278081.3718999997,
            2111508.8913000003
          ],
          [
            278051.5981999999,
            2111508.8913000003
          ]
        ]
      }
    },
    {
      "type": "Feature",
      "properties": {
        "OBJECTID": 29087,
        "US_NODE_ID": "2178083801",
        "DS_NODE_ID": "2178081801",
        "CONDUIT_LE": 151.4,
        "SHAPE_1": "RECT",
        "CONDUIT_WI": 4500.0,
        "CONDUIT_HE": 2000.0,
        "US_INVERT": 27.0,
        "DS_INVERT": 26.882,
        "USER_TEXT2": "Proposal",
        "SHAPE.LEN": 151.422917684213
      },
      "geometry": {
        "type": "LineString",
        "coordinates": [
          [
            278308.5999999996,
            2108899.4000000004
          ],
          [
            278183.9000000004,
            2108813.5
          ]
        ]
      }
    },
    {
      "type": "Feature",
      "properties": {
        "OBJECTID": 29131,
        "US_NODE_ID": "2178092602!",
        "DS_NODE_ID": "2178092603!",
        "CONDUIT_LE": 11.4,
        "SHAPE_1": "OREC",
        "CONDUIT_WI": 5214.0,
        "CONDUIT_HE": 1537.0,
        "US_INVERT": 26.658,
        "DS_INVERT": 26.658,
        "USER_TEXT2": "Existing",
        "SHAPE.LEN": 11.423659658795899
      },
      "geometry": {
        "type": "LineString",
        "coordinates": [
          [
            278236.0999999996,
            2109633.5
          ],
          [
            278241.7999999998,
            2109643.4000000004
          ]
        ]
      }
    },
    {
      "type": "Feature",
      "properties": {
        "OBJECTID": 29132,
        "US_NODE_ID": "2178092602",
        "DS_NODE_ID": "2178092601",
        "CONDUIT_LE": 7.1,
        "SHAPE_1": "RECT",
        "CONDUIT_WI": 5000.0,
        "CONDUIT_HE": 1371.0,
        "US_INVERT": 27.428,
        "DS_INVERT": 27.426,
        "USER_TEXT2": "Existing",
        "SHAPE.LEN": 7.144928271158499
      },
      "geometry": {
        "type": "LineString",
        "coordinates": [
          [
            278212.5999999996,
            2109680.1999999993
          ],
          [
            278205.5,
            2109679.4000000004
          ]
        ]
      }
    },
    {
      "type": "Feature",
      "properties": {
        "OBJECTID": 29399,
        "US_NODE_ID": "2178111201",
        "DS_NODE_ID": "2178111102",
        "CONDUIT_LE": 45.8,
        "SHAPE_1": "OREC",
        "CONDUIT_WI": 4500.0,
        "CONDUIT_HE": 1887.0,
        "US_INVERT": 27.721,
        "DS_INVERT": 27.675,
        "USER_TEXT2": "Existing",
        "SHAPE.LEN": 45.8091463584512
      },
      "geometry": {
        "type": "LineString",
        "coordinates": [
          [
            278179.4000000004,
            2111221.6999999993
          ],
          [
            278191.2496999996,
            2111177.4499999993
          ]
        ]
      }
    },
    {
      "type": "Feature",
      "properties": {
        "OBJECTID": 29412,
        "US_NODE_ID": "2178111504!",
        "DS_NODE_ID": "2178111503!",
        "CONDUIT_LE": 30.0,
        "SHAPE_1": "OREC",
        "CONDUIT_WI": 4000.0,
        "CONDUIT_HE": 3435.0,
        "US_INVERT": 33.071,
        "DS_INVERT": 33.005,
        "USER_TEXT2": "Existing",
        "SHAPE.LEN": 29.972079221335296
      },
      "geometry": {
        "type": "LineString",
        "coordinates": [
          [
            278199.16530000046,
            2111527.2982
          ],
          [
            278170.4726,
            2111518.6348
          ]
        ]
      }
    },
    {
      "type": "Feature",
      "properties": {
        "OBJECTID": 29139,
        "US_NODE_ID": "2178093002",
        "DS_NODE_ID": "2178093001",
        "CONDUIT_LE": 29.8,
        "SHAPE_1": "OREC",
        "CONDUIT_WI": 4000.0,
        "CONDUIT_HE": 2524.0,
        "US_INVERT": 26.511,
        "DS_INVERT": 26.488,
        "USER_TEXT2": "Existing",
        "SHAPE.LEN": 29.7957812116078
      },
      "geometry": {
        "type": "LineString",
        "coordinates": [
          [
            278304.5736999996,
            2109037.1478000004
          ],
          [
            278301.8388,
            2109007.4778000005
          ]
        ]
      }
    },
    {
      "type": "Feature",
      "properties": {
        "OBJECTID": 29148,
        "US_NODE_ID": "2178093303",
        "DS_NODE_ID": "2178093302",
        "CONDUIT_LE": 30.4,
        "SHAPE_1": "OREC",
        "CONDUIT_WI": 3633.0,
        "CONDUIT_HE": 1708.0,
        "US_INVERT": 26.491,
        "DS_INVERT": 26.474,
        "USER_TEXT2": "Existing",
        "SHAPE.LEN": 30.3916106845294
      },
      "geometry": {
        "type": "LineString",
        "coordinates": [
          [
            278361.5999999996,
            2109317.5
          ],
          [
            278332.2000000002,
            2109325.1999999993
          ]
        ]
      }
    },
    {
      "type": "Feature",
      "properties": {
        "OBJECTID": 29149,
        "US_NODE_ID": "2178093304",
        "DS_NODE_ID": "2178093303",
        "CONDUIT_LE": 29.6,
        "SHAPE_1": "OREC",
        "CONDUIT_WI": 3604.0,
        "CONDUIT_HE": 1643.0,
        "US_INVERT": 26.507,
        "DS_INVERT": 26.491,
        "USER_TEXT2": "Existing",
        "SHAPE.LEN": 29.6150299679065
      },
      "geometry": {
        "type": "LineString",
        "coordinates": [
          [
            278390.4000000004,
            2109310.5999999996
          ],
          [
            278361.5999999996,
            2109317.5
          ]
        ]
      }
    },
    {
      "type": "Feature",
      "properties": {
        "OBJECTID": 29137,
        "US_NODE_ID": "2178092702",
        "DS_NODE_ID": "2178093701",
        "CONDUIT_LE": 9.7,
        "SHAPE_1": "RECT",
        "CONDUIT_WI": 7000.0,
        "CONDUIT_HE": 1741.0,
        "US_INVERT": 26.519,
        "DS_INVERT": 26.493,
        "USER_TEXT2": "Existing",
        "SHAPE.LEN": 9.656603957913978
      },
      "geometry": {
        "type": "LineString",
        "coordinates": [
          [
            278292.4000000004,
            2109709.9000000004
          ],
          [
            278301.4000000004,
            2109706.4000000004
          ]
        ]
      }
    },
    {
      "type": "Feature",
      "properties": {
        "OBJECTID": 29150,
        "US_NODE_ID": "2178093601",
        "DS_NODE_ID": "2178093703",
        "CONDUIT_LE": 30.1,
        "SHAPE_1": "OREC",
        "CONDUIT_WI": 5266.0,
        "CONDUIT_HE": 2344.0,
        "US_INVERT": 26.399,
        "DS_INVERT": 26.353,
        "USER_TEXT2": "Existing",
        "SHAPE.LEN": 30.147968422432697
      },
      "geometry": {
        "type": "LineString",
        "coordinates": [
          [
            278344.4000000004,
            2109699.0999999996
          ],
          [
            278361.0999999996,
            2109724.1999999993
          ]
        ]
      }
    },
    {
      "type": "Feature",
      "properties": {
        "OBJECTID": 29445,
        "US_NODE_ID": "2178113101",
        "DS_NODE_ID": "2178112106",
        "CONDUIT_LE": 29.4,
        "SHAPE_1": "OREC",
        "CONDUIT_WI": 4800.0,
        "CONDUIT_HE": 1161.0,
        "US_INVERT": 27.738,
        "DS_INVERT": 27.731,
        "USER_TEXT2": "Existing",
        "SHAPE.LEN": 29.386561554561002
      },
      "geometry": {
        "type": "LineString",
        "coordinates": [
          [
            278316.2000000002,
            2111180.1999999993
          ],
          [
            278288.0999999996,
            2111171.5999999996
          ]
        ]
      }
    },
    {
      "type": "Feature",
      "properties": {
        "OBJECTID": 29454,
        "US_NODE_ID": "2178113503!",
        "DS_NODE_ID": "2178113501!",
        "CONDUIT_LE": 30.0,
        "SHAPE_1": "OREC",
        "CONDUIT_WI": 4000.0,
        "CONDUIT_HE": 3207.0,
        "US_INVERT": 33.399,
        "DS_INVERT": 33.333,
        "USER_TEXT2": "Existing",
        "SHAPE.LEN": 29.9810914832999
      },
      "geometry": {
        "type": "LineString",
        "coordinates": [
          [
            278340.5437000003,
            2111577.095899999
          ],
          [
            278312.50189999957,
            2111566.4881999996
          ]
        ]
      }
    },
    {
      "type": "Feature",
      "properties": {
        "OBJECTID": 29456,
        "US_NODE_ID": "2178113504!",
        "DS_NODE_ID": "2178113503!",
        "CONDUIT_LE": 29.9,
        "SHAPE_1": "OREC",
        "CONDUIT_WI": 4000.0,
        "CONDUIT_HE": 2862.0,
        "US_INVERT": 33.464,
        "DS_INVERT": 33.399,
        "USER_TEXT2": "Existing",
        "SHAPE.LEN": 29.9340117513507
      },
      "geometry": {
        "type": "LineString",
        "coordinates": [
          [
            278368.5745000001,
            2111587.599199999
          ],
          [
            278340.5437000003,
            2111577.095899999
          ]
        ]
      }
    },
    {
      "type": "Feature",
      "properties": {
        "OBJECTID": 29090,
        "US_NODE_ID": "2178084102",
        "DS_NODE_ID": "2178085401",
        "CONDUIT_LE": 251.0,
        "SHAPE_1": "RECT",
        "CONDUIT_WI": 1500.0,
        "CONDUIT_HE": 1500.0,
        "US_INVERT": 34.8,
        "DS_INVERT": 33.0,
        "USER_TEXT2": "Proposal",
        "SHAPE.LEN": 250.98161287233802
      },
      "geometry": {
        "type": "LineString",
        "coordinates": [
          [
            278446.5,
            2108185
          ],
          [
            278503.5999999996,
            2108429.4000000004
          ]
        ]
      }
    },
    {
      "type": "Feature",
      "properties": {
        "OBJECTID": 29157,
        "US_NODE_ID": "2178094101",
        "DS_NODE_ID": "2178093008",
        "CONDUIT_LE": 29.4,
        "SHAPE_1": "OREC",
        "CONDUIT_WI": 4000.0,
        "CONDUIT_HE": 2330.0,
        "US_INVERT": 26.632,
        "DS_INVERT": 26.609,
        "USER_TEXT2": "Existing",
        "SHAPE.LEN": 29.3553427813405
      },
      "geometry": {
        "type": "LineString",
        "coordinates": [
          [
            278414.3186999997,
            2109109.051000001
          ],
          [
            278393.1377999997,
            2109088.726
          ]
        ]
      }
    },
    {
      "type": "Feature",
      "properties": {
        "OBJECTID": 29166,
        "US_NODE_ID": "2178094701",
        "DS_NODE_ID": "2178094801",
        "CONDUIT_LE": 30.0,
        "SHAPE_1": "RECT",
        "CONDUIT_WI": 5000.0,
        "CONDUIT_HE": 2365.0,
        "US_INVERT": 26.223,
        "DS_INVERT": 26.186,
        "USER_TEXT2": "Existing",
        "SHAPE.LEN": 30.0376430500131
      },
      "geometry": {
        "type": "LineString",
        "coordinates": [
          [
            278410.2999999998,
            2109799.3000000007
          ],
          [
            278426.7999999998,
            2109824.4000000004
          ]
        ]
      }
    },
    {
      "type": "Feature",
      "properties": {
        "OBJECTID": 29462,
        "US_NODE_ID": "2178114502!",
        "DS_NODE_ID": "2178114501!",
        "CONDUIT_LE": 27.0,
        "SHAPE_1": "OREC",
        "CONDUIT_WI": 7000.0,
        "CONDUIT_HE": 3474.0,
        "US_INVERT": 28.334,
        "DS_INVERT": 28.307,
        "USER_TEXT2": "Existing",
        "SHAPE.LEN": 27.042903939111298
      },
      "geometry": {
        "type": "LineString",
        "coordinates": [
          [
            278437.8114,
            2111571.463199999
          ],
          [
            278411.5159,
            2111565.1492999997
          ]
        ]
      }
    },
    {
      "type": "Feature",
      "properties": {
        "OBJECTID": 29178,
        "US_NODE_ID": "2178095206",
        "DS_NODE_ID": "2178095202",
        "CONDUIT_LE": 57.0,
        "SHAPE_1": "RECT",
        "CONDUIT_WI": 1500.0,
        "CONDUIT_HE": 1500.0,
        "US_INVERT": 26.838,
        "DS_INVERT": 26.751,
        "USER_TEXT2": "Existing",
        "SHAPE.LEN": 57.019031910406895
      },
      "geometry": {
        "type": "LineString",
        "coordinates": [
          [
            278565.2999999998,
            2109242.3000000007
          ],
          [
            278510.4000000004,
            2109257.6999999993
          ]
        ]
      }
    },
    {
      "type": "Feature",
      "properties": {
        "OBJECTID": 34700,
        "US_NODE_ID": "4",
        "DS_NODE_ID": "2174093102",
        "CONDUIT_LE": 52.4,
        "SHAPE_1": "RECT",
        "CONDUIT_WI": 2000.0,
        "CONDUIT_HE": 2000.0,
        "US_INVERT": 25.068,
        "DS_INVERT": 25.0,
        "USER_TEXT2": "Existing",
        "SHAPE.LEN": 52.35198181540029
      },
      "geometry": {
        "type": "LineString",
        "coordinates": [
          [
            274365.7999999998,
            2109205
          ],
          [
            274324.5999999996,
            2109172.6999999993
          ]
        ]
      }
    },
    {
      "type": "Feature",
      "properties": {
        "OBJECTID": 34698,
        "US_NODE_ID": "3",
        "DS_NODE_ID": "4",
        "CONDUIT_LE": 69.7,
        "SHAPE_1": "RECT",
        "CONDUIT_WI": 2000.0,
        "CONDUIT_HE": 2000.0,
        "US_INVERT": 25.159,
        "DS_INVERT": 25.068,
        "USER_TEXT2": "Existing",
        "SHAPE.LEN": 69.7207286249936
      },
      "geometry": {
        "type": "LineString",
        "coordinates": [
          [
            274426.5,
            2109239.3000000007
          ],
          [
            274365.7999999998,
            2109205
          ]
        ]
      }
    },
    {
      "type": "Feature",
      "properties": {
        "OBJECTID": 22517,
        "US_NODE_ID": "2174103502",
        "DS_NODE_ID": "2174103501",
        "CONDUIT_LE": 81.7,
        "SHAPE_1": "RECT",
        "CONDUIT_WI": 6800.0,
        "CONDUIT_HE": 3500.0,
        "US_INVERT": 24.639,
        "DS_INVERT": 24.574,
        "USER_TEXT2": "Existing",
        "SHAPE.LEN": 81.7205604483963
      },
      "geometry": {
        "type": "LineString",
        "coordinates": [
          [
            274394.5999999996,
            2110512.1999999993
          ],
          [
            274313.0999999996,
            2110518.1999999993
          ]
        ]
      }
    },
    {
      "type": "Feature",
      "properties": {
        "OBJECTID": 4,
        "US_NODE_ID": "1",
        "DS_NODE_ID": "2",
        "CONDUIT_LE": 15.8,
        "SHAPE_1": "RECT",
        "CONDUIT_WI": 2000.0,
        "CONDUIT_HE": 2000.0,
        "US_INVERT": 25.245,
        "DS_INVERT": 25.225,
        "USER_TEXT2": "Existing",
        "SHAPE.LEN": 15.8202402004521
      },
      "geometry": {
        "type": "LineString",
        "coordinates": [
          [
            274470.2000000002,
            2109281.3000000007
          ],
          [
            274469.4000000004,
            2109265.5
          ]
        ]
      }
    },
    {
      "type": "Feature",
      "properties": {
        "OBJECTID": 22469,
        "US_NODE_ID": "2174094402",
        "DS_NODE_ID": "2174095301",
        "CONDUIT_LE": 107.6,
        "SHAPE_1": "OREC",
        "CONDUIT_WI": 1500.0,
        "CONDUIT_HE": 2000.0,
        "US_INVERT": 25.487,
        "DS_INVERT": 25.346,
        "USER_TEXT2": "Existing",
        "SHAPE.LEN": 107.57160405980801
      },
      "geometry": {
        "type": "LineString",
        "coordinates": [
          [
            274466,
            2109413.5
          ],
          [
            274531.7999999998,
            2109328.4000000004
          ]
        ]
      }
    },
    {
      "type": "Feature",
      "properties": {
        "OBJECTID": 22520,
        "US_NODE_ID": "2174104401",
        "DS_NODE_ID": "2174104501",
        "CONDUIT_LE": 21.4,
        "SHAPE_1": "RECT",
        "CONDUIT_WI": 6800.0,
        "CONDUIT_HE": 3500.0,
        "US_INVERT": 24.698,
        "DS_INVERT": 24.681,
        "USER_TEXT2": "Existing",
        "SHAPE.LEN": 21.439449619801298
      },
      "geometry": {
        "type": "LineString",
        "coordinates": [
          [
            274468.4000000004,
            2110497.0999999996
          ],
          [
            274447.2999999998,
            2110500.9000000004
          ]
        ]
      }
    },
    {
      "type": "Feature",
      "properties": {
        "OBJECTID": 22537,
        "US_NODE_ID": "2174106401",
        "DS_NODE_ID": "2174104401",
        "CONDUIT_LE": 203.5,
        "SHAPE_1": "RECT",
        "CONDUIT_WI": 6800.0,
        "CONDUIT_HE": 3500.0,
        "US_INVERT": 24.859,
        "DS_INVERT": 24.796,
        "USER_TEXT2": "Existing",
        "SHAPE.LEN": 203.475330200002
      },
      "geometry": {
        "type": "LineString",
        "coordinates": [
          [
            274669.5,
            2110466.0999999996
          ],
          [
            274468.4000000004,
            2110497.0999999996
          ]
        ]
      }
    },
    {
      "type": "Feature",
      "properties": {
        "OBJECTID": 22533,
        "US_NODE_ID": "2174105602",
        "DS_NODE_ID": "2174104601",
        "CONDUIT_LE": 29.7,
        "SHAPE_1": "RECT",
        "CONDUIT_WI": 1500.0,
        "CONDUIT_HE": 1500.0,
        "US_INVERT": 25.131,
        "DS_INVERT": 25.049,
        "USER_TEXT2": "Existing",
        "SHAPE.LEN": 29.6946123059386
      },
      "geometry": {
        "type": "LineString",
        "coordinates": [
          [
            274517.0999999996,
            2110612.6999999993
          ],
          [
            274489,
            2110622.3000000007
          ]
        ]
      }
    },
    {
      "type": "Feature",
      "properties": {
        "OBJECTID": 22535,
        "US_NODE_ID": "2174105604",
        "DS_NODE_ID": "2174105603",
        "CONDUIT_LE": 42.0,
        "SHAPE_1": "RECT",
        "CONDUIT_WI": 1500.0,
        "CONDUIT_HE": 1500.0,
        "US_INVERT": 26.033,
        "DS_INVERT": 25.621,
        "USER_TEXT2": "Existing",
        "SHAPE.LEN": 41.954737515565505
      },
      "geometry": {
        "type": "LineString",
        "coordinates": [
          [
            274580.7000000002,
            2110664.1999999993
          ],
          [
            274539.2999999998,
            2110657.4000000004
          ]
        ]
      }
    },
    {
      "type": "Feature",
      "properties": {
        "OBJECTID": 22525,
        "US_NODE_ID": "2174104801",
        "DS_NODE_ID": "2174104701",
        "CONDUIT_LE": 39.6,
        "SHAPE_1": "RECT",
        "CONDUIT_WI": 2000.0,
        "CONDUIT_HE": 1500.0,
        "US_INVERT": 28.0,
        "DS_INVERT": 26.888,
        "USER_TEXT2": "Existing",
        "SHAPE.LEN": 39.5682953891117
      },
      "geometry": {
        "type": "LineString",
        "coordinates": [
          [
            274423.4000000004,
            2110803.1999999993
          ],
          [
            274462,
            2110794.5
          ]
        ]
      }
    },
    {
      "type": "Feature",
      "properties": {
        "OBJECTID": 22529,
        "US_NODE_ID": "2174104902",
        "DS_NODE_ID": "2174104903",
        "CONDUIT_LE": 56.4,
        "SHAPE_1": "RECT",
        "CONDUIT_WI": 2000.0,
        "CONDUIT_HE": 1500.0,
        "US_INVERT": 29.0,
        "DS_INVERT": 28.586,
        "USER_TEXT2": "Existing",
        "SHAPE.LEN": 56.4088645515933
      },
      "geometry": {
        "type": "LineString",
        "coordinates": [
          [
            274498.7999999998,
            2110978.8000000007
          ],
          [
            274499.7999999998,
            2110922.4000000004
          ]
        ]
      }
    },
    {
      "type": "Feature",
      "properties": {
        "OBJECTID": 22540,
        "US_NODE_ID": "2174106603",
        "DS_NODE_ID": "2174106602",
        "CONDUIT_LE": 29.6,
        "SHAPE_1": "RECT",
        "CONDUIT_WI": 1500.0,
        "CONDUIT_HE": 1500.0,
        "US_INVERT": 26.772,
        "DS_INVERT": 26.481,
        "USER_TEXT2": "Existing",
        "SHAPE.LEN": 29.6400067476376
      },
      "geometry": {
        "type": "LineString",
        "coordinates": [
          [
            274647.0999999996,
            2110676.0999999996
          ],
          [
            274623.4000000004,
            2110658.3000000007
          ]
        ]
      }
    },
    {
      "type": "Feature",
      "properties": {
        "OBJECTID": 22482,
        "US_NODE_ID": "2174097801",
        "DS_NODE_ID": "2174096801",
        "CONDUIT_LE": 38.3,
        "SHAPE_1": "RECT",
        "CONDUIT_WI": 3000.0,
        "CONDUIT_HE": 1500.0,
        "US_INVERT": 27.163,
        "DS_INVERT": 27.082,
        "USER_TEXT2": "Proposal",
        "SHAPE.LEN": 38.3172285010281
      },
      "geometry": {
        "type": "LineString",
        "coordinates": [
          [
            274712.5,
            2109874.0999999996
          ],
          [
            274683.9000000004,
            2109848.5999999996
          ]
        ]
      }
    },
    {
      "type": "Feature",
      "properties": {
        "OBJECTID": 22487,
        "US_NODE_ID": "2174099901",
        "DS_NODE_ID": "2174098901",
        "CONDUIT_LE": 78.8,
        "SHAPE_1": "RECT",
        "CONDUIT_WI": 3000.0,
        "CONDUIT_HE": 1500.0,
        "US_INVERT": 27.7,
        "DS_INVERT": 27.525,
        "USER_TEXT2": "Proposal",
        "SHAPE.LEN": 78.77169542418139
      },
      "geometry": {
        "type": "LineString",
        "coordinates": [
          [
            274920.9000000004,
            2109911.5
          ],
          [
            274851.2000000002,
            2109948.1999999993
          ]
        ]
      }
    },
    {
      "type": "Feature",
      "properties": {
        "OBJECTID": 24900,
        "US_NODE_ID": "2175101402",
        "DS_NODE_ID": "2175101403",
        "CONDUIT_LE": 26.9,
        "SHAPE_1": "RECT",
        "CONDUIT_WI": 4000.0,
        "CONDUIT_HE": 1500.0,
        "US_INVERT": 27.223,
        "DS_INVERT": 27.172,
        "USER_TEXT2": "Proposal",
        "SHAPE.LEN": 26.8535971329727
      },
      "geometry": {
        "type": "LineString",
        "coordinates": [
          [
            275155.61369999964,
            2110459.1372999996
          ],
          [
            275177.2999999998,
            2110443.3000000007
          ]
        ]
      }
    },
    {
      "type": "Feature",
      "properties": {
        "OBJECTID": 24932,
        "US_NODE_ID": "2175103104",
        "DS_NODE_ID": "2175103001",
        "CONDUIT_LE": 26.5,
        "SHAPE_1": "OREC",
        "CONDUIT_WI": 3500.0,
        "CONDUIT_HE": 2223.0,
        "US_INVERT": 26.331,
        "DS_INVERT": 26.281,
        "USER_TEXT2": "Proposal",
        "SHAPE.LEN": 26.519158593364196
      },
      "geometry": {
        "type": "LineString",
        "coordinates": [
          [
            275355.7407999998,
            2110103.6843999997
          ],
          [
            275350.06429999974,
            2110077.7798999995
          ]
        ]
      }
    },
    {
      "type": "Feature",
      "properties": {
        "OBJECTID": 24938,
        "US_NODE_ID": "2175103301",
        "DS_NODE_ID": "2175103202",
        "CONDUIT_LE": 42.3,
        "SHAPE_1": "OREC",
        "CONDUIT_WI": 2500.0,
        "CONDUIT_HE": 1376.0,
        "US_INVERT": 27.322,
        "DS_INVERT": 27.217,
        "USER_TEXT2": "Existing",
        "SHAPE.LEN": 42.2822754029392
      },
      "geometry": {
        "type": "LineString",
        "coordinates": [
          [
            275381.6648000004,
            2110301.2218999993
          ],
          [
            275342.8673999999,
            2110284.4125999995
          ]
        ]
      }
    },
    {
      "type": "Feature",
      "properties": {
        "OBJECTID": 24873,
        "US_NODE_ID": "2175086801",
        "DS_NODE_ID": "2175086802",
        "CONDUIT_LE": 48.9,
        "SHAPE_1": "OREC",
        "CONDUIT_WI": 2000.0,
        "CONDUIT_HE": 1045.0,
        "US_INVERT": 27.203,
        "DS_INVERT": 26.96,
        "USER_TEXT2": "Existing",
        "SHAPE.LEN": 48.87898784805179
      },
      "geometry": {
        "type": "LineString",
        "coordinates": [
          [
            275606.4283999996,
            2108864.911800001
          ],
          [
            275651.55429999996,
            2108846.1285999995
          ]
        ]
      }
    },
    {
      "type": "Feature",
      "properties": {
        "OBJECTID": 24950,
        "US_NODE_ID": "2175106005",
        "DS_NODE_ID": "2175106006",
        "CONDUIT_LE": 12.6,
        "SHAPE_1": "OREC",
        "CONDUIT_WI": 5000.0,
        "CONDUIT_HE": 2995.0,
        "US_INVERT": 25.883,
        "DS_INVERT": 25.861,
        "USER_TEXT2": "Existing",
        "SHAPE.LEN": 12.5995989321089
      },
      "geometry": {
        "type": "LineString",
        "coordinates": [
          [
            275683.28780000005,
            2110054.2731999997
          ],
          [
            275690.2768000001,
            2110043.7896999996
          ]
        ]
      }
    },
    {
      "type": "Feature",
      "properties": {
        "OBJECTID": 24964,
        "US_NODE_ID": "2175107002",
        "DS_NODE_ID": "2175107003",
        "CONDUIT_LE": 28.1,
        "SHAPE_1": "OREC",
        "CONDUIT_WI": 5000.0,
        "CONDUIT_HE": 3368.0,
        "US_INVERT": 25.81,
        "DS_INVERT": 25.768,
        "USER_TEXT2": "Existing",
        "SHAPE.LEN": 28.1076394803975
      },
      "geometry": {
        "type": "LineString",
        "coordinates": [
          [
            275721.05979999993,
            2110057.556399999
          ],
          [
            275745.02440000046,
            2110072.2444
          ]
        ]
      }
    },
    {
      "type": "Feature",
      "properties": {
        "OBJECTID": 24968,
        "US_NODE_ID": "2175107502",
        "DS_NODE_ID": "2175107504",
        "CONDUIT_LE": 22.3,
        "SHAPE_1": "OREC",
        "CONDUIT_WI": 1500.0,
        "CONDUIT_HE": 1888.0,
        "US_INVERT": 26.91,
        "DS_INVERT": 26.9,
        "USER_TEXT2": "Existing",
        "SHAPE.LEN": 22.2924863900373
      },
      "geometry": {
        "type": "LineString",
        "coordinates": [
          [
            275726.6283999998,
            2110550.9065000005
          ],
          [
            275738.86280000024,
            2110569.5418
          ]
        ]
      }
    },
    {
      "type": "Feature",
      "properties": {
        "OBJECTID": 24889,
        "US_NODE_ID": "2175089501",
        "DS_NODE_ID": "2175088602",
        "CONDUIT_LE": 71.8,
        "SHAPE_1": "OREC",
        "CONDUIT_WI": 3000.0,
        "CONDUIT_HE": 1500.0,
        "US_INVERT": 26.2,
        "DS_INVERT": 25.304,
        "USER_TEXT2": "Proposal",
        "SHAPE.LEN": 71.84740774725279
      },
      "geometry": {
        "type": "LineString",
        "coordinates": [
          [
            275907.9000000004,
            2108567.0999999996
          ],
          [
            275846.7999999998,
            2108604.9000000004
          ]
        ]
      }
    },
    {
      "type": "Feature",
      "properties": {
        "OBJECTID": 24887,
        "US_NODE_ID": "2175088602",
        "DS_NODE_ID": "2175088601",
        "CONDUIT_LE": 24.4,
        "SHAPE_1": "OREC",
        "CONDUIT_WI": 3000.0,
        "CONDUIT_HE": 1500.0,
        "US_INVERT": 25.304,
        "DS_INVERT": 25.0,
        "USER_TEXT2": "Proposal",
        "SHAPE.LEN": 24.3583661192618
      },
      "geometry": {
        "type": "LineString",
        "coordinates": [
          [
            275846.7999999998,
            2108604.9000000004
          ],
          [
            275824.5,
            2108614.6999999993
          ]
        ]
      }
    },
    {
      "type": "Feature",
      "properties": {
        "OBJECTID": 24974,
        "US_NODE_ID": "2175107508",
        "DS_NODE_ID": "2175108501",
        "CONDUIT_LE": 19.9,
        "SHAPE_1": "OREC",
        "CONDUIT_WI": 2000.0,
        "CONDUIT_HE": 1888.0,
        "US_INVERT": 26.87,
        "DS_INVERT": 26.84,
        "USER_TEXT2": "Existing",
        "SHAPE.LEN": 19.8973570068992
      },
      "geometry": {
        "type": "LineString",
        "coordinates": [
          [
            275798.4874999998,
            2110571.0559
          ],
          [
            275817.71800000034,
            2110576.164000001
          ]
        ]
      }
    },
    {
      "type": "Feature",
      "properties": {
        "OBJECTID": 24999,
        "US_NODE_ID": "2175118201",
        "DS_NODE_ID": "2175118202",
        "CONDUIT_LE": 19.6,
        "SHAPE_1": "OREC",
        "CONDUIT_WI": 2500.0,
        "CONDUIT_HE": 1419.0,
        "US_INVERT": 27.779,
        "DS_INVERT": 27.728,
        "USER_TEXT2": "Existing",
        "SHAPE.LEN": 19.6331352564994
      },
      "geometry": {
        "type": "LineString",
        "coordinates": [
          [
            275805.4000000004,
            2111294.6999999993
          ],
          [
            275822.9000000004,
            2111285.8000000007
          ]
        ]
      }
    },
    {
      "type": "Feature",
      "properties": {
        "OBJECTID": 26763,
        "US_NODE_ID": "2176080901",
        "DS_NODE_ID": "2175089901",
        "CONDUIT_LE": 77.0,
        "SHAPE_1": "RECT",
        "CONDUIT_WI": 1500.0,
        "CONDUIT_HE": 1500.0,
        "US_INVERT": 25.739,
        "DS_INVERT": 25.5,
        "USER_TEXT2": "Proposal",
        "SHAPE.LEN": 77.011232946889
      },
      "geometry": {
        "type": "LineString",
        "coordinates": [
          [
            276026.5999999996,
            2108909.8000000007
          ],
          [
            275955.7999999998,
            2108940.0999999996
          ]
        ]
      }
    },
    {
      "type": "Feature",
      "properties": {
        "OBJECTID": 24990,
        "US_NODE_ID": "2175109101",
        "DS_NODE_ID": "2175109102",
        "CONDUIT_LE": 25.9,
        "SHAPE_1": "OREC",
        "CONDUIT_WI": 7000.0,
        "CONDUIT_HE": 3410.0,
        "US_INVERT": 25.358,
        "DS_INVERT": 25.321,
        "USER_TEXT2": "Existing",
        "SHAPE.LEN": 25.9289076108115
      },
      "geometry": {
        "type": "LineString",
        "coordinates": [
          [
            275901.1803000001,
            2110158.8258999996
          ],
          [
            275924.37179999985,
            2110170.4217000008
          ]
        ]
      }
    },
    {
      "type": "Feature",
      "properties": {
        "OBJECTID": 25010,
        "US_NODE_ID": "2175119501",
        "DS_NODE_ID": "2176110401",
        "CONDUIT_LE": 125.6,
        "SHAPE_1": "OREC",
        "CONDUIT_WI": 2000.0,
        "CONDUIT_HE": 1999.0,
        "US_INVERT": 27.0,
        "DS_INVERT": 26.878,
        "USER_TEXT2": "Proposal",
        "SHAPE.LEN": 125.56643659832
      },
      "geometry": {
        "type": "LineString",
        "coordinates": [
          [
            275950.7000000002,
            2111512.0999999996
          ],
          [
            276046.9000000004,
            2111431.4000000004
          ]
        ]
      }
    },
    {
      "type": "Feature",
      "properties": {
        "OBJECTID": 26757,
        "US_NODE_ID": "2176080601",
        "DS_NODE_ID": "2175089503",
        "CONDUIT_LE": 97.6,
        "SHAPE_1": "OREC",
        "CONDUIT_WI": 3500.0,
        "CONDUIT_HE": 1913.0,
        "US_INVERT": 25.786,
        "DS_INVERT": 25.607,
        "USER_TEXT2": "Proposal",
        "SHAPE.LEN": 97.6201311205839
      },
      "geometry": {
        "type": "LineString",
        "coordinates": [
          [
            276040.2999999998,
            2108628.3000000007
          ],
          [
            275981.5999999996,
            2108550.3000000007
          ]
        ]
      }
    },
    {
      "type": "Feature",
      "properties": {
        "OBJECTID": 26764,
        "US_NODE_ID": "2176080902",
        "DS_NODE_ID": "2176080901",
        "CONDUIT_LE": 23.3,
        "SHAPE_1": "RECT",
        "CONDUIT_WI": 1500.0,
        "CONDUIT_HE": 1500.0,
        "US_INVERT": 25.811,
        "DS_INVERT": 25.739,
        "USER_TEXT2": "Proposal",
        "SHAPE.LEN": 23.3418079848156
      },
      "geometry": {
        "type": "LineString",
        "coordinates": [
          [
            276048.5999999996,
            2108902
          ],
          [
            276026.5999999996,
            2108909.8000000007
          ]
        ]
      }
    },
    {
      "type": "Feature",
      "properties": {
        "OBJECTID": 26931,
        "US_NODE_ID": "2176110101",
        "DS_NODE_ID": "2176110102",
        "CONDUIT_LE": 30.0,
        "SHAPE_1": "OREC",
        "CONDUIT_WI": 6511.0,
        "CONDUIT_HE": 2198.0,
        "US_INVERT": 27.35,
        "DS_INVERT": 27.287,
        "USER_TEXT2": "Existing",
        "SHAPE.LEN": 29.9641452406038
      },
      "geometry": {
        "type": "LineString",
        "coordinates": [
          [
            276002,
            2111198.5999999996
          ],
          [
            276028.7000000002,
            2111185
          ]
        ]
      }
    },
    {
      "type": "Feature",
      "properties": {
        "OBJECTID": 26772,
        "US_NODE_ID": "2176082901",
        "DS_NODE_ID": "2176081803",
        "CONDUIT_LE": 121.1,
        "SHAPE_1": "RECT",
        "CONDUIT_WI": 3000.0,
        "CONDUIT_HE": 2844.0,
        "US_INVERT": 25.799,
        "DS_INVERT": 25.561,
        "USER_TEXT2": "Proposal",
        "SHAPE.LEN": 121.081542771803
      },
      "geometry": {
        "type": "LineString",
        "coordinates": [
          [
            276215.0999999996,
            2108926.3000000007
          ],
          [
            276135.7999999998,
            2108834.8000000007
          ]
        ]
      }
    },
    {
      "type": "Feature",
      "properties": {
        "OBJECTID": 26866,
        "US_NODE_ID": "2176102002",
        "DS_NODE_ID": "2176102001",
        "CONDUIT_LE": 30.6,
        "SHAPE_1": "RECT",
        "CONDUIT_WI": 2000.0,
        "CONDUIT_HE": 2000.0,
        "US_INVERT": 24.281,
        "DS_INVERT": 24.1,
        "USER_TEXT2": "Proposal",
        "SHAPE.LEN": 30.5655034311558
      },
      "geometry": {
        "type": "LineString",
        "coordinates": [
          [
            276295.2000000002,
            2110021.9000000004
          ],
          [
            276266.7999999998,
            2110010.5999999996
          ]
        ]
      }
    },
    {
      "type": "Feature",
      "properties": {
        "OBJECTID": 26951,
        "US_NODE_ID": "2176113001",
        "DS_NODE_ID": "2176113002",
        "CONDUIT_LE": 30.4,
        "SHAPE_1": "OREC",
        "CONDUIT_WI": 6511.0,
        "CONDUIT_HE": 2562.0,
        "US_INVERT": 26.594,
        "DS_INVERT": 26.531,
        "USER_TEXT2": "Existing",
        "SHAPE.LEN": 30.4058940774647
      },
      "geometry": {
        "type": "LineString",
        "coordinates": [
          [
            276322.8700000001,
            2111035.7897999994
          ],
          [
            276349.8931999998,
            2111021.8519
          ]
        ]
      }
    },
    {
      "type": "Feature",
      "properties": {
        "OBJECTID": 26948,
        "US_NODE_ID": "2176112101",
        "DS_NODE_ID": "2176113101",
        "CONDUIT_LE": 41.1,
        "SHAPE_1": "OREC",
        "CONDUIT_WI": 2000.0,
        "CONDUIT_HE": 2449.0,
        "US_INVERT": 26.54,
        "DS_INVERT": 26.5,
        "USER_TEXT2": "Proposal",
        "SHAPE.LEN": 41.0709865691761
      },
      "geometry": {
        "type": "LineString",
        "coordinates": [
          [
            276292.0999999996,
            2111185.5999999996
          ],
          [
            276307.5751,
            2111190.985200001
          ],
          [
            276332.20999999996,
            2111191.8346999995
          ],
          [
            276332.2000000002,
            2111191.8000000007
          ]
        ]
      }
    },
    {
      "type": "Feature",
      "properties": {
        "OBJECTID": 26840,
        "US_NODE_ID": "2176094201",
        "DS_NODE_ID": "2176093102",
        "CONDUIT_LE": 120.5,
        "SHAPE_1": "RECT",
        "CONDUIT_WI": 3000.0,
        "CONDUIT_HE": 4113.0,
        "US_INVERT": 26.516,
        "DS_INVERT": 26.279,
        "USER_TEXT2": "Proposal",
        "SHAPE.LEN": 120.480537847405
      },
      "geometry": {
        "type": "LineString",
        "coordinates": [
          [
            276417.9000000004,
            2109221.6999999993
          ],
          [
            276364.5,
            2109113.6999999993
          ]
        ]
      }
    },
    {
      "type": "Feature",
      "properties": {
        "OBJECTID": 26833,
        "US_NODE_ID": "2176093502",
        "DS_NODE_ID": "2176093401",
        "CONDUIT_LE": 34.5,
        "SHAPE_1": "RECT",
        "CONDUIT_WI": 5000.0,
        "CONDUIT_HE": 1956.0,
        "US_INVERT": 26.047,
        "DS_INVERT": 26.0,
        "USER_TEXT2": "Proposal",
        "SHAPE.LEN": 34.4502539903554
      },
      "geometry": {
        "type": "LineString",
        "coordinates": [
          [
            276365.7999999998,
            2109525.4000000004
          ],
          [
            276360.9000000004,
            2109491.3000000007
          ]
        ]
      }
    },
    {
      "type": "Feature",
      "properties": {
        "OBJECTID": 26834,
        "US_NODE_ID": "2176093701",
        "DS_NODE_ID": "2176093502",
        "CONDUIT_LE": 180.0,
        "SHAPE_1": "RECT",
        "CONDUIT_WI": 5000.0,
        "CONDUIT_HE": 1766.0,
        "US_INVERT": 26.29,
        "DS_INVERT": 26.047,
        "USER_TEXT2": "Proposal",
        "SHAPE.LEN": 180.040273272399
      },
      "geometry": {
        "type": "LineString",
        "coordinates": [
          [
            276389.2999999998,
            2109703.9000000004
          ],
          [
            276365.7999999998,
            2109525.4000000004
          ]
        ]
      }
    },
    {
      "type": "Feature",
      "properties": {
        "OBJECTID": 26851,
        "US_NODE_ID": "2176095401",
        "DS_NODE_ID": "2176094401",
        "CONDUIT_LE": 53.1,
        "SHAPE_1": "RECT",
        "CONDUIT_WI": 3000.0,
        "CONDUIT_HE": 2194.0,
        "US_INVERT": 26.225,
        "DS_INVERT": 26.143,
        "USER_TEXT2": "Proposal",
        "SHAPE.LEN": 53.1266411511212
      },
      "geometry": {
        "type": "LineString",
        "coordinates": [
          [
            276500.5,
            2109455.6999999993
          ],
          [
            276451.7000000002,
            2109476.6999999993
          ]
        ]
      }
    },
    {
      "type": "Feature",
      "properties": {
        "OBJECTID": 26877,
        "US_NODE_ID": "2176104001",
        "DS_NODE_ID": "2176103001",
        "CONDUIT_LE": 59.8,
        "SHAPE_1": "RECT",
        "CONDUIT_WI": 2000.0,
        "CONDUIT_HE": 2000.0,
        "US_INVERT": 24.928,
        "DS_INVERT": 24.575,
        "USER_TEXT2": "Proposal",
        "SHAPE.LEN": 59.781351607336504
      },
      "geometry": {
        "type": "LineString",
        "coordinates": [
          [
            276403.4000000004,
            2110004.3000000007
          ],
          [
            276344.2999999998,
            2110013.3000000007
          ]
        ]
      }
    },
    {
      "type": "Feature",
      "properties": {
        "OBJECTID": 26881,
        "US_NODE_ID": "2176104102",
        "DS_NODE_ID": "2176104003",
        "CONDUIT_LE": 69.5,
        "SHAPE_1": "RECT",
        "CONDUIT_WI": 5000.0,
        "CONDUIT_HE": 1251.0,
        "US_INVERT": 26.885,
        "DS_INVERT": 26.791,
        "USER_TEXT2": "Proposal",
        "SHAPE.LEN": 69.4763269034856
      },
      "geometry": {
        "type": "LineString",
        "coordinates": [
          [
            276458.5,
            2110138.5
          ],
          [
            276447.5,
            2110069.9000000004
          ]
        ]
      }
    },
    {
      "type": "Feature",
      "properties": {
        "OBJECTID": 26843,
        "US_NODE_ID": "2176094501",
        "DS_NODE_ID": "2176095401",
        "CONDUIT_LE": 84.9,
        "SHAPE_1": "RECT",
        "CONDUIT_WI": 3000.0,
        "CONDUIT_HE": 2426.0,
        "US_INVERT": 26.357,
        "DS_INVERT": 26.225,
        "USER_TEXT2": "Proposal",
        "SHAPE.LEN": 84.9264387573152
      },
      "geometry": {
        "type": "LineString",
        "coordinates": [
          [
            276485,
            2109539.1999999993
          ],
          [
            276500.5,
            2109455.6999999993
          ]
        ]
      }
    },
    {
      "type": "Feature",
      "properties": {
        "OBJECTID": 26854,
        "US_NODE_ID": "2176095801",
        "DS_NODE_ID": "2176095701",
        "CONDUIT_LE": 153.6,
        "SHAPE_1": "RECT",
        "CONDUIT_WI": 3000.0,
        "CONDUIT_HE": 3112.0,
        "US_INVERT": 26.909,
        "DS_INVERT": 26.67,
        "USER_TEXT2": "Proposal",
        "SHAPE.LEN": 153.585771933728
      },
      "geometry": {
        "type": "LineString",
        "coordinates": [
          [
            276534.2000000002,
            2109889.4000000004
          ],
          [
            276526.01109999977,
            2109876.2135000005
          ],
          [
            276521.90660000034,
            2109860.2512
          ],
          [
            276517.80200000014,
            2109840.6404999997
          ],
          [
            276514.60950000025,
            2109792.2978000008
          ],
          [
            276510,
            2109739.4000000004
          ]
        ]
      }
    },
    {
      "type": "Feature",
      "properties": {
        "OBJECTID": 26885,
        "US_NODE_ID": "2176104302",
        "DS_NODE_ID": "2176104201",
        "CONDUIT_LE": 82.8,
        "SHAPE_1": "RECT",
        "CONDUIT_WI": 5000.0,
        "CONDUIT_HE": 1143.0,
        "US_INVERT": 27.132,
        "DS_INVERT": 27.02,
        "USER_TEXT2": "Proposal",
        "SHAPE.LEN": 82.7890089323456
      },
      "geometry": {
        "type": "LineString",
        "coordinates": [
          [
            276485.7999999998,
            2110319.3000000007
          ],
          [
            276473.7000000002,
            2110237.4000000004
          ]
        ]
      }
    },
    {
      "type": "Feature",
      "properties": {
        "OBJECTID": 26965,
        "US_NODE_ID": "2176115801",
        "DS_NODE_ID": "2176115802",
        "CONDUIT_LE": 49.2,
        "SHAPE_1": "OREC",
        "CONDUIT_WI": 3000.0,
        "CONDUIT_HE": 2126.0,
        "US_INVERT": 27.823,
        "DS_INVERT": 27.661,
        "USER_TEXT2": "Proposal",
        "SHAPE.LEN": 49.2061987964931
      },
      "geometry": {
        "type": "LineString",
        "coordinates": [
          [
            276528.2999999998,
            2111839
          ],
          [
            276576.5,
            2111829.0999999996
          ]
        ]
      }
    },
    {
      "type": "Feature",
      "properties": {
        "OBJECTID": 26904,
        "US_NODE_ID": "2176106602",
        "DS_NODE_ID": "2176106603",
        "CONDUIT_LE": 21.6,
        "SHAPE_1": "RECT",
        "CONDUIT_WI": 3000.0,
        "CONDUIT_HE": 2000.0,
        "US_INVERT": 26.181,
        "DS_INVERT": 26.154,
        "USER_TEXT2": "Existing",
        "SHAPE.LEN": 21.6020832328736
      },
      "geometry": {
        "type": "LineString",
        "coordinates": [
          [
            276681.5,
            2110612.5999999996
          ],
          [
            276694.7000000002,
            2110629.6999999993
          ]
        ]
      }
    },
    {
      "type": "Feature",
      "properties": {
        "OBJECTID": 26982,
        "US_NODE_ID": "2176119901",
        "DS_NODE_ID": "2176118801",
        "CONDUIT_LE": 108.5,
        "SHAPE_1": "RECT",
        "CONDUIT_WI": 3000.0,
        "CONDUIT_HE": 2000.0,
        "US_INVERT": 29.998,
        "DS_INVERT": 26.998,
        "USER_TEXT2": "Proposal",
        "SHAPE.LEN": 108.503456166152
      },
      "geometry": {
        "type": "LineString",
        "coordinates": [
          [
            276907.5999999996,
            2111958.5
          ],
          [
            276816.7999999998,
            2111899.0999999996
          ]
        ]
      }
    },
    {
      "type": "Feature",
      "properties": {
        "OBJECTID": 26920,
        "US_NODE_ID": "2176108702",
        "DS_NODE_ID": "2176108701",
        "CONDUIT_LE": 11.2,
        "SHAPE_1": "OREC",
        "CONDUIT_WI": 3096.0,
        "CONDUIT_HE": 2269.0,
        "US_INVERT": 25.959,
        "DS_INVERT": 25.902,
        "USER_TEXT2": "Existing",
        "SHAPE.LEN": 11.157502866233099
      },
      "geometry": {
        "type": "LineString",
        "coordinates": [
          [
            276830.13790000044,
            2110785.4937999994
          ],
          [
            276821.2854000004,
            2110792.2852
          ]
        ]
      }
    },
    {
      "type": "Feature",
      "properties": {
        "OBJECTID": 26928,
        "US_NODE_ID": "2176109703",
        "DS_NODE_ID": "2176109702",
        "CONDUIT_LE": 22.5,
        "SHAPE_1": "RECT",
        "CONDUIT_WI": 3000.0,
        "CONDUIT_HE": 2279.0,
        "US_INVERT": 26.65,
        "DS_INVERT": 26.535,
        "USER_TEXT2": "Existing",
        "SHAPE.LEN": 22.5051617423648
      },
      "geometry": {
        "type": "LineString",
        "coordinates": [
          [
            276949.15919999965,
            2110768.6130999997
          ],
          [
            276927.7287999997,
            2110761.7413999997
          ]
        ]
      }
    },
    {
      "type": "Feature",
      "properties": {
        "OBJECTID": 28053,
        "US_NODE_ID": "2177080301",
        "DS_NODE_ID": "2177080404",
        "CONDUIT_LE": 30.1,
        "SHAPE_1": "OREC",
        "CONDUIT_WI": 4702.0,
        "CONDUIT_HE": 1279.0,
        "US_INVERT": 26.81,
        "DS_INVERT": 26.791,
        "USER_TEXT2": "Existing",
        "SHAPE.LEN": 30.089729277113797
      },
      "geometry": {
        "type": "LineString",
        "coordinates": [
          [
            277053.9342,
            2108385.6482999995
          ],
          [
            277042.54110000003,
            2108413.4977
          ]
        ]
      }
    },
    {
      "type": "Feature",
      "properties": {
        "OBJECTID": 28054,
        "US_NODE_ID": "2177080302",
        "DS_NODE_ID": "2177080301",
        "CONDUIT_LE": 30.0,
        "SHAPE_1": "OREC",
        "CONDUIT_WI": 4319.0,
        "CONDUIT_HE": 1307.0,
        "US_INVERT": 26.852,
        "DS_INVERT": 26.81,
        "USER_TEXT2": "Existing",
        "SHAPE.LEN": 29.9899667078842
      },
      "geometry": {
        "type": "LineString",
        "coordinates": [
          [
            277065.0608999999,
            2108357.798800001
          ],
          [
            277053.9342,
            2108385.6482999995
          ]
        ]
      }
    },
    {
      "type": "Feature",
      "properties": {
        "OBJECTID": 26816,
        "US_NODE_ID": "2176089606",
        "DS_NODE_ID": "2176089605",
        "CONDUIT_LE": 12.2,
        "SHAPE_1": "OREC",
        "CONDUIT_WI": 15000.0,
        "CONDUIT_HE": 2617.0,
        "US_INVERT": 25.61,
        "DS_INVERT": 25.602,
        "USER_TEXT2": "Existing",
        "SHAPE.LEN": 12.2179721869056
      },
      "geometry": {
        "type": "LineString",
        "coordinates": [
          [
            276968.7366000004,
            2108652.1525
          ],
          [
            276957.1496000001,
            2108648.276900001
          ]
        ]
      }
    },
    {
      "type": "Feature",
      "properties": {
        "OBJECTID": 28064,
        "US_NODE_ID": "2177080701",
        "DS_NODE_ID": "2177080602",
        "CONDUIT_LE": 29.8,
        "SHAPE_1": "OREC",
        "CONDUIT_WI": 15000.0,
        "CONDUIT_HE": 2118.0,
        "US_INVERT": 25.689,
        "DS_INVERT": 25.67,
        "USER_TEXT2": "Existing",
        "SHAPE.LEN": 29.784355510233897
      },
      "geometry": {
        "type": "LineString",
        "coordinates": [
          [
            277076.7940999996,
            2108702.4744000006
          ],
          [
            277051.23450000025,
            2108687.1833999995
          ]
        ]
      }
    },
    {
      "type": "Feature",
      "properties": {
        "OBJECTID": 28130,
        "US_NODE_ID": "2177091701",
        "DS_NODE_ID": "2177091702",
        "CONDUIT_LE": 33.0,
        "SHAPE_1": "OREC",
        "CONDUIT_WI": 7900.0,
        "CONDUIT_HE": 2215.0,
        "US_INVERT": 26.934,
        "DS_INVERT": 26.817,
        "USER_TEXT2": "Existing",
        "SHAPE.LEN": 32.963680586518294
      },
      "geometry": {
        "type": "LineString",
        "coordinates": [
          [
            277118.37040000036,
            2109767.4177
          ],
          [
            277140.5114000002,
            2109742.9968
          ]
        ]
      }
    },
    {
      "type": "Feature",
      "properties": {
        "OBJECTID": 28132,
        "US_NODE_ID": "2177091703",
        "DS_NODE_ID": "2177091704",
        "CONDUIT_LE": 11.6,
        "SHAPE_1": "OREC",
        "CONDUIT_WI": 7255.0,
        "CONDUIT_HE": 2253.0,
        "US_INVERT": 26.756,
        "DS_INVERT": 26.745,
        "USER_TEXT2": "Existing",
        "SHAPE.LEN": 11.571314769290499
      },
      "geometry": {
        "type": "LineString",
        "coordinates": [
          [
            277163.79360000044,
            2109716.1783000007
          ],
          [
            277168.3841000004,
            2109705.556500001
          ]
        ]
      }
    },
    {
      "type": "Feature",
      "properties": {
        "OBJECTID": 28135,
        "US_NODE_ID": "2177091705",
        "DS_NODE_ID": "2177091706",
        "CONDUIT_LE": 7.7,
        "SHAPE_1": "RECT",
        "CONDUIT_WI": 10000.0,
        "CONDUIT_HE": 2247.0,
        "US_INVERT": 27.001,
        "DS_INVERT": 27.0,
        "USER_TEXT2": "Existing",
        "SHAPE.LEN": 7.703413016319459
      },
      "geometry": {
        "type": "LineString",
        "coordinates": [
          [
            277171.7000000002,
            2109718.8000000007
          ],
          [
            277177.28670000006,
            2109713.496099999
          ]
        ]
      }
    },
    {
      "type": "Feature",
      "properties": {
        "OBJECTID": 28136,
        "US_NODE_ID": "2177091706",
        "DS_NODE_ID": "2177091707",
        "CONDUIT_LE": 5.2,
        "SHAPE_1": "RECT",
        "CONDUIT_WI": 4800.0,
        "CONDUIT_HE": 1599.0,
        "US_INVERT": 27.0,
        "DS_INVERT": 26.999,
        "USER_TEXT2": "Existing",
        "SHAPE.LEN": 5.22067835630582
      },
      "geometry": {
        "type": "LineString",
        "coordinates": [
          [
            277177.28670000006,
            2109713.496099999
          ],
          [
            277180.7182,
            2109709.5615999997
          ]
        ]
      }
    },
    {
      "type": "Feature",
      "properties": {
        "OBJECTID": 28332,
        "US_NODE_ID": "2177102701",
        "DS_NODE_ID": "2177101705",
        "CONDUIT_LE": 30.0,
        "SHAPE_1": "RECT",
        "CONDUIT_WI": 3000.0,
        "CONDUIT_HE": 1298.0,
        "US_INVERT": 27.7,
        "DS_INVERT": 27.58,
        "USER_TEXT2": "Existing",
        "SHAPE.LEN": 30.023990407672297
      },
      "geometry": {
        "type": "LineString",
        "coordinates": [
          [
            277200.4000000004,
            2110727.5
          ],
          [
            277170.4000000004,
            2110726.3000000007
          ]
        ]
      }
    },
    {
      "type": "Feature",
      "properties": {
        "OBJECTID": 28535,
        "US_NODE_ID": "2177111201",
        "DS_NODE_ID": "2177110103",
        "CONDUIT_LE": 30.2,
        "SHAPE_1": "RECT",
        "CONDUIT_WI": 2000.0,
        "CONDUIT_HE": 1697.0,
        "US_INVERT": 27.221,
        "DS_INVERT": 27.16,
        "USER_TEXT2": "Existing",
        "SHAPE.LEN": 30.231771367222297
      },
      "geometry": {
        "type": "LineString",
        "coordinates": [
          [
            277107.2000000002,
            2111220.9000000004
          ],
          [
            277093.5999999996,
            2111193.9000000004
          ]
        ]
      }
    },
    {
      "type": "Feature",
      "properties": {
        "OBJECTID": 28093,
        "US_NODE_ID": "2177082803",
        "DS_NODE_ID": "2177082802",
        "CONDUIT_LE": 13.7,
        "SHAPE_1": "RECT",
        "CONDUIT_WI": 15000.0,
        "CONDUIT_HE": 2477.0,
        "US_INVERT": 25.84,
        "DS_INVERT": 25.831,
        "USER_TEXT2": "Existing",
        "SHAPE.LEN": 13.661523871808699
      },
      "geometry": {
        "type": "LineString",
        "coordinates": [
          [
            277261.5306000002,
            2108828.339400001
          ],
          [
            277250.1255000001,
            2108820.8187000006
          ]
        ]
      }
    },
    {
      "type": "Feature",
      "properties": {
        "OBJECTID": 28152,
        "US_NODE_ID": "2177092601",
        "DS_NODE_ID": "2177092602",
        "CONDUIT_LE": 6.8,
        "SHAPE_1": "RECT",
        "CONDUIT_WI": 6000.0,
        "CONDUIT_HE": 1554.0,
        "US_INVERT": 26.995,
        "DS_INVERT": 26.994,
        "USER_TEXT2": "Existing",
        "SHAPE.LEN": 6.80561499425291
      },
      "geometry": {
        "type": "LineString",
        "coordinates": [
          [
            277220.5491000004,
            2109635.5737999994
          ],
          [
            277222.9386999998,
            2109629.2015000004
          ]
        ]
      }
    },
    {
      "type": "Feature",
      "properties": {
        "OBJECTID": 28178,
        "US_NODE_ID": "2177093801",
        "DS_NODE_ID": "2177092802",
        "CONDUIT_LE": 32.2,
        "SHAPE_1": "OREC",
        "CONDUIT_WI": 7938.0,
        "CONDUIT_HE": 1203.0,
        "US_INVERT": 27.033,
        "DS_INVERT": 27.028,
        "USER_TEXT2": "Existing",
        "SHAPE.LEN": 32.2395229221836
      },
      "geometry": {
        "type": "LineString",
        "coordinates": [
          [
            277310.2786999997,
            2109855.851
          ],
          [
            277284.6172000002,
            2109836.335000001
          ]
        ]
      }
    },
    {
      "type": "Feature",
      "properties": {
        "OBJECTID": 28326,
        "US_NODE_ID": "2177102204",
        "DS_NODE_ID": "2177103201",
        "CONDUIT_LE": 27.4,
        "SHAPE_1": "OREC",
        "CONDUIT_WI": 4151.0,
        "CONDUIT_HE": 1781.0,
        "US_INVERT": 27.519,
        "DS_INVERT": 27.49,
        "USER_TEXT2": "Existing",
        "SHAPE.LEN": 27.388049245063097
      },
      "geometry": {
        "type": "LineString",
        "coordinates": [
          [
            277296.5,
            2110240.8000000007
          ],
          [
            277314.08330000006,
            2110219.8016
          ]
        ]
      }
    },
    {
      "type": "Feature",
      "properties": {
        "OBJECTID": 28106,
        "US_NODE_ID": "2177083903",
        "DS_NODE_ID": "2177083902",
        "CONDUIT_LE": 15.4,
        "SHAPE_1": "OREC",
        "CONDUIT_WI": 15000.0,
        "CONDUIT_HE": 2403.0,
        "US_INVERT": 25.951,
        "DS_INVERT": 25.941,
        "USER_TEXT2": "Existing",
        "SHAPE.LEN": 15.3863522545144
      },
      "geometry": {
        "type": "LineString",
        "coordinates": [
          [
            277393.4204000002,
            2108928.7544
          ],
          [
            277381.0872999998,
            2108919.5547
          ]
        ]
      }
    },
    {
      "type": "Feature",
      "properties": {
        "OBJECTID": 28113,
        "US_NODE_ID": "2177084902",
        "DS_NODE_ID": "2177084901",
        "CONDUIT_LE": 29.9,
        "SHAPE_1": "OREC",
        "CONDUIT_WI": 15000.0,
        "CONDUIT_HE": 2541.0,
        "US_INVERT": 25.99,
        "DS_INVERT": 25.97,
        "USER_TEXT2": "Existing",
        "SHAPE.LEN": 29.912686857753197
      },
      "geometry": {
        "type": "LineString",
        "coordinates": [
          [
            277440.84449999966,
            2108965.3521
          ],
          [
            277417.3476,
            2108946.8409
          ]
        ]
      }
    },
    {
      "type": "Feature",
      "properties": {
        "OBJECTID": 28162,
        "US_NODE_ID": "2177093201",
        "DS_NODE_ID": "2177093202",
        "CONDUIT_LE": 31.8,
        "SHAPE_1": "OREC",
        "CONDUIT_WI": 5650.0,
        "CONDUIT_HE": 2265.0,
        "US_INVERT": 26.322,
        "DS_INVERT": 26.293,
        "USER_TEXT2": "Existing",
        "SHAPE.LEN": 31.792559875543198
      },
      "geometry": {
        "type": "LineString",
        "coordinates": [
          [
            277351.2876000004,
            2109296.054300001
          ],
          [
            277363.2746000001,
            2109266.608100001
          ]
        ]
      }
    },
    {
      "type": "Feature",
      "properties": {
        "OBJECTID": 28167,
        "US_NODE_ID": "2177093206",
        "DS_NODE_ID": "2177094201",
        "CONDUIT_LE": 32.0,
        "SHAPE_1": "OREC",
        "CONDUIT_WI": 10080.0,
        "CONDUIT_HE": 1519.0,
        "US_INVERT": 26.77,
        "DS_INVERT": 26.75,
        "USER_TEXT2": "Existing",
        "SHAPE.LEN": 32.048560218050405
      },
      "geometry": {
        "type": "LineString",
        "coordinates": [
          [
            277392.82019999996,
            2109244.9579000007
          ],
          [
            277404.89439999964,
            2109215.2708
          ]
        ]
      }
    },
    {
      "type": "Feature",
      "properties": {
        "OBJECTID": 28173,
        "US_NODE_ID": "2177093306",
        "DS_NODE_ID": "2177093307",
        "CONDUIT_LE": 32.3,
        "SHAPE_1": "OREC",
        "CONDUIT_WI": 9900.0,
        "CONDUIT_HE": 1499.0,
        "US_INVERT": 26.82,
        "DS_INVERT": 26.8,
        "USER_TEXT2": "Existing",
        "SHAPE.LEN": 32.3279756573158
      },
      "geometry": {
        "type": "LineString",
        "coordinates": [
          [
            277356.5390999997,
            2109332.591
          ],
          [
            277368.84619999956,
            2109302.6973
          ]
        ]
      }
    },
    {
      "type": "Feature",
      "properties": {
        "OBJECTID": 28341,
        "US_NODE_ID": "2177103105",
        "DS_NODE_ID": "2177103106",
        "CONDUIT_LE": 11.8,
        "SHAPE_1": "RECT",
        "CONDUIT_WI": 5000.0,
        "CONDUIT_HE": 1611.0,
        "US_INVERT": 27.291,
        "DS_INVERT": 27.284,
        "USER_TEXT2": "Existing",
        "SHAPE.LEN": 11.7796434581018
      },
      "geometry": {
        "type": "LineString",
        "coordinates": [
          [
            277385.4000000004,
            2110112.5999999996
          ],
          [
            277393,
            2110103.5999999996
          ]
        ]
      }
    },
    {
      "type": "Feature",
      "properties": {
        "OBJECTID": 28345,
        "US_NODE_ID": "2177103203",
        "DS_NODE_ID": "2177103101",
        "CONDUIT_LE": 8.3,
        "SHAPE_1": "OREC",
        "CONDUIT_WI": 6000.0,
        "CONDUIT_HE": 1718.0,
        "US_INVERT": 27.469,
        "DS_INVERT": 27.462,
        "USER_TEXT2": "Existing",
        "SHAPE.LEN": 8.32839733262048
      },
      "geometry": {
        "type": "LineString",
        "coordinates": [
          [
            277330.5,
            2110201.4000000004
          ],
          [
            277336.05429999996,
            2110195.1942
          ]
        ]
      }
    },
    {
      "type": "Feature",
      "properties": {
        "OBJECTID": 28337,
        "US_NODE_ID": "2177103101",
        "DS_NODE_ID": "2177103102",
        "CONDUIT_LE": 29.9,
        "SHAPE_1": "OREC",
        "CONDUIT_WI": 5017.0,
        "CONDUIT_HE": 2253.0,
        "US_INVERT": 27.415,
        "DS_INVERT": 27.383,
        "USER_TEXT2": "Existing",
        "SHAPE.LEN": 29.861047237664
      },
      "geometry": {
        "type": "LineString",
        "coordinates": [
          [
            277336.05429999996,
            2110195.1942
          ],
          [
            277345.5999999996,
            2110166.9000000004
          ]
        ]
      }
    },
    {
      "type": "Feature",
      "properties": {
        "OBJECTID": 28562,
        "US_NODE_ID": "2177113701",
        "DS_NODE_ID": "2177113605",
        "CONDUIT_LE": 53.3,
        "SHAPE_1": "CIRC",
        "CONDUIT_WI": 900.0,
        "CONDUIT_HE": 900.0,
        "US_INVERT": 31.097,
        "DS_INVERT": 31.039,
        "USER_TEXT2": "Existing",
        "SHAPE.LEN": 53.3303853351914
      },
      "geometry": {
        "type": "LineString",
        "coordinates": [
          [
            277351.2000000002,
            2111709.0999999996
          ],
          [
            277349.4000000004,
            2111655.8000000007
          ]
        ]
      }
    },
    {
      "type": "Feature",
      "properties": {
        "OBJECTID": 28120,
        "US_NODE_ID": "2177086401",
        "DS_NODE_ID": "2177084301",
        "CONDUIT_LE": 178.5,
        "SHAPE_1": "OREC",
        "CONDUIT_WI": 4000.0,
        "CONDUIT_HE": 2787.0,
        "US_INVERT": 25.893,
        "DS_INVERT": 25.776,
        "USER_TEXT2": "Existing",
        "SHAPE.LEN": 178.455512663521
      },
      "geometry": {
        "type": "LineString",
        "coordinates": [
          [
            277629.0999999996,
            2108435.5999999996
          ],
          [
            277488.5,
            2108325.6999999993
          ]
        ]
      }
    },
    {
      "type": "Feature",
      "properties": {
        "OBJECTID": 28206,
        "US_NODE_ID": "2177095003",
        "DS_NODE_ID": "2177095002",
        "CONDUIT_LE": 9.9,
        "SHAPE_1": "OREC",
        "CONDUIT_WI": 13000.0,
        "CONDUIT_HE": 2175.0,
        "US_INVERT": 26.031,
        "DS_INVERT": 26.03,
        "USER_TEXT2": "Existing",
        "SHAPE.LEN": 9.89196605837282
      },
      "geometry": {
        "type": "LineString",
        "coordinates": [
          [
            277548.1917000003,
            2109037.4860999994
          ],
          [
            277539.2555999998,
            2109033.2437999994
          ]
        ]
      }
    },
    {
      "type": "Feature",
      "properties": {
        "OBJECTID": 28193,
        "US_NODE_ID": "2177094104",
        "DS_NODE_ID": "2177094106",
        "CONDUIT_LE": 20.6,
        "SHAPE_1": "RECT",
        "CONDUIT_WI": 5650.0,
        "CONDUIT_HE": 2368.0,
        "US_INVERT": 26.15,
        "DS_INVERT": 26.13,
        "USER_TEXT2": "Existing",
        "SHAPE.LEN": 20.587306386460597
      },
      "geometry": {
        "type": "LineString",
        "coordinates": [
          [
            277422.6858000001,
            2109124.7464000005
          ],
          [
            277429.8722000001,
            2109105.4540999997
          ]
        ]
      }
    },
    {
      "type": "Feature",
      "properties": {
        "OBJECTID": 28182,
        "US_NODE_ID": "2177094001",
        "DS_NODE_ID": "2177094002",
        "CONDUIT_LE": 31.7,
        "SHAPE_1": "OREC",
        "CONDUIT_WI": 5650.0,
        "CONDUIT_HE": 2412.0,
        "US_INVERT": 26.116,
        "DS_INVERT": 26.086,
        "USER_TEXT2": "Existing",
        "SHAPE.LEN": 31.706396216536497
      },
      "geometry": {
        "type": "LineString",
        "coordinates": [
          [
            277436.49120000005,
            2109091.075200001
          ],
          [
            277448.7110000001,
            2109061.8181999996
          ]
        ]
      }
    },
    {
      "type": "Feature",
      "properties": {
        "OBJECTID": 28197,
        "US_NODE_ID": "2177094108",
        "DS_NODE_ID": "2177094003",
        "CONDUIT_LE": 31.1,
        "SHAPE_1": "OREC",
        "CONDUIT_WI": 9500.0,
        "CONDUIT_HE": 1909.0,
        "US_INVERT": 26.53,
        "DS_INVERT": 26.413,
        "USER_TEXT2": "Existing",
        "SHAPE.LEN": 31.0765654987806
      },
      "geometry": {
        "type": "LineString",
        "coordinates": [
          [
            277441.43730000034,
            2109127.637700001
          ],
          [
            277452.6096999999,
            2109098.6389000006
          ]
        ]
      }
    },
    {
      "type": "Feature",
      "properties": {
        "OBJECTID": 28376,
        "US_NODE_ID": "2177105002",
        "DS_NODE_ID": "2177094905",
        "CONDUIT_LE": 23.6,
        "SHAPE_1": "OREC",
        "CONDUIT_WI": 8000.0,
        "CONDUIT_HE": 1613.0,
        "US_INVERT": 27.087,
        "DS_INVERT": 27.083,
        "USER_TEXT2": "Existing",
        "SHAPE.LEN": 23.555254190944297
      },
      "geometry": {
        "type": "LineString",
        "coordinates": [
          [
            277509.5,
            2110001.3000000007
          ],
          [
            277493.2999999998,
            2109984.1999999993
          ]
        ]
      }
    },
    {
      "type": "Feature",
      "properties": {
        "OBJECTID": 28352,
        "US_NODE_ID": "2177104003",
        "DS_NODE_ID": "2177104004",
        "CONDUIT_LE": 13.7,
        "SHAPE_1": "OREC",
        "CONDUIT_WI": 5028.0,
        "CONDUIT_HE": 2062.0,
        "US_INVERT": 27.146,
        "DS_INVERT": 27.136,
        "USER_TEXT2": "Existing",
        "SHAPE.LEN": 13.691059687621001
      },
      "geometry": {
        "type": "LineString",
        "coordinates": [
          [
            277437.99959999975,
            2110049.4711000007
          ],
          [
            277446.7000000002,
            2110038.9000000004
          ]
        ]
      }
    },
    {
      "type": "Feature",
      "properties": {
        "OBJECTID": 28355,
        "US_NODE_ID": "2177104006",
        "DS_NODE_ID": "2177104007",
        "CONDUIT_LE": 4.9,
        "SHAPE_1": "OREC",
        "CONDUIT_WI": 5028.0,
        "CONDUIT_HE": 2062.0,
        "US_INVERT": 27.128,
        "DS_INVERT": 27.125,
        "USER_TEXT2": "Existing",
        "SHAPE.LEN": 4.94502044990716
      },
      "geometry": {
        "type": "LineString",
        "coordinates": [
          [
            277453.7999999998,
            2110030.1999999993
          ],
          [
            277456.9760999996,
            2110026.4098000005
          ]
        ]
      }
    },
    {
      "type": "Feature",
      "properties": {
        "OBJECTID": 28413,
        "US_NODE_ID": "2177105202",
        "DS_NODE_ID": "2177105203",
        "CONDUIT_LE": 30.1,
        "SHAPE_1": "OREC",
        "CONDUIT_WI": 13000.0,
        "CONDUIT_HE": 2228.0,
        "US_INVERT": 26.37,
        "DS_INVERT": 26.349,
        "USER_TEXT2": "Existing",
        "SHAPE.LEN": 30.0665927567458
      },
      "geometry": {
        "type": "LineString",
        "coordinates": [
          [
            277536.9000000004,
            2110241.4000000004
          ],
          [
            277538.9000000004,
            2110211.4000000004
          ]
        ]
      }
    },
    {
      "type": "Feature",
      "properties": {
        "OBJECTID": 28454,
        "US_NODE_ID": "2177105320!",
        "DS_NODE_ID": "2177105303!",
        "CONDUIT_LE": 9.1,
        "SHAPE_1": "OREC",
        "CONDUIT_WI": 1465.0,
        "CONDUIT_HE": 3221.0,
        "US_INVERT": 26.779,
        "DS_INVERT": 26.77,
        "USER_TEXT2": "Existing",
        "SHAPE.LEN": 9.06316572601537
      },
      "geometry": {
        "type": "LineString",
        "coordinates": [
          [
            277517.2999999998,
            2110382.1999999993
          ],
          [
            277517.5647999998,
            2110379.4069999997
          ],
          [
            277521.2368000001,
            2110374.34
          ]
        ]
      }
    },
    {
      "type": "Feature",
      "properties": {
        "OBJECTID": 28426,
        "US_NODE_ID": "2177105306!",
        "DS_NODE_ID": "2177105305!",
        "CONDUIT_LE": 8.1,
        "SHAPE_1": "OREC",
        "CONDUIT_WI": 4500.0,
        "CONDUIT_HE": 2059.0,
        "US_INVERT": 26.74,
        "DS_INVERT": 26.731,
        "USER_TEXT2": "Existing",
        "SHAPE.LEN": 8.0939
      },
      "geometry": {
        "type": "LineString",
        "coordinates": [
          [
            277523.03839999996,
            2110344.0341999996
          ],
          [
            277523.03839999996,
            2110335.940300001
          ]
        ]
      }
    },
    {
      "type": "Feature",
      "properties": {
        "OBJECTID": 28427,
        "US_NODE_ID": "2177105306",
        "DS_NODE_ID": "2177105305",
        "CONDUIT_LE": 8.1,
        "SHAPE_1": "OREC",
        "CONDUIT_WI": 4500.0,
        "CONDUIT_HE": 2059.0,
        "US_INVERT": 26.74,
        "DS_INVERT": 26.731,
        "USER_TEXT2": "Existing",
        "SHAPE.LEN": 8.0939
      },
      "geometry": {
        "type": "LineString",
        "coordinates": [
          [
            277523.03839999996,
            2110344.0341999996
          ],
          [
            277523.03839999996,
            2110335.940300001
          ]
        ]
      }
    },
    {
      "type": "Feature",
      "properties": {
        "OBJECTID": 28431,
        "US_NODE_ID": "2177105308",
        "DS_NODE_ID": "2177105307",
        "CONDUIT_LE": 6.7,
        "SHAPE_1": "OREC",
        "CONDUIT_WI": 1465.0,
        "CONDUIT_HE": 3037.0,
        "US_INVERT": 26.762,
        "DS_INVERT": 26.755,
        "USER_TEXT2": "Existing",
        "SHAPE.LEN": 6.747245544664869
      },
      "geometry": {
        "type": "LineString",
        "coordinates": [
          [
            277525.34889999963,
            2110366.6448999997
          ],
          [
            277523.23089999985,
            2110360.2387000006
          ]
        ]
      }
    },
    {
      "type": "Feature",
      "properties": {
        "OBJECTID": 28421,
        "US_NODE_ID": "2177105303",
        "DS_NODE_ID": "2177105308",
        "CONDUIT_LE": 8.7,
        "SHAPE_1": "OREC",
        "CONDUIT_WI": 1465.0,
        "CONDUIT_HE": 3230.0,
        "US_INVERT": 26.77,
        "DS_INVERT": 26.762,
        "USER_TEXT2": "Existing",
        "SHAPE.LEN": 8.72490288885785
      },
      "geometry": {
        "type": "LineString",
        "coordinates": [
          [
            277521.2368000001,
            2110374.34
          ],
          [
            277525.34889999963,
            2110366.6448999997
          ]
        ]
      }
    },
    {
      "type": "Feature",
      "properties": {
        "OBJECTID": 28437,
        "US_NODE_ID": "2177105311",
        "DS_NODE_ID": "2177105313",
        "CONDUIT_LE": 3.5,
        "SHAPE_1": "RECT",
        "CONDUIT_WI": 13000.0,
        "CONDUIT_HE": 2779.0,
        "US_INVERT": 26.428,
        "DS_INVERT": 26.427,
        "USER_TEXT2": "Existing",
        "SHAPE.LEN": 3.51982820319401
      },
      "geometry": {
        "type": "LineString",
        "coordinates": [
          [
            277529.8372999998,
            2110322.1361
          ],
          [
            277530.2259999998,
            2110318.6378000006
          ]
        ]
      }
    },
    {
      "type": "Feature",
      "properties": {
        "OBJECTID": 28459,
        "US_NODE_ID": "2177105402",
        "DS_NODE_ID": "2177105401",
        "CONDUIT_LE": 14.7,
        "SHAPE_1": "OREC",
        "CONDUIT_WI": 1624.0,
        "CONDUIT_HE": 3777.0,
        "US_INVERT": 26.822,
        "DS_INVERT": 26.807,
        "USER_TEXT2": "Existing",
        "SHAPE.LEN": 14.7053563061219
      },
      "geometry": {
        "type": "LineString",
        "coordinates": [
          [
            277547.24349999987,
            2110411.958799999
          ],
          [
            277536.70880000014,
            2110401.6987999994
          ]
        ]
      }
    },
    {
      "type": "Feature",
      "properties": {
        "OBJECTID": 28209,
        "US_NODE_ID": "2177095006",
        "DS_NODE_ID": "2177095004",
        "CONDUIT_LE": 9.5,
        "SHAPE_1": "OREC",
        "CONDUIT_WI": 13000.0,
        "CONDUIT_HE": 2154.0,
        "US_INVERT": 26.032,
        "DS_INVERT": 26.031,
        "USER_TEXT2": "Existing",
        "SHAPE.LEN": 9.51707728244339
      },
      "geometry": {
        "type": "LineString",
        "coordinates": [
          [
            277559.2999999998,
            2109043.8000000007
          ],
          [
            277551.10199999996,
            2109038.966
          ]
        ]
      }
    },
    {
      "type": "Feature",
      "properties": {
        "OBJECTID": 28233,
        "US_NODE_ID": "2177096901",
        "DS_NODE_ID": "2177096902",
        "CONDUIT_LE": 25.7,
        "SHAPE_1": "RECT",
        "CONDUIT_WI": 4000.0,
        "CONDUIT_HE": 1803.0,
        "US_INVERT": 26.406,
        "DS_INVERT": 26.397,
        "USER_TEXT2": "Existing",
        "SHAPE.LEN": 25.7018492817151
      },
      "geometry": {
        "type": "LineString",
        "coordinates": [
          [
            277604.3409000002,
            2109977.5593
          ],
          [
            277620.0385999996,
            2109957.2082
          ]
        ]
      }
    },
    {
      "type": "Feature",
      "properties": {
        "OBJECTID": 28238,
        "US_NODE_ID": "2177096904!",
        "DS_NODE_ID": "2177096903!",
        "CONDUIT_LE": 19.7,
        "SHAPE_1": "OREC",
        "CONDUIT_WI": 15000.0,
        "CONDUIT_HE": 3778.0,
        "US_INVERT": 24.98,
        "DS_INVERT": 26.138,
        "USER_TEXT2": "Existing",
        "SHAPE.LEN": 19.704285041838
      },
      "geometry": {
        "type": "LineString",
        "coordinates": [
          [
            277642.7000000002,
            2109956.4000000004
          ],
          [
            277631.6326000001,
            2109940.0975
          ]
        ]
      }
    },
    {
      "type": "Feature",
      "properties": {
        "OBJECTID": 28236,
        "US_NODE_ID": "2177096903!",
        "DS_NODE_ID": "2177096905!",
        "CONDUIT_LE": 30.1,
        "SHAPE_1": "OREC",
        "CONDUIT_WI": 10000.0,
        "CONDUIT_HE": 2669.0,
        "US_INVERT": 26.138,
        "DS_INVERT": 26.135,
        "USER_TEXT2": "Existing",
        "SHAPE.LEN": 30.1166852575113
      },
      "geometry": {
        "type": "LineString",
        "coordinates": [
          [
            277631.6326000001,
            2109940.0975
          ],
          [
            277649.9227,
            2109916.1708000004
          ]
        ]
      }
    },
    {
      "type": "Feature",
      "properties": {
        "OBJECTID": 28237,
        "US_NODE_ID": "2177096903",
        "DS_NODE_ID": "2177096905",
        "CONDUIT_LE": 30.1,
        "SHAPE_1": "OREC",
        "CONDUIT_WI": 10000.0,
        "CONDUIT_HE": 2669.0,
        "US_INVERT": 26.138,
        "DS_INVERT": 26.135,
        "USER_TEXT2": "Existing",
        "SHAPE.LEN": 30.1166852575113
      },
      "geometry": {
        "type": "LineString",
        "coordinates": [
          [
            277631.6326000001,
            2109940.0975
          ],
          [
            277649.9227,
            2109916.1708000004
          ]
        ]
      }
    },
    {
      "type": "Feature",
      "properties": {
        "OBJECTID": 28400,
        "US_NODE_ID": "2177105015!",
        "DS_NODE_ID": "2177105016!",
        "CONDUIT_LE": 9.0,
        "SHAPE_1": "OREC",
        "CONDUIT_WI": 15000.0,
        "CONDUIT_HE": 2268.0,
        "US_INVERT": 26.23,
        "DS_INVERT": 25.239,
        "USER_TEXT2": "Existing",
        "SHAPE.LEN": 9.04765162901402
      },
      "geometry": {
        "type": "LineString",
        "coordinates": [
          [
            277555.7000000002,
            2110044.5
          ],
          [
            277564.2000000002,
            2110047.5999999996
          ]
        ]
      }
    },
    {
      "type": "Feature",
      "properties": {
        "OBJECTID": 28467,
        "US_NODE_ID": "2177105406",
        "DS_NODE_ID": "2177105405",
        "CONDUIT_LE": 22.8,
        "SHAPE_1": "OREC",
        "CONDUIT_WI": 1624.0,
        "CONDUIT_HE": 3310.0,
        "US_INVERT": 26.889,
        "DS_INVERT": 26.866,
        "USER_TEXT2": "Existing",
        "SHAPE.LEN": 22.7917482900999
      },
      "geometry": {
        "type": "LineString",
        "coordinates": [
          [
            277570.9809999997,
            2110472.4277
          ],
          [
            277558.33139999956,
            2110457.1325000003
          ],
          [
            277558.6035000002,
            2110457.2624999993
          ],
          [
            277557.4885999998,
            2110454.8674
          ]
        ]
      }
    },
    {
      "type": "Feature",
      "properties": {
        "OBJECTID": 28474,
        "US_NODE_ID": "2177105502!",
        "DS_NODE_ID": "2177105407!",
        "CONDUIT_LE": 20.8,
        "SHAPE_1": "OREC",
        "CONDUIT_WI": 1687.0,
        "CONDUIT_HE": 3472.0,
        "US_INVERT": 26.928,
        "DS_INVERT": 26.908,
        "USER_TEXT2": "Existing",
        "SHAPE.LEN": 20.8470688783819
      },
      "geometry": {
        "type": "LineString",
        "coordinates": [
          [
            277567.7627999997,
            2110501.3270999994
          ],
          [
            277581.51570000034,
            2110485.66
          ]
        ]
      }
    },
    {
      "type": "Feature",
      "properties": {
        "OBJECTID": 28124,
        "US_NODE_ID": "2177089601",
        "DS_NODE_ID": "2177087401",
        "CONDUIT_LE": 271.0,
        "SHAPE_1": "RECT",
        "CONDUIT_WI": 4500.0,
        "CONDUIT_HE": 2000.0,
        "US_INVERT": 26.619,
        "DS_INVERT": 26.407,
        "USER_TEXT2": "Proposal",
        "SHAPE.LEN": 271.04612153653903
      },
      "geometry": {
        "type": "LineString",
        "coordinates": [
          [
            277922.7999999998,
            2108601.8000000007
          ],
          [
            277709,
            2108435.1999999993
          ]
        ]
      }
    },
    {
      "type": "Feature",
      "properties": {
        "OBJECTID": 28249,
        "US_NODE_ID": "2177097303",
        "DS_NODE_ID": "2177097302",
        "CONDUIT_LE": 30.0,
        "SHAPE_1": "OREC",
        "CONDUIT_WI": 13603.0,
        "CONDUIT_HE": 2139.0,
        "US_INVERT": 26.067,
        "DS_INVERT": 26.064,
        "USER_TEXT2": "Existing",
        "SHAPE.LEN": 30.009097951288002
      },
      "geometry": {
        "type": "LineString",
        "coordinates": [
          [
            277746.9000000004,
            2109355.4000000004
          ],
          [
            277732.7463999996,
            2109328.9383000005
          ]
        ]
      }
    },
    {
      "type": "Feature",
      "properties": {
        "OBJECTID": 28253,
        "US_NODE_ID": "2177097601",
        "DS_NODE_ID": "2177097602",
        "CONDUIT_LE": 12.8,
        "SHAPE_1": "OREC",
        "CONDUIT_WI": 13000.0,
        "CONDUIT_HE": 2502.0,
        "US_INVERT": 26.104,
        "DS_INVERT": 26.103,
        "USER_TEXT2": "Existing",
        "SHAPE.LEN": 12.7969080425703
      },
      "geometry": {
        "type": "LineString",
        "coordinates": [
          [
            277739.12260000035,
            2109689.5671999995
          ],
          [
            277746.5909000002,
            2109679.1755999997
          ]
        ]
      }
    },
    {
      "type": "Feature",
      "properties": {
        "OBJECTID": 28263,
        "US_NODE_ID": "2177097704",
        "DS_NODE_ID": "2177097702",
        "CONDUIT_LE": 30.1,
        "SHAPE_1": "OREC",
        "CONDUIT_WI": 13000.0,
        "CONDUIT_HE": 2651.0,
        "US_INVERT": 26.115,
        "DS_INVERT": 26.113,
        "USER_TEXT2": "Existing",
        "SHAPE.LEN": 30.054816360111097
      },
      "geometry": {
        "type": "LineString",
        "coordinates": [
          [
            277747.341,
            2109781.1621000003
          ],
          [
            277723.0939999996,
            2109763.4033000004
          ]
        ]
      }
    },
    {
      "type": "Feature",
      "properties": {
        "OBJECTID": 28222,
        "US_NODE_ID": "2177096801!",
        "DS_NODE_ID": "2177096802!",
        "CONDUIT_LE": 2.1,
        "SHAPE_1": "RECT",
        "CONDUIT_WI": 10000.0,
        "CONDUIT_HE": 2874.0,
        "US_INVERT": 26.133,
        "DS_INVERT": 26.133,
        "USER_TEXT2": "Existing",
        "SHAPE.LEN": 2.14579835958554
      },
      "geometry": {
        "type": "LineString",
        "coordinates": [
          [
            277663.8883999996,
            2109897.7639000006
          ],
          [
            277665.4107999997,
            2109896.251700001
          ]
        ]
      }
    },
    {
      "type": "Feature",
      "properties": {
        "OBJECTID": 28264,
        "US_NODE_ID": "2177097801",
        "DS_NODE_ID": "2177097802",
        "CONDUIT_LE": 28.9,
        "SHAPE_1": "OREC",
        "CONDUIT_WI": 13000.0,
        "CONDUIT_HE": 2680.0,
        "US_INVERT": 26.127,
        "DS_INVERT": 26.124,
        "USER_TEXT2": "Existing",
        "SHAPE.LEN": 28.890603642880198
      },
      "geometry": {
        "type": "LineString",
        "coordinates": [
          [
            277713.2000000002,
            2109856.5999999996
          ],
          [
            277739.0122999996,
            2109843.623400001
          ]
        ]
      }
    },
    {
      "type": "Feature",
      "properties": {
        "OBJECTID": 28265,
        "US_NODE_ID": "2177097802",
        "DS_NODE_ID": "2177097803",
        "CONDUIT_LE": 29.9,
        "SHAPE_1": "OREC",
        "CONDUIT_WI": 13000.0,
        "CONDUIT_HE": 2283.0,
        "US_INVERT": 26.124,
        "DS_INVERT": 26.121,
        "USER_TEXT2": "Existing",
        "SHAPE.LEN": 29.8579134816886
      },
      "geometry": {
        "type": "LineString",
        "coordinates": [
          [
            277739.0122999996,
            2109843.623400001
          ],
          [
            277762.6085000001,
            2109825.3281999994
          ]
        ]
      }
    },
    {
      "type": "Feature",
      "properties": {
        "OBJECTID": 28269,
        "US_NODE_ID": "2177097806!",
        "DS_NODE_ID": "2177097901!",
        "CONDUIT_LE": 91.5,
        "SHAPE_1": "RECT",
        "CONDUIT_WI": 15000.0,
        "CONDUIT_HE": 2730.0,
        "US_INVERT": 26.069,
        "DS_INVERT": 26.065,
        "USER_TEXT2": "Proposal",
        "SHAPE.LEN": 91.5433230771092
      },
      "geometry": {
        "type": "LineString",
        "coordinates": [
          [
            277701.0999999996,
            2109861.1999999993
          ],
          [
            277774.7999999998,
            2109915.5
          ]
        ]
      }
    },
    {
      "type": "Feature",
      "properties": {
        "OBJECTID": 28292,
        "US_NODE_ID": "2177098801",
        "DS_NODE_ID": "2177097805",
        "CONDUIT_LE": 37.6,
        "SHAPE_1": "OREC",
        "CONDUIT_WI": 5000.0,
        "CONDUIT_HE": 1706.0,
        "US_INVERT": 26.7,
        "DS_INVERT": 26.5,
        "USER_TEXT2": "Existing",
        "SHAPE.LEN": 37.6395065602619
      },
      "geometry": {
        "type": "LineString",
        "coordinates": [
          [
            277803.53479999956,
            2109839.2520000003
          ],
          [
            277775.27249999996,
            2109814.3928999994
          ]
        ]
      }
    },
    {
      "type": "Feature",
      "properties": {
        "OBJECTID": 28488,
        "US_NODE_ID": "2177107502!",
        "DS_NODE_ID": "2177107501!",
        "CONDUIT_LE": 30.0,
        "SHAPE_1": "OREC",
        "CONDUIT_WI": 13000.0,
        "CONDUIT_HE": 2103.0,
        "US_INVERT": 26.644,
        "DS_INVERT": 26.623,
        "USER_TEXT2": "Existing",
        "SHAPE.LEN": 30.0104367292447
      },
      "geometry": {
        "type": "LineString",
        "coordinates": [
          [
            277754.6989000002,
            2110519.4784999993
          ],
          [
            277731.4227,
            2110500.5352999996
          ]
        ]
      }
    },
    {
      "type": "Feature",
      "properties": {
        "OBJECTID": 28591,
        "US_NODE_ID": "2177117803",
        "DS_NODE_ID": "2177117802",
        "CONDUIT_LE": 51.9,
        "SHAPE_1": "OREC",
        "CONDUIT_WI": 1800.0,
        "CONDUIT_HE": 1939.0,
        "US_INVERT": 33.859,
        "DS_INVERT": 33.41,
        "USER_TEXT2": "Existing",
        "SHAPE.LEN": 51.8586690489642
      },
      "geometry": {
        "type": "LineString",
        "coordinates": [
          [
            277780.5527999997,
            2111808.9801000003
          ],
          [
            277729.1579999998,
            2111815.900800001
          ]
        ]
      }
    },
    {
      "type": "Feature",
      "properties": {
        "OBJECTID": 28275,
        "US_NODE_ID": "2177098403",
        "DS_NODE_ID": "2177098402",
        "CONDUIT_LE": 8.3,
        "SHAPE_1": "RECT",
        "CONDUIT_WI": 4500.0,
        "CONDUIT_HE": 2495.0,
        "US_INVERT": 26.081,
        "DS_INVERT": 26.08,
        "USER_TEXT2": "Existing",
        "SHAPE.LEN": 8.26649090061799
      },
      "geometry": {
        "type": "LineString",
        "coordinates": [
          [
            277812.75349999964,
            2109481.8665999994
          ],
          [
            277810.1730000004,
            2109474.0132
          ]
        ]
      }
    },
    {
      "type": "Feature",
      "properties": {
        "OBJECTID": 28286,
        "US_NODE_ID": "2177098507",
        "DS_NODE_ID": "2177098505",
        "CONDUIT_LE": 35.4,
        "SHAPE_1": "OREC",
        "CONDUIT_WI": 7000.0,
        "CONDUIT_HE": 1517.0,
        "US_INVERT": 26.97,
        "DS_INVERT": 26.9,
        "USER_TEXT2": "Existing",
        "SHAPE.LEN": 35.35166054162101
      },
      "geometry": {
        "type": "LineString",
        "coordinates": [
          [
            277851.9774000002,
            2109580.603700001
          ],
          [
            277826.86870000046,
            2109555.7181
          ]
        ]
      }
    },
    {
      "type": "Feature",
      "properties": {
        "OBJECTID": 28289,
        "US_NODE_ID": "2177098601",
        "DS_NODE_ID": "2177098509",
        "CONDUIT_LE": 12.6,
        "SHAPE_1": "OREC",
        "CONDUIT_WI": 7000.0,
        "CONDUIT_HE": 1369.0,
        "US_INVERT": 27.0,
        "DS_INVERT": 26.982,
        "USER_TEXT2": "Existing",
        "SHAPE.LEN": 12.592541140294099
      },
      "geometry": {
        "type": "LineString",
        "coordinates": [
          [
            277862,
            2109609.8000000007
          ],
          [
            277855.3814000003,
            2109599.087099999
          ]
        ]
      }
    },
    {
      "type": "Feature",
      "properties": {
        "OBJECTID": 28494,
        "US_NODE_ID": "2177108502!",
        "DS_NODE_ID": "2177108501!",
        "CONDUIT_LE": 29.8,
        "SHAPE_1": "OREC",
        "CONDUIT_WI": 13000.0,
        "CONDUIT_HE": 2090.0,
        "US_INVERT": 26.708,
        "DS_INVERT": 26.687,
        "USER_TEXT2": "Existing",
        "SHAPE.LEN": 29.828158196744198
      },
      "geometry": {
        "type": "LineString",
        "coordinates": [
          [
            277822.9171000002,
            2110577.9470000006
          ],
          [
            277800.2999999998,
            2110558.5
          ]
        ]
      }
    },
    {
      "type": "Feature",
      "properties": {
        "OBJECTID": 28502,
        "US_NODE_ID": "2177109601!",
        "DS_NODE_ID": "2177108602!",
        "CONDUIT_LE": 29.9,
        "SHAPE_1": "OREC",
        "CONDUIT_WI": 13000.0,
        "CONDUIT_HE": 2014.0,
        "US_INVERT": 26.793,
        "DS_INVERT": 26.74,
        "USER_TEXT2": "Existing",
        "SHAPE.LEN": 29.920540904535798
      },
      "geometry": {
        "type": "LineString",
        "coordinates": [
          [
            277916.9819,
            2110652.5429
          ],
          [
            277893.5,
            2110634
          ]
        ]
      }
    },
    {
      "type": "Feature",
      "properties": {
        "OBJECTID": 28304,
        "US_NODE_ID": "2177099603",
        "DS_NODE_ID": "2177099602",
        "CONDUIT_LE": 30.2,
        "SHAPE_1": "OREC",
        "CONDUIT_WI": 7000.0,
        "CONDUIT_HE": 1177.0,
        "US_INVERT": 27.042,
        "DS_INVERT": 27.022,
        "USER_TEXT2": "Existing",
        "SHAPE.LEN": 30.162088490354897
      },
      "geometry": {
        "type": "LineString",
        "coordinates": [
          [
            277983.4665999999,
            2109657.8988000005
          ],
          [
            277953.5588999996,
            2109661.8079000004
          ]
        ]
      }
    },
    {
      "type": "Feature",
      "properties": {
        "OBJECTID": 28504,
        "US_NODE_ID": "2177109602!",
        "DS_NODE_ID": "2177109601!",
        "CONDUIT_LE": 30.1,
        "SHAPE_1": "OREC",
        "CONDUIT_WI": 13000.0,
        "CONDUIT_HE": 2023.0,
        "US_INVERT": 26.815,
        "DS_INVERT": 26.793,
        "USER_TEXT2": "Existing",
        "SHAPE.LEN": 30.1166437474364
      },
      "geometry": {
        "type": "LineString",
        "coordinates": [
          [
            277940.4787999997,
            2110671.3818999995
          ],
          [
            277916.9819,
            2110652.5429
          ]
        ]
      }
    },
    {
      "type": "Feature",
      "properties": {
        "OBJECTID": 28505,
        "US_NODE_ID": "2177109602",
        "DS_NODE_ID": "2177109601",
        "CONDUIT_LE": 30.1,
        "SHAPE_1": "OREC",
        "CONDUIT_WI": 13000.0,
        "CONDUIT_HE": 2023.0,
        "US_INVERT": 26.815,
        "DS_INVERT": 26.793,
        "USER_TEXT2": "Existing",
        "SHAPE.LEN": 30.1166437474364
      },
      "geometry": {
        "type": "LineString",
        "coordinates": [
          [
            277940.4787999997,
            2110671.3818999995
          ],
          [
            277916.9819,
            2110652.5429
          ]
        ]
      }
    },
    {
      "type": "Feature",
      "properties": {
        "OBJECTID": 29204,
        "US_NODE_ID": "2178100701",
        "DS_NODE_ID": "2177109701",
        "CONDUIT_LE": 29.9,
        "SHAPE_1": "OREC",
        "CONDUIT_WI": 13000.0,
        "CONDUIT_HE": 2239.0,
        "US_INVERT": 26.878,
        "DS_INVERT": 26.857,
        "USER_TEXT2": "Existing",
        "SHAPE.LEN": 29.8957522200061
      },
      "geometry": {
        "type": "LineString",
        "coordinates": [
          [
            278014.301,
            2110722.162799999
          ],
          [
            277988.10140000004,
            2110707.7635999992
          ]
        ]
      }
    },
    {
      "type": "Feature",
      "properties": {
        "OBJECTID": 29374,
        "US_NODE_ID": "2178110303!",
        "DS_NODE_ID": "2178110302!",
        "CONDUIT_LE": 31.7,
        "SHAPE_1": "RECT",
        "CONDUIT_WI": 3500.0,
        "CONDUIT_HE": 2319.0,
        "US_INVERT": 30.887,
        "DS_INVERT": 30.734,
        "USER_TEXT2": "Existing",
        "SHAPE.LEN": 31.684373785511397
      },
      "geometry": {
        "type": "LineString",
        "coordinates": [
          [
            278019.55879999977,
            2111394.8194999993
          ],
          [
            278012.1571000004,
            2111364.0118000004
          ]
        ]
      }
    },
    {
      "type": "Feature",
      "properties": {
        "OBJECTID": 28624,
        "US_NODE_ID": "2177129001",
        "DS_NODE_ID": "2178110902",
        "CONDUIT_LE": 48.5,
        "SHAPE_1": "OREC",
        "CONDUIT_WI": 1500.0,
        "CONDUIT_HE": 1500.0,
        "US_INVERT": 44.288,
        "DS_INVERT": 44.079,
        "USER_TEXT2": "Existing",
        "SHAPE.LEN": 48.4591705588323
      },
      "geometry": {
        "type": "LineString",
        "coordinates": [
          [
            277989.2867999999,
            2112024.764799999
          ],
          [
            278016.55229999963,
            2111984.7038000003
          ]
        ]
      }
    },
    {
      "type": "Feature",
      "properties": {
        "OBJECTID": 29112,
        "US_NODE_ID": "2178091302",
        "DS_NODE_ID": "2178091301",
        "CONDUIT_LE": 29.9,
        "SHAPE_1": "OREC",
        "CONDUIT_WI": 3612.0,
        "CONDUIT_HE": 1783.0,
        "US_INVERT": 26.386,
        "DS_INVERT": 26.379,
        "USER_TEXT2": "Existing",
        "SHAPE.LEN": 29.9425451765544
      },
      "geometry": {
        "type": "LineString",
        "coordinates": [
          [
            278129.3075000001,
            2109380.2454000004
          ],
          [
            278100.32930000033,
            2109387.7832999993
          ]
        ]
      }
    },
    {
      "type": "Feature",
      "properties": {
        "OBJECTID": 29115,
        "US_NODE_ID": "2178091401",
        "DS_NODE_ID": "2178091402",
        "CONDUIT_LE": 22.7,
        "SHAPE_1": "OREC",
        "CONDUIT_WI": 6000.0,
        "CONDUIT_HE": 1499.0,
        "US_INVERT": 26.832,
        "DS_INVERT": 26.813,
        "USER_TEXT2": "Existing",
        "SHAPE.LEN": 22.726636354727002
      },
      "geometry": {
        "type": "LineString",
        "coordinates": [
          [
            278104.2000000002,
            2109441.9000000004
          ],
          [
            278118.7000000002,
            2109459.4000000004
          ]
        ]
      }
    },
    {
      "type": "Feature",
      "properties": {
        "OBJECTID": 29214,
        "US_NODE_ID": "2178100706",
        "DS_NODE_ID": "2178100707",
        "CONDUIT_LE": 29.9,
        "SHAPE_1": "RECT",
        "CONDUIT_WI": 4500.0,
        "CONDUIT_HE": 1579.0,
        "US_INVERT": 28.027,
        "DS_INVERT": 28.006,
        "USER_TEXT2": "Existing",
        "SHAPE.LEN": 29.881540566041796
      },
      "geometry": {
        "type": "LineString",
        "coordinates": [
          [
            278055.12820000015,
            2110787.6633
          ],
          [
            278055.5473999996,
            2110757.7847000007
          ]
        ]
      }
    },
    {
      "type": "Feature",
      "properties": {
        "OBJECTID": 29226,
        "US_NODE_ID": "2178100803",
        "DS_NODE_ID": "2178100804",
        "CONDUIT_LE": 29.9,
        "SHAPE_1": "RECT",
        "CONDUIT_WI": 4500.0,
        "CONDUIT_HE": 1587.0,
        "US_INVERT": 28.089,
        "DS_INVERT": 28.068,
        "USER_TEXT2": "Existing",
        "SHAPE.LEN": 29.8816969063003
      },
      "geometry": {
        "type": "LineString",
        "coordinates": [
          [
            278059.46360000037,
            2110877.306500001
          ],
          [
            278059.8937999997,
            2110847.4278999995
          ]
        ]
      }
    },
    {
      "type": "Feature",
      "properties": {
        "OBJECTID": 29352,
        "US_NODE_ID": "2178110101!",
        "DS_NODE_ID": "2178110102!",
        "CONDUIT_LE": 30.0,
        "SHAPE_1": "RECT",
        "CONDUIT_WI": 3500.0,
        "CONDUIT_HE": 2086.0,
        "US_INVERT": 28.912,
        "DS_INVERT": 28.807,
        "USER_TEXT2": "Existing",
        "SHAPE.LEN": 30.0012755878813
      },
      "geometry": {
        "type": "LineString",
        "coordinates": [
          [
            278033.4956,
            2111193.2628000006
          ],
          [
            278052.55790000036,
            2111170.095899999
          ]
        ]
      }
    },
    {
      "type": "Feature",
      "properties": {
        "OBJECTID": 29119,
        "US_NODE_ID": "2178091502",
        "DS_NODE_ID": "2178091503",
        "CONDUIT_LE": 29.8,
        "SHAPE_1": "OREC",
        "CONDUIT_WI": 4972.0,
        "CONDUIT_HE": 1563.0,
        "US_INVERT": 26.739,
        "DS_INVERT": 26.724,
        "USER_TEXT2": "Existing",
        "SHAPE.LEN": 29.789931184881898
      },
      "geometry": {
        "type": "LineString",
        "coordinates": [
          [
            278170.5999999996,
            2109533
          ],
          [
            278186.7999999998,
            2109558
          ]
        ]
      }
    },
    {
      "type": "Feature",
      "properties": {
        "OBJECTID": 29414,
        "US_NODE_ID": "2178112001!",
        "DS_NODE_ID": "2178112002!",
        "CONDUIT_LE": 30.8,
        "SHAPE_1": "OREC",
        "CONDUIT_WI": 7200.0,
        "CONDUIT_HE": 1594.0,
        "US_INVERT": 27.614,
        "DS_INVERT": 27.596,
        "USER_TEXT2": "Existing",
        "SHAPE.LEN": 30.8343294340902
      },
      "geometry": {
        "type": "LineString",
        "coordinates": [
          [
            278211.8680999996,
            2111089.563100001
          ],
          [
            278221.4402999999,
            2111060.2522
          ]
        ]
      }
    },
    {
      "type": "Feature",
      "properties": {
        "OBJECTID": 29392,
        "US_NODE_ID": "2178111101!",
        "DS_NODE_ID": "2178111103!",
        "CONDUIT_LE": 27.3,
        "SHAPE_1": "OREC",
        "CONDUIT_WI": 5400.0,
        "CONDUIT_HE": 2136.0,
        "US_INVERT": 27.663,
        "DS_INVERT": 27.649,
        "USER_TEXT2": "Existing",
        "SHAPE.LEN": 27.3144934926496
      },
      "geometry": {
        "type": "LineString",
        "coordinates": [
          [
            278187.5088999998,
            2111165.661800001
          ],
          [
            278196.37650000025,
            2111139.8268
          ]
        ]
      }
    },
    {
      "type": "Feature",
      "properties": {
        "OBJECTID": 29452,
        "US_NODE_ID": "2178113502!",
        "DS_NODE_ID": "2178112402!",
        "CONDUIT_LE": 103.2,
        "SHAPE_1": "OREC",
        "CONDUIT_WI": 7000.0,
        "CONDUIT_HE": 3582.0,
        "US_INVERT": 28.226,
        "DS_INVERT": 28.122,
        "USER_TEXT2": "Existing",
        "SHAPE.LEN": 103.226036260674
      },
      "geometry": {
        "type": "LineString",
        "coordinates": [
          [
            278337.03029999975,
            2111532.706700001
          ],
          [
            278254.9530999996,
            2111470.1052
          ]
        ]
      }
    },
    {
      "type": "Feature",
      "properties": {
        "OBJECTID": 29143,
        "US_NODE_ID": "2178093006",
        "DS_NODE_ID": "2178093005",
        "CONDUIT_LE": 31.6,
        "SHAPE_1": "OREC",
        "CONDUIT_WI": 4000.0,
        "CONDUIT_HE": 2387.0,
        "US_INVERT": 26.581,
        "DS_INVERT": 26.557,
        "USER_TEXT2": "Existing",
        "SHAPE.LEN": 31.5804363593982
      },
      "geometry": {
        "type": "LineString",
        "coordinates": [
          [
            278363.4612999996,
            2109073.443600001
          ],
          [
            278331.9846000001,
            2109076.0012
          ]
        ]
      }
    },
    {
      "type": "Feature",
      "properties": {
        "OBJECTID": 29135,
        "US_NODE_ID": "2178092604",
        "DS_NODE_ID": "2178092701",
        "CONDUIT_LE": 32.7,
        "SHAPE_1": "OREC",
        "CONDUIT_WI": 7000.0,
        "CONDUIT_HE": 1555.0,
        "US_INVERT": 26.587,
        "DS_INVERT": 26.553,
        "USER_TEXT2": "Existing",
        "SHAPE.LEN": 32.673536692559004
      },
      "geometry": {
        "type": "LineString",
        "coordinates": [
          [
            278269.2999999998,
            2109683.5
          ],
          [
            278287.7000000002,
            2109710.5
          ]
        ]
      }
    },
    {
      "type": "Feature",
      "properties": {
        "OBJECTID": 29152,
        "US_NODE_ID": "2178093702",
        "DS_NODE_ID": "2178093601",
        "CONDUIT_LE": 32.4,
        "SHAPE_1": "OREC",
        "CONDUIT_WI": 5000.0,
        "CONDUIT_HE": 2086.0,
        "US_INVERT": 26.446,
        "DS_INVERT": 26.399,
        "USER_TEXT2": "Existing",
        "SHAPE.LEN": 32.396604760375695
      },
      "geometry": {
        "type": "LineString",
        "coordinates": [
          [
            278312.0999999996,
            2109701.5999999996
          ],
          [
            278344.4000000004,
            2109699.0999999996
          ]
        ]
      }
    },
    {
      "type": "Feature",
      "properties": {
        "OBJECTID": 29249,
        "US_NODE_ID": "2178102201!",
        "DS_NODE_ID": "2178104301!",
        "CONDUIT_LE": 150.3,
        "SHAPE_1": "OREC",
        "CONDUIT_WI": 15000.0,
        "CONDUIT_HE": 2478.0,
        "US_INVERT": 26.02,
        "DS_INVERT": 26.011,
        "USER_TEXT2": "Proposal",
        "SHAPE.LEN": 150.283598572832
      },
      "geometry": {
        "type": "LineString",
        "coordinates": [
          [
            278287.2999999998,
            2110296.6999999993
          ],
          [
            278406.9000000004,
            2110387.6999999993
          ]
        ]
      }
    },
    {
      "type": "Feature",
      "properties": {
        "OBJECTID": 29444,
        "US_NODE_ID": "2178113101!",
        "DS_NODE_ID": "2178112106!",
        "CONDUIT_LE": 29.4,
        "SHAPE_1": "OREC",
        "CONDUIT_WI": 4800.0,
        "CONDUIT_HE": 1161.0,
        "US_INVERT": 27.738,
        "DS_INVERT": 27.731,
        "USER_TEXT2": "Existing",
        "SHAPE.LEN": 29.386561554561002
      },
      "geometry": {
        "type": "LineString",
        "coordinates": [
          [
            278316.2000000002,
            2111180.1999999993
          ],
          [
            278288.0999999996,
            2111171.5999999996
          ]
        ]
      }
    },
    {
      "type": "Feature",
      "properties": {
        "OBJECTID": 29449,
        "US_NODE_ID": "2178113103",
        "DS_NODE_ID": "2178113102",
        "CONDUIT_LE": 12.1,
        "SHAPE_1": "RECT",
        "CONDUIT_WI": 4800.0,
        "CONDUIT_HE": 1503.0,
        "US_INVERT": 27.763,
        "DS_INVERT": 27.75,
        "USER_TEXT2": "Existing",
        "SHAPE.LEN": 12.1245949610698
      },
      "geometry": {
        "type": "LineString",
        "coordinates": [
          [
            278332.3828999996,
            2111186.8434999995
          ],
          [
            278321.1377999997,
            2111182.3099000007
          ]
        ]
      }
    },
    {
      "type": "Feature",
      "properties": {
        "OBJECTID": 29450,
        "US_NODE_ID": "2178113501!",
        "DS_NODE_ID": "2178112503!",
        "CONDUIT_LE": 30.2,
        "SHAPE_1": "OREC",
        "CONDUIT_WI": 4000.0,
        "CONDUIT_HE": 3653.0,
        "US_INVERT": 33.333,
        "DS_INVERT": 33.267,
        "USER_TEXT2": "Existing",
        "SHAPE.LEN": 30.2166343997805
      },
      "geometry": {
        "type": "LineString",
        "coordinates": [
          [
            278312.50189999957,
            2111566.4881999996
          ],
          [
            278284.2505000001,
            2111555.7688999996
          ]
        ]
      }
    },
    {
      "type": "Feature",
      "properties": {
        "OBJECTID": 29458,
        "US_NODE_ID": "2178113505!",
        "DS_NODE_ID": "2178113504!",
        "CONDUIT_LE": 30.1,
        "SHAPE_1": "OREC",
        "CONDUIT_WI": 4000.0,
        "CONDUIT_HE": 2926.0,
        "US_INVERT": 33.53,
        "DS_INVERT": 33.464,
        "USER_TEXT2": "Existing",
        "SHAPE.LEN": 30.0714026518551
      },
      "geometry": {
        "type": "LineString",
        "coordinates": [
          [
            278396.7156999996,
            2111598.1993000004
          ],
          [
            278368.5745000001,
            2111587.599199999
          ]
        ]
      }
    },
    {
      "type": "Feature",
      "properties": {
        "OBJECTID": 29168,
        "US_NODE_ID": "2178094802",
        "DS_NODE_ID": "2178094803",
        "CONDUIT_LE": 29.8,
        "SHAPE_1": "RECT",
        "CONDUIT_WI": 5000.0,
        "CONDUIT_HE": 2294.0,
        "US_INVERT": 26.158,
        "DS_INVERT": 26.127,
        "USER_TEXT2": "Existing",
        "SHAPE.LEN": 29.842922108935596
      },
      "geometry": {
        "type": "LineString",
        "coordinates": [
          [
            278443.2999999998,
            2109849.8000000007
          ],
          [
            278459.9000000004,
            2109874.5999999996
          ]
        ]
      }
    },
    {
      "type": "Feature",
      "properties": {
        "OBJECTID": 29466,
        "US_NODE_ID": "2178114602!",
        "DS_NODE_ID": "2178114601!",
        "CONDUIT_LE": 29.9,
        "SHAPE_1": "OREC",
        "CONDUIT_WI": 4000.0,
        "CONDUIT_HE": 3045.0,
        "US_INVERT": 33.661,
        "DS_INVERT": 33.595,
        "USER_TEXT2": "Existing",
        "SHAPE.LEN": 29.929734981954
      },
      "geometry": {
        "type": "LineString",
        "coordinates": [
          [
            278453.3399,
            2111617.4778000005
          ],
          [
            278424.9671,
            2111607.9503000006
          ]
        ]
      }
    },
    {
      "type": "Feature",
      "properties": {
        "OBJECTID": 29180,
        "US_NODE_ID": "2178095902",
        "DS_NODE_ID": "2178095903",
        "CONDUIT_LE": 17.3,
        "SHAPE_1": "RECT",
        "CONDUIT_WI": 7000.0,
        "CONDUIT_HE": 2008.0,
        "US_INVERT": 26.039,
        "DS_INVERT": 26.028,
        "USER_TEXT2": "Existing",
        "SHAPE.LEN": 17.2904597972408
      },
      "geometry": {
        "type": "LineString",
        "coordinates": [
          [
            278525.9000000004,
            2109974
          ],
          [
            278534.5,
            2109989
          ]
        ]
      }
    },
    {
      "type": "Feature",
      "properties": {
        "OBJECTID": 29473,
        "US_NODE_ID": "2178115602",
        "DS_NODE_ID": "2178115601",
        "CONDUIT_LE": 30.0,
        "SHAPE_1": "OREC",
        "CONDUIT_WI": 3226.0,
        "CONDUIT_HE": 2388.0,
        "US_INVERT": 33.818,
        "DS_INVERT": 33.792,
        "USER_TEXT2": "Existing",
        "SHAPE.LEN": 29.994664374185003
      },
      "geometry": {
        "type": "LineString",
        "coordinates": [
          [
            278539.09059999976,
            2111645.2052999996
          ],
          [
            278510.50820000004,
            2111636.1098999996
          ]
        ]
      }
    },
    {
      "type": "Feature",
      "properties": {
        "OBJECTID": 22454,
        "US_NODE_ID": "2174092304",
        "DS_NODE_ID": "2174092201",
        "CONDUIT_LE": 30.0,
        "SHAPE_1": "OREC",
        "CONDUIT_WI": 60000.0,
        "CONDUIT_HE": 5141.0,
        "US_INVERT": 23.207,
        "DS_INVERT": 23.195,
        "USER_TEXT2": "Existing",
        "SHAPE.LEN": 30.0188274254675
      },
      "geometry": {
        "type": "LineString",
        "coordinates": [
          [
            274260.7999999998,
            2109308.5
          ],
          [
            274273.5,
            2109281.3000000007
          ]
        ]
      }
    },
    {
      "type": "Feature",
      "properties": {
        "OBJECTID": 22449,
        "US_NODE_ID": "2174092202",
        "DS_NODE_ID": "2174092203",
        "CONDUIT_LE": 30.0,
        "SHAPE_1": "OREC",
        "CONDUIT_WI": 60000.0,
        "CONDUIT_HE": 4816.0,
        "US_INVERT": 23.184,
        "DS_INVERT": 23.172,
        "USER_TEXT2": "Existing",
        "SHAPE.LEN": 29.9766575855281
      },
      "geometry": {
        "type": "LineString",
        "coordinates": [
          [
            274286.4000000004,
            2109254.0999999996
          ],
          [
            274299,
            2109226.9000000004
          ]
        ]
      }
    },
    {
      "type": "Feature",
      "properties": {
        "OBJECTID": 22514,
        "US_NODE_ID": "2174103001",
        "DS_NODE_ID": "2174091901",
        "CONDUIT_LE": 149.1,
        "SHAPE_1": "OREC",
        "CONDUIT_WI": 3000.0,
        "CONDUIT_HE": 1444.0,
        "US_INVERT": 26.056,
        "DS_INVERT": 25.87,
        "USER_TEXT2": "Proposal",
        "SHAPE.LEN": 149.115559214993
      },
      "geometry": {
        "type": "LineString",
        "coordinates": [
          [
            274300,
            2110024.5999999996
          ],
          [
            274154.0999999996,
            2109993.8000000007
          ]
        ]
      }
    },
    {
      "type": "Feature",
      "properties": {
        "OBJECTID": 22516,
        "US_NODE_ID": "2174103501",
        "DS_NODE_ID": "2174102401",
        "CONDUIT_LE": 72.9,
        "SHAPE_1": "RECT",
        "CONDUIT_WI": 6800.0,
        "CONDUIT_HE": 3500.0,
        "US_INVERT": 24.574,
        "DS_INVERT": 24.517,
        "USER_TEXT2": "Existing",
        "SHAPE.LEN": 72.8598654953466
      },
      "geometry": {
        "type": "LineString",
        "coordinates": [
          [
            274313.0999999996,
            2110518.1999999993
          ],
          [
            274244.0999999996,
            2110494.8000000007
          ]
        ]
      }
    },
    {
      "type": "Feature",
      "properties": {
        "OBJECTID": 22462,
        "US_NODE_ID": "2174093102",
        "DS_NODE_ID": "2174093103",
        "CONDUIT_LE": 30.0,
        "SHAPE_1": "OREC",
        "CONDUIT_WI": 60000.0,
        "CONDUIT_HE": 5359.0,
        "US_INVERT": 23.149,
        "DS_INVERT": 23.138,
        "USER_TEXT2": "Existing",
        "SHAPE.LEN": 29.986830442712698
      },
      "geometry": {
        "type": "LineString",
        "coordinates": [
          [
            274324.5999999996,
            2109172.6999999993
          ],
          [
            274343.0999999996,
            2109149.0999999996
          ]
        ]
      }
    },
    {
      "type": "Feature",
      "properties": {
        "OBJECTID": 22468,
        "US_NODE_ID": "2174094401",
        "DS_NODE_ID": "2174093501",
        "CONDUIT_LE": 100.2,
        "SHAPE_1": "OREC",
        "CONDUIT_WI": 1500.0,
        "CONDUIT_HE": 2000.0,
        "US_INVERT": 25.392,
        "DS_INVERT": 25.264,
        "USER_TEXT2": "Existing",
        "SHAPE.LEN": 100.22200357207001
      },
      "geometry": {
        "type": "LineString",
        "coordinates": [
          [
            274415.9000000004,
            2109492.1999999993
          ],
          [
            274339.7000000002,
            2109557.3000000007
          ]
        ]
      }
    },
    {
      "type": "Feature",
      "properties": {
        "OBJECTID": 22515,
        "US_NODE_ID": "2174103002",
        "DS_NODE_ID": "2174103001",
        "CONDUIT_LE": 99.5,
        "SHAPE_1": "OREC",
        "CONDUIT_WI": 3000.0,
        "CONDUIT_HE": 2390.0,
        "US_INVERT": 26.3,
        "DS_INVERT": 26.056,
        "USER_TEXT2": "Proposal",
        "SHAPE.LEN": 99.5
      },
      "geometry": {
        "type": "LineString",
        "coordinates": [
          [
            274399.5,
            2110024.5999999996
          ],
          [
            274300,
            2110024.5999999996
          ]
        ]
      }
    },
    {
      "type": "Feature",
      "properties": {
        "OBJECTID": 22521,
        "US_NODE_ID": "2174104501",
        "DS_NODE_ID": "2174103502",
        "CONDUIT_LE": 53.9,
        "SHAPE_1": "RECT",
        "CONDUIT_WI": 6800.0,
        "CONDUIT_HE": 3500.0,
        "US_INVERT": 24.681,
        "DS_INVERT": 24.639,
        "USER_TEXT2": "Existing",
        "SHAPE.LEN": 53.8978663770654
      },
      "geometry": {
        "type": "LineString",
        "coordinates": [
          [
            274447.2999999998,
            2110500.9000000004
          ],
          [
            274394.5999999996,
            2110512.1999999993
          ]
        ]
      }
    },
    {
      "type": "Feature",
      "properties": {
        "OBJECTID": 22413,
        "US_NODE_ID": "2174084801",
        "DS_NODE_ID": "2174085801",
        "CONDUIT_LE": 18.0,
        "SHAPE_1": "OREC",
        "CONDUIT_WI": 62000.0,
        "CONDUIT_HE": 4577.0,
        "US_INVERT": 23.023,
        "DS_INVERT": 23.016,
        "USER_TEXT2": "Existing",
        "SHAPE.LEN": 17.9956260157851
      },
      "geometry": {
        "type": "LineString",
        "coordinates": [
          [
            274494.3086000001,
            2108890.0089
          ],
          [
            274503.4537000004,
            2108874.5101999994
          ]
        ]
      }
    },
    {
      "type": "Feature",
      "properties": {
        "OBJECTID": 22420,
        "US_NODE_ID": "2174086901",
        "DS_NODE_ID": "2174085802",
        "CONDUIT_LE": 197.2,
        "SHAPE_1": "RECT",
        "CONDUIT_WI": 1650.0,
        "CONDUIT_HE": 1650.0,
        "US_INVERT": 26.679,
        "DS_INVERT": 26.5,
        "USER_TEXT2": "Existing",
        "SHAPE.LEN": 197.20945886049702
      },
      "geometry": {
        "type": "LineString",
        "coordinates": [
          [
            274685,
            2108953
          ],
          [
            274506.6774000004,
            2108868.782299999
          ]
        ]
      }
    },
    {
      "type": "Feature",
      "properties": {
        "OBJECTID": 22414,
        "US_NODE_ID": "2174084901",
        "DS_NODE_ID": "2174084902",
        "CONDUIT_LE": 30.1,
        "SHAPE_1": "OREC",
        "CONDUIT_WI": 62000.0,
        "CONDUIT_HE": 5121.0,
        "US_INVERT": 23.069,
        "DS_INVERT": 23.057,
        "USER_TEXT2": "Existing",
        "SHAPE.LEN": 30.087962810732098
      },
      "geometry": {
        "type": "LineString",
        "coordinates": [
          [
            274432.9380999999,
            2108993.162799999
          ],
          [
            274448.3471999997,
            2108967.3201
          ]
        ]
      }
    },
    {
      "type": "Feature",
      "properties": {
        "OBJECTID": 22415,
        "US_NODE_ID": "2174084902",
        "DS_NODE_ID": "2174084903",
        "CONDUIT_LE": 29.9,
        "SHAPE_1": "OREC",
        "CONDUIT_WI": 62000.0,
        "CONDUIT_HE": 5061.0,
        "US_INVERT": 23.057,
        "DS_INVERT": 23.046,
        "USER_TEXT2": "Existing",
        "SHAPE.LEN": 29.930566469915004
      },
      "geometry": {
        "type": "LineString",
        "coordinates": [
          [
            274448.3471999997,
            2108967.3201
          ],
          [
            274463.8008000003,
            2108941.6876
          ]
        ]
      }
    },
    {
      "type": "Feature",
      "properties": {
        "OBJECTID": 22475,
        "US_NODE_ID": "2174095903",
        "DS_NODE_ID": "2174095901",
        "CONDUIT_LE": 14.6,
        "SHAPE_1": "RECT",
        "CONDUIT_WI": 3000.0,
        "CONDUIT_HE": 1500.0,
        "US_INVERT": 26.727,
        "DS_INVERT": 26.696,
        "USER_TEXT2": "Proposal",
        "SHAPE.LEN": 14.591093173576798
      },
      "geometry": {
        "type": "LineString",
        "coordinates": [
          [
            274553.7000000002,
            2109946.6999999993
          ],
          [
            274542.7999999998,
            2109956.4000000004
          ]
        ]
      }
    },
    {
      "type": "Feature",
      "properties": {
        "OBJECTID": 22477,
        "US_NODE_ID": "2174095905",
        "DS_NODE_ID": "2174095904",
        "CONDUIT_LE": 10.5,
        "SHAPE_1": "RECT",
        "CONDUIT_WI": 3000.0,
        "CONDUIT_HE": 1500.0,
        "US_INVERT": 26.817,
        "DS_INVERT": 26.795,
        "USER_TEXT2": "Proposal",
        "SHAPE.LEN": 10.4694794521982
      },
      "geometry": {
        "type": "LineString",
        "coordinates": [
          [
            274587.2000000002,
            2109929.5999999996
          ],
          [
            274577.7000000002,
            2109925.1999999993
          ]
        ]
      }
    },
    {
      "type": "Feature",
      "properties": {
        "OBJECTID": 24906,
        "US_NODE_ID": "2175101601",
        "DS_NODE_ID": "2175101503",
        "CONDUIT_LE": 20.4,
        "SHAPE_1": "RECT",
        "CONDUIT_WI": 2000.0,
        "CONDUIT_HE": 1107.0,
        "US_INVERT": 29.503,
        "DS_INVERT": 29.209,
        "USER_TEXT2": "Existing",
        "SHAPE.LEN": 20.3648975116498
      },
      "geometry": {
        "type": "LineString",
        "coordinates": [
          [
            275124.02660000045,
            2110617.0396
          ],
          [
            275117.8245000001,
            2110597.6421000008
          ]
        ]
      }
    },
    {
      "type": "Feature",
      "properties": {
        "OBJECTID": 24908,
        "US_NODE_ID": "2175101603",
        "DS_NODE_ID": "2175101602",
        "CONDUIT_LE": 8.1,
        "SHAPE_1": "OREC",
        "CONDUIT_WI": 2339.0,
        "CONDUIT_HE": 908.0,
        "US_INVERT": 29.649,
        "DS_INVERT": 29.592,
        "USER_TEXT2": "Existing",
        "SHAPE.LEN": 8.056333123904551
      },
      "geometry": {
        "type": "LineString",
        "coordinates": [
          [
            275128.4642000003,
            2110625.5197
          ],
          [
            275126.7226,
            2110622.1489000004
          ],
          [
            275124.73029999994,
            2110618.380999999
          ]
        ]
      }
    },
    {
      "type": "Feature",
      "properties": {
        "OBJECTID": 24919,
        "US_NODE_ID": "2175102302",
        "DS_NODE_ID": "2175102303",
        "CONDUIT_LE": 30.8,
        "SHAPE_1": "RECT",
        "CONDUIT_WI": 4000.0,
        "CONDUIT_HE": 1500.0,
        "US_INVERT": 27.001,
        "DS_INVERT": 26.942,
        "USER_TEXT2": "Proposal",
        "SHAPE.LEN": 30.782517455205003
      },
      "geometry": {
        "type": "LineString",
        "coordinates": [
          [
            275236.6952999998,
            2110389.9154000003
          ],
          [
            275236.8350999998,
            2110359.133199999
          ]
        ]
      }
    },
    {
      "type": "Feature",
      "properties": {
        "OBJECTID": 24913,
        "US_NODE_ID": "2175101703",
        "DS_NODE_ID": "2175101702",
        "CONDUIT_LE": 29.6,
        "SHAPE_1": "OREC",
        "CONDUIT_WI": 1769.0,
        "CONDUIT_HE": 816.0,
        "US_INVERT": 30.397,
        "DS_INVERT": 30.138,
        "USER_TEXT2": "Existing",
        "SHAPE.LEN": 29.5982505111366
      },
      "geometry": {
        "type": "LineString",
        "coordinates": [
          [
            275196.6524,
            2110758.0732000005
          ],
          [
            275180.8937999997,
            2110733.0187999997
          ]
        ]
      }
    },
    {
      "type": "Feature",
      "properties": {
        "OBJECTID": 24897,
        "US_NODE_ID": "2175093901",
        "DS_NODE_ID": "2175103003",
        "CONDUIT_LE": 65.9,
        "SHAPE_1": "OREC",
        "CONDUIT_WI": 7000.0,
        "CONDUIT_HE": 1786.0,
        "US_INVERT": 26.292,
        "DS_INVERT": 26.17,
        "USER_TEXT2": "Existing",
        "SHAPE.LEN": 65.885655077566
      },
      "geometry": {
        "type": "LineString",
        "coordinates": [
          [
            275336.0931000002,
            2109988.1654000003
          ],
          [
            275396.6514999997,
            2110014.1192000005
          ]
        ]
      }
    },
    {
      "type": "Feature",
      "properties": {
        "OBJECTID": 24936,
        "US_NODE_ID": "2175103202",
        "DS_NODE_ID": "2175103203",
        "CONDUIT_LE": 60.8,
        "SHAPE_1": "OREC",
        "CONDUIT_WI": 2500.0,
        "CONDUIT_HE": 1483.0,
        "US_INVERT": 27.217,
        "DS_INVERT": 27.134,
        "USER_TEXT2": "Existing",
        "SHAPE.LEN": 60.794824471331395
      },
      "geometry": {
        "type": "LineString",
        "coordinates": [
          [
            275342.8673999999,
            2110284.4125999995
          ],
          [
            275344.8435000004,
            2110223.6499000005
          ]
        ]
      }
    },
    {
      "type": "Feature",
      "properties": {
        "OBJECTID": 24940,
        "US_NODE_ID": "2175103401",
        "DS_NODE_ID": "2175103302",
        "CONDUIT_LE": 49.2,
        "SHAPE_1": "OREC",
        "CONDUIT_WI": 2500.0,
        "CONDUIT_HE": 1180.0,
        "US_INVERT": 27.578,
        "DS_INVERT": 27.456,
        "USER_TEXT2": "Existing",
        "SHAPE.LEN": 49.1679550911974
      },
      "geometry": {
        "type": "LineString",
        "coordinates": [
          [
            275393.32380000036,
            2110402.0775000006
          ],
          [
            275395.89269999973,
            2110352.9767000005
          ]
        ]
      }
    },
    {
      "type": "Feature",
      "properties": {
        "OBJECTID": 24863,
        "US_NODE_ID": "2175085502",
        "DS_NODE_ID": "2175085503",
        "CONDUIT_LE": 11.4,
        "SHAPE_1": "OREC",
        "CONDUIT_WI": 5000.0,
        "CONDUIT_HE": 1355.0,
        "US_INVERT": 26.783,
        "DS_INVERT": 26.695,
        "USER_TEXT2": "Existing",
        "SHAPE.LEN": 11.434313609482599
      },
      "geometry": {
        "type": "LineString",
        "coordinates": [
          [
            275538.4967,
            2108569.9535000008
          ],
          [
            275547.3192999996,
            2108577.2271
          ]
        ]
      }
    },
    {
      "type": "Feature",
      "properties": {
        "OBJECTID": 24867,
        "US_NODE_ID": "2175085801",
        "DS_NODE_ID": "2175086801",
        "CONDUIT_LE": 37.7,
        "SHAPE_1": "OREC",
        "CONDUIT_WI": 2000.0,
        "CONDUIT_HE": 998.0,
        "US_INVERT": 27.39,
        "DS_INVERT": 27.203,
        "USER_TEXT2": "Existing",
        "SHAPE.LEN": 37.7439612660092
      },
      "geometry": {
        "type": "LineString",
        "coordinates": [
          [
            275569.5762,
            2108873.0679
          ],
          [
            275606.4283999996,
            2108864.911800001
          ]
        ]
      }
    },
    {
      "type": "Feature",
      "properties": {
        "OBJECTID": 24884,
        "US_NODE_ID": "2175088401",
        "DS_NODE_ID": "2175087401",
        "CONDUIT_LE": 100.1,
        "SHAPE_1": "RECT",
        "CONDUIT_WI": 3000.0,
        "CONDUIT_HE": 1500.0,
        "US_INVERT": 25.075,
        "DS_INVERT": 25.0,
        "USER_TEXT2": "Proposal",
        "SHAPE.LEN": 100.12322407913202
      },
      "geometry": {
        "type": "LineString",
        "coordinates": [
          [
            275812.7999999998,
            2108405.5999999996
          ],
          [
            275727.2999999998,
            2108457.6999999993
          ]
        ]
      }
    },
    {
      "type": "Feature",
      "properties": {
        "OBJECTID": 24976,
        "US_NODE_ID": "2175107602",
        "DS_NODE_ID": "2175107603",
        "CONDUIT_LE": 15.1,
        "SHAPE_1": "OREC",
        "CONDUIT_WI": 2000.0,
        "CONDUIT_HE": 1648.0,
        "US_INVERT": 27.2,
        "DS_INVERT": 27.17,
        "USER_TEXT2": "Existing",
        "SHAPE.LEN": 15.095166392259499
      },
      "geometry": {
        "type": "LineString",
        "coordinates": [
          [
            275716.34810000006,
            2110621.6208999995
          ],
          [
            275721.35560000036,
            2110607.3805
          ]
        ]
      }
    },
    {
      "type": "Feature",
      "properties": {
        "OBJECTID": 24977,
        "US_NODE_ID": "2175107603",
        "DS_NODE_ID": "2175107503",
        "CONDUIT_LE": 14.7,
        "SHAPE_1": "OREC",
        "CONDUIT_WI": 2000.0,
        "CONDUIT_HE": 1858.0,
        "US_INVERT": 27.17,
        "DS_INVERT": 26.97,
        "USER_TEXT2": "Existing",
        "SHAPE.LEN": 14.711223976610498
      },
      "geometry": {
        "type": "LineString",
        "coordinates": [
          [
            275721.35560000036,
            2110607.3805
          ],
          [
            275733.2756000003,
            2110598.7588
          ]
        ]
      }
    },
    {
      "type": "Feature",
      "properties": {
        "OBJECTID": 24960,
        "US_NODE_ID": "2175106604",
        "DS_NODE_ID": "2175106605",
        "CONDUIT_LE": 13.6,
        "SHAPE_1": "OREC",
        "CONDUIT_WI": 2000.0,
        "CONDUIT_HE": 1514.0,
        "US_INVERT": 28.065,
        "DS_INVERT": 27.67,
        "USER_TEXT2": "Existing",
        "SHAPE.LEN": 13.634085827806699
      },
      "geometry": {
        "type": "LineString",
        "coordinates": [
          [
            275671.6743999999,
            2110665.087099999
          ],
          [
            275685.2344000004,
            2110666.5065
          ]
        ]
      }
    },
    {
      "type": "Feature",
      "properties": {
        "OBJECTID": 24961,
        "US_NODE_ID": "2175106605",
        "DS_NODE_ID": "2175106606",
        "CONDUIT_LE": 15.4,
        "SHAPE_1": "OREC",
        "CONDUIT_WI": 2000.0,
        "CONDUIT_HE": 1929.0,
        "US_INVERT": 27.67,
        "DS_INVERT": 27.49,
        "USER_TEXT2": "Existing",
        "SHAPE.LEN": 15.36276723543
      },
      "geometry": {
        "type": "LineString",
        "coordinates": [
          [
            275685.2344000004,
            2110666.5065
          ],
          [
            275690.96559999976,
            2110652.252800001
          ]
        ]
      }
    },
    {
      "type": "Feature",
      "properties": {
        "OBJECTID": 24890,
        "US_NODE_ID": "2175089502",
        "DS_NODE_ID": "2175088402",
        "CONDUIT_LE": 173.3,
        "SHAPE_1": "RECT",
        "CONDUIT_WI": 5000.0,
        "CONDUIT_HE": 3337.0,
        "US_INVERT": 25.215,
        "DS_INVERT": 25.084,
        "USER_TEXT2": "Proposal",
        "SHAPE.LEN": 173.332108970035
      },
      "geometry": {
        "type": "LineString",
        "coordinates": [
          [
            275917.0999999996,
            2108558.6999999993
          ],
          [
            275819,
            2108415.8000000007
          ]
        ]
      }
    },
    {
      "type": "Feature",
      "properties": {
        "OBJECTID": 24979,
        "US_NODE_ID": "2175108102",
        "DS_NODE_ID": "2175108103",
        "CONDUIT_LE": 30.5,
        "SHAPE_1": "OREC",
        "CONDUIT_WI": 5000.0,
        "CONDUIT_HE": 4015.0,
        "US_INVERT": 25.573,
        "DS_INVERT": 25.507,
        "USER_TEXT2": "Existing",
        "SHAPE.LEN": 30.4546380947139
      },
      "geometry": {
        "type": "LineString",
        "coordinates": [
          [
            275850.1590999998,
            2110138.7266000006
          ],
          [
            275877.98890000023,
            2110151.0954
          ]
        ]
      }
    },
    {
      "type": "Feature",
      "properties": {
        "OBJECTID": 24986,
        "US_NODE_ID": "2175108602",
        "DS_NODE_ID": "2175108603",
        "CONDUIT_LE": 10.8,
        "SHAPE_1": "OREC",
        "CONDUIT_WI": 2000.0,
        "CONDUIT_HE": 2045.0,
        "US_INVERT": 26.643,
        "DS_INVERT": 26.6,
        "USER_TEXT2": "Existing",
        "SHAPE.LEN": 10.8444435246812
      },
      "geometry": {
        "type": "LineString",
        "coordinates": [
          [
            275842.5125000002,
            2110618.8562000003
          ],
          [
            275852.35809999984,
            2110623.4022000004
          ]
        ]
      }
    },
    {
      "type": "Feature",
      "properties": {
        "OBJECTID": 25006,
        "US_NODE_ID": "2175118303",
        "DS_NODE_ID": "2175117301",
        "CONDUIT_LE": 17.2,
        "SHAPE_1": "OREC",
        "CONDUIT_WI": 2500.0,
        "CONDUIT_HE": 1354.0,
        "US_INVERT": 27.844,
        "DS_INVERT": 27.799,
        "USER_TEXT2": "Existing",
        "SHAPE.LEN": 17.1732349893664
      },
      "geometry": {
        "type": "LineString",
        "coordinates": [
          [
            275807.4000000004,
            2111315.5
          ],
          [
            275799.7999999998,
            2111300.0999999996
          ]
        ]
      }
    },
    {
      "type": "Feature",
      "properties": {
        "OBJECTID": 25000,
        "US_NODE_ID": "2175118202",
        "DS_NODE_ID": "2175118203",
        "CONDUIT_LE": 26.3,
        "SHAPE_1": "OREC",
        "CONDUIT_WI": 2500.0,
        "CONDUIT_HE": 1470.0,
        "US_INVERT": 27.728,
        "DS_INVERT": 27.659,
        "USER_TEXT2": "Existing",
        "SHAPE.LEN": 26.2733705489037
      },
      "geometry": {
        "type": "LineString",
        "coordinates": [
          [
            275822.9000000004,
            2111285.8000000007
          ],
          [
            275845.9000000004,
            2111273.0999999996
          ]
        ]
      }
    },
    {
      "type": "Feature",
      "properties": {
        "OBJECTID": 25001,
        "US_NODE_ID": "2175118203",
        "DS_NODE_ID": "2175118204",
        "CONDUIT_LE": 27.4,
        "SHAPE_1": "OREC",
        "CONDUIT_WI": 2500.0,
        "CONDUIT_HE": 1539.0,
        "US_INVERT": 27.659,
        "DS_INVERT": 27.587,
        "USER_TEXT2": "Existing",
        "SHAPE.LEN": 27.3695085816315
      },
      "geometry": {
        "type": "LineString",
        "coordinates": [
          [
            275845.9000000004,
            2111273.0999999996
          ],
          [
            275870.4000000004,
            2111260.9000000004
          ]
        ]
      }
    },
    {
      "type": "Feature",
      "properties": {
        "OBJECTID": 24883,
        "US_NODE_ID": "2175088304",
        "DS_NODE_ID": "2175088303",
        "CONDUIT_LE": 10.7,
        "SHAPE_1": "RECT",
        "CONDUIT_WI": 3500.0,
        "CONDUIT_HE": 2129.0,
        "US_INVERT": 25.5,
        "DS_INVERT": 25.225,
        "USER_TEXT2": "Proposal",
        "SHAPE.LEN": 10.6850362657316
      },
      "geometry": {
        "type": "LineString",
        "coordinates": [
          [
            275876.2000000002,
            2108369.5
          ],
          [
            275867.0999999996,
            2108375.0999999996
          ]
        ]
      }
    },
    {
      "type": "Feature",
      "properties": {
        "OBJECTID": 24892,
        "US_NODE_ID": "2175089601",
        "DS_NODE_ID": "2175089502",
        "CONDUIT_LE": 118.6,
        "SHAPE_1": "RECT",
        "CONDUIT_WI": 5000.0,
        "CONDUIT_HE": 3105.0,
        "US_INVERT": 25.304,
        "DS_INVERT": 25.215,
        "USER_TEXT2": "Proposal",
        "SHAPE.LEN": 118.627568465345
      },
      "geometry": {
        "type": "LineString",
        "coordinates": [
          [
            275983.7999999998,
            2108656.8000000007
          ],
          [
            275917.0999999996,
            2108558.6999999993
          ]
        ]
      }
    },
    {
      "type": "Feature",
      "properties": {
        "OBJECTID": 24992,
        "US_NODE_ID": "2175109103",
        "DS_NODE_ID": "2176100101",
        "CONDUIT_LE": 59.3,
        "SHAPE_1": "OREC",
        "CONDUIT_WI": 10000.0,
        "CONDUIT_HE": 3456.0,
        "US_INVERT": 25.262,
        "DS_INVERT": 25.187,
        "USER_TEXT2": "Existing",
        "SHAPE.LEN": 59.32959066477709
      },
      "geometry": {
        "type": "LineString",
        "coordinates": [
          [
            275949.8825000003,
            2110178.9252000004
          ],
          [
            276006.14460000023,
            2110197.7554
          ]
        ]
      }
    },
    {
      "type": "Feature",
      "properties": {
        "OBJECTID": 25003,
        "US_NODE_ID": "2175118205",
        "DS_NODE_ID": "2175119201",
        "CONDUIT_LE": 29.9,
        "SHAPE_1": "OREC",
        "CONDUIT_WI": 2500.0,
        "CONDUIT_HE": 1678.0,
        "US_INVERT": 27.52,
        "DS_INVERT": 27.485,
        "USER_TEXT2": "Existing",
        "SHAPE.LEN": 29.920227271864096
      },
      "geometry": {
        "type": "LineString",
        "coordinates": [
          [
            275893.4000000004,
            2111249.5999999996
          ],
          [
            275920.2999999998,
            2111236.5
          ]
        ]
      }
    },
    {
      "type": "Feature",
      "properties": {
        "OBJECTID": 25007,
        "US_NODE_ID": "2175119201",
        "DS_NODE_ID": "2175119202",
        "CONDUIT_LE": 29.2,
        "SHAPE_1": "OREC",
        "CONDUIT_WI": 2182.0,
        "CONDUIT_HE": 1795.0,
        "US_INVERT": 27.485,
        "DS_INVERT": 27.45,
        "USER_TEXT2": "Existing",
        "SHAPE.LEN": 29.1671047586146
      },
      "geometry": {
        "type": "LineString",
        "coordinates": [
          [
            275920.2999999998,
            2111236.5
          ],
          [
            275946.7000000002,
            2111224.0999999996
          ]
        ]
      }
    },
    {
      "type": "Feature",
      "properties": {
        "OBJECTID": 26761,
        "US_NODE_ID": "2176080702",
        "DS_NODE_ID": "2175089601",
        "CONDUIT_LE": 169.6,
        "SHAPE_1": "RECT",
        "CONDUIT_WI": 5000.0,
        "CONDUIT_HE": 2639.0,
        "US_INVERT": 25.432,
        "DS_INVERT": 25.304,
        "USER_TEXT2": "Proposal",
        "SHAPE.LEN": 169.60144456932002
      },
      "geometry": {
        "type": "LineString",
        "coordinates": [
          [
            276085,
            2108792.9000000004
          ],
          [
            275983.7999999998,
            2108656.8000000007
          ]
        ]
      }
    },
    {
      "type": "Feature",
      "properties": {
        "OBJECTID": 26758,
        "US_NODE_ID": "2176080602",
        "DS_NODE_ID": "2176080601",
        "CONDUIT_LE": 78.7,
        "SHAPE_1": "OREC",
        "CONDUIT_WI": 3500.0,
        "CONDUIT_HE": 1676.0,
        "US_INVERT": 25.929,
        "DS_INVERT": 25.786,
        "USER_TEXT2": "Proposal",
        "SHAPE.LEN": 78.7118796624754
      },
      "geometry": {
        "type": "LineString",
        "coordinates": [
          [
            276089.2999999998,
            2108689.9000000004
          ],
          [
            276040.2999999998,
            2108628.3000000007
          ]
        ]
      }
    },
    {
      "type": "Feature",
      "properties": {
        "OBJECTID": 26768,
        "US_NODE_ID": "2176081802",
        "DS_NODE_ID": "2176080702",
        "CONDUIT_LE": 107.1,
        "SHAPE_1": "RECT",
        "CONDUIT_WI": 5000.0,
        "CONDUIT_HE": 2268.0,
        "US_INVERT": 25.512,
        "DS_INVERT": 25.432,
        "USER_TEXT2": "Proposal",
        "SHAPE.LEN": 107.11983943229201
      },
      "geometry": {
        "type": "LineString",
        "coordinates": [
          [
            276127.0999999996,
            2108891.4000000004
          ],
          [
            276085,
            2108792.9000000004
          ]
        ]
      }
    },
    {
      "type": "Feature",
      "properties": {
        "OBJECTID": 26933,
        "US_NODE_ID": "2176110103",
        "DS_NODE_ID": "2176110104",
        "CONDUIT_LE": 30.4,
        "SHAPE_1": "OREC",
        "CONDUIT_WI": 6511.0,
        "CONDUIT_HE": 1875.0,
        "US_INVERT": 27.224,
        "DS_INVERT": 27.161,
        "USER_TEXT2": "Existing",
        "SHAPE.LEN": 30.3659348612882
      },
      "geometry": {
        "type": "LineString",
        "coordinates": [
          [
            276055.2999999998,
            2111171.4000000004
          ],
          [
            276082.5,
            2111157.9000000004
          ]
        ]
      }
    },
    {
      "type": "Feature",
      "properties": {
        "OBJECTID": 26824,
        "US_NODE_ID": "2176093001",
        "DS_NODE_ID": "2176082901",
        "CONDUIT_LE": 170.9,
        "SHAPE_1": "RECT",
        "CONDUIT_WI": 3000.0,
        "CONDUIT_HE": 3012.0,
        "US_INVERT": 26.135,
        "DS_INVERT": 25.799,
        "USER_TEXT2": "Proposal",
        "SHAPE.LEN": 170.91224868630502
      },
      "geometry": {
        "type": "LineString",
        "coordinates": [
          [
            276336.9000000004,
            2109045.9000000004
          ],
          [
            276303.2955,
            2109014.4685999993
          ],
          [
            276265.27080000006,
            2108978.0972000007
          ],
          [
            276246.534,
            2108962.115700001
          ],
          [
            276215.0999999996,
            2108926.3000000007
          ]
        ]
      }
    },
    {
      "type": "Feature",
      "properties": {
        "OBJECTID": 26822,
        "US_NODE_ID": "2176092201",
        "DS_NODE_ID": "2176091201",
        "CONDUIT_LE": 124.4,
        "SHAPE_1": "RECT",
        "CONDUIT_WI": 3000.0,
        "CONDUIT_HE": 1500.0,
        "US_INVERT": 26.2,
        "DS_INVERT": 26.0,
        "USER_TEXT2": "Proposal",
        "SHAPE.LEN": 124.353367465461
      },
      "geometry": {
        "type": "LineString",
        "coordinates": [
          [
            276242.5,
            2109235
          ],
          [
            276125.0999999996,
            2109276
          ]
        ]
      }
    },
    {
      "type": "Feature",
      "properties": {
        "OBJECTID": 26872,
        "US_NODE_ID": "2176102501",
        "DS_NODE_ID": "2176101401",
        "CONDUIT_LE": 151.3,
        "SHAPE_1": "RECT",
        "CONDUIT_WI": 5000.0,
        "CONDUIT_HE": 2724.0,
        "US_INVERT": 26.474,
        "DS_INVERT": 26.172,
        "USER_TEXT2": "Proposal",
        "SHAPE.LEN": 151.261154868558
      },
      "geometry": {
        "type": "LineString",
        "coordinates": [
          [
            276290.35589999985,
            2110563.3356
          ],
          [
            276153.5999999996,
            2110498.6999999993
          ]
        ]
      }
    },
    {
      "type": "Feature",
      "properties": {
        "OBJECTID": 26941,
        "US_NODE_ID": "2176111104",
        "DS_NODE_ID": "2176112001",
        "CONDUIT_LE": 30.0,
        "SHAPE_1": "OREC",
        "CONDUIT_WI": 6511.0,
        "CONDUIT_HE": 2219.0,
        "US_INVERT": 26.909,
        "DS_INVERT": 26.846,
        "USER_TEXT2": "Existing",
        "SHAPE.LEN": 29.98732919101
      },
      "geometry": {
        "type": "LineString",
        "coordinates": [
          [
            276189.07070000004,
            2111103.5502000004
          ],
          [
            276215.8183000004,
            2111089.9926999994
          ]
        ]
      }
    },
    {
      "type": "Feature",
      "properties": {
        "OBJECTID": 26940,
        "US_NODE_ID": "2176111103",
        "DS_NODE_ID": "2176111104",
        "CONDUIT_LE": 29.9,
        "SHAPE_1": "OREC",
        "CONDUIT_WI": 6511.0,
        "CONDUIT_HE": 2150.0,
        "US_INVERT": 26.972,
        "DS_INVERT": 26.909,
        "USER_TEXT2": "Existing",
        "SHAPE.LEN": 29.916694842178003
      },
      "geometry": {
        "type": "LineString",
        "coordinates": [
          [
            276162.5374999996,
            2111117.3704000004
          ],
          [
            276189.07070000004,
            2111103.5502000004
          ]
        ]
      }
    },
    {
      "type": "Feature",
      "properties": {
        "OBJECTID": 26831,
        "US_NODE_ID": "2176093401",
        "DS_NODE_ID": "2176093301",
        "CONDUIT_LE": 96.5,
        "SHAPE_1": "RECT",
        "CONDUIT_WI": 5000.0,
        "CONDUIT_HE": 1907.0,
        "US_INVERT": 26.0,
        "DS_INVERT": 25.927,
        "USER_TEXT2": "Proposal",
        "SHAPE.LEN": 96.4776658092431
      },
      "geometry": {
        "type": "LineString",
        "coordinates": [
          [
            276360.9000000004,
            2109491.3000000007
          ],
          [
            276347.2000000002,
            2109395.8000000007
          ]
        ]
      }
    },
    {
      "type": "Feature",
      "properties": {
        "OBJECTID": 26846,
        "US_NODE_ID": "2176094902",
        "DS_NODE_ID": "2176093701",
        "CONDUIT_LE": 234.6,
        "SHAPE_1": "RECT",
        "CONDUIT_WI": 5000.0,
        "CONDUIT_HE": 1620.0,
        "US_INVERT": 26.5,
        "DS_INVERT": 26.29,
        "USER_TEXT2": "Proposal",
        "SHAPE.LEN": 234.566834825386
      },
      "geometry": {
        "type": "LineString",
        "coordinates": [
          [
            276428.9000000004,
            2109935.0999999996
          ],
          [
            276389.2999999998,
            2109703.9000000004
          ]
        ]
      }
    },
    {
      "type": "Feature",
      "properties": {
        "OBJECTID": 26838,
        "US_NODE_ID": "2176093904",
        "DS_NODE_ID": "2176093903",
        "CONDUIT_LE": 13.7,
        "SHAPE_1": "RECT",
        "CONDUIT_WI": 1500.0,
        "CONDUIT_HE": 1500.0,
        "US_INVERT": 25.418,
        "DS_INVERT": 25.371,
        "USER_TEXT2": "Proposal",
        "SHAPE.LEN": 13.7419067090415
      },
      "geometry": {
        "type": "LineString",
        "coordinates": [
          [
            276377.5,
            2109944.6999999993
          ],
          [
            276372.5,
            2109931.9000000004
          ]
        ]
      }
    },
    {
      "type": "Feature",
      "properties": {
        "OBJECTID": 26849,
        "US_NODE_ID": "2176094904",
        "DS_NODE_ID": "2176104001",
        "CONDUIT_LE": 29.9,
        "SHAPE_1": "RECT",
        "CONDUIT_WI": 2000.0,
        "CONDUIT_HE": 2000.0,
        "US_INVERT": 25.105,
        "DS_INVERT": 24.928,
        "USER_TEXT2": "Proposal",
        "SHAPE.LEN": 29.9467861380817
      },
      "geometry": {
        "type": "LineString",
        "coordinates": [
          [
            276431.7999999998,
            2109994.8000000007
          ],
          [
            276403.4000000004,
            2110004.3000000007
          ]
        ]
      }
    },
    {
      "type": "Feature",
      "properties": {
        "OBJECTID": 26855,
        "US_NODE_ID": "2176095901",
        "DS_NODE_ID": "2176104002",
        "CONDUIT_LE": 154.9,
        "SHAPE_1": "RECT",
        "CONDUIT_WI": 5000.0,
        "CONDUIT_HE": 2495.0,
        "US_INVERT": 28.198,
        "DS_INVERT": 26.704,
        "USER_TEXT2": "Proposal",
        "SHAPE.LEN": 154.90206583515902
      },
      "geometry": {
        "type": "LineString",
        "coordinates": [
          [
            276593.0999999996,
            2109982.9000000004
          ],
          [
            276439.9000000004,
            2110005.8000000007
          ]
        ]
      }
    },
    {
      "type": "Feature",
      "properties": {
        "OBJECTID": 26882,
        "US_NODE_ID": "2176104103",
        "DS_NODE_ID": "2176104102",
        "CONDUIT_LE": 18.8,
        "SHAPE_1": "RECT",
        "CONDUIT_WI": 2000.0,
        "CONDUIT_HE": 1632.0,
        "US_INVERT": 27.112,
        "DS_INVERT": 26.885,
        "USER_TEXT2": "Proposal",
        "SHAPE.LEN": 18.8215302247187
      },
      "geometry": {
        "type": "LineString",
        "coordinates": [
          [
            276477.2999999998,
            2110139.4000000004
          ],
          [
            276458.5,
            2110138.5
          ]
        ]
      }
    },
    {
      "type": "Feature",
      "properties": {
        "OBJECTID": 26890,
        "US_NODE_ID": "2176104904",
        "DS_NODE_ID": "2176105901",
        "CONDUIT_LE": 44.4,
        "SHAPE_1": "OREC",
        "CONDUIT_WI": 6428.0,
        "CONDUIT_HE": 2846.0,
        "US_INVERT": 26.216,
        "DS_INVERT": 26.108,
        "USER_TEXT2": "Existing",
        "SHAPE.LEN": 44.35238907206689
      },
      "geometry": {
        "type": "LineString",
        "coordinates": [
          [
            276484.1058,
            2110955.2325999998
          ],
          [
            276523.0999999996,
            2110934.0999999996
          ]
        ]
      }
    },
    {
      "type": "Feature",
      "properties": {
        "OBJECTID": 26960,
        "US_NODE_ID": "2176115401",
        "DS_NODE_ID": "2176116301",
        "CONDUIT_LE": 100.4,
        "SHAPE_1": "OREC",
        "CONDUIT_WI": 5000.0,
        "CONDUIT_HE": 771.0,
        "US_INVERT": 27.448,
        "DS_INVERT": 27.089,
        "USER_TEXT2": "Proposal",
        "SHAPE.LEN": 100.42410069301101
      },
      "geometry": {
        "type": "LineString",
        "coordinates": [
          [
            276551.9000000004,
            2111470.0999999996
          ],
          [
            276613.9000000004,
            2111391.0999999996
          ]
        ]
      }
    },
    {
      "type": "Feature",
      "properties": {
        "OBJECTID": 26966,
        "US_NODE_ID": "2176115802",
        "DS_NODE_ID": "2176116801",
        "CONDUIT_LE": 38.7,
        "SHAPE_1": "OREC",
        "CONDUIT_WI": 3000.0,
        "CONDUIT_HE": 2338.0,
        "US_INVERT": 27.661,
        "DS_INVERT": 27.533,
        "USER_TEXT2": "Proposal",
        "SHAPE.LEN": 38.73822401711259
      },
      "geometry": {
        "type": "LineString",
        "coordinates": [
          [
            276576.5,
            2111829.0999999996
          ],
          [
            276613.2999999998,
            2111817
          ]
        ]
      }
    },
    {
      "type": "Feature",
      "properties": {
        "OBJECTID": 26788,
        "US_NODE_ID": "2176086303",
        "DS_NODE_ID": "2176086302",
        "CONDUIT_LE": 30.2,
        "SHAPE_1": "OREC",
        "CONDUIT_WI": 22500.0,
        "CONDUIT_HE": 2692.0,
        "US_INVERT": 25.315,
        "DS_INVERT": 25.294,
        "USER_TEXT2": "Existing",
        "SHAPE.LEN": 30.248017332876596
      },
      "geometry": {
        "type": "LineString",
        "coordinates": [
          [
            276656.11450000014,
            2108381.8144000005
          ],
          [
            276645.61259999964,
            2108353.448000001
          ]
        ]
      }
    },
    {
      "type": "Feature",
      "properties": {
        "OBJECTID": 26906,
        "US_NODE_ID": "2176107101",
        "DS_NODE_ID": "2176096901",
        "CONDUIT_LE": 185.9,
        "SHAPE_1": "RECT",
        "CONDUIT_WI": 5000.0,
        "CONDUIT_HE": 3988.0,
        "US_INVERT": 30.8,
        "DS_INVERT": 30.0,
        "USER_TEXT2": "Proposal",
        "SHAPE.LEN": 185.85139224660102
      },
      "geometry": {
        "type": "LineString",
        "coordinates": [
          [
            276746.7999999998,
            2110146.9000000004
          ],
          [
            276682.2999999998,
            2109972.5999999996
          ]
        ]
      }
    },
    {
      "type": "Feature",
      "properties": {
        "OBJECTID": 26900,
        "US_NODE_ID": "2176106103",
        "DS_NODE_ID": "2176106102",
        "CONDUIT_LE": 33.4,
        "SHAPE_1": "RECT",
        "CONDUIT_WI": 2000.0,
        "CONDUIT_HE": 2901.0,
        "US_INVERT": 31.991,
        "DS_INVERT": 31.096,
        "USER_TEXT2": "Proposal",
        "SHAPE.LEN": 33.4326961543362
      },
      "geometry": {
        "type": "LineString",
        "coordinates": [
          [
            276660.5,
            2110187.0999999996
          ],
          [
            276654.7105999999,
            2110180.6067999993
          ],
          [
            276648.95050000027,
            2110173.7667999994
          ],
          [
            276644.27049999963,
            2110170.1667
          ],
          [
            276643.91050000023,
            2110170.1667
          ],
          [
            276638.5104,
            2110170.5266999993
          ],
          [
            276634.9000000004,
            2110172.5
          ]
        ]
      }
    },
    {
      "type": "Feature",
      "properties": {
        "OBJECTID": 26905,
        "US_NODE_ID": "2176106603",
        "DS_NODE_ID": "2176107601",
        "CONDUIT_LE": 29.9,
        "SHAPE_1": "RECT",
        "CONDUIT_WI": 3000.0,
        "CONDUIT_HE": 2000.0,
        "US_INVERT": 26.154,
        "DS_INVERT": 26.118,
        "USER_TEXT2": "Existing",
        "SHAPE.LEN": 29.910700426436
      },
      "geometry": {
        "type": "LineString",
        "coordinates": [
          [
            276694.7000000002,
            2110629.6999999993
          ],
          [
            276712,
            2110654.0999999996
          ]
        ]
      }
    },
    {
      "type": "Feature",
      "properties": {
        "OBJECTID": 26795,
        "US_NODE_ID": "2176087403",
        "DS_NODE_ID": "2176087402",
        "CONDUIT_LE": 29.7,
        "SHAPE_1": "OREC",
        "CONDUIT_WI": 22500.0,
        "CONDUIT_HE": 2236.0,
        "US_INVERT": 25.421,
        "DS_INVERT": 25.4,
        "USER_TEXT2": "Existing",
        "SHAPE.LEN": 29.7134168163138
      },
      "geometry": {
        "type": "LineString",
        "coordinates": [
          [
            276755.81630000006,
            2108491.9279999994
          ],
          [
            276734.2719999999,
            2108471.4650999997
          ]
        ]
      }
    },
    {
      "type": "Feature",
      "properties": {
        "OBJECTID": 26799,
        "US_NODE_ID": "2176088501",
        "DS_NODE_ID": "2176087501",
        "CONDUIT_LE": 29.9,
        "SHAPE_1": "OREC",
        "CONDUIT_WI": 22500.0,
        "CONDUIT_HE": 2434.0,
        "US_INVERT": 25.463,
        "DS_INVERT": 25.442,
        "USER_TEXT2": "Existing",
        "SHAPE.LEN": 29.9309602201466
      },
      "geometry": {
        "type": "LineString",
        "coordinates": [
          [
            276804.08970000036,
            2108527.5572999995
          ],
          [
            276780.4935999997,
            2108509.142999999
          ]
        ]
      }
    },
    {
      "type": "Feature",
      "properties": {
        "OBJECTID": 26805,
        "US_NODE_ID": "2176088801",
        "DS_NODE_ID": "2176088802",
        "CONDUIT_LE": 45.4,
        "SHAPE_1": "OREC",
        "CONDUIT_WI": 5200.0,
        "CONDUIT_HE": 1500.0,
        "US_INVERT": 27.187,
        "DS_INVERT": 27.153,
        "USER_TEXT2": "Existing",
        "SHAPE.LEN": 45.3674214525137
      },
      "geometry": {
        "type": "LineString",
        "coordinates": [
          [
            276866.16789999977,
            2108880.5744000003
          ],
          [
            276880.9923999999,
            2108837.6974
          ]
        ]
      }
    },
    {
      "type": "Feature",
      "properties": {
        "OBJECTID": 26858,
        "US_NODE_ID": "2176098001",
        "DS_NODE_ID": "2176088901",
        "CONDUIT_LE": 36.8,
        "SHAPE_1": "OREC",
        "CONDUIT_WI": 5200.0,
        "CONDUIT_HE": 1500.0,
        "US_INVERT": 27.28,
        "DS_INVERT": 27.252,
        "USER_TEXT2": "Existing",
        "SHAPE.LEN": 36.7991192401394
      },
      "geometry": {
        "type": "LineString",
        "coordinates": [
          [
            276837.2000000002,
            2109001.5
          ],
          [
            276840.39910000004,
            2108964.8401999995
          ]
        ]
      }
    },
    {
      "type": "Feature",
      "properties": {
        "OBJECTID": 26922,
        "US_NODE_ID": "2176108704",
        "DS_NODE_ID": "2176108703",
        "CONDUIT_LE": 35.0,
        "SHAPE_1": "OREC",
        "CONDUIT_WI": 3096.0,
        "CONDUIT_HE": 2624.0,
        "US_INVERT": 26.254,
        "DS_INVERT": 26.076,
        "USER_TEXT2": "Existing",
        "SHAPE.LEN": 34.988882086885795
      },
      "geometry": {
        "type": "LineString",
        "coordinates": [
          [
            276882.95639999956,
            2110778.216
          ],
          [
            276848.5088999998,
            2110772.0847999994
          ]
        ]
      }
    },
    {
      "type": "Feature",
      "properties": {
        "OBJECTID": 26973,
        "US_NODE_ID": "2176118003",
        "DS_NODE_ID": "2176118002",
        "CONDUIT_LE": 6.1,
        "SHAPE_1": "RECT",
        "CONDUIT_WI": 13000.0,
        "CONDUIT_HE": 4378.0,
        "US_INVERT": 24.42,
        "DS_INVERT": 24.211,
        "USER_TEXT2": "Existing",
        "SHAPE.LEN": 6.103277807866849
      },
      "geometry": {
        "type": "LineString",
        "coordinates": [
          [
            276853.9000000004,
            2111025.5999999996
          ],
          [
            276848.0999999996,
            2111023.6999999993
          ]
        ]
      }
    },
    {
      "type": "Feature",
      "properties": {
        "OBJECTID": 26810,
        "US_NODE_ID": "2176089502",
        "DS_NODE_ID": "2176089501",
        "CONDUIT_LE": 29.5,
        "SHAPE_1": "OREC",
        "CONDUIT_WI": 4137.0,
        "CONDUIT_HE": 2450.0,
        "US_INVERT": 25.87,
        "DS_INVERT": 25.771,
        "USER_TEXT2": "Existing",
        "SHAPE.LEN": 29.5311761502992
      },
      "geometry": {
        "type": "LineString",
        "coordinates": [
          [
            276992.6484000003,
            2108555.1078999992
          ],
          [
            276982.2023,
            2108582.729800001
          ]
        ]
      }
    },
    {
      "type": "Feature",
      "properties": {
        "OBJECTID": 28062,
        "US_NODE_ID": "2177080601",
        "DS_NODE_ID": "2176089608",
        "CONDUIT_LE": 30.0,
        "SHAPE_1": "OREC",
        "CONDUIT_WI": 15000.0,
        "CONDUIT_HE": 2350.0,
        "US_INVERT": 25.65,
        "DS_INVERT": 25.63,
        "USER_TEXT2": "Existing",
        "SHAPE.LEN": 30.0086721642261
      },
      "geometry": {
        "type": "LineString",
        "coordinates": [
          [
            277025.4790000003,
            2108672.0933999997
          ],
          [
            276997.7149,
            2108660.7059000004
          ]
        ]
      }
    },
    {
      "type": "Feature",
      "properties": {
        "OBJECTID": 26929,
        "US_NODE_ID": "2176109704",
        "DS_NODE_ID": "2176109703",
        "CONDUIT_LE": 13.9,
        "SHAPE_1": "RECT",
        "CONDUIT_WI": 3000.0,
        "CONDUIT_HE": 2158.0,
        "US_INVERT": 26.72,
        "DS_INVERT": 26.65,
        "USER_TEXT2": "Existing",
        "SHAPE.LEN": 13.8725280352934
      },
      "geometry": {
        "type": "LineString",
        "coordinates": [
          [
            276961.50320000015,
            2110774.9433999993
          ],
          [
            276949.15919999965,
            2110768.6130999997
          ]
        ]
      }
    },
    {
      "type": "Feature",
      "properties": {
        "OBJECTID": 28084,
        "US_NODE_ID": "2177081705",
        "DS_NODE_ID": "2177081704",
        "CONDUIT_LE": 1.8,
        "SHAPE_1": "OREC",
        "CONDUIT_WI": 15000.0,
        "CONDUIT_HE": 2068.0,
        "US_INVERT": 25.752,
        "DS_INVERT": 25.749,
        "USER_TEXT2": "Existing",
        "SHAPE.LEN": 1.7756307865093999
      },
      "geometry": {
        "type": "LineString",
        "coordinates": [
          [
            277152.1030000001,
            2108751.896299999
          ],
          [
            277150.6964999996,
            2108750.8125
          ]
        ]
      }
    },
    {
      "type": "Feature",
      "properties": {
        "OBJECTID": 28090,
        "US_NODE_ID": "2177082701",
        "DS_NODE_ID": "2177081706",
        "CONDUIT_LE": 29.9,
        "SHAPE_1": "OREC",
        "CONDUIT_WI": 15000.0,
        "CONDUIT_HE": 2496.0,
        "US_INVERT": 25.791,
        "DS_INVERT": 25.772,
        "USER_TEXT2": "Existing",
        "SHAPE.LEN": 29.9232978645403
      },
      "geometry": {
        "type": "LineString",
        "coordinates": [
          [
            277200.62459999975,
            2108786.9222999997
          ],
          [
            277176.37760000024,
            2108769.387
          ]
        ]
      }
    },
    {
      "type": "Feature",
      "properties": {
        "OBJECTID": 28125,
        "US_NODE_ID": "2177090701",
        "DS_NODE_ID": "2177091701",
        "CONDUIT_LE": 32.1,
        "SHAPE_1": "RECT",
        "CONDUIT_WI": 7900.0,
        "CONDUIT_HE": 2239.0,
        "US_INVERT": 27.06,
        "DS_INVERT": 26.934,
        "USER_TEXT2": "Existing",
        "SHAPE.LEN": 32.111313053346194
      },
      "geometry": {
        "type": "LineString",
        "coordinates": [
          [
            277096.2583999997,
            2109790.7028
          ],
          [
            277118.37040000036,
            2109767.4177
          ]
        ]
      }
    },
    {
      "type": "Feature",
      "properties": {
        "OBJECTID": 28131,
        "US_NODE_ID": "2177091702",
        "DS_NODE_ID": "2177091703",
        "CONDUIT_LE": 35.5,
        "SHAPE_1": "OREC",
        "CONDUIT_WI": 5520.0,
        "CONDUIT_HE": 2522.0,
        "US_INVERT": 26.817,
        "DS_INVERT": 26.756,
        "USER_TEXT2": "Existing",
        "SHAPE.LEN": 35.5146839925403
      },
      "geometry": {
        "type": "LineString",
        "coordinates": [
          [
            277140.5114000002,
            2109742.9968
          ],
          [
            277163.79360000044,
            2109716.1783000007
          ]
        ]
      }
    },
    {
      "type": "Feature",
      "properties": {
        "OBJECTID": 28134,
        "US_NODE_ID": "2177091705",
        "DS_NODE_ID": "2177091703",
        "CONDUIT_LE": 8.3,
        "SHAPE_1": "OREC",
        "CONDUIT_WI": 10000.0,
        "CONDUIT_HE": 2253.0,
        "US_INVERT": 26.762,
        "DS_INVERT": 26.756,
        "USER_TEXT2": "Existing",
        "SHAPE.LEN": 8.32973420044121
      },
      "geometry": {
        "type": "LineString",
        "coordinates": [
          [
            277171.7000000002,
            2109718.8000000007
          ],
          [
            277163.79360000044,
            2109716.1783000007
          ]
        ]
      }
    },
    {
      "type": "Feature",
      "properties": {
        "OBJECTID": 28129,
        "US_NODE_ID": "2177090804",
        "DS_NODE_ID": "2177090701",
        "CONDUIT_LE": 31.0,
        "SHAPE_1": "RECT",
        "CONDUIT_WI": 7500.0,
        "CONDUIT_HE": 2144.0,
        "US_INVERT": 27.185,
        "DS_INVERT": 27.06,
        "USER_TEXT2": "Existing",
        "SHAPE.LEN": 31.009431624104298
      },
      "geometry": {
        "type": "LineString",
        "coordinates": [
          [
            277074.7866000002,
            2109813.0757
          ],
          [
            277096.2583999997,
            2109790.7028
          ]
        ]
      }
    },
    {
      "type": "Feature",
      "properties": {
        "OBJECTID": 28309,
        "US_NODE_ID": "2177100305",
        "DS_NODE_ID": "2177101201",
        "CONDUIT_LE": 29.9,
        "SHAPE_1": "OREC",
        "CONDUIT_WI": 3082.0,
        "CONDUIT_HE": 2070.0,
        "US_INVERT": 27.938,
        "DS_INVERT": 27.895,
        "USER_TEXT2": "Existing",
        "SHAPE.LEN": 29.8562133602036
      },
      "geometry": {
        "type": "LineString",
        "coordinates": [
          [
            277078.3953999998,
            2110305.7345000003
          ],
          [
            277107.34640000015,
            2110298.4384000003
          ]
        ]
      }
    },
    {
      "type": "Feature",
      "properties": {
        "OBJECTID": 28542,
        "US_NODE_ID": "2177112301",
        "DS_NODE_ID": "2177111101",
        "CONDUIT_LE": 240.9,
        "SHAPE_1": "RECT",
        "CONDUIT_WI": 1500.0,
        "CONDUIT_HE": 1798.0,
        "US_INVERT": 28.6,
        "DS_INVERT": 27.564,
        "USER_TEXT2": "Existing",
        "SHAPE.LEN": 240.90049727265003
      },
      "geometry": {
        "type": "LineString",
        "coordinates": [
          [
            277220.11099999957,
            2111391.6460999995
          ],
          [
            277109,
            2111177.9000000004
          ]
        ]
      }
    },
    {
      "type": "Feature",
      "properties": {
        "OBJECTID": 28092,
        "US_NODE_ID": "2177082802",
        "DS_NODE_ID": "2177082801",
        "CONDUIT_LE": 29.9,
        "SHAPE_1": "OREC",
        "CONDUIT_WI": 15000.0,
        "CONDUIT_HE": 2176.0,
        "US_INVERT": 25.831,
        "DS_INVERT": 25.811,
        "USER_TEXT2": "Existing",
        "SHAPE.LEN": 29.928290772611795
      },
      "geometry": {
        "type": "LineString",
        "coordinates": [
          [
            277250.1255000001,
            2108820.8187000006
          ],
          [
            277225.2026000004,
            2108804.2490999997
          ]
        ]
      }
    },
    {
      "type": "Feature",
      "properties": {
        "OBJECTID": 28140,
        "US_NODE_ID": "2177092402",
        "DS_NODE_ID": "2177093401",
        "CONDUIT_LE": 32.1,
        "SHAPE_1": "OREC",
        "CONDUIT_WI": 5650.0,
        "CONDUIT_HE": 2218.0,
        "US_INVERT": 26.47,
        "DS_INVERT": 26.44,
        "USER_TEXT2": "Existing",
        "SHAPE.LEN": 32.068444296691396
      },
      "geometry": {
        "type": "LineString",
        "coordinates": [
          [
            277293.88379999995,
            2109443.5177999996
          ],
          [
            277306.32180000003,
            2109413.9596999995
          ]
        ]
      }
    },
    {
      "type": "Feature",
      "properties": {
        "OBJECTID": 28139,
        "US_NODE_ID": "2177092401",
        "DS_NODE_ID": "2177092402",
        "CONDUIT_LE": 31.4,
        "SHAPE_1": "OREC",
        "CONDUIT_WI": 5650.0,
        "CONDUIT_HE": 1648.0,
        "US_INVERT": 26.499,
        "DS_INVERT": 26.47,
        "USER_TEXT2": "Existing",
        "SHAPE.LEN": 31.3705923917608
      },
      "geometry": {
        "type": "LineString",
        "coordinates": [
          [
            277281.8968000002,
            2109472.5078999996
          ],
          [
            277293.88379999995,
            2109443.5177999996
          ]
        ]
      }
    },
    {
      "type": "Feature",
      "properties": {
        "OBJECTID": 28141,
        "US_NODE_ID": "2177092403",
        "DS_NODE_ID": "2177093402",
        "CONDUIT_LE": 33.2,
        "SHAPE_1": "OREC",
        "CONDUIT_WI": 10040.0,
        "CONDUIT_HE": 1589.0,
        "US_INVERT": 26.91,
        "DS_INVERT": 26.89,
        "USER_TEXT2": "Existing",
        "SHAPE.LEN": 33.1999873409614
      },
      "geometry": {
        "type": "LineString",
        "coordinates": [
          [
            277295.1785000004,
            2109480.7514999993
          ],
          [
            277307.5147000002,
            2109449.9285000004
          ]
        ]
      }
    },
    {
      "type": "Feature",
      "properties": {
        "OBJECTID": 28317,
        "US_NODE_ID": "2177101204",
        "DS_NODE_ID": "2177102201",
        "CONDUIT_LE": 29.8,
        "SHAPE_1": "OREC",
        "CONDUIT_WI": 2295.0,
        "CONDUIT_HE": 1694.0,
        "US_INVERT": 27.734,
        "DS_INVERT": 27.682,
        "USER_TEXT2": "Existing",
        "SHAPE.LEN": 29.848424989268697
      },
      "geometry": {
        "type": "LineString",
        "coordinates": [
          [
            277196.65749999974,
            2110287.5053000003
          ],
          [
            277226.5,
            2110288.0999999996
          ]
        ]
      }
    },
    {
      "type": "Feature",
      "properties": {
        "OBJECTID": 28546,
        "US_NODE_ID": "2177112404",
        "DS_NODE_ID": "2177112403",
        "CONDUIT_LE": 29.9,
        "SHAPE_1": "RECT",
        "CONDUIT_WI": 2000.0,
        "CONDUIT_HE": 2176.0,
        "US_INVERT": 29.234,
        "DS_INVERT": 29.156,
        "USER_TEXT2": "Existing",
        "SHAPE.LEN": 29.939990148629
      },
      "geometry": {
        "type": "LineString",
        "coordinates": [
          [
            277270.5999999996,
            2111465.3000000007
          ],
          [
            277245.2128999997,
            2111449.4287
          ]
        ]
      }
    },
    {
      "type": "Feature",
      "properties": {
        "OBJECTID": 28548,
        "US_NODE_ID": "2177112406",
        "DS_NODE_ID": "2177112404",
        "CONDUIT_LE": 26.6,
        "SHAPE_1": "RECT",
        "CONDUIT_WI": 2000.0,
        "CONDUIT_HE": 1874.0,
        "US_INVERT": 29.646,
        "DS_INVERT": 29.234,
        "USER_TEXT2": "Existing",
        "SHAPE.LEN": 26.5926272056749
      },
      "geometry": {
        "type": "LineString",
        "coordinates": [
          [
            277295.3230999997,
            2111475.0946999993
          ],
          [
            277270.5999999996,
            2111465.3000000007
          ]
        ]
      }
    },
    {
      "type": "Feature",
      "properties": {
        "OBJECTID": 28104,
        "US_NODE_ID": "2177083901",
        "DS_NODE_ID": "2177083802",
        "CONDUIT_LE": 18.0,
        "SHAPE_1": "OREC",
        "CONDUIT_WI": 15000.0,
        "CONDUIT_HE": 2484.0,
        "US_INVERT": 25.923,
        "DS_INVERT": 25.911,
        "USER_TEXT2": "Existing",
        "SHAPE.LEN": 18.030228861553596
      },
      "geometry": {
        "type": "LineString",
        "coordinates": [
          [
            277359.0025000004,
            2108904.9319
          ],
          [
            277345.46690000035,
            2108893.0207
          ]
        ]
      }
    },
    {
      "type": "Feature",
      "properties": {
        "OBJECTID": 28105,
        "US_NODE_ID": "2177083902",
        "DS_NODE_ID": "2177083901",
        "CONDUIT_LE": 26.5,
        "SHAPE_1": "RECT",
        "CONDUIT_WI": 15000.0,
        "CONDUIT_HE": 2161.0,
        "US_INVERT": 25.941,
        "DS_INVERT": 25.923,
        "USER_TEXT2": "Existing",
        "SHAPE.LEN": 26.4870661055542
      },
      "geometry": {
        "type": "LineString",
        "coordinates": [
          [
            277381.0872999998,
            2108919.5547
          ],
          [
            277359.0025000004,
            2108904.9319
          ]
        ]
      }
    },
    {
      "type": "Feature",
      "properties": {
        "OBJECTID": 28190,
        "US_NODE_ID": "2177094101",
        "DS_NODE_ID": "2177094102",
        "CONDUIT_LE": 31.6,
        "SHAPE_1": "OREC",
        "CONDUIT_WI": 5650.0,
        "CONDUIT_HE": 2253.0,
        "US_INVERT": 26.204,
        "DS_INVERT": 26.175,
        "USER_TEXT2": "Existing",
        "SHAPE.LEN": 31.616347929829004
      },
      "geometry": {
        "type": "LineString",
        "coordinates": [
          [
            277400.34109999985,
            2109179.181500001
          ],
          [
            277412.4299999997,
            2109149.967599999
          ]
        ]
      }
    },
    {
      "type": "Feature",
      "properties": {
        "OBJECTID": 28165,
        "US_NODE_ID": "2177093204",
        "DS_NODE_ID": "2177093206",
        "CONDUIT_LE": 31.2,
        "SHAPE_1": "OREC",
        "CONDUIT_WI": 10000.0,
        "CONDUIT_HE": 1589.0,
        "US_INVERT": 26.79,
        "DS_INVERT": 26.77,
        "USER_TEXT2": "Existing",
        "SHAPE.LEN": 31.163934809648197
      },
      "geometry": {
        "type": "LineString",
        "coordinates": [
          [
            277380.25129999965,
            2109273.4748
          ],
          [
            277392.82019999996,
            2109244.9579000007
          ]
        ]
      }
    },
    {
      "type": "Feature",
      "properties": {
        "OBJECTID": 28199,
        "US_NODE_ID": "2177094901",
        "DS_NODE_ID": "2177093901",
        "CONDUIT_LE": 29.8,
        "SHAPE_1": "OREC",
        "CONDUIT_WI": 6081.0,
        "CONDUIT_HE": 1495.0,
        "US_INVERT": 27.052,
        "DS_INVERT": 27.048,
        "USER_TEXT2": "Existing",
        "SHAPE.LEN": 29.787762770137697
      },
      "geometry": {
        "type": "LineString",
        "coordinates": [
          [
            277410.81520000007,
            2109921.7049000002
          ],
          [
            277387.64130000025,
            2109902.9891
          ]
        ]
      }
    },
    {
      "type": "Feature",
      "properties": {
        "OBJECTID": 28349,
        "US_NODE_ID": "2177103302",
        "DS_NODE_ID": "2177104301",
        "CONDUIT_LE": 50.9,
        "SHAPE_1": "OREC",
        "CONDUIT_WI": 4500.0,
        "CONDUIT_HE": 2127.0,
        "US_INVERT": 26.873,
        "DS_INVERT": 26.822,
        "USER_TEXT2": "Existing",
        "SHAPE.LEN": 50.9484297025924
      },
      "geometry": {
        "type": "LineString",
        "coordinates": [
          [
            277395.6316999998,
            2110379.130000001
          ],
          [
            277445.30709999986,
            2110367.812000001
          ]
        ]
      }
    },
    {
      "type": "Feature",
      "properties": {
        "OBJECTID": 28118,
        "US_NODE_ID": "2177086301",
        "DS_NODE_ID": "2177085201",
        "CONDUIT_LE": 79.9,
        "SHAPE_1": "OREC",
        "CONDUIT_WI": 4700.0,
        "CONDUIT_HE": 2300.0,
        "US_INVERT": 26.292,
        "DS_INVERT": 26.23,
        "USER_TEXT2": "Proposal",
        "SHAPE.LEN": 79.9163654594602
      },
      "geometry": {
        "type": "LineString",
        "coordinates": [
          [
            277600.9084999999,
            2108337.5140000004
          ],
          [
            277538.9000000004,
            2108287.0999999996
          ]
        ]
      }
    },
    {
      "type": "Feature",
      "properties": {
        "OBJECTID": 28196,
        "US_NODE_ID": "2177094107",
        "DS_NODE_ID": "2177094108",
        "CONDUIT_LE": 18.9,
        "SHAPE_1": "OREC",
        "CONDUIT_WI": 14000.0,
        "CONDUIT_HE": 2219.0,
        "US_INVERT": 26.7,
        "DS_INVERT": 26.53,
        "USER_TEXT2": "Existing",
        "SHAPE.LEN": 18.899620622912
      },
      "geometry": {
        "type": "LineString",
        "coordinates": [
          [
            277435.73479999974,
            2109145.6565000005
          ],
          [
            277441.43730000034,
            2109127.637700001
          ]
        ]
      }
    },
    {
      "type": "Feature",
      "properties": {
        "OBJECTID": 28201,
        "US_NODE_ID": "2177094903",
        "DS_NODE_ID": "2177094902",
        "CONDUIT_LE": 30.2,
        "SHAPE_1": "OREC",
        "CONDUIT_WI": 7511.0,
        "CONDUIT_HE": 1401.0,
        "US_INVERT": 27.062,
        "DS_INVERT": 27.057,
        "USER_TEXT2": "Existing",
        "SHAPE.LEN": 30.1506279131961
      },
      "geometry": {
        "type": "LineString",
        "coordinates": [
          [
            277458.71949999966,
            2109957.4242000002
          ],
          [
            277434.99289999995,
            2109938.8202
          ]
        ]
      }
    },
    {
      "type": "Feature",
      "properties": {
        "OBJECTID": 28380,
        "US_NODE_ID": "2177105005",
        "DS_NODE_ID": "2177105001",
        "CONDUIT_LE": 16.8,
        "SHAPE_1": "OREC",
        "CONDUIT_WI": 4000.0,
        "CONDUIT_HE": 1772.0,
        "US_INVERT": 27.087,
        "DS_INVERT": 27.082,
        "USER_TEXT2": "Existing",
        "SHAPE.LEN": 16.7563389092009
      },
      "geometry": {
        "type": "LineString",
        "coordinates": [
          [
            277516.12090000045,
            2110026.918299999
          ],
          [
            277500.58669999987,
            2110020.6362999994
          ]
        ]
      }
    },
    {
      "type": "Feature",
      "properties": {
        "OBJECTID": 28366,
        "US_NODE_ID": "2177104201",
        "DS_NODE_ID": "2177104203",
        "CONDUIT_LE": 28.7,
        "SHAPE_1": "OREC",
        "CONDUIT_WI": 3037.0,
        "CONDUIT_HE": 1914.0,
        "US_INVERT": 27.205,
        "DS_INVERT": 27.202,
        "USER_TEXT2": "Existing",
        "SHAPE.LEN": 28.728604994499797
      },
      "geometry": {
        "type": "LineString",
        "coordinates": [
          [
            277461.12629999965,
            2110248.0507999994
          ],
          [
            277467.60610000044,
            2110220.0625
          ]
        ]
      }
    },
    {
      "type": "Feature",
      "properties": {
        "OBJECTID": 28416,
        "US_NODE_ID": "2177105204!",
        "DS_NODE_ID": "2177105202!",
        "CONDUIT_LE": 30.1,
        "SHAPE_1": "OREC",
        "CONDUIT_WI": 13000.0,
        "CONDUIT_HE": 2246.0,
        "US_INVERT": 26.392,
        "DS_INVERT": 26.37,
        "USER_TEXT2": "Existing",
        "SHAPE.LEN": 30.081555810828696
      },
      "geometry": {
        "type": "LineString",
        "coordinates": [
          [
            277533.5999999996,
            2110271.3000000007
          ],
          [
            277536.9000000004,
            2110241.4000000004
          ]
        ]
      }
    },
    {
      "type": "Feature",
      "properties": {
        "OBJECTID": 28373,
        "US_NODE_ID": "2177104302!",
        "DS_NODE_ID": "2177105319!",
        "CONDUIT_LE": 31.6,
        "SHAPE_1": "OREC",
        "CONDUIT_WI": 4500.0,
        "CONDUIT_HE": 2621.0,
        "US_INVERT": 26.779,
        "DS_INVERT": 26.747,
        "USER_TEXT2": "Existing",
        "SHAPE.LEN": 31.6059839266238
      },
      "geometry": {
        "type": "LineString",
        "coordinates": [
          [
            277487.3909,
            2110359.6845999993
          ],
          [
            277517.0999999996,
            2110348.9000000004
          ]
        ]
      }
    },
    {
      "type": "Feature",
      "properties": {
        "OBJECTID": 28419,
        "US_NODE_ID": "2177105302",
        "DS_NODE_ID": "2177105301",
        "CONDUIT_LE": 15.1,
        "SHAPE_1": "OREC",
        "CONDUIT_WI": 4800.0,
        "CONDUIT_HE": 1769.0,
        "US_INVERT": 27.23,
        "DS_INVERT": 27.226,
        "USER_TEXT2": "Existing",
        "SHAPE.LEN": 15.1436762141826
      },
      "geometry": {
        "type": "LineString",
        "coordinates": [
          [
            277522.44319999963,
            2110328.3198000006
          ],
          [
            277515.54399999976,
            2110314.8389999997
          ]
        ]
      }
    },
    {
      "type": "Feature",
      "properties": {
        "OBJECTID": 28452,
        "US_NODE_ID": "2177105319!",
        "DS_NODE_ID": "2177105306!",
        "CONDUIT_LE": 7.7,
        "SHAPE_1": "OREC",
        "CONDUIT_WI": 4500.0,
        "CONDUIT_HE": 2053.0,
        "US_INVERT": 26.747,
        "DS_INVERT": 26.74,
        "USER_TEXT2": "Existing",
        "SHAPE.LEN": 7.677278437050459
      },
      "geometry": {
        "type": "LineString",
        "coordinates": [
          [
            277517.0999999996,
            2110348.9000000004
          ],
          [
            277523.03839999996,
            2110344.0341999996
          ]
        ]
      }
    },
    {
      "type": "Feature",
      "properties": {
        "OBJECTID": 28444,
        "US_NODE_ID": "2177105315!",
        "DS_NODE_ID": "2177105310!",
        "CONDUIT_LE": 18.0,
        "SHAPE_1": "OREC",
        "CONDUIT_WI": 13000.0,
        "CONDUIT_HE": 3160.0,
        "US_INVERT": 26.447,
        "DS_INVERT": 26.434,
        "USER_TEXT2": "Existing",
        "SHAPE.LEN": 17.9644214025946
      },
      "geometry": {
        "type": "LineString",
        "coordinates": [
          [
            277538.7000000002,
            2110345.5999999996
          ],
          [
            277528.4227999998,
            2110330.865700001
          ]
        ]
      }
    },
    {
      "type": "Feature",
      "properties": {
        "OBJECTID": 28432,
        "US_NODE_ID": "2177105309!",
        "DS_NODE_ID": "2177105304!",
        "CONDUIT_LE": 7.6,
        "SHAPE_1": "OREC",
        "CONDUIT_WI": 1350.0,
        "CONDUIT_HE": 3206.0,
        "US_INVERT": 26.794,
        "DS_INVERT": 26.787,
        "USER_TEXT2": "Existing",
        "SHAPE.LEN": 7.59385725570345
      },
      "geometry": {
        "type": "LineString",
        "coordinates": [
          [
            277526.44909999985,
            2110394.1422000006
          ],
          [
            277521.5049999999,
            2110388.3783
          ]
        ]
      }
    },
    {
      "type": "Feature",
      "properties": {
        "OBJECTID": 28456,
        "US_NODE_ID": "2177105401!",
        "DS_NODE_ID": "2177105309!",
        "CONDUIT_LE": 12.7,
        "SHAPE_1": "OREC",
        "CONDUIT_WI": 1624.0,
        "CONDUIT_HE": 3193.0,
        "US_INVERT": 26.807,
        "DS_INVERT": 26.794,
        "USER_TEXT2": "Existing",
        "SHAPE.LEN": 12.7421994824285
      },
      "geometry": {
        "type": "LineString",
        "coordinates": [
          [
            277536.70880000014,
            2110401.6987999994
          ],
          [
            277526.44909999985,
            2110394.1422000006
          ]
        ]
      }
    },
    {
      "type": "Feature",
      "properties": {
        "OBJECTID": 28211,
        "US_NODE_ID": "2177095101",
        "DS_NODE_ID": "2177095007",
        "CONDUIT_LE": 29.9,
        "SHAPE_1": "OREC",
        "CONDUIT_WI": 9857.0,
        "CONDUIT_HE": 2188.0,
        "US_INVERT": 26.038,
        "DS_INVERT": 26.035,
        "USER_TEXT2": "Existing",
        "SHAPE.LEN": 29.910020464219
      },
      "geometry": {
        "type": "LineString",
        "coordinates": [
          [
            277589.92289999966,
            2109101.4483000003
          ],
          [
            277570.1105000004,
            2109079.041200001
          ]
        ]
      }
    },
    {
      "type": "Feature",
      "properties": {
        "OBJECTID": 28384,
        "US_NODE_ID": "2177105007",
        "DS_NODE_ID": "2177105008",
        "CONDUIT_LE": 6.2,
        "SHAPE_1": "RECT",
        "CONDUIT_WI": 4000.0,
        "CONDUIT_HE": 1876.0,
        "US_INVERT": 26.433,
        "DS_INVERT": 26.429,
        "USER_TEXT2": "Existing",
        "SHAPE.LEN": 6.2452779321660294
      },
      "geometry": {
        "type": "LineString",
        "coordinates": [
          [
            277570.02219999954,
            2110020.973099999
          ],
          [
            277573.7999999998,
            2110016
          ]
        ]
      }
    },
    {
      "type": "Feature",
      "properties": {
        "OBJECTID": 28388,
        "US_NODE_ID": "2177105009",
        "DS_NODE_ID": "2177105010",
        "CONDUIT_LE": 2.5,
        "SHAPE_1": "RECT",
        "CONDUIT_WI": 4000.0,
        "CONDUIT_HE": 1922.0,
        "US_INVERT": 26.428,
        "DS_INVERT": 26.427,
        "USER_TEXT2": "Existing",
        "SHAPE.LEN": 2.54384081656066
      },
      "geometry": {
        "type": "LineString",
        "coordinates": [
          [
            277575.7999999998,
            2110013.5
          ],
          [
            277577.48029999994,
            2110011.5900999997
          ]
        ]
      }
    },
    {
      "type": "Feature",
      "properties": {
        "OBJECTID": 28213,
        "US_NODE_ID": "2177095901",
        "DS_NODE_ID": "2177095902",
        "CONDUIT_LE": 12.9,
        "SHAPE_1": "RECT",
        "CONDUIT_WI": 4000.0,
        "CONDUIT_HE": 1932.0,
        "US_INVERT": 26.418,
        "DS_INVERT": 26.411,
        "USER_TEXT2": "Existing",
        "SHAPE.LEN": 12.8958861355085
      },
      "geometry": {
        "type": "LineString",
        "coordinates": [
          [
            277587.7999999998,
            2109998.1999999993
          ],
          [
            277595.90189999994,
            2109988.1668999996
          ]
        ]
      }
    },
    {
      "type": "Feature",
      "properties": {
        "OBJECTID": 28401,
        "US_NODE_ID": "2177105015",
        "DS_NODE_ID": "2177105017",
        "CONDUIT_LE": 9.3,
        "SHAPE_1": "OREC",
        "CONDUIT_WI": 13000.0,
        "CONDUIT_HE": 2268.0,
        "US_INVERT": 26.23,
        "DS_INVERT": 26.223,
        "USER_TEXT2": "Existing",
        "SHAPE.LEN": 9.26120942425988
      },
      "geometry": {
        "type": "LineString",
        "coordinates": [
          [
            277555.7000000002,
            2110044.5
          ],
          [
            277559.5999999996,
            2110036.0999999996
          ]
        ]
      }
    },
    {
      "type": "Feature",
      "properties": {
        "OBJECTID": 28381,
        "US_NODE_ID": "2177105006!",
        "DS_NODE_ID": "2177105007!",
        "CONDUIT_LE": 7.0,
        "SHAPE_1": "RECT",
        "CONDUIT_WI": 14000.0,
        "CONDUIT_HE": 1973.0,
        "US_INVERT": 26.436,
        "DS_INVERT": 26.433,
        "USER_TEXT2": "Existing",
        "SHAPE.LEN": 6.95705144727276
      },
      "geometry": {
        "type": "LineString",
        "coordinates": [
          [
            277565.7971999999,
            2110026.5002999995
          ],
          [
            277570.02219999954,
            2110020.973099999
          ]
        ]
      }
    },
    {
      "type": "Feature",
      "properties": {
        "OBJECTID": 28382,
        "US_NODE_ID": "2177105006",
        "DS_NODE_ID": "2177105007",
        "CONDUIT_LE": 7.0,
        "SHAPE_1": "RECT",
        "CONDUIT_WI": 4000.0,
        "CONDUIT_HE": 1973.0,
        "US_INVERT": 26.436,
        "DS_INVERT": 26.433,
        "USER_TEXT2": "Existing",
        "SHAPE.LEN": 6.95705144727276
      },
      "geometry": {
        "type": "LineString",
        "coordinates": [
          [
            277565.7971999999,
            2110026.5002999995
          ],
          [
            277570.02219999954,
            2110020.973099999
          ]
        ]
      }
    },
    {
      "type": "Feature",
      "properties": {
        "OBJECTID": 28465,
        "US_NODE_ID": "2177105405",
        "DS_NODE_ID": "2177105404",
        "CONDUIT_LE": 16.9,
        "SHAPE_1": "OREC",
        "CONDUIT_WI": 1624.0,
        "CONDUIT_HE": 3334.0,
        "US_INVERT": 26.866,
        "DS_INVERT": 26.849,
        "USER_TEXT2": "Existing",
        "SHAPE.LEN": 16.8564429018127
      },
      "geometry": {
        "type": "LineString",
        "coordinates": [
          [
            277557.4885999998,
            2110454.8674
          ],
          [
            277555.1732000001,
            2110448.894200001
          ],
          [
            277552.9096999997,
            2110438.6920999996
          ]
        ]
      }
    },
    {
      "type": "Feature",
      "properties": {
        "OBJECTID": 28466,
        "US_NODE_ID": "2177105406!",
        "DS_NODE_ID": "2177105405!",
        "CONDUIT_LE": 22.8,
        "SHAPE_1": "OREC",
        "CONDUIT_WI": 1624.0,
        "CONDUIT_HE": 3310.0,
        "US_INVERT": 26.889,
        "DS_INVERT": 26.866,
        "USER_TEXT2": "Existing",
        "SHAPE.LEN": 22.7917482900999
      },
      "geometry": {
        "type": "LineString",
        "coordinates": [
          [
            277570.9809999997,
            2110472.4277
          ],
          [
            277558.33139999956,
            2110457.1325000003
          ],
          [
            277558.6035000002,
            2110457.2624999993
          ],
          [
            277557.4885999998,
            2110454.8674
          ]
        ]
      }
    },
    {
      "type": "Feature",
      "properties": {
        "OBJECTID": 28477,
        "US_NODE_ID": "2177106401",
        "DS_NODE_ID": "2177105318",
        "CONDUIT_LE": 28.2,
        "SHAPE_1": "OREC",
        "CONDUIT_WI": 13000.0,
        "CONDUIT_HE": 2490.0,
        "US_INVERT": 26.517,
        "DS_INVERT": 26.497,
        "USER_TEXT2": "Existing",
        "SHAPE.LEN": 28.223748865095896
      },
      "geometry": {
        "type": "LineString",
        "coordinates": [
          [
            277616.4000000004,
            2110406.3000000007
          ],
          [
            277594.0999999996,
            2110389
          ]
        ]
      }
    },
    {
      "type": "Feature",
      "properties": {
        "OBJECTID": 28250,
        "US_NODE_ID": "2177097304",
        "DS_NODE_ID": "2177097303",
        "CONDUIT_LE": 29.9,
        "SHAPE_1": "OREC",
        "CONDUIT_WI": 9957.0,
        "CONDUIT_HE": 2136.0,
        "US_INVERT": 26.07,
        "DS_INVERT": 26.067,
        "USER_TEXT2": "Existing",
        "SHAPE.LEN": 29.9294169672581
      },
      "geometry": {
        "type": "LineString",
        "coordinates": [
          [
            277761,
            2109381.8000000007
          ],
          [
            277746.9000000004,
            2109355.4000000004
          ]
        ]
      }
    },
    {
      "type": "Feature",
      "properties": {
        "OBJECTID": 28261,
        "US_NODE_ID": "2177097702",
        "DS_NODE_ID": "2177097701",
        "CONDUIT_LE": 19.6,
        "SHAPE_1": "OREC",
        "CONDUIT_WI": 13000.0,
        "CONDUIT_HE": 2693.0,
        "US_INVERT": 26.113,
        "DS_INVERT": 26.111,
        "USER_TEXT2": "Existing",
        "SHAPE.LEN": 19.632909679668
      },
      "geometry": {
        "type": "LineString",
        "coordinates": [
          [
            277723.0939999996,
            2109763.4033000004
          ],
          [
            277707.82650000043,
            2109751.0601000004
          ]
        ]
      }
    },
    {
      "type": "Feature",
      "properties": {
        "OBJECTID": 28225,
        "US_NODE_ID": "2177096802",
        "DS_NODE_ID": "2177096803",
        "CONDUIT_LE": 4.6,
        "SHAPE_1": "RECT",
        "CONDUIT_WI": 10000.0,
        "CONDUIT_HE": 2874.0,
        "US_INVERT": 26.133,
        "DS_INVERT": 26.132,
        "USER_TEXT2": "Existing",
        "SHAPE.LEN": 4.61850606257045
      },
      "geometry": {
        "type": "LineString",
        "coordinates": [
          [
            277665.4107999997,
            2109896.251700001
          ],
          [
            277668.3340999996,
            2109892.6761000007
          ]
        ]
      }
    },
    {
      "type": "Feature",
      "properties": {
        "OBJECTID": 28270,
        "US_NODE_ID": "2177097806",
        "DS_NODE_ID": "2177097901",
        "CONDUIT_LE": 91.5,
        "SHAPE_1": "RECT",
        "CONDUIT_WI": 15000.0,
        "CONDUIT_HE": 2730.0,
        "US_INVERT": 26.069,
        "DS_INVERT": 26.065,
        "USER_TEXT2": "Proposal",
        "SHAPE.LEN": 91.5433230771092
      },
      "geometry": {
        "type": "LineString",
        "coordinates": [
          [
            277701.0999999996,
            2109861.1999999993
          ],
          [
            277774.7999999998,
            2109915.5
          ]
        ]
      }
    },
    {
      "type": "Feature",
      "properties": {
        "OBJECTID": 28271,
        "US_NODE_ID": "2177097901!",
        "DS_NODE_ID": "2177098901!",
        "CONDUIT_LE": 59.2,
        "SHAPE_1": "OREC",
        "CONDUIT_WI": 15000.0,
        "CONDUIT_HE": 2439.0,
        "US_INVERT": 26.059,
        "DS_INVERT": 26.056,
        "USER_TEXT2": "Proposal",
        "SHAPE.LEN": 59.242299077601594
      },
      "geometry": {
        "type": "LineString",
        "coordinates": [
          [
            277774.7999999998,
            2109915.5
          ],
          [
            277824.2000000002,
            2109948.1999999993
          ]
        ]
      }
    },
    {
      "type": "Feature",
      "properties": {
        "OBJECTID": 28483,
        "US_NODE_ID": "2177106404",
        "DS_NODE_ID": "2177106403",
        "CONDUIT_LE": 30.1,
        "SHAPE_1": "OREC",
        "CONDUIT_WI": 13000.0,
        "CONDUIT_HE": 2247.0,
        "US_INVERT": 26.58,
        "DS_INVERT": 26.559,
        "USER_TEXT2": "Existing",
        "SHAPE.LEN": 30.1292156972265
      },
      "geometry": {
        "type": "LineString",
        "coordinates": [
          [
            277684.2193,
            2110463.5130000003
          ],
          [
            277660.62310000043,
            2110444.7783000004
          ]
        ]
      }
    },
    {
      "type": "Feature",
      "properties": {
        "OBJECTID": 28484,
        "US_NODE_ID": "2177107401!",
        "DS_NODE_ID": "2177106404!",
        "CONDUIT_LE": 30.0,
        "SHAPE_1": "OREC",
        "CONDUIT_WI": 13000.0,
        "CONDUIT_HE": 2115.0,
        "US_INVERT": 26.602,
        "DS_INVERT": 26.58,
        "USER_TEXT2": "Existing",
        "SHAPE.LEN": 29.9906898495183
      },
      "geometry": {
        "type": "LineString",
        "coordinates": [
          [
            277707.81549999956,
            2110482.0241
          ],
          [
            277684.2193,
            2110463.5130000003
          ]
        ]
      }
    },
    {
      "type": "Feature",
      "properties": {
        "OBJECTID": 28492,
        "US_NODE_ID": "2177108501!",
        "DS_NODE_ID": "2177107503!",
        "CONDUIT_LE": 29.9,
        "SHAPE_1": "OREC",
        "CONDUIT_WI": 13000.0,
        "CONDUIT_HE": 2211.0,
        "US_INVERT": 26.687,
        "DS_INVERT": 26.666,
        "USER_TEXT2": "Existing",
        "SHAPE.LEN": 29.917073725383002
      },
      "geometry": {
        "type": "LineString",
        "coordinates": [
          [
            277800.2999999998,
            2110558.5
          ],
          [
            277777.5449999999,
            2110539.077299999
          ]
        ]
      }
    },
    {
      "type": "Feature",
      "properties": {
        "OBJECTID": 28493,
        "US_NODE_ID": "2177108501",
        "DS_NODE_ID": "2177107503",
        "CONDUIT_LE": 29.9,
        "SHAPE_1": "OREC",
        "CONDUIT_WI": 13000.0,
        "CONDUIT_HE": 2211.0,
        "US_INVERT": 26.687,
        "DS_INVERT": 26.666,
        "USER_TEXT2": "Existing",
        "SHAPE.LEN": 29.917073725383002
      },
      "geometry": {
        "type": "LineString",
        "coordinates": [
          [
            277800.2999999998,
            2110558.5
          ],
          [
            277777.5449999999,
            2110539.077299999
          ]
        ]
      }
    },
    {
      "type": "Feature",
      "properties": {
        "OBJECTID": 28277,
        "US_NODE_ID": "2177098405",
        "DS_NODE_ID": "2177098404",
        "CONDUIT_LE": 3.1,
        "SHAPE_1": "RECT",
        "CONDUIT_WI": 10500.0,
        "CONDUIT_HE": 2324.0,
        "US_INVERT": 26.082,
        "DS_INVERT": 26.081,
        "USER_TEXT2": "Existing",
        "SHAPE.LEN": 3.104834939252
      },
      "geometry": {
        "type": "LineString",
        "coordinates": [
          [
            277814.7000000002,
            2109494.6999999993
          ],
          [
            277813.9000000004,
            2109491.6999999993
          ]
        ]
      }
    },
    {
      "type": "Feature",
      "properties": {
        "OBJECTID": 28280,
        "US_NODE_ID": "2177098501",
        "DS_NODE_ID": "2177098405",
        "CONDUIT_LE": 7.1,
        "SHAPE_1": "RECT",
        "CONDUIT_WI": 10500.0,
        "CONDUIT_HE": 2494.0,
        "US_INVERT": 26.082,
        "DS_INVERT": 26.082,
        "USER_TEXT2": "Existing",
        "SHAPE.LEN": 7.14774804956078
      },
      "geometry": {
        "type": "LineString",
        "coordinates": [
          [
            277816.4417000003,
            2109501.6323000006
          ],
          [
            277814.7000000002,
            2109494.6999999993
          ]
        ]
      }
    },
    {
      "type": "Feature",
      "properties": {
        "OBJECTID": 28278,
        "US_NODE_ID": "2177098406",
        "DS_NODE_ID": "2177098402",
        "CONDUIT_LE": 39.2,
        "SHAPE_1": "OREC",
        "CONDUIT_WI": 12000.0,
        "CONDUIT_HE": 1527.0,
        "US_INVERT": 26.312,
        "DS_INVERT": 26.302,
        "USER_TEXT2": "Existing",
        "SHAPE.LEN": 39.17953920415601
      },
      "geometry": {
        "type": "LineString",
        "coordinates": [
          [
            277847.72950000037,
            2109462.8532
          ],
          [
            277810.1730000004,
            2109474.0132
          ]
        ]
      }
    },
    {
      "type": "Feature",
      "properties": {
        "OBJECTID": 28285,
        "US_NODE_ID": "2177098506",
        "DS_NODE_ID": "2177098505",
        "CONDUIT_LE": 22.1,
        "SHAPE_1": "OREC",
        "CONDUIT_WI": 13000.0,
        "CONDUIT_HE": 2472.0,
        "US_INVERT": 26.09,
        "DS_INVERT": 26.088,
        "USER_TEXT2": "Existing",
        "SHAPE.LEN": 22.0573301997318
      },
      "geometry": {
        "type": "LineString",
        "coordinates": [
          [
            277833.8382000001,
            2109576.6454000007
          ],
          [
            277826.86870000046,
            2109555.7181
          ]
        ]
      }
    },
    {
      "type": "Feature",
      "properties": {
        "OBJECTID": 28497,
        "US_NODE_ID": "2177108503",
        "DS_NODE_ID": "2177108502",
        "CONDUIT_LE": 30.3,
        "SHAPE_1": "OREC",
        "CONDUIT_WI": 13000.0,
        "CONDUIT_HE": 2169.0,
        "US_INVERT": 26.729,
        "DS_INVERT": 26.708,
        "USER_TEXT2": "Existing",
        "SHAPE.LEN": 30.280394572396197
      },
      "geometry": {
        "type": "LineString",
        "coordinates": [
          [
            277846.6235999996,
            2110596.7859000005
          ],
          [
            277822.9171000002,
            2110577.9470000006
          ]
        ]
      }
    },
    {
      "type": "Feature",
      "properties": {
        "OBJECTID": 28501,
        "US_NODE_ID": "2177108602",
        "DS_NODE_ID": "2177108601",
        "CONDUIT_LE": 30.0,
        "SHAPE_1": "OREC",
        "CONDUIT_WI": 13000.0,
        "CONDUIT_HE": 2178.0,
        "US_INVERT": 26.74,
        "DS_INVERT": 26.735,
        "USER_TEXT2": "Existing",
        "SHAPE.LEN": 29.970151818100597
      },
      "geometry": {
        "type": "LineString",
        "coordinates": [
          [
            277893.5,
            2110634
          ],
          [
            277870,
            2110615.4000000004
          ]
        ]
      }
    },
    {
      "type": "Feature",
      "properties": {
        "OBJECTID": 28596,
        "US_NODE_ID": "2177118101",
        "DS_NODE_ID": "2177118001",
        "CONDUIT_LE": 73.6,
        "SHAPE_1": "OREC",
        "CONDUIT_WI": 4800.0,
        "CONDUIT_HE": 2223.0,
        "US_INVERT": 27.777,
        "DS_INVERT": 27.703,
        "USER_TEXT2": "Existing",
        "SHAPE.LEN": 73.5924692682614
      },
      "geometry": {
        "type": "LineString",
        "coordinates": [
          [
            277809.52469999995,
            2111132.4804
          ],
          [
            277872.67789999954,
            2111094.6977999993
          ]
        ]
      }
    },
    {
      "type": "Feature",
      "properties": {
        "OBJECTID": 28593,
        "US_NODE_ID": "2177118001!",
        "DS_NODE_ID": "2177119001!",
        "CONDUIT_LE": 68.9,
        "SHAPE_1": "OREC",
        "CONDUIT_WI": 4800.0,
        "CONDUIT_HE": 2097.0,
        "US_INVERT": 27.703,
        "DS_INVERT": 27.635,
        "USER_TEXT2": "Existing",
        "SHAPE.LEN": 68.922092287234
      },
      "geometry": {
        "type": "LineString",
        "coordinates": [
          [
            277872.67789999954,
            2111094.6977999993
          ],
          [
            277930.9901999999,
            2111057.9563999996
          ]
        ]
      }
    },
    {
      "type": "Feature",
      "properties": {
        "OBJECTID": 28592,
        "US_NODE_ID": "2177117804",
        "DS_NODE_ID": "2177117803",
        "CONDUIT_LE": 27.8,
        "SHAPE_1": "OREC",
        "CONDUIT_WI": 1800.0,
        "CONDUIT_HE": 1498.0,
        "US_INVERT": 34.1,
        "DS_INVERT": 33.859,
        "USER_TEXT2": "Existing",
        "SHAPE.LEN": 27.8235934020033
      },
      "geometry": {
        "type": "LineString",
        "coordinates": [
          [
            277783.3383999998,
            2111836.663899999
          ],
          [
            277780.5527999997,
            2111808.9801000003
          ]
        ]
      }
    },
    {
      "type": "Feature",
      "properties": {
        "OBJECTID": 28300,
        "US_NODE_ID": "2177099403",
        "DS_NODE_ID": "2177099402",
        "CONDUIT_LE": 30.0,
        "SHAPE_1": "OREC",
        "CONDUIT_WI": 12000.0,
        "CONDUIT_HE": 1498.0,
        "US_INVERT": 26.341,
        "DS_INVERT": 26.333,
        "USER_TEXT2": "Existing",
        "SHAPE.LEN": 29.958876170177
      },
      "geometry": {
        "type": "LineString",
        "coordinates": [
          [
            277958.63829999976,
            2109432.7357
          ],
          [
            277929.9000000004,
            2109441.1999999993
          ]
        ]
      }
    },
    {
      "type": "Feature",
      "properties": {
        "OBJECTID": 28301,
        "US_NODE_ID": "2177099404",
        "DS_NODE_ID": "2177099403",
        "CONDUIT_LE": 30.5,
        "SHAPE_1": "OREC",
        "CONDUIT_WI": 12000.0,
        "CONDUIT_HE": 1490.0,
        "US_INVERT": 26.349,
        "DS_INVERT": 26.341,
        "USER_TEXT2": "Existing",
        "SHAPE.LEN": 30.4603483463338
      },
      "geometry": {
        "type": "LineString",
        "coordinates": [
          [
            277988.0999999996,
            2109425
          ],
          [
            277958.63829999976,
            2109432.7357
          ]
        ]
      }
    },
    {
      "type": "Feature",
      "properties": {
        "OBJECTID": 29202,
        "US_NODE_ID": "2178100001",
        "DS_NODE_ID": "2178101101",
        "CONDUIT_LE": 153.3,
        "SHAPE_1": "OREC",
        "CONDUIT_WI": 15000.0,
        "CONDUIT_HE": 2256.0,
        "US_INVERT": 26.042,
        "DS_INVERT": 26.033,
        "USER_TEXT2": "Proposal",
        "SHAPE.LEN": 153.287507644948
      },
      "geometry": {
        "type": "LineString",
        "coordinates": [
          [
            278007.0999999996,
            2110066.4000000004
          ],
          [
            278126.2000000002,
            2110162.9000000004
          ]
        ]
      }
    },
    {
      "type": "Feature",
      "properties": {
        "OBJECTID": 29206,
        "US_NODE_ID": "2178100702",
        "DS_NODE_ID": "2178100704",
        "CONDUIT_LE": 39.0,
        "SHAPE_1": "OREC",
        "CONDUIT_WI": 4800.0,
        "CONDUIT_HE": 2082.0,
        "US_INVERT": 27.317,
        "DS_INVERT": 27.278,
        "USER_TEXT2": "Existing",
        "SHAPE.LEN": 38.971076272171494
      },
      "geometry": {
        "type": "LineString",
        "coordinates": [
          [
            278019.61369999964,
            2110768.9955
          ],
          [
            278033.25659999996,
            2110743.8742999993
          ],
          [
            278041.04110000003,
            2110737.0014999993
          ]
        ]
      }
    },
    {
      "type": "Feature",
      "properties": {
        "OBJECTID": 28514,
        "US_NODE_ID": "2177109803!",
        "DS_NODE_ID": "2177109804!",
        "CONDUIT_LE": 10.0,
        "SHAPE_1": "OREC",
        "CONDUIT_WI": 4800.0,
        "CONDUIT_HE": 2391.0,
        "US_INVERT": 27.408,
        "DS_INVERT": 27.398,
        "USER_TEXT2": "Existing",
        "SHAPE.LEN": 10.001004908008001
      },
      "geometry": {
        "type": "LineString",
        "coordinates": [
          [
            277976.4297000002,
            2110848.3555999994
          ],
          [
            277981.23560000025,
            2110839.585000001
          ]
        ]
      }
    },
    {
      "type": "Feature",
      "properties": {
        "OBJECTID": 28520,
        "US_NODE_ID": "2177109902!",
        "DS_NODE_ID": "2177109801!",
        "CONDUIT_LE": 47.6,
        "SHAPE_1": "OREC",
        "CONDUIT_WI": 4800.0,
        "CONDUIT_HE": 2496.0,
        "US_INVERT": 27.504,
        "DS_INVERT": 27.456,
        "USER_TEXT2": "Existing",
        "SHAPE.LEN": 47.578261759126896
      },
      "geometry": {
        "type": "LineString",
        "coordinates": [
          [
            277949.30900000036,
            2110940.2764
          ],
          [
            277959.15610000025,
            2110893.7282999996
          ]
        ]
      }
    },
    {
      "type": "Feature",
      "properties": {
        "OBJECTID": 28600,
        "US_NODE_ID": "2177119002!",
        "DS_NODE_ID": "2177109901!",
        "CONDUIT_LE": 53.7,
        "SHAPE_1": "OREC",
        "CONDUIT_WI": 4800.0,
        "CONDUIT_HE": 2592.0,
        "US_INVERT": 27.607,
        "DS_INVERT": 27.553,
        "USER_TEXT2": "Existing",
        "SHAPE.LEN": 53.7041782510449
      },
      "geometry": {
        "type": "LineString",
        "coordinates": [
          [
            277953.65490000043,
            2111042.306
          ],
          [
            277948.26379999984,
            2110988.8730999995
          ]
        ]
      }
    },
    {
      "type": "Feature",
      "properties": {
        "OBJECTID": 29372,
        "US_NODE_ID": "2178110302!",
        "DS_NODE_ID": "2178110301!",
        "CONDUIT_LE": 31.2,
        "SHAPE_1": "RECT",
        "CONDUIT_WI": 3500.0,
        "CONDUIT_HE": 2772.0,
        "US_INVERT": 30.734,
        "DS_INVERT": 30.583,
        "USER_TEXT2": "Existing",
        "SHAPE.LEN": 31.207331859837
      },
      "geometry": {
        "type": "LineString",
        "coordinates": [
          [
            278012.1571000004,
            2111364.0118000004
          ],
          [
            278005.30370000005,
            2111333.566299999
          ]
        ]
      }
    },
    {
      "type": "Feature",
      "properties": {
        "OBJECTID": 29362,
        "US_NODE_ID": "2178110201!",
        "DS_NODE_ID": "2178110202!",
        "CONDUIT_LE": 31.1,
        "SHAPE_1": "RECT",
        "CONDUIT_WI": 3500.0,
        "CONDUIT_HE": 2193.0,
        "US_INVERT": 30.383,
        "DS_INVERT": 30.033,
        "USER_TEXT2": "Existing",
        "SHAPE.LEN": 31.091929994775196
      },
      "geometry": {
        "type": "LineString",
        "coordinates": [
          [
            278007.6796000004,
            2111296.4771999996
          ],
          [
            278021.7061999999,
            2111268.7290000003
          ]
        ]
      }
    },
    {
      "type": "Feature",
      "properties": {
        "OBJECTID": 29379,
        "US_NODE_ID": "2178110401",
        "DS_NODE_ID": "2178110303",
        "CONDUIT_LE": 29.8,
        "SHAPE_1": "RECT",
        "CONDUIT_WI": 3500.0,
        "CONDUIT_HE": 2110.0,
        "US_INVERT": 31.156,
        "DS_INVERT": 30.919,
        "USER_TEXT2": "Existing",
        "SHAPE.LEN": 29.8230998958861
      },
      "geometry": {
        "type": "LineString",
        "coordinates": [
          [
            278029.20440000016,
            2111423.0396999996
          ],
          [
            278019.55879999977,
            2111394.8194999993
          ]
        ]
      }
    },
    {
      "type": "Feature",
      "properties": {
        "OBJECTID": 29388,
        "US_NODE_ID": "2178110801",
        "DS_NODE_ID": "2177119801",
        "CONDUIT_LE": 39.7,
        "SHAPE_1": "OREC",
        "CONDUIT_WI": 1500.0,
        "CONDUIT_HE": 1500.0,
        "US_INVERT": 43.53,
        "DS_INVERT": 40.48,
        "USER_TEXT2": "Existing",
        "SHAPE.LEN": 39.6560142344134
      },
      "geometry": {
        "type": "LineString",
        "coordinates": [
          [
            278001.77579999994,
            2111866.2190000005
          ],
          [
            277983.1437999997,
            2111831.2126
          ]
        ]
      }
    },
    {
      "type": "Feature",
      "properties": {
        "OBJECTID": 29111,
        "US_NODE_ID": "2178091301",
        "DS_NODE_ID": "2178090301",
        "CONDUIT_LE": 29.9,
        "SHAPE_1": "OREC",
        "CONDUIT_WI": 3574.0,
        "CONDUIT_HE": 1970.0,
        "US_INVERT": 26.379,
        "DS_INVERT": 26.371,
        "USER_TEXT2": "Existing",
        "SHAPE.LEN": 29.900532392919
      },
      "geometry": {
        "type": "LineString",
        "coordinates": [
          [
            278100.32930000033,
            2109387.7832999993
          ],
          [
            278071,
            2109393.5999999996
          ]
        ]
      }
    },
    {
      "type": "Feature",
      "properties": {
        "OBJECTID": 29121,
        "US_NODE_ID": "2178091601",
        "DS_NODE_ID": "2178090603",
        "CONDUIT_LE": 30.0,
        "SHAPE_1": "OREC",
        "CONDUIT_WI": 5000.0,
        "CONDUIT_HE": 1629.0,
        "US_INVERT": 27.13,
        "DS_INVERT": 27.11,
        "USER_TEXT2": "Existing",
        "SHAPE.LEN": 30.0493828963258
      },
      "geometry": {
        "type": "LineString",
        "coordinates": [
          [
            278102.0876000002,
            2109670.4516000003
          ],
          [
            278072.1798999999,
            2109667.5370000005
          ]
        ]
      }
    },
    {
      "type": "Feature",
      "properties": {
        "OBJECTID": 29238,
        "US_NODE_ID": "2178101101",
        "DS_NODE_ID": "2178102201",
        "CONDUIT_LE": 209.4,
        "SHAPE_1": "OREC",
        "CONDUIT_WI": 15000.0,
        "CONDUIT_HE": 2265.0,
        "US_INVERT": 26.033,
        "DS_INVERT": 26.02,
        "USER_TEXT2": "Proposal",
        "SHAPE.LEN": 209.417406153357
      },
      "geometry": {
        "type": "LineString",
        "coordinates": [
          [
            278126.2000000002,
            2110162.9000000004
          ],
          [
            278287.2999999998,
            2110296.6999999993
          ]
        ]
      }
    },
    {
      "type": "Feature",
      "properties": {
        "OBJECTID": 29360,
        "US_NODE_ID": "2178110105!",
        "DS_NODE_ID": "2178110003!",
        "CONDUIT_LE": 19.4,
        "SHAPE_1": "RECT",
        "CONDUIT_WI": 4500.0,
        "CONDUIT_HE": 1818.0,
        "US_INVERT": 28.618,
        "DS_INVERT": 28.613,
        "USER_TEXT2": "Existing",
        "SHAPE.LEN": 19.4338436478737
      },
      "geometry": {
        "type": "LineString",
        "coordinates": [
          [
            278066.83249999955,
            2111103.1800999995
          ],
          [
            278065.53079999983,
            2111083.7898999993
          ]
        ]
      }
    },
    {
      "type": "Feature",
      "properties": {
        "OBJECTID": 29367,
        "US_NODE_ID": "2178110203",
        "DS_NODE_ID": "2178110101",
        "CONDUIT_LE": 29.0,
        "SHAPE_1": "RECT",
        "CONDUIT_WI": 3500.0,
        "CONDUIT_HE": 2184.0,
        "US_INVERT": 29.014,
        "DS_INVERT": 28.912,
        "USER_TEXT2": "Existing",
        "SHAPE.LEN": 29.0389173684213
      },
      "geometry": {
        "type": "LineString",
        "coordinates": [
          [
            278023.0048000002,
            2111220.340500001
          ],
          [
            278033.4956,
            2111193.2628000006
          ]
        ]
      }
    },
    {
      "type": "Feature",
      "properties": {
        "OBJECTID": 29407,
        "US_NODE_ID": "2178111501",
        "DS_NODE_ID": "2178110502",
        "CONDUIT_LE": 30.0,
        "SHAPE_1": "RECT",
        "CONDUIT_WI": 4000.0,
        "CONDUIT_HE": 3024.0,
        "US_INVERT": 32.874,
        "DS_INVERT": 32.808,
        "USER_TEXT2": "Existing",
        "SHAPE.LEN": 29.983400000000003
      },
      "geometry": {
        "type": "LineString",
        "coordinates": [
          [
            278111.35529999994,
            2111508.8913000003
          ],
          [
            278081.3718999997,
            2111508.8913000003
          ]
        ]
      }
    },
    {
      "type": "Feature",
      "properties": {
        "OBJECTID": 29245,
        "US_NODE_ID": "2178101803!",
        "DS_NODE_ID": "2178101802!",
        "CONDUIT_LE": 30.1,
        "SHAPE_1": "OREC",
        "CONDUIT_WI": 9600.0,
        "CONDUIT_HE": 2554.0,
        "US_INVERT": 27.404,
        "DS_INVERT": 27.373,
        "USER_TEXT2": "Existing",
        "SHAPE.LEN": 30.058054192678497
      },
      "geometry": {
        "type": "LineString",
        "coordinates": [
          [
            278170.52749999985,
            2110846.663899999
          ],
          [
            278147.5491000004,
            2110827.2865999993
          ]
        ]
      }
    },
    {
      "type": "Feature",
      "properties": {
        "OBJECTID": 29248,
        "US_NODE_ID": "2178101804",
        "DS_NODE_ID": "2178101803",
        "CONDUIT_LE": 30.3,
        "SHAPE_1": "OREC",
        "CONDUIT_WI": 9600.0,
        "CONDUIT_HE": 2499.0,
        "US_INVERT": 27.439,
        "DS_INVERT": 27.404,
        "USER_TEXT2": "Existing",
        "SHAPE.LEN": 30.283028330733398
      },
      "geometry": {
        "type": "LineString",
        "coordinates": [
          [
            278193.3136999998,
            2110866.6100999992
          ],
          [
            278170.52749999985,
            2110846.663899999
          ]
        ]
      }
    },
    {
      "type": "Feature",
      "properties": {
        "OBJECTID": 29255,
        "US_NODE_ID": "2178102902!",
        "DS_NODE_ID": "2178102903!",
        "CONDUIT_LE": 30.1,
        "SHAPE_1": "OREC",
        "CONDUIT_WI": 7200.0,
        "CONDUIT_HE": 2047.0,
        "US_INVERT": 27.561,
        "DS_INVERT": 27.544,
        "USER_TEXT2": "Existing",
        "SHAPE.LEN": 30.102421360581598
      },
      "geometry": {
        "type": "LineString",
        "coordinates": [
          [
            278249.62509999983,
            2110974.9724000003
          ],
          [
            278259.0999999996,
            2110946.4000000004
          ]
        ]
      }
    },
    {
      "type": "Feature",
      "properties": {
        "OBJECTID": 29424,
        "US_NODE_ID": "2178112102!",
        "DS_NODE_ID": "2178112001!",
        "CONDUIT_LE": 30.8,
        "SHAPE_1": "OREC",
        "CONDUIT_WI": 7200.0,
        "CONDUIT_HE": 1621.0,
        "US_INVERT": 27.638,
        "DS_INVERT": 27.614,
        "USER_TEXT2": "Existing",
        "SHAPE.LEN": 30.7535323293114
      },
      "geometry": {
        "type": "LineString",
        "coordinates": [
          [
            278202.3689000001,
            2111118.8127999995
          ],
          [
            278211.8680999996,
            2111089.563100001
          ]
        ]
      }
    },
    {
      "type": "Feature",
      "properties": {
        "OBJECTID": 29416,
        "US_NODE_ID": "2178112002!",
        "DS_NODE_ID": "2178112003!",
        "CONDUIT_LE": 29.8,
        "SHAPE_1": "OREC",
        "CONDUIT_WI": 7200.0,
        "CONDUIT_HE": 1561.0,
        "US_INVERT": 27.596,
        "DS_INVERT": 27.581,
        "USER_TEXT2": "Existing",
        "SHAPE.LEN": 29.813521083226696
      },
      "geometry": {
        "type": "LineString",
        "coordinates": [
          [
            278221.4402999999,
            2111060.2522
          ],
          [
            278231.16559999995,
            2111032.0694999993
          ]
        ]
      }
    },
    {
      "type": "Feature",
      "properties": {
        "OBJECTID": 29417,
        "US_NODE_ID": "2178112002",
        "DS_NODE_ID": "2178112003",
        "CONDUIT_LE": 29.8,
        "SHAPE_1": "OREC",
        "CONDUIT_WI": 7200.0,
        "CONDUIT_HE": 1561.0,
        "US_INVERT": 27.596,
        "DS_INVERT": 27.581,
        "USER_TEXT2": "Existing",
        "SHAPE.LEN": 29.813521083226696
      },
      "geometry": {
        "type": "LineString",
        "coordinates": [
          [
            278221.4402999999,
            2111060.2522
          ],
          [
            278231.16559999995,
            2111032.0694999993
          ]
        ]
      }
    },
    {
      "type": "Feature",
      "properties": {
        "OBJECTID": 29418,
        "US_NODE_ID": "2178112003!",
        "DS_NODE_ID": "2178112004!",
        "CONDUIT_LE": 30.1,
        "SHAPE_1": "OREC",
        "CONDUIT_WI": 7200.0,
        "CONDUIT_HE": 1525.0,
        "US_INVERT": 27.581,
        "DS_INVERT": 27.575,
        "USER_TEXT2": "Existing",
        "SHAPE.LEN": 30.119999561919002
      },
      "geometry": {
        "type": "LineString",
        "coordinates": [
          [
            278231.16559999995,
            2111032.0694999993
          ],
          [
            278240.4000000004,
            2111003.4000000004
          ]
        ]
      }
    },
    {
      "type": "Feature",
      "properties": {
        "OBJECTID": 29393,
        "US_NODE_ID": "2178111101",
        "DS_NODE_ID": "2178111103",
        "CONDUIT_LE": 27.3,
        "SHAPE_1": "OREC",
        "CONDUIT_WI": 5400.0,
        "CONDUIT_HE": 2136.0,
        "US_INVERT": 27.663,
        "DS_INVERT": 27.649,
        "USER_TEXT2": "Existing",
        "SHAPE.LEN": 27.3144934926496
      },
      "geometry": {
        "type": "LineString",
        "coordinates": [
          [
            278187.5088999998,
            2111165.661800001
          ],
          [
            278196.37650000025,
            2111139.8268
          ]
        ]
      }
    },
    {
      "type": "Feature",
      "properties": {
        "OBJECTID": 29427,
        "US_NODE_ID": "2178112103",
        "DS_NODE_ID": "2178112101",
        "CONDUIT_LE": 15.6,
        "SHAPE_1": "RECT",
        "CONDUIT_WI": 4800.0,
        "CONDUIT_HE": 1611.0,
        "US_INVERT": 27.676,
        "DS_INVERT": 27.659,
        "USER_TEXT2": "Existing",
        "SHAPE.LEN": 15.5953414598719
      },
      "geometry": {
        "type": "LineString",
        "coordinates": [
          [
            278215.06400000025,
            2111147.9487999994
          ],
          [
            278200.3269999996,
            2111142.8463000003
          ]
        ]
      }
    },
    {
      "type": "Feature",
      "properties": {
        "OBJECTID": 29439,
        "US_NODE_ID": "2178112501",
        "DS_NODE_ID": "2178111504",
        "CONDUIT_LE": 29.9,
        "SHAPE_1": "RECT",
        "CONDUIT_WI": 4000.0,
        "CONDUIT_HE": 3720.0,
        "US_INVERT": 33.136,
        "DS_INVERT": 33.071,
        "USER_TEXT2": "Existing",
        "SHAPE.LEN": 29.8968298750888
      },
      "geometry": {
        "type": "LineString",
        "coordinates": [
          [
            278227.74760000035,
            2111536.0659
          ],
          [
            278199.16530000046,
            2111527.2982
          ]
        ]
      }
    },
    {
      "type": "Feature",
      "properties": {
        "OBJECTID": 29443,
        "US_NODE_ID": "2178112503",
        "DS_NODE_ID": "2178112502",
        "CONDUIT_LE": 29.9,
        "SHAPE_1": "OREC",
        "CONDUIT_WI": 4000.0,
        "CONDUIT_HE": 3889.0,
        "US_INVERT": 33.267,
        "DS_INVERT": 33.202,
        "USER_TEXT2": "Existing",
        "SHAPE.LEN": 29.8779160921574
      },
      "geometry": {
        "type": "LineString",
        "coordinates": [
          [
            278284.2505000001,
            2111555.7688999996
          ],
          [
            278256.31900000013,
            2111545.1613
          ]
        ]
      }
    },
    {
      "type": "Feature",
      "properties": {
        "OBJECTID": 29144,
        "US_NODE_ID": "2178093007",
        "DS_NODE_ID": "2178093006",
        "CONDUIT_LE": 10.5,
        "SHAPE_1": "OREC",
        "CONDUIT_WI": 4000.0,
        "CONDUIT_HE": 2475.0,
        "US_INVERT": 26.59,
        "DS_INVERT": 26.581,
        "USER_TEXT2": "Existing",
        "SHAPE.LEN": 10.524518270210798
      },
      "geometry": {
        "type": "LineString",
        "coordinates": [
          [
            278373.96439999994,
            2109074.1147000007
          ],
          [
            278363.4612999996,
            2109073.443600001
          ]
        ]
      }
    },
    {
      "type": "Feature",
      "properties": {
        "OBJECTID": 29136,
        "US_NODE_ID": "2178092701",
        "DS_NODE_ID": "2178092702",
        "CONDUIT_LE": 4.7,
        "SHAPE_1": "OREC",
        "CONDUIT_WI": 7000.0,
        "CONDUIT_HE": 1564.0,
        "US_INVERT": 26.553,
        "DS_INVERT": 26.519,
        "USER_TEXT2": "Existing",
        "SHAPE.LEN": 4.73814309619285
      },
      "geometry": {
        "type": "LineString",
        "coordinates": [
          [
            278287.7000000002,
            2109710.5
          ],
          [
            278292.4000000004,
            2109709.9000000004
          ]
        ]
      }
    },
    {
      "type": "Feature",
      "properties": {
        "OBJECTID": 29151,
        "US_NODE_ID": "2178093701",
        "DS_NODE_ID": "2178093702",
        "CONDUIT_LE": 11.7,
        "SHAPE_1": "OREC",
        "CONDUIT_WI": 5000.0,
        "CONDUIT_HE": 1827.0,
        "US_INVERT": 26.493,
        "DS_INVERT": 26.446,
        "USER_TEXT2": "Existing",
        "SHAPE.LEN": 11.7273185340895
      },
      "geometry": {
        "type": "LineString",
        "coordinates": [
          [
            278301.4000000004,
            2109706.4000000004
          ],
          [
            278312.0999999996,
            2109701.5999999996
          ]
        ]
      }
    },
    {
      "type": "Feature",
      "properties": {
        "OBJECTID": 29455,
        "US_NODE_ID": "2178113503",
        "DS_NODE_ID": "2178113501",
        "CONDUIT_LE": 30.0,
        "SHAPE_1": "OREC",
        "CONDUIT_WI": 4000.0,
        "CONDUIT_HE": 3207.0,
        "US_INVERT": 33.399,
        "DS_INVERT": 33.333,
        "USER_TEXT2": "Existing",
        "SHAPE.LEN": 29.9810914832999
      },
      "geometry": {
        "type": "LineString",
        "coordinates": [
          [
            278340.5437000003,
            2111577.095899999
          ],
          [
            278312.50189999957,
            2111566.4881999996
          ]
        ]
      }
    },
    {
      "type": "Feature",
      "properties": {
        "OBJECTID": 29457,
        "US_NODE_ID": "2178113504",
        "DS_NODE_ID": "2178113503",
        "CONDUIT_LE": 29.9,
        "SHAPE_1": "OREC",
        "CONDUIT_WI": 4000.0,
        "CONDUIT_HE": 2862.0,
        "US_INVERT": 33.464,
        "DS_INVERT": 33.399,
        "USER_TEXT2": "Existing",
        "SHAPE.LEN": 29.9340117513507
      },
      "geometry": {
        "type": "LineString",
        "coordinates": [
          [
            278368.5745000001,
            2111587.599199999
          ],
          [
            278340.5437000003,
            2111577.095899999
          ]
        ]
      }
    },
    {
      "type": "Feature",
      "properties": {
        "OBJECTID": 29460,
        "US_NODE_ID": "2178114501!",
        "DS_NODE_ID": "2178113502!",
        "CONDUIT_LE": 81.2,
        "SHAPE_1": "OREC",
        "CONDUIT_WI": 7000.0,
        "CONDUIT_HE": 4501.0,
        "US_INVERT": 28.307,
        "DS_INVERT": 28.226,
        "USER_TEXT2": "Existing",
        "SHAPE.LEN": 81.2442422705757
      },
      "geometry": {
        "type": "LineString",
        "coordinates": [
          [
            278411.5159,
            2111565.1492999997
          ],
          [
            278337.03029999975,
            2111532.706700001
          ]
        ]
      }
    },
    {
      "type": "Feature",
      "properties": {
        "OBJECTID": 29459,
        "US_NODE_ID": "2178113505",
        "DS_NODE_ID": "2178113504",
        "CONDUIT_LE": 30.1,
        "SHAPE_1": "OREC",
        "CONDUIT_WI": 4000.0,
        "CONDUIT_HE": 2926.0,
        "US_INVERT": 33.53,
        "DS_INVERT": 33.464,
        "USER_TEXT2": "Existing",
        "SHAPE.LEN": 30.0714026518551
      },
      "geometry": {
        "type": "LineString",
        "coordinates": [
          [
            278396.7156999996,
            2111598.1993000004
          ],
          [
            278368.5745000001,
            2111587.599199999
          ]
        ]
      }
    },
    {
      "type": "Feature",
      "properties": {
        "OBJECTID": 29159,
        "US_NODE_ID": "2178094103",
        "DS_NODE_ID": "2178094102",
        "CONDUIT_LE": 25.2,
        "SHAPE_1": "OREC",
        "CONDUIT_WI": 4000.0,
        "CONDUIT_HE": 2248.0,
        "US_INVERT": 26.679,
        "DS_INVERT": 26.659,
        "USER_TEXT2": "Existing",
        "SHAPE.LEN": 25.2244974776506
      },
      "geometry": {
        "type": "LineString",
        "coordinates": [
          [
            278450.59970000014,
            2109155.844799999
          ],
          [
            278431.6590999998,
            2109139.1855999995
          ]
        ]
      }
    },
    {
      "type": "Feature",
      "properties": {
        "OBJECTID": 29163,
        "US_NODE_ID": "2178094203",
        "DS_NODE_ID": "2178094104",
        "CONDUIT_LE": 32.7,
        "SHAPE_1": "OREC",
        "CONDUIT_WI": 4000.0,
        "CONDUIT_HE": 2105.0,
        "US_INVERT": 26.726,
        "DS_INVERT": 26.7,
        "USER_TEXT2": "Existing",
        "SHAPE.LEN": 32.71685278522369
      },
      "geometry": {
        "type": "LineString",
        "coordinates": [
          [
            278490.3139000004,
            2109200.8144000005
          ],
          [
            278469.0747999996,
            2109175.9288
          ]
        ]
      }
    },
    {
      "type": "Feature",
      "properties": {
        "OBJECTID": 29155,
        "US_NODE_ID": "2178093705",
        "DS_NODE_ID": "2178094701",
        "CONDUIT_LE": 29.9,
        "SHAPE_1": "RECT",
        "CONDUIT_WI": 5000.0,
        "CONDUIT_HE": 2401.0,
        "US_INVERT": 26.263,
        "DS_INVERT": 26.223,
        "USER_TEXT2": "Existing",
        "SHAPE.LEN": 29.898662177428598
      },
      "geometry": {
        "type": "LineString",
        "coordinates": [
          [
            278393.5999999996,
            2109774.5
          ],
          [
            278410.2999999998,
            2109799.3000000007
          ]
        ]
      }
    },
    {
      "type": "Feature",
      "properties": {
        "OBJECTID": 29170,
        "US_NODE_ID": "2178094804",
        "DS_NODE_ID": "2178094901",
        "CONDUIT_LE": 30.5,
        "SHAPE_1": "OREC",
        "CONDUIT_WI": 5000.0,
        "CONDUIT_HE": 2180.0,
        "US_INVERT": 26.1,
        "DS_INVERT": 26.073,
        "USER_TEXT2": "Existing",
        "SHAPE.LEN": 30.484422251372898
      },
      "geometry": {
        "type": "LineString",
        "coordinates": [
          [
            278476.0999999996,
            2109899.8000000007
          ],
          [
            278493.4000000004,
            2109924.9000000004
          ]
        ]
      }
    },
    {
      "type": "Feature",
      "properties": {
        "OBJECTID": 29465,
        "US_NODE_ID": "2178114601",
        "DS_NODE_ID": "2178113505",
        "CONDUIT_LE": 29.9,
        "SHAPE_1": "OREC",
        "CONDUIT_WI": 4000.0,
        "CONDUIT_HE": 2911.0,
        "US_INVERT": 33.595,
        "DS_INVERT": 33.53,
        "USER_TEXT2": "Existing",
        "SHAPE.LEN": 29.886846654674002
      },
      "geometry": {
        "type": "LineString",
        "coordinates": [
          [
            278424.9671,
            2111607.9503000006
          ],
          [
            278396.7156999996,
            2111598.1993000004
          ]
        ]
      }
    },
    {
      "type": "Feature",
      "properties": {
        "OBJECTID": 29467,
        "US_NODE_ID": "2178114602",
        "DS_NODE_ID": "2178114601",
        "CONDUIT_LE": 29.9,
        "SHAPE_1": "OREC",
        "CONDUIT_WI": 4000.0,
        "CONDUIT_HE": 3045.0,
        "US_INVERT": 33.661,
        "DS_INVERT": 33.595,
        "USER_TEXT2": "Existing",
        "SHAPE.LEN": 29.929734981954
      },
      "geometry": {
        "type": "LineString",
        "coordinates": [
          [
            278453.3399,
            2111617.4778000005
          ],
          [
            278424.9671,
            2111607.9503000006
          ]
        ]
      }
    },
    {
      "type": "Feature",
      "properties": {
        "OBJECTID": 29468,
        "US_NODE_ID": "2178114603!",
        "DS_NODE_ID": "2178114602!",
        "CONDUIT_LE": 30.1,
        "SHAPE_1": "OREC",
        "CONDUIT_WI": 3512.0,
        "CONDUIT_HE": 3179.0,
        "US_INVERT": 33.727,
        "DS_INVERT": 33.661,
        "USER_TEXT2": "Existing",
        "SHAPE.LEN": 30.1283790478346
      },
      "geometry": {
        "type": "LineString",
        "coordinates": [
          [
            278481.9221999999,
            2111627.0052000005
          ],
          [
            278453.3399,
            2111617.4778000005
          ]
        ]
      }
    },
    {
      "type": "Feature",
      "properties": {
        "OBJECTID": 29470,
        "US_NODE_ID": "2178115601!",
        "DS_NODE_ID": "2178114603!",
        "CONDUIT_LE": 30.0,
        "SHAPE_1": "OREC",
        "CONDUIT_WI": 3135.0,
        "CONDUIT_HE": 3014.0,
        "US_INVERT": 33.792,
        "DS_INVERT": 33.727,
        "USER_TEXT2": "Existing",
        "SHAPE.LEN": 30.0009159541838
      },
      "geometry": {
        "type": "LineString",
        "coordinates": [
          [
            278510.50820000004,
            2111636.1098999996
          ],
          [
            278481.9221999999,
            2111627.0052000005
          ]
        ]
      }
    },
    {
      "type": "Feature",
      "properties": {
        "OBJECTID": 22512,
        "US_NODE_ID": "2174102705",
        "DS_NODE_ID": "2174102704",
        "CONDUIT_LE": 7.6,
        "SHAPE_1": "RECT",
        "CONDUIT_WI": 1500.0,
        "CONDUIT_HE": 1500.0,
        "US_INVERT": 26.864,
        "DS_INVERT": 26.815,
        "USER_TEXT2": "Existing",
        "SHAPE.LEN": 7.6419892698171195
      },
      "geometry": {
        "type": "LineString",
        "coordinates": [
          [
            274289.0999999996,
            2110754.5
          ],
          [
            274281.5,
            2110753.6999999993
          ]
        ]
      }
    },
    {
      "type": "Feature",
      "properties": {
        "OBJECTID": 22467,
        "US_NODE_ID": "2174094002",
        "DS_NODE_ID": "2174084901",
        "CONDUIT_LE": 30.0,
        "SHAPE_1": "OREC",
        "CONDUIT_WI": 62000.0,
        "CONDUIT_HE": 4398.0,
        "US_INVERT": 23.08,
        "DS_INVERT": 23.069,
        "USER_TEXT2": "Existing",
        "SHAPE.LEN": 30.0469335448728
      },
      "geometry": {
        "type": "LineString",
        "coordinates": [
          [
            274417.5999999996,
            2109019
          ],
          [
            274432.9380999999,
            2108993.162799999
          ]
        ]
      }
    },
    {
      "type": "Feature",
      "properties": {
        "OBJECTID": 22464,
        "US_NODE_ID": "2174093104",
        "DS_NODE_ID": "2174093001",
        "CONDUIT_LE": 30.1,
        "SHAPE_1": "OREC",
        "CONDUIT_WI": 62000.0,
        "CONDUIT_HE": 4652.0,
        "US_INVERT": 23.126,
        "DS_INVERT": 23.115,
        "USER_TEXT2": "Existing",
        "SHAPE.LEN": 30.0554487572553
      },
      "geometry": {
        "type": "LineString",
        "coordinates": [
          [
            274358,
            2109123.0999999996
          ],
          [
            274371.7999999998,
            2109096.4000000004
          ]
        ]
      }
    },
    {
      "type": "Feature",
      "properties": {
        "OBJECTID": 22416,
        "US_NODE_ID": "2174084903",
        "DS_NODE_ID": "2174084904",
        "CONDUIT_LE": 30.0,
        "SHAPE_1": "OREC",
        "CONDUIT_WI": 62000.0,
        "CONDUIT_HE": 4864.0,
        "US_INVERT": 23.046,
        "DS_INVERT": 23.034,
        "USER_TEXT2": "Existing",
        "SHAPE.LEN": 29.996436779891003
      },
      "geometry": {
        "type": "LineString",
        "coordinates": [
          [
            274463.8008000003,
            2108941.6876
          ],
          [
            274479.1878000004,
            2108915.9383000005
          ]
        ]
      }
    },
    {
      "type": "Feature",
      "properties": {
        "OBJECTID": 22418,
        "US_NODE_ID": "2174085801",
        "DS_NODE_ID": "2174085802",
        "CONDUIT_LE": 6.6,
        "SHAPE_1": "RECT",
        "CONDUIT_WI": 62440.0,
        "CONDUIT_HE": 5000.0,
        "US_INVERT": 23.016,
        "DS_INVERT": 23.014,
        "USER_TEXT2": "Existing",
        "SHAPE.LEN": 6.572752855539299
      },
      "geometry": {
        "type": "LineString",
        "coordinates": [
          [
            274503.4537000004,
            2108874.5101999994
          ],
          [
            274506.6774000004,
            2108868.782299999
          ]
        ]
      }
    },
    {
      "type": "Feature",
      "properties": {
        "OBJECTID": 22419,
        "US_NODE_ID": "2174085802",
        "DS_NODE_ID": "2174085803",
        "CONDUIT_LE": 35.3,
        "SHAPE_1": "RECT",
        "CONDUIT_WI": 62000.0,
        "CONDUIT_HE": 5000.0,
        "US_INVERT": 23.014,
        "DS_INVERT": 23.0,
        "USER_TEXT2": "Existing",
        "SHAPE.LEN": 35.319037124616
      },
      "geometry": {
        "type": "LineString",
        "coordinates": [
          [
            274506.6774000004,
            2108868.782299999
          ],
          [
            274524.3284,
            2108838.190199999
          ]
        ]
      }
    },
    {
      "type": "Feature",
      "properties": {
        "OBJECTID": 22,
        "US_NODE_ID": "2",
        "DS_NODE_ID": "3",
        "CONDUIT_LE": 50.3,
        "SHAPE_1": "RECT",
        "CONDUIT_WI": 2000.0,
        "CONDUIT_HE": 2000.0,
        "US_INVERT": 25.225,
        "DS_INVERT": 25.159,
        "USER_TEXT2": "Existing",
        "SHAPE.LEN": 50.2677829230612
      },
      "geometry": {
        "type": "LineString",
        "coordinates": [
          [
            274469.4000000004,
            2109265.5
          ],
          [
            274426.5,
            2109239.3000000007
          ]
        ]
      }
    },
    {
      "type": "Feature",
      "properties": {
        "OBJECTID": 22536,
        "US_NODE_ID": "2174105701",
        "DS_NODE_ID": "2174105601",
        "CONDUIT_LE": 62.0,
        "SHAPE_1": "RECT",
        "CONDUIT_WI": 2000.0,
        "CONDUIT_HE": 1500.0,
        "US_INVERT": 26.455,
        "DS_INVERT": 26.0,
        "USER_TEXT2": "Existing",
        "SHAPE.LEN": 61.99266085594329
      },
      "geometry": {
        "type": "LineString",
        "coordinates": [
          [
            274508.5999999996,
            2110755.0999999996
          ],
          [
            274500.7999999998,
            2110693.5999999996
          ]
        ]
      }
    },
    {
      "type": "Feature",
      "properties": {
        "OBJECTID": 22483,
        "US_NODE_ID": "2174097802",
        "DS_NODE_ID": "2174097801",
        "CONDUIT_LE": 28.5,
        "SHAPE_1": "RECT",
        "CONDUIT_WI": 3000.0,
        "CONDUIT_HE": 1500.0,
        "US_INVERT": 27.222,
        "DS_INVERT": 27.163,
        "USER_TEXT2": "Proposal",
        "SHAPE.LEN": 28.4782373050019
      },
      "geometry": {
        "type": "LineString",
        "coordinates": [
          [
            274740,
            2109866.6999999993
          ],
          [
            274712.5,
            2109874.0999999996
          ]
        ]
      }
    },
    {
      "type": "Feature",
      "properties": {
        "OBJECTID": 22484,
        "US_NODE_ID": "2174097803",
        "DS_NODE_ID": "2174097802",
        "CONDUIT_LE": 36.9,
        "SHAPE_1": "RECT",
        "CONDUIT_WI": 3000.0,
        "CONDUIT_HE": 1500.0,
        "US_INVERT": 27.3,
        "DS_INVERT": 27.222,
        "USER_TEXT2": "Proposal",
        "SHAPE.LEN": 36.8756016900064
      },
      "geometry": {
        "type": "LineString",
        "coordinates": [
          [
            274768.5,
            2109890.0999999996
          ],
          [
            274740,
            2109866.6999999993
          ]
        ]
      }
    },
    {
      "type": "Feature",
      "properties": {
        "OBJECTID": 24920,
        "US_NODE_ID": "2175102303",
        "DS_NODE_ID": "2175102301",
        "CONDUIT_LE": 30.0,
        "SHAPE_1": "RECT",
        "CONDUIT_WI": 4000.0,
        "CONDUIT_HE": 1500.0,
        "US_INVERT": 26.942,
        "DS_INVERT": 26.885,
        "USER_TEXT2": "Proposal",
        "SHAPE.LEN": 30.041225288759396
      },
      "geometry": {
        "type": "LineString",
        "coordinates": [
          [
            275236.8350999998,
            2110359.133199999
          ],
          [
            275236.6952999998,
            2110329.0922999997
          ]
        ]
      }
    },
    {
      "type": "Feature",
      "properties": {
        "OBJECTID": 24922,
        "US_NODE_ID": "2175102402",
        "DS_NODE_ID": "2175102302",
        "CONDUIT_LE": 28.6,
        "SHAPE_1": "RECT",
        "CONDUIT_WI": 4000.0,
        "CONDUIT_HE": 1500.0,
        "US_INVERT": 27.056,
        "DS_INVERT": 27.001,
        "USER_TEXT2": "Proposal",
        "SHAPE.LEN": 28.641469222964098
      },
      "geometry": {
        "type": "LineString",
        "coordinates": [
          [
            275231.5999999996,
            2110418.0999999996
          ],
          [
            275236.6952999998,
            2110389.9154000003
          ]
        ]
      }
    },
    {
      "type": "Feature",
      "properties": {
        "OBJECTID": 24934,
        "US_NODE_ID": "2175103106",
        "DS_NODE_ID": "2175103104",
        "CONDUIT_LE": 29.8,
        "SHAPE_1": "OREC",
        "CONDUIT_WI": 3500.0,
        "CONDUIT_HE": 1959.0,
        "US_INVERT": 26.388,
        "DS_INVERT": 26.331,
        "USER_TEXT2": "Proposal",
        "SHAPE.LEN": 29.832708348556004
      },
      "geometry": {
        "type": "LineString",
        "coordinates": [
          [
            275368.2673000004,
            2110130.7598
          ],
          [
            275355.7407999998,
            2110103.6843999997
          ]
        ]
      }
    },
    {
      "type": "Feature",
      "properties": {
        "OBJECTID": 24917,
        "US_NODE_ID": "2175102204",
        "DS_NODE_ID": "2175103201",
        "CONDUIT_LE": 30.8,
        "SHAPE_1": "RECT",
        "CONDUIT_WI": 4000.0,
        "CONDUIT_HE": 1500.0,
        "US_INVERT": 26.666,
        "DS_INVERT": 26.607,
        "USER_TEXT2": "Proposal",
        "SHAPE.LEN": 30.7810154324057
      },
      "geometry": {
        "type": "LineString",
        "coordinates": [
          [
            275282.9752000002,
            2110231.9623000007
          ],
          [
            275300.48089999985,
            2110206.6438999996
          ]
        ]
      }
    },
    {
      "type": "Feature",
      "properties": {
        "OBJECTID": 24935,
        "US_NODE_ID": "2175103201",
        "DS_NODE_ID": "2175103101",
        "CONDUIT_LE": 29.4,
        "SHAPE_1": "RECT",
        "CONDUIT_WI": 4000.0,
        "CONDUIT_HE": 1500.0,
        "US_INVERT": 26.607,
        "DS_INVERT": 26.551,
        "USER_TEXT2": "Proposal",
        "SHAPE.LEN": 29.360917015141098
      },
      "geometry": {
        "type": "LineString",
        "coordinates": [
          [
            275300.48089999985,
            2110206.6438999996
          ],
          [
            275315.33100000024,
            2110181.315300001
          ]
        ]
      }
    },
    {
      "type": "Feature",
      "properties": {
        "OBJECTID": 24947,
        "US_NODE_ID": "2175106002",
        "DS_NODE_ID": "2175106003",
        "CONDUIT_LE": 16.9,
        "SHAPE_1": "OREC",
        "CONDUIT_WI": 8000.0,
        "CONDUIT_HE": 2225.0,
        "US_INVERT": 25.933,
        "DS_INVERT": 25.921,
        "USER_TEXT2": "Existing",
        "SHAPE.LEN": 16.9092263690566
      },
      "geometry": {
        "type": "LineString",
        "coordinates": [
          [
            275626.8909999998,
            2110082.3616000004
          ],
          [
            275642.78479999956,
            2110076.5901999995
          ]
        ]
      }
    },
    {
      "type": "Feature",
      "properties": {
        "OBJECTID": 24882,
        "US_NODE_ID": "2175088303",
        "DS_NODE_ID": "2175088302",
        "CONDUIT_LE": 14.0,
        "SHAPE_1": "RECT",
        "CONDUIT_WI": 3500.0,
        "CONDUIT_HE": 2274.0,
        "US_INVERT": 25.225,
        "DS_INVERT": 25.191,
        "USER_TEXT2": "Proposal",
        "SHAPE.LEN": 13.967104209534599
      },
      "geometry": {
        "type": "LineString",
        "coordinates": [
          [
            275867.0999999996,
            2108375.0999999996
          ],
          [
            275854.9000000004,
            2108381.9000000004
          ]
        ]
      }
    },
    {
      "type": "Feature",
      "properties": {
        "OBJECTID": 24966,
        "US_NODE_ID": "2175107004",
        "DS_NODE_ID": "2175108101",
        "CONDUIT_LE": 45.7,
        "SHAPE_1": "OREC",
        "CONDUIT_WI": 5000.0,
        "CONDUIT_HE": 3598.0,
        "US_INVERT": 25.7,
        "DS_INVERT": 25.628,
        "USER_TEXT2": "Existing",
        "SHAPE.LEN": 45.7406939629254
      },
      "geometry": {
        "type": "LineString",
        "coordinates": [
          [
            275787.5421000002,
            2110093.889799999
          ],
          [
            275826.9676000001,
            2110117.0812
          ]
        ]
      }
    },
    {
      "type": "Feature",
      "properties": {
        "OBJECTID": 24973,
        "US_NODE_ID": "2175107507",
        "DS_NODE_ID": "2175107508",
        "CONDUIT_LE": 14.6,
        "SHAPE_1": "OREC",
        "CONDUIT_WI": 2000.0,
        "CONDUIT_HE": 1778.0,
        "US_INVERT": 26.89,
        "DS_INVERT": 26.87,
        "USER_TEXT2": "Existing",
        "SHAPE.LEN": 14.6051242257641
      },
      "geometry": {
        "type": "LineString",
        "coordinates": [
          [
            275784.0482000001,
            2110568.861300001
          ],
          [
            275798.4874999998,
            2110571.0559
          ]
        ]
      }
    },
    {
      "type": "Feature",
      "properties": {
        "OBJECTID": 24980,
        "US_NODE_ID": "2175108103",
        "DS_NODE_ID": "2175108104",
        "CONDUIT_LE": 11.8,
        "SHAPE_1": "OREC",
        "CONDUIT_WI": 5000.0,
        "CONDUIT_HE": 3261.0,
        "US_INVERT": 25.507,
        "DS_INVERT": 25.414,
        "USER_TEXT2": "Existing",
        "SHAPE.LEN": 11.825351881868
      },
      "geometry": {
        "type": "LineString",
        "coordinates": [
          [
            275877.98890000023,
            2110151.0954
          ],
          [
            275889.5845999997,
            2110153.4146
          ]
        ]
      }
    },
    {
      "type": "Feature",
      "properties": {
        "OBJECTID": 24981,
        "US_NODE_ID": "2175108104",
        "DS_NODE_ID": "2175109101",
        "CONDUIT_LE": 12.8,
        "SHAPE_1": "OREC",
        "CONDUIT_WI": 7000.0,
        "CONDUIT_HE": 3144.0,
        "US_INVERT": 25.414,
        "DS_INVERT": 25.358,
        "USER_TEXT2": "Existing",
        "SHAPE.LEN": 12.7961879550122
      },
      "geometry": {
        "type": "LineString",
        "coordinates": [
          [
            275889.5845999997,
            2110153.4146
          ],
          [
            275901.1803000001,
            2110158.8258999996
          ]
        ]
      }
    },
    {
      "type": "Feature",
      "properties": {
        "OBJECTID": 24995,
        "US_NODE_ID": "2175109603",
        "DS_NODE_ID": "2175109604",
        "CONDUIT_LE": 7.3,
        "SHAPE_1": "RECT",
        "CONDUIT_WI": 3000.0,
        "CONDUIT_HE": 2348.0,
        "US_INVERT": 25.93,
        "DS_INVERT": 25.9,
        "USER_TEXT2": "Existing",
        "SHAPE.LEN": 7.338638633970199
      },
      "geometry": {
        "type": "LineString",
        "coordinates": [
          [
            275960.47759999987,
            2110627.5583999995
          ],
          [
            275966.5663999999,
            2110631.6549999993
          ]
        ]
      }
    },
    {
      "type": "Feature",
      "properties": {
        "OBJECTID": 25002,
        "US_NODE_ID": "2175118204",
        "DS_NODE_ID": "2175118205",
        "CONDUIT_LE": 25.6,
        "SHAPE_1": "OREC",
        "CONDUIT_WI": 2500.0,
        "CONDUIT_HE": 1611.0,
        "US_INVERT": 27.587,
        "DS_INVERT": 27.52,
        "USER_TEXT2": "Existing",
        "SHAPE.LEN": 25.6259633965242
      },
      "geometry": {
        "type": "LineString",
        "coordinates": [
          [
            275870.4000000004,
            2111260.9000000004
          ],
          [
            275893.4000000004,
            2111249.5999999996
          ]
        ]
      }
    },
    {
      "type": "Feature",
      "properties": {
        "OBJECTID": 26767,
        "US_NODE_ID": "2176081801",
        "DS_NODE_ID": "2176080801",
        "CONDUIT_LE": 28.2,
        "SHAPE_1": "RECT",
        "CONDUIT_WI": 1500.0,
        "CONDUIT_HE": 1500.0,
        "US_INVERT": 26.0,
        "DS_INVERT": 25.913,
        "USER_TEXT2": "Proposal",
        "SHAPE.LEN": 28.1602556806574
      },
      "geometry": {
        "type": "LineString",
        "coordinates": [
          [
            276105.7000000002,
            2108881
          ],
          [
            276079.2999999998,
            2108890.8000000007
          ]
        ]
      }
    },
    {
      "type": "Feature",
      "properties": {
        "OBJECTID": 26862,
        "US_NODE_ID": "2176100102",
        "DS_NODE_ID": "2176101101",
        "CONDUIT_LE": 61.1,
        "SHAPE_1": "RECT",
        "CONDUIT_WI": 10000.0,
        "CONDUIT_HE": 4279.0,
        "US_INVERT": 25.109,
        "DS_INVERT": 25.021,
        "USER_TEXT2": "Existing",
        "SHAPE.LEN": 61.1374843201779
      },
      "geometry": {
        "type": "LineString",
        "coordinates": [
          [
            276064.3388,
            2110127.0637
          ],
          [
            276120.5558000002,
            2110151.093699999
          ]
        ]
      }
    },
    {
      "type": "Feature",
      "properties": {
        "OBJECTID": 26865,
        "US_NODE_ID": "2176101401",
        "DS_NODE_ID": "2176100401",
        "CONDUIT_LE": 85.9,
        "SHAPE_1": "RECT",
        "CONDUIT_WI": 5000.0,
        "CONDUIT_HE": 3664.0,
        "US_INVERT": 26.172,
        "DS_INVERT": 26.0,
        "USER_TEXT2": "Proposal",
        "SHAPE.LEN": 85.9196135931721
      },
      "geometry": {
        "type": "LineString",
        "coordinates": [
          [
            276153.5999999996,
            2110498.6999999993
          ],
          [
            276070.9000000004,
            2110475.4000000004
          ]
        ]
      }
    },
    {
      "type": "Feature",
      "properties": {
        "OBJECTID": 26864,
        "US_NODE_ID": "2176101101",
        "DS_NODE_ID": "2176101102",
        "CONDUIT_LE": 14.8,
        "SHAPE_1": "OREC",
        "CONDUIT_WI": 10000.0,
        "CONDUIT_HE": 3297.0,
        "US_INVERT": 25.021,
        "DS_INVERT": 25.0,
        "USER_TEXT2": "Existing",
        "SHAPE.LEN": 14.8353194967281
      },
      "geometry": {
        "type": "LineString",
        "coordinates": [
          [
            276120.5558000002,
            2110151.093699999
          ],
          [
            276134.02139999997,
            2110157.3198000006
          ]
        ]
      }
    },
    {
      "type": "Feature",
      "properties": {
        "OBJECTID": 26870,
        "US_NODE_ID": "2176102201",
        "DS_NODE_ID": "2176101201",
        "CONDUIT_LE": 97.6,
        "SHAPE_1": "OREC",
        "CONDUIT_WI": 4500.0,
        "CONDUIT_HE": 4832.0,
        "US_INVERT": 25.348,
        "DS_INVERT": 25.0,
        "USER_TEXT2": "Proposal",
        "SHAPE.LEN": 97.5832977512033
      },
      "geometry": {
        "type": "LineString",
        "coordinates": [
          [
            276268.5,
            2110211.3000000007
          ],
          [
            276178,
            2110247.8000000007
          ]
        ]
      }
    },
    {
      "type": "Feature",
      "properties": {
        "OBJECTID": 26826,
        "US_NODE_ID": "2176093101",
        "DS_NODE_ID": "2176092101",
        "CONDUIT_LE": 64.8,
        "SHAPE_1": "RECT",
        "CONDUIT_WI": 2000.0,
        "CONDUIT_HE": 2854.0,
        "US_INVERT": 26.005,
        "DS_INVERT": 25.737,
        "USER_TEXT2": "Proposal",
        "SHAPE.LEN": 64.81249879459979
      },
      "geometry": {
        "type": "LineString",
        "coordinates": [
          [
            276302.7000000002,
            2109137.9000000004
          ],
          [
            276244.2000000002,
            2109165.8000000007
          ]
        ]
      }
    },
    {
      "type": "Feature",
      "properties": {
        "OBJECTID": 26835,
        "US_NODE_ID": "2176093901",
        "DS_NODE_ID": "2176092901",
        "CONDUIT_LE": 45.5,
        "SHAPE_1": "RECT",
        "CONDUIT_WI": 1500.0,
        "CONDUIT_HE": 1500.0,
        "US_INVERT": 25.157,
        "DS_INVERT": 25.0,
        "USER_TEXT2": "Proposal",
        "SHAPE.LEN": 45.5108778205826
      },
      "geometry": {
        "type": "LineString",
        "coordinates": [
          [
            276312,
            2109943.8000000007
          ],
          [
            276267,
            2109950.5999999996
          ]
        ]
      }
    },
    {
      "type": "Feature",
      "properties": {
        "OBJECTID": 26873,
        "US_NODE_ID": "2176103001",
        "DS_NODE_ID": "2176102002",
        "CONDUIT_LE": 49.8,
        "SHAPE_1": "RECT",
        "CONDUIT_WI": 2000.0,
        "CONDUIT_HE": 2000.0,
        "US_INVERT": 24.575,
        "DS_INVERT": 24.281,
        "USER_TEXT2": "Proposal",
        "SHAPE.LEN": 49.847467337869794
      },
      "geometry": {
        "type": "LineString",
        "coordinates": [
          [
            276344.2999999998,
            2110013.3000000007
          ],
          [
            276295.2000000002,
            2110021.9000000004
          ]
        ]
      }
    },
    {
      "type": "Feature",
      "properties": {
        "OBJECTID": 26878,
        "US_NODE_ID": "2176104002",
        "DS_NODE_ID": "2176094902",
        "CONDUIT_LE": 71.6,
        "SHAPE_1": "RECT",
        "CONDUIT_WI": 5000.0,
        "CONDUIT_HE": 1266.0,
        "US_INVERT": 26.704,
        "DS_INVERT": 26.5,
        "USER_TEXT2": "Proposal",
        "SHAPE.LEN": 71.55061145790441
      },
      "geometry": {
        "type": "LineString",
        "coordinates": [
          [
            276439.9000000004,
            2110005.8000000007
          ],
          [
            276428.9000000004,
            2109935.0999999996
          ]
        ]
      }
    },
    {
      "type": "Feature",
      "properties": {
        "OBJECTID": 26853,
        "US_NODE_ID": "2176095701",
        "DS_NODE_ID": "2176094502",
        "CONDUIT_LE": 148.7,
        "SHAPE_1": "RECT",
        "CONDUIT_WI": 3000.0,
        "CONDUIT_HE": 4190.0,
        "US_INVERT": 26.67,
        "DS_INVERT": 26.44,
        "USER_TEXT2": "Proposal",
        "SHAPE.LEN": 148.720711402279
      },
      "geometry": {
        "type": "LineString",
        "coordinates": [
          [
            276510,
            2109739.4000000004
          ],
          [
            276486.7999999998,
            2109592.5
          ]
        ]
      }
    },
    {
      "type": "Feature",
      "properties": {
        "OBJECTID": 26856,
        "US_NODE_ID": "2176095901",
        "DS_NODE_ID": "2176095801",
        "CONDUIT_LE": 111.7,
        "SHAPE_1": "RECT",
        "CONDUIT_WI": 3000.0,
        "CONDUIT_HE": 3613.0,
        "US_INVERT": 27.082,
        "DS_INVERT": 26.909,
        "USER_TEXT2": "Proposal",
        "SHAPE.LEN": 111.74729026832301
      },
      "geometry": {
        "type": "LineString",
        "coordinates": [
          [
            276593.0999999996,
            2109982.9000000004
          ],
          [
            276579.3706,
            2109946.9033000004
          ],
          [
            276559.3037999999,
            2109919.5395
          ],
          [
            276546.0778999999,
            2109905.4014999997
          ],
          [
            276534.2000000002,
            2109889.4000000004
          ]
        ]
      }
    },
    {
      "type": "Feature",
      "properties": {
        "OBJECTID": 26961,
        "US_NODE_ID": "2176115501",
        "DS_NODE_ID": "2176115502",
        "CONDUIT_LE": 52.9,
        "SHAPE_1": "OREC",
        "CONDUIT_WI": 5000.0,
        "CONDUIT_HE": 1199.0,
        "US_INVERT": 27.8,
        "DS_INVERT": 27.611,
        "USER_TEXT2": "Proposal",
        "SHAPE.LEN": 52.9060488035158
      },
      "geometry": {
        "type": "LineString",
        "coordinates": [
          [
            276517.7999999998,
            2111562.5
          ],
          [
            276534.2000000002,
            2111512.1999999993
          ]
        ]
      }
    },
    {
      "type": "Feature",
      "properties": {
        "OBJECTID": 26958,
        "US_NODE_ID": "2176114501",
        "DS_NODE_ID": "2176115503",
        "CONDUIT_LE": 107.0,
        "SHAPE_1": "CIRC",
        "CONDUIT_WI": 1000.0,
        "CONDUIT_HE": 1000.0,
        "US_INVERT": 27.0,
        "DS_INVERT": 26.858,
        "USER_TEXT2": "Proposal",
        "SHAPE.LEN": 107.00467279516302
      },
      "geometry": {
        "type": "LineString",
        "coordinates": [
          [
            276494.7999999998,
            2111559.5999999996
          ],
          [
            276594.5999999996,
            2111598.1999999993
          ]
        ]
      }
    },
    {
      "type": "Feature",
      "properties": {
        "OBJECTID": 26963,
        "US_NODE_ID": "2176115503",
        "DS_NODE_ID": "2176116601",
        "CONDUIT_LE": 70.8,
        "SHAPE_1": "CIRC",
        "CONDUIT_WI": 1000.0,
        "CONDUIT_HE": 1000.0,
        "US_INVERT": 26.858,
        "DS_INVERT": 26.764,
        "USER_TEXT2": "Proposal",
        "SHAPE.LEN": 70.83678422966419
      },
      "geometry": {
        "type": "LineString",
        "coordinates": [
          [
            276594.5999999996,
            2111598.1999999993
          ],
          [
            276653.7999999998,
            2111637.0999999996
          ]
        ]
      }
    },
    {
      "type": "Feature",
      "properties": {
        "OBJECTID": 26800,
        "US_NODE_ID": "2176088502",
        "DS_NODE_ID": "2176088501",
        "CONDUIT_LE": 30.1,
        "SHAPE_1": "OREC",
        "CONDUIT_WI": 22500.0,
        "CONDUIT_HE": 2323.0,
        "US_INVERT": 25.484,
        "DS_INVERT": 25.463,
        "USER_TEXT2": "Existing",
        "SHAPE.LEN": 30.1166437474364
      },
      "geometry": {
        "type": "LineString",
        "coordinates": [
          [
            276827.58660000004,
            2108546.396299999
          ],
          [
            276804.08970000036,
            2108527.5572999995
          ]
        ]
      }
    },
    {
      "type": "Feature",
      "properties": {
        "OBJECTID": 26912,
        "US_NODE_ID": "2176107702",
        "DS_NODE_ID": "2176107703",
        "CONDUIT_LE": 39.0,
        "SHAPE_1": "RECT",
        "CONDUIT_WI": 3000.0,
        "CONDUIT_HE": 2000.0,
        "US_INVERT": 26.003,
        "DS_INVERT": 25.955,
        "USER_TEXT2": "Existing",
        "SHAPE.LEN": 39.0252482375193
      },
      "geometry": {
        "type": "LineString",
        "coordinates": [
          [
            276769.5999999996,
            2110728.5999999996
          ],
          [
            276792.5,
            2110760.1999999993
          ]
        ]
      }
    },
    {
      "type": "Feature",
      "properties": {
        "OBJECTID": 26915,
        "US_NODE_ID": "2176107802",
        "DS_NODE_ID": "2176107801",
        "CONDUIT_LE": 36.2,
        "SHAPE_1": "OREC",
        "CONDUIT_WI": 4000.0,
        "CONDUIT_HE": 2613.0,
        "US_INVERT": 25.585,
        "DS_INVERT": 25.4,
        "USER_TEXT2": "Existing",
        "SHAPE.LEN": 36.1626536394939
      },
      "geometry": {
        "type": "LineString",
        "coordinates": [
          [
            276765.06439999957,
            2110816.867900001
          ],
          [
            276732.05040000007,
            2110831.6263999995
          ]
        ]
      }
    },
    {
      "type": "Feature",
      "properties": {
        "OBJECTID": 26803,
        "US_NODE_ID": "2176088601",
        "DS_NODE_ID": "2176088504",
        "CONDUIT_LE": 30.1,
        "SHAPE_1": "OREC",
        "CONDUIT_WI": 22500.0,
        "CONDUIT_HE": 2659.0,
        "US_INVERT": 25.548,
        "DS_INVERT": 25.527,
        "USER_TEXT2": "Existing",
        "SHAPE.LEN": 30.094260577392497
      },
      "geometry": {
        "type": "LineString",
        "coordinates": [
          [
            276896.97420000006,
            2108603.3451000005
          ],
          [
            276875.1098999996,
            2108582.666200001
          ]
        ]
      }
    },
    {
      "type": "Feature",
      "properties": {
        "OBJECTID": 26804,
        "US_NODE_ID": "2176088701",
        "DS_NODE_ID": "2176089701",
        "CONDUIT_LE": 65.2,
        "SHAPE_1": "OREC",
        "CONDUIT_WI": 5200.0,
        "CONDUIT_HE": 1500.0,
        "US_INVERT": 27.115,
        "DS_INVERT": 27.066,
        "USER_TEXT2": "Existing",
        "SHAPE.LEN": 65.20992800525089
      },
      "geometry": {
        "type": "LineString",
        "coordinates": [
          [
            276898.9012000002,
            2108790.0768999998
          ],
          [
            276922.2821000004,
            2108729.2027000003
          ]
        ]
      }
    },
    {
      "type": "Feature",
      "properties": {
        "OBJECTID": 26972,
        "US_NODE_ID": "2176118002",
        "DS_NODE_ID": "2176118001",
        "CONDUIT_LE": 6.1,
        "SHAPE_1": "OREC",
        "CONDUIT_WI": 13000.0,
        "CONDUIT_HE": 4387.0,
        "US_INVERT": 24.211,
        "DS_INVERT": 24.0,
        "USER_TEXT2": "Existing",
        "SHAPE.LEN": 6.113100686231169
      },
      "geometry": {
        "type": "LineString",
        "coordinates": [
          [
            276848.0999999996,
            2111023.6999999993
          ],
          [
            276842.2000000002,
            2111022.0999999996
          ]
        ]
      }
    },
    {
      "type": "Feature",
      "properties": {
        "OBJECTID": 28059,
        "US_NODE_ID": "2177080403",
        "DS_NODE_ID": "2177080402",
        "CONDUIT_LE": 30.3,
        "SHAPE_1": "OREC",
        "CONDUIT_WI": 4605.0,
        "CONDUIT_HE": 1584.0,
        "US_INVERT": 26.585,
        "DS_INVERT": 26.185,
        "USER_TEXT2": "Existing",
        "SHAPE.LEN": 30.3004682802098
      },
      "geometry": {
        "type": "LineString",
        "coordinates": [
          [
            277031.65110000037,
            2108440.6644
          ],
          [
            277020.2581000002,
            2108468.7413999997
          ]
        ]
      }
    },
    {
      "type": "Feature",
      "properties": {
        "OBJECTID": 28127,
        "US_NODE_ID": "2177090802",
        "DS_NODE_ID": "2177090803",
        "CONDUIT_LE": 31.9,
        "SHAPE_1": "RECT",
        "CONDUIT_WI": 6500.0,
        "CONDUIT_HE": 2083.0,
        "US_INVERT": 27.436,
        "DS_INVERT": 27.311,
        "USER_TEXT2": "Existing",
        "SHAPE.LEN": 31.8613813087255
      },
      "geometry": {
        "type": "LineString",
        "coordinates": [
          [
            277032.1047,
            2109860.3342000004
          ],
          [
            277053.3437999999,
            2109836.5845
          ]
        ]
      }
    },
    {
      "type": "Feature",
      "properties": {
        "OBJECTID": 26925,
        "US_NODE_ID": "2176109302",
        "DS_NODE_ID": "2177100301",
        "CONDUIT_LE": 21.7,
        "SHAPE_1": "OREC",
        "CONDUIT_WI": 3000.0,
        "CONDUIT_HE": 1500.0,
        "US_INVERT": 28.037,
        "DS_INVERT": 28.02,
        "USER_TEXT2": "Existing",
        "SHAPE.LEN": 21.6667948714156
      },
      "geometry": {
        "type": "LineString",
        "coordinates": [
          [
            276981.2000000002,
            2110347.9000000004
          ],
          [
            277001.5999999996,
            2110340.5999999996
          ]
        ]
      }
    },
    {
      "type": "Feature",
      "properties": {
        "OBJECTID": 28312,
        "US_NODE_ID": "2177100703",
        "DS_NODE_ID": "2177100702",
        "CONDUIT_LE": 29.5,
        "SHAPE_1": "OREC",
        "CONDUIT_WI": 3096.0,
        "CONDUIT_HE": 2153.0,
        "US_INVERT": 27.295,
        "DS_INVERT": 27.145,
        "USER_TEXT2": "Existing",
        "SHAPE.LEN": 29.4550220359789
      },
      "geometry": {
        "type": "LineString",
        "coordinates": [
          [
            277073.9456000002,
            2110778.7414999995
          ],
          [
            277044.49230000004,
            2110778.4230000004
          ]
        ]
      }
    },
    {
      "type": "Feature",
      "properties": {
        "OBJECTID": 28523,
        "US_NODE_ID": "2177110002",
        "DS_NODE_ID": "2176119003",
        "CONDUIT_LE": 30.1,
        "SHAPE_1": "RECT",
        "CONDUIT_WI": 1500.0,
        "CONDUIT_HE": 1500.0,
        "US_INVERT": 26.825,
        "DS_INVERT": 26.528,
        "USER_TEXT2": "Existing",
        "SHAPE.LEN": 30.1274565871399
      },
      "geometry": {
        "type": "LineString",
        "coordinates": [
          [
            277013.0645000003,
            2111035.2995999996
          ],
          [
            276987.5999999996,
            2111051.4000000004
          ]
        ]
      }
    },
    {
      "type": "Feature",
      "properties": {
        "OBJECTID": 28524,
        "US_NODE_ID": "2177110003",
        "DS_NODE_ID": "2177110001",
        "CONDUIT_LE": 29.9,
        "SHAPE_1": "RECT",
        "CONDUIT_WI": 2000.0,
        "CONDUIT_HE": 1734.0,
        "US_INVERT": 26.914,
        "DS_INVERT": 26.766,
        "USER_TEXT2": "Existing",
        "SHAPE.LEN": 29.9006688888393
      },
      "geometry": {
        "type": "LineString",
        "coordinates": [
          [
            277026.7000000002,
            2111094.5999999996
          ],
          [
            277008.5999999996,
            2111070.8000000007
          ]
        ]
      }
    },
    {
      "type": "Feature",
      "properties": {
        "OBJECTID": 28529,
        "US_NODE_ID": "2177110104",
        "DS_NODE_ID": "2177110002",
        "CONDUIT_LE": 148.0,
        "SHAPE_1": "RECT",
        "CONDUIT_WI": 1500.0,
        "CONDUIT_HE": 1537.0,
        "US_INVERT": 27.461,
        "DS_INVERT": 26.825,
        "USER_TEXT2": "Existing",
        "SHAPE.LEN": 148.015532834936
      },
      "geometry": {
        "type": "LineString",
        "coordinates": [
          [
            277097.5999999996,
            2111156.8000000007
          ],
          [
            277013.0645000003,
            2111035.2995999996
          ]
        ]
      }
    },
    {
      "type": "Feature",
      "properties": {
        "OBJECTID": 28056,
        "US_NODE_ID": "2177080304",
        "DS_NODE_ID": "2177080303",
        "CONDUIT_LE": 30.1,
        "SHAPE_1": "OREC",
        "CONDUIT_WI": 4568.0,
        "CONDUIT_HE": 1384.0,
        "US_INVERT": 26.895,
        "DS_INVERT": 26.873,
        "USER_TEXT2": "Existing",
        "SHAPE.LEN": 30.0939753972452
      },
      "geometry": {
        "type": "LineString",
        "coordinates": [
          [
            277086.9444000004,
            2108301.8462000005
          ],
          [
            277076.1579999998,
            2108329.9407
          ]
        ]
      }
    },
    {
      "type": "Feature",
      "properties": {
        "OBJECTID": 28080,
        "US_NODE_ID": "2177081701",
        "DS_NODE_ID": "2177080701",
        "CONDUIT_LE": 30.2,
        "SHAPE_1": "OREC",
        "CONDUIT_WI": 15000.0,
        "CONDUIT_HE": 1938.0,
        "US_INVERT": 25.709,
        "DS_INVERT": 25.689,
        "USER_TEXT2": "Existing",
        "SHAPE.LEN": 30.1786636195177
      },
      "geometry": {
        "type": "LineString",
        "coordinates": [
          [
            277102.98560000025,
            2108717.4662999995
          ],
          [
            277076.7940999996,
            2108702.4744000006
          ]
        ]
      }
    },
    {
      "type": "Feature",
      "properties": {
        "OBJECTID": 28539,
        "US_NODE_ID": "2177111302",
        "DS_NODE_ID": "2177111301",
        "CONDUIT_LE": 30.0,
        "SHAPE_1": "RECT",
        "CONDUIT_WI": 2000.0,
        "CONDUIT_HE": 1624.0,
        "US_INVERT": 28.174,
        "DS_INVERT": 27.877,
        "USER_TEXT2": "Existing",
        "SHAPE.LEN": 30.043701878763198
      },
      "geometry": {
        "type": "LineString",
        "coordinates": [
          [
            277162.0999999996,
            2111327.5999999996
          ],
          [
            277148.23929999955,
            2111300.944700001
          ]
        ]
      }
    },
    {
      "type": "Feature",
      "properties": {
        "OBJECTID": 28541,
        "US_NODE_ID": "2177111304",
        "DS_NODE_ID": "2177111303",
        "CONDUIT_LE": 29.9,
        "SHAPE_1": "RECT",
        "CONDUIT_WI": 2000.0,
        "CONDUIT_HE": 1621.0,
        "US_INVERT": 28.591,
        "DS_INVERT": 28.472,
        "USER_TEXT2": "Existing",
        "SHAPE.LEN": 29.891376722058197
      },
      "geometry": {
        "type": "LineString",
        "coordinates": [
          [
            277189.1174999997,
            2111381.0603
          ],
          [
            277175.5999999996,
            2111354.4000000004
          ]
        ]
      }
    },
    {
      "type": "Feature",
      "properties": {
        "OBJECTID": 28149,
        "US_NODE_ID": "2177092508",
        "DS_NODE_ID": "2177092401",
        "CONDUIT_LE": 31.9,
        "SHAPE_1": "OREC",
        "CONDUIT_WI": 5650.0,
        "CONDUIT_HE": 1629.0,
        "US_INVERT": 26.529,
        "DS_INVERT": 26.499,
        "USER_TEXT2": "Existing",
        "SHAPE.LEN": 31.8526673917586
      },
      "geometry": {
        "type": "LineString",
        "coordinates": [
          [
            277270.0262000002,
            2109502.0659999996
          ],
          [
            277281.8968000002,
            2109472.5078999996
          ]
        ]
      }
    },
    {
      "type": "Feature",
      "properties": {
        "OBJECTID": 28154,
        "US_NODE_ID": "2177092603",
        "DS_NODE_ID": "2177092604",
        "CONDUIT_LE": 11.2,
        "SHAPE_1": "RECT",
        "CONDUIT_WI": 4500.0,
        "CONDUIT_HE": 1305.0,
        "US_INVERT": 26.994,
        "DS_INVERT": 26.993,
        "USER_TEXT2": "Existing",
        "SHAPE.LEN": 11.1879843993456
      },
      "geometry": {
        "type": "LineString",
        "coordinates": [
          [
            277225.96559999976,
            2109621.7139999997
          ],
          [
            277229.7889999999,
            2109611.1996
          ]
        ]
      }
    },
    {
      "type": "Feature",
      "properties": {
        "OBJECTID": 28142,
        "US_NODE_ID": "2177092501",
        "DS_NODE_ID": "2177092504",
        "CONDUIT_LE": 23.8,
        "SHAPE_1": "OREC",
        "CONDUIT_WI": 5650.0,
        "CONDUIT_HE": 1810.0,
        "US_INVERT": 26.61,
        "DS_INVERT": 26.588,
        "USER_TEXT2": "Existing",
        "SHAPE.LEN": 23.844100183693197
      },
      "geometry": {
        "type": "LineString",
        "coordinates": [
          [
            277225.6568999998,
            2109572.3686999995
          ],
          [
            277246.5323000001,
            2109560.8466
          ]
        ]
      }
    },
    {
      "type": "Feature",
      "properties": {
        "OBJECTID": 28160,
        "US_NODE_ID": "2177092801",
        "DS_NODE_ID": "2177092703",
        "CONDUIT_LE": 30.1,
        "SHAPE_1": "OREC",
        "CONDUIT_WI": 7692.0,
        "CONDUIT_HE": 1181.0,
        "US_INVERT": 27.023,
        "DS_INVERT": 27.018,
        "USER_TEXT2": "Existing",
        "SHAPE.LEN": 30.1439877919296
      },
      "geometry": {
        "type": "LineString",
        "coordinates": [
          [
            277264.5,
            2109817.5
          ],
          [
            277242.4000000004,
            2109797
          ]
        ]
      }
    },
    {
      "type": "Feature",
      "properties": {
        "OBJECTID": 28334,
        "US_NODE_ID": "2177102703",
        "DS_NODE_ID": "2177102702",
        "CONDUIT_LE": 13.1,
        "SHAPE_1": "RECT",
        "CONDUIT_WI": 4500.0,
        "CONDUIT_HE": 1125.0,
        "US_INVERT": 28.495,
        "DS_INVERT": 27.9,
        "USER_TEXT2": "Existing",
        "SHAPE.LEN": 13.091247825933198
      },
      "geometry": {
        "type": "LineString",
        "coordinates": [
          [
            277243.4639999997,
            2110729.644200001
          ],
          [
            277230.4000000004,
            2110728.8000000007
          ]
        ]
      }
    },
    {
      "type": "Feature",
      "properties": {
        "OBJECTID": 28552,
        "US_NODE_ID": "2177113501",
        "DS_NODE_ID": "2177112406",
        "CONDUIT_LE": 56.8,
        "SHAPE_1": "RECT",
        "CONDUIT_WI": 1500.0,
        "CONDUIT_HE": 1500.0,
        "US_INVERT": 30.1,
        "DS_INVERT": 29.646,
        "USER_TEXT2": "Existing",
        "SHAPE.LEN": 56.8118307771365
      },
      "geometry": {
        "type": "LineString",
        "coordinates": [
          [
            277307.72389999963,
            2111530.5365999993
          ],
          [
            277295.3230999997,
            2111475.0946999993
          ]
        ]
      }
    },
    {
      "type": "Feature",
      "properties": {
        "OBJECTID": 28550,
        "US_NODE_ID": "2177113401",
        "DS_NODE_ID": "2177112406",
        "CONDUIT_LE": 33.7,
        "SHAPE_1": "RECT",
        "CONDUIT_WI": 2000.0,
        "CONDUIT_HE": 1874.0,
        "US_INVERT": 29.864,
        "DS_INVERT": 29.646,
        "USER_TEXT2": "Existing",
        "SHAPE.LEN": 33.7267171568773
      },
      "geometry": {
        "type": "LineString",
        "coordinates": [
          [
            277326.6447999999,
            2111487.6023999993
          ],
          [
            277295.3230999997,
            2111475.0946999993
          ]
        ]
      }
    },
    {
      "type": "Feature",
      "properties": {
        "OBJECTID": 28171,
        "US_NODE_ID": "2177093304",
        "DS_NODE_ID": "2177093201",
        "CONDUIT_LE": 31.6,
        "SHAPE_1": "OREC",
        "CONDUIT_WI": 5650.0,
        "CONDUIT_HE": 2156.0,
        "US_INVERT": 26.352,
        "DS_INVERT": 26.322,
        "USER_TEXT2": "Existing",
        "SHAPE.LEN": 31.616347929829004
      },
      "geometry": {
        "type": "LineString",
        "coordinates": [
          [
            277339.1986999996,
            2109325.2682000007
          ],
          [
            277351.2876000004,
            2109296.054300001
          ]
        ]
      }
    },
    {
      "type": "Feature",
      "properties": {
        "OBJECTID": 28169,
        "US_NODE_ID": "2177093302",
        "DS_NODE_ID": "2177093304",
        "CONDUIT_LE": 31.7,
        "SHAPE_1": "OREC",
        "CONDUIT_WI": 5650.0,
        "CONDUIT_HE": 1686.0,
        "US_INVERT": 26.381,
        "DS_INVERT": 26.352,
        "USER_TEXT2": "Existing",
        "SHAPE.LEN": 31.694437119784897
      },
      "geometry": {
        "type": "LineString",
        "coordinates": [
          [
            277329.7284000004,
            2109355.5146999992
          ],
          [
            277339.1986999996,
            2109325.2682000007
          ]
        ]
      }
    },
    {
      "type": "Feature",
      "properties": {
        "OBJECTID": 28172,
        "US_NODE_ID": "2177093305",
        "DS_NODE_ID": "2177093306",
        "CONDUIT_LE": 31.3,
        "SHAPE_1": "OREC",
        "CONDUIT_WI": 9800.0,
        "CONDUIT_HE": 1539.0,
        "US_INVERT": 26.84,
        "DS_INVERT": 26.82,
        "USER_TEXT2": "Existing",
        "SHAPE.LEN": 31.2520426802793
      },
      "geometry": {
        "type": "LineString",
        "coordinates": [
          [
            277344.93039999995,
            2109361.607000001
          ],
          [
            277356.5390999997,
            2109332.591
          ]
        ]
      }
    },
    {
      "type": "Feature",
      "properties": {
        "OBJECTID": 28180,
        "US_NODE_ID": "2177093803",
        "DS_NODE_ID": "2177093802",
        "CONDUIT_LE": 28.2,
        "SHAPE_1": "OREC",
        "CONDUIT_WI": 7500.0,
        "CONDUIT_HE": 1518.0,
        "US_INVERT": 27.043,
        "DS_INVERT": 27.038,
        "USER_TEXT2": "Existing",
        "SHAPE.LEN": 28.2160727246015
      },
      "geometry": {
        "type": "LineString",
        "coordinates": [
          [
            277363.56549999956,
            2109884.7293
          ],
          [
            277336.9874999998,
            2109875.2553000003
          ]
        ]
      }
    },
    {
      "type": "Feature",
      "properties": {
        "OBJECTID": 28200,
        "US_NODE_ID": "2177094902",
        "DS_NODE_ID": "2177094901",
        "CONDUIT_LE": 29.6,
        "SHAPE_1": "OREC",
        "CONDUIT_WI": 7525.0,
        "CONDUIT_HE": 1313.0,
        "US_INVERT": 27.057,
        "DS_INVERT": 27.052,
        "USER_TEXT2": "Existing",
        "SHAPE.LEN": 29.6225365453399
      },
      "geometry": {
        "type": "LineString",
        "coordinates": [
          [
            277434.99289999995,
            2109938.8202
          ],
          [
            277410.81520000007,
            2109921.7049000002
          ]
        ]
      }
    },
    {
      "type": "Feature",
      "properties": {
        "OBJECTID": 28344,
        "US_NODE_ID": "2177103202",
        "DS_NODE_ID": "2177103203",
        "CONDUIT_LE": 15.2,
        "SHAPE_1": "RECT",
        "CONDUIT_WI": 6000.0,
        "CONDUIT_HE": 1718.0,
        "US_INVERT": 27.482,
        "DS_INVERT": 27.469,
        "USER_TEXT2": "Existing",
        "SHAPE.LEN": 15.1558569536665
      },
      "geometry": {
        "type": "LineString",
        "coordinates": [
          [
            277320.4000000004,
            2110212.6999999993
          ],
          [
            277330.5,
            2110201.4000000004
          ]
        ]
      }
    },
    {
      "type": "Feature",
      "properties": {
        "OBJECTID": 28565,
        "US_NODE_ID": "2177113801",
        "DS_NODE_ID": "2177113702",
        "CONDUIT_LE": 75.9,
        "SHAPE_1": "RECT",
        "CONDUIT_WI": 1500.0,
        "CONDUIT_HE": 1500.0,
        "US_INVERT": 31.33,
        "DS_INVERT": 30.65,
        "USER_TEXT2": "Existing",
        "SHAPE.LEN": 75.9046600925134
      },
      "geometry": {
        "type": "LineString",
        "coordinates": [
          [
            277368.2873999998,
            2111832.0250000004
          ],
          [
            277351.5,
            2111758
          ]
        ]
      }
    },
    {
      "type": "Feature",
      "properties": {
        "OBJECTID": 28183,
        "US_NODE_ID": "2177094002",
        "DS_NODE_ID": "2177094004",
        "CONDUIT_LE": 31.5,
        "SHAPE_1": "OREC",
        "CONDUIT_WI": 5650.0,
        "CONDUIT_HE": 2111.0,
        "US_INVERT": 26.086,
        "DS_INVERT": 26.057,
        "USER_TEXT2": "Existing",
        "SHAPE.LEN": 31.541490938286298
      },
      "geometry": {
        "type": "LineString",
        "coordinates": [
          [
            277448.7110000001,
            2109061.8181999996
          ],
          [
            277460.58160000015,
            2109032.5956999995
          ]
        ]
      }
    },
    {
      "type": "Feature",
      "properties": {
        "OBJECTID": 28114,
        "US_NODE_ID": "2177084903",
        "DS_NODE_ID": "2177084902",
        "CONDUIT_LE": 30.1,
        "SHAPE_1": "OREC",
        "CONDUIT_WI": 15000.0,
        "CONDUIT_HE": 2541.0,
        "US_INVERT": 26.01,
        "DS_INVERT": 25.99,
        "USER_TEXT2": "Existing",
        "SHAPE.LEN": 30.1244743530904
      },
      "geometry": {
        "type": "LineString",
        "coordinates": [
          [
            277464.4406000003,
            2108984.0792999994
          ],
          [
            277440.84449999966,
            2108965.3521
          ]
        ]
      }
    },
    {
      "type": "Feature",
      "properties": {
        "OBJECTID": 28187,
        "US_NODE_ID": "2177094006",
        "DS_NODE_ID": "2177084904",
        "CONDUIT_LE": 11.2,
        "SHAPE_1": "OREC",
        "CONDUIT_WI": 5650.0,
        "CONDUIT_HE": 2071.0,
        "US_INVERT": 26.027,
        "DS_INVERT": 26.017,
        "USER_TEXT2": "Existing",
        "SHAPE.LEN": 11.167228050112099
      },
      "geometry": {
        "type": "LineString",
        "coordinates": [
          [
            277472.65589999966,
            2109003.6141999997
          ],
          [
            277476.9123999998,
            2108993.5188999996
          ],
          [
            277477.1024000002,
            2108993.4265
          ]
        ]
      }
    },
    {
      "type": "Feature",
      "properties": {
        "OBJECTID": 28189,
        "US_NODE_ID": "2177094008",
        "DS_NODE_ID": "2177084904",
        "CONDUIT_LE": 14.1,
        "SHAPE_1": "OREC",
        "CONDUIT_WI": 15000.0,
        "CONDUIT_HE": 1975.0,
        "US_INVERT": 26.024,
        "DS_INVERT": 26.017,
        "USER_TEXT2": "Existing",
        "SHAPE.LEN": 14.111957821377798
      },
      "geometry": {
        "type": "LineString",
        "coordinates": [
          [
            277488.25739999954,
            2109001.9497999996
          ],
          [
            277477.1024000002,
            2108993.6114000008
          ],
          [
            277477.1024000002,
            2108993.4265
          ]
        ]
      }
    },
    {
      "type": "Feature",
      "properties": {
        "OBJECTID": 28203,
        "US_NODE_ID": "2177094905",
        "DS_NODE_ID": "2177094904",
        "CONDUIT_LE": 15.9,
        "SHAPE_1": "OREC",
        "CONDUIT_WI": 7761.0,
        "CONDUIT_HE": 1571.0,
        "US_INVERT": 27.069,
        "DS_INVERT": 27.066,
        "USER_TEXT2": "Existing",
        "SHAPE.LEN": 15.9367481529326
      },
      "geometry": {
        "type": "LineString",
        "coordinates": [
          [
            277493.2999999998,
            2109984.1999999993
          ],
          [
            277481.07880000025,
            2109973.9715
          ]
        ]
      }
    },
    {
      "type": "Feature",
      "properties": {
        "OBJECTID": 28363,
        "US_NODE_ID": "2177104103",
        "DS_NODE_ID": "2177104101",
        "CONDUIT_LE": 29.2,
        "SHAPE_1": "OREC",
        "CONDUIT_WI": 2918.0,
        "CONDUIT_HE": 2202.0,
        "US_INVERT": 27.187,
        "DS_INVERT": 27.18,
        "USER_TEXT2": "Existing",
        "SHAPE.LEN": 29.158308753424002
      },
      "geometry": {
        "type": "LineString",
        "coordinates": [
          [
            277478.91949999984,
            2110136.6995
          ],
          [
            277470.0701000001,
            2110108.9165000003
          ]
        ]
      }
    },
    {
      "type": "Feature",
      "properties": {
        "OBJECTID": 28365,
        "US_NODE_ID": "2177104105",
        "DS_NODE_ID": "2177104104",
        "CONDUIT_LE": 29.4,
        "SHAPE_1": "OREC",
        "CONDUIT_WI": 3082.0,
        "CONDUIT_HE": 2000.0,
        "US_INVERT": 27.199,
        "DS_INVERT": 27.194,
        "USER_TEXT2": "Existing",
        "SHAPE.LEN": 29.379650567357
      },
      "geometry": {
        "type": "LineString",
        "coordinates": [
          [
            277483.3547,
            2110195.3595000003
          ],
          [
            277481.70859999955,
            2110166.0260000005
          ]
        ]
      }
    },
    {
      "type": "Feature",
      "properties": {
        "OBJECTID": 28430,
        "US_NODE_ID": "2177105308!",
        "DS_NODE_ID": "2177105307!",
        "CONDUIT_LE": 6.7,
        "SHAPE_1": "OREC",
        "CONDUIT_WI": 1465.0,
        "CONDUIT_HE": 3037.0,
        "US_INVERT": 26.762,
        "DS_INVERT": 26.755,
        "USER_TEXT2": "Existing",
        "SHAPE.LEN": 6.747245544664869
      },
      "geometry": {
        "type": "LineString",
        "coordinates": [
          [
            277525.34889999963,
            2110366.6448999997
          ],
          [
            277523.23089999985,
            2110360.2387000006
          ]
        ]
      }
    },
    {
      "type": "Feature",
      "properties": {
        "OBJECTID": 28425,
        "US_NODE_ID": "2177105305",
        "DS_NODE_ID": "2177105310",
        "CONDUIT_LE": 7.4,
        "SHAPE_1": "OREC",
        "CONDUIT_WI": 4500.0,
        "CONDUIT_HE": 2269.0,
        "US_INVERT": 26.731,
        "DS_INVERT": 26.434,
        "USER_TEXT2": "Existing",
        "SHAPE.LEN": 7.39887346289961
      },
      "geometry": {
        "type": "LineString",
        "coordinates": [
          [
            277523.03839999996,
            2110335.940300001
          ],
          [
            277528.4227999998,
            2110330.865700001
          ]
        ]
      }
    },
    {
      "type": "Feature",
      "properties": {
        "OBJECTID": 28441,
        "US_NODE_ID": "2177105313",
        "DS_NODE_ID": "2177105314",
        "CONDUIT_LE": 17.5,
        "SHAPE_1": "OREC",
        "CONDUIT_WI": 13000.0,
        "CONDUIT_HE": 2780.0,
        "US_INVERT": 26.427,
        "DS_INVERT": 26.413,
        "USER_TEXT2": "Existing",
        "SHAPE.LEN": 17.504477542903096
      },
      "geometry": {
        "type": "LineString",
        "coordinates": [
          [
            277530.2259999998,
            2110318.6378000006
          ],
          [
            277531.7873999998,
            2110301.2030999996
          ]
        ]
      }
    },
    {
      "type": "Feature",
      "properties": {
        "OBJECTID": 28433,
        "US_NODE_ID": "2177105309",
        "DS_NODE_ID": "2177105304",
        "CONDUIT_LE": 7.6,
        "SHAPE_1": "OREC",
        "CONDUIT_WI": 1350.0,
        "CONDUIT_HE": 3206.0,
        "US_INVERT": 26.794,
        "DS_INVERT": 26.787,
        "USER_TEXT2": "Existing",
        "SHAPE.LEN": 7.59385725570345
      },
      "geometry": {
        "type": "LineString",
        "coordinates": [
          [
            277526.44909999985,
            2110394.1422000006
          ],
          [
            277521.5049999999,
            2110388.3783
          ]
        ]
      }
    },
    {
      "type": "Feature",
      "properties": {
        "OBJECTID": 28571,
        "US_NODE_ID": "2177114503",
        "DS_NODE_ID": "2177114501",
        "CONDUIT_LE": 21.1,
        "SHAPE_1": "RECT",
        "CONDUIT_WI": 1500.0,
        "CONDUIT_HE": 1500.0,
        "US_INVERT": 30.54,
        "DS_INVERT": 30.38,
        "USER_TEXT2": "Existing",
        "SHAPE.LEN": 21.0856874272574
      },
      "geometry": {
        "type": "LineString",
        "coordinates": [
          [
            277469.2034999998,
            2111519.2876999993
          ],
          [
            277449.6492999997,
            2111511.398499999
          ]
        ]
      }
    },
    {
      "type": "Feature",
      "properties": {
        "OBJECTID": 28119,
        "US_NODE_ID": "2177086302",
        "DS_NODE_ID": "2177086301",
        "CONDUIT_LE": 86.4,
        "SHAPE_1": "OREC",
        "CONDUIT_WI": 4700.0,
        "CONDUIT_HE": 2292.0,
        "US_INVERT": 26.36,
        "DS_INVERT": 26.292,
        "USER_TEXT2": "Proposal",
        "SHAPE.LEN": 86.3787043612024
      },
      "geometry": {
        "type": "LineString",
        "coordinates": [
          [
            277668.40189999994,
            2108391.420600001
          ],
          [
            277600.9084999999,
            2108337.5140000004
          ]
        ]
      }
    },
    {
      "type": "Feature",
      "properties": {
        "OBJECTID": 28391,
        "US_NODE_ID": "2177105011!",
        "DS_NODE_ID": "2177105012!",
        "CONDUIT_LE": 5.1,
        "SHAPE_1": "RECT",
        "CONDUIT_WI": 4000.0,
        "CONDUIT_HE": 1925.0,
        "US_INVERT": 26.425,
        "DS_INVERT": 26.422,
        "USER_TEXT2": "Existing",
        "SHAPE.LEN": 5.14003891035856
      },
      "geometry": {
        "type": "LineString",
        "coordinates": [
          [
            277579,
            2110009.5999999996
          ],
          [
            277582.0999999996,
            2110005.5
          ]
        ]
      }
    },
    {
      "type": "Feature",
      "properties": {
        "OBJECTID": 28232,
        "US_NODE_ID": "2177096901!",
        "DS_NODE_ID": "2177096902!",
        "CONDUIT_LE": 25.7,
        "SHAPE_1": "RECT",
        "CONDUIT_WI": 4000.0,
        "CONDUIT_HE": 1803.0,
        "US_INVERT": 26.406,
        "DS_INVERT": 26.397,
        "USER_TEXT2": "Existing",
        "SHAPE.LEN": 25.7018492817151
      },
      "geometry": {
        "type": "LineString",
        "coordinates": [
          [
            277604.3409000002,
            2109977.5593
          ],
          [
            277620.0385999996,
            2109957.2082
          ]
        ]
      }
    },
    {
      "type": "Feature",
      "properties": {
        "OBJECTID": 28399,
        "US_NODE_ID": "2177105015!",
        "DS_NODE_ID": "2177105017!",
        "CONDUIT_LE": 9.3,
        "SHAPE_1": "OREC",
        "CONDUIT_WI": 13000.0,
        "CONDUIT_HE": 2028.0,
        "US_INVERT": 26.47,
        "DS_INVERT": 26.455,
        "USER_TEXT2": "Existing",
        "SHAPE.LEN": 9.26120942425988
      },
      "geometry": {
        "type": "LineString",
        "coordinates": [
          [
            277555.7000000002,
            2110044.5
          ],
          [
            277559.5999999996,
            2110036.0999999996
          ]
        ]
      }
    },
    {
      "type": "Feature",
      "properties": {
        "OBJECTID": 28448,
        "US_NODE_ID": "2177105317!",
        "DS_NODE_ID": "2177105316!",
        "CONDUIT_LE": 30.6,
        "SHAPE_1": "OREC",
        "CONDUIT_WI": 13000.0,
        "CONDUIT_HE": 2301.0,
        "US_INVERT": 26.476,
        "DS_INVERT": 26.454,
        "USER_TEXT2": "Existing",
        "SHAPE.LEN": 30.629169943862298
      },
      "geometry": {
        "type": "LineString",
        "coordinates": [
          [
            277569.92200000025,
            2110371.439099999
          ],
          [
            277544.5617000004,
            2110354.2634999994
          ]
        ]
      }
    },
    {
      "type": "Feature",
      "properties": {
        "OBJECTID": 28478,
        "US_NODE_ID": "2177106402!",
        "DS_NODE_ID": "2177106401!",
        "CONDUIT_LE": 28.7,
        "SHAPE_1": "OREC",
        "CONDUIT_WI": 13000.0,
        "CONDUIT_HE": 2469.0,
        "US_INVERT": 26.538,
        "DS_INVERT": 26.517,
        "USER_TEXT2": "Existing",
        "SHAPE.LEN": 28.743347056319003
      },
      "geometry": {
        "type": "LineString",
        "coordinates": [
          [
            277637.7000000002,
            2110425.5999999996
          ],
          [
            277616.4000000004,
            2110406.3000000007
          ]
        ]
      }
    },
    {
      "type": "Feature",
      "properties": {
        "OBJECTID": 28580,
        "US_NODE_ID": "2177116502",
        "DS_NODE_ID": "2177116501",
        "CONDUIT_LE": 41.0,
        "SHAPE_1": "RECT",
        "CONDUIT_WI": 1800.0,
        "CONDUIT_HE": 1750.0,
        "US_INVERT": 31.978,
        "DS_INVERT": 31.586,
        "USER_TEXT2": "Existing",
        "SHAPE.LEN": 41.0131208972202
      },
      "geometry": {
        "type": "LineString",
        "coordinates": [
          [
            277639.3838999998,
            2111597.8939999994
          ],
          [
            277600.38019999955,
            2111585.2138
          ]
        ]
      }
    },
    {
      "type": "Feature",
      "properties": {
        "OBJECTID": 28584,
        "US_NODE_ID": "2177116701",
        "DS_NODE_ID": "2177116502",
        "CONDUIT_LE": 119.3,
        "SHAPE_1": "RECT",
        "CONDUIT_WI": 600.0,
        "CONDUIT_HE": 1430.0,
        "US_INVERT": 32.688,
        "DS_INVERT": 31.978,
        "USER_TEXT2": "Existing",
        "SHAPE.LEN": 119.312663309516
      },
      "geometry": {
        "type": "LineString",
        "coordinates": [
          [
            277671.49590000045,
            2111712.8040999994
          ],
          [
            277639.3838999998,
            2111597.8939999994
          ]
        ]
      }
    },
    {
      "type": "Feature",
      "properties": {
        "OBJECTID": 28246,
        "US_NODE_ID": "2177097201",
        "DS_NODE_ID": "2177096202",
        "CONDUIT_LE": 30.1,
        "SHAPE_1": "OREC",
        "CONDUIT_WI": 10211.0,
        "CONDUIT_HE": 2308.0,
        "US_INVERT": 26.058,
        "DS_INVERT": 26.055,
        "USER_TEXT2": "Existing",
        "SHAPE.LEN": 30.0776295616859
      },
      "geometry": {
        "type": "LineString",
        "coordinates": [
          [
            277704.4840000002,
            2109276.0940000005
          ],
          [
            277690.93740000017,
            2109249.2397000007
          ]
        ]
      }
    },
    {
      "type": "Feature",
      "properties": {
        "OBJECTID": 28252,
        "US_NODE_ID": "2177097402",
        "DS_NODE_ID": "2177097401",
        "CONDUIT_LE": 30.0,
        "SHAPE_1": "OREC",
        "CONDUIT_WI": 9431.0,
        "CONDUIT_HE": 2341.0,
        "US_INVERT": 26.075,
        "DS_INVERT": 26.073,
        "USER_TEXT2": "Existing",
        "SHAPE.LEN": 29.980439250951598
      },
      "geometry": {
        "type": "LineString",
        "coordinates": [
          [
            277789.70160000026,
            2109434.388699999
          ],
          [
            277775.9453999996,
            2109407.750499999
          ]
        ]
      }
    },
    {
      "type": "Feature",
      "properties": {
        "OBJECTID": 28256,
        "US_NODE_ID": "2177097604",
        "DS_NODE_ID": "2177097605",
        "CONDUIT_LE": 25.9,
        "SHAPE_1": "RECT",
        "CONDUIT_WI": 13000.0,
        "CONDUIT_HE": 2255.0,
        "US_INVERT": 26.101,
        "DS_INVERT": 26.098,
        "USER_TEXT2": "Existing",
        "SHAPE.LEN": 25.9478142277919
      },
      "geometry": {
        "type": "LineString",
        "coordinates": [
          [
            277753.6288999999,
            2109660.2249999996
          ],
          [
            277772.0292999996,
            2109641.9298
          ]
        ]
      }
    },
    {
      "type": "Feature",
      "properties": {
        "OBJECTID": 28257,
        "US_NODE_ID": "2177097605",
        "DS_NODE_ID": "2177097606",
        "CONDUIT_LE": 30.0,
        "SHAPE_1": "OREC",
        "CONDUIT_WI": 13000.0,
        "CONDUIT_HE": 2308.0,
        "US_INVERT": 26.098,
        "DS_INVERT": 26.096,
        "USER_TEXT2": "Existing",
        "SHAPE.LEN": 29.962476270996003
      },
      "geometry": {
        "type": "LineString",
        "coordinates": [
          [
            277772.0292999996,
            2109641.9298
          ],
          [
            277792.1616000002,
            2109619.7388000004
          ]
        ]
      }
    },
    {
      "type": "Feature",
      "properties": {
        "OBJECTID": 28281,
        "US_NODE_ID": "2177098502",
        "DS_NODE_ID": "2177098501",
        "CONDUIT_LE": 17.3,
        "SHAPE_1": "OREC",
        "CONDUIT_WI": 10378.0,
        "CONDUIT_HE": 2102.0,
        "US_INVERT": 26.084,
        "DS_INVERT": 26.082,
        "USER_TEXT2": "Existing",
        "SHAPE.LEN": 17.2656338360339
      },
      "geometry": {
        "type": "LineString",
        "coordinates": [
          [
            277819.4643000001,
            2109518.6313000005
          ],
          [
            277816.4417000003,
            2109501.6323000006
          ]
        ]
      }
    },
    {
      "type": "Feature",
      "properties": {
        "OBJECTID": 28283,
        "US_NODE_ID": "2177098504",
        "DS_NODE_ID": "2177098506",
        "CONDUIT_LE": 11.6,
        "SHAPE_1": "RECT",
        "CONDUIT_WI": 13000.0,
        "CONDUIT_HE": 2597.0,
        "US_INVERT": 26.091,
        "DS_INVERT": 26.09,
        "USER_TEXT2": "Existing",
        "SHAPE.LEN": 11.648607333497
      },
      "geometry": {
        "type": "LineString",
        "coordinates": [
          [
            277825.92870000005,
            2109585.1970000006
          ],
          [
            277833.8382000001,
            2109576.6454000007
          ]
        ]
      }
    },
    {
      "type": "Feature",
      "properties": {
        "OBJECTID": 28290,
        "US_NODE_ID": "2177098602",
        "DS_NODE_ID": "2177098601",
        "CONDUIT_LE": 31.6,
        "SHAPE_1": "OREC",
        "CONDUIT_WI": 7000.0,
        "CONDUIT_HE": 1691.0,
        "US_INVERT": 27.008,
        "DS_INVERT": 27.0,
        "USER_TEXT2": "Existing",
        "SHAPE.LEN": 31.591573101857396
      },
      "geometry": {
        "type": "LineString",
        "coordinates": [
          [
            277873.42009999976,
            2109639.2552000005
          ],
          [
            277862,
            2109609.8000000007
          ]
        ]
      }
    },
    {
      "type": "Feature",
      "properties": {
        "OBJECTID": 28294,
        "US_NODE_ID": "2177098803",
        "DS_NODE_ID": "2177098802",
        "CONDUIT_LE": 30.3,
        "SHAPE_1": "OREC",
        "CONDUIT_WI": 5000.0,
        "CONDUIT_HE": 1389.0,
        "US_INVERT": 26.817,
        "DS_INVERT": 26.8,
        "USER_TEXT2": "Existing",
        "SHAPE.LEN": 30.2536869979512
      },
      "geometry": {
        "type": "LineString",
        "coordinates": [
          [
            277843.2000000002,
            2109885.4000000004
          ],
          [
            277823.40639999975,
            2109862.5198999997
          ]
        ]
      }
    },
    {
      "type": "Feature",
      "properties": {
        "OBJECTID": 28498,
        "US_NODE_ID": "2177108601!",
        "DS_NODE_ID": "2177108503!",
        "CONDUIT_LE": 29.9,
        "SHAPE_1": "OREC",
        "CONDUIT_WI": 13000.0,
        "CONDUIT_HE": 2113.0,
        "US_INVERT": 26.735,
        "DS_INVERT": 26.729,
        "USER_TEXT2": "Existing",
        "SHAPE.LEN": 29.882114981540397
      },
      "geometry": {
        "type": "LineString",
        "coordinates": [
          [
            277870,
            2110615.4000000004
          ],
          [
            277846.6235999996,
            2110596.7859000005
          ]
        ]
      }
    },
    {
      "type": "Feature",
      "properties": {
        "OBJECTID": 28499,
        "US_NODE_ID": "2177108601",
        "DS_NODE_ID": "2177108503",
        "CONDUIT_LE": 29.9,
        "SHAPE_1": "OREC",
        "CONDUIT_WI": 13000.0,
        "CONDUIT_HE": 2113.0,
        "US_INVERT": 26.735,
        "DS_INVERT": 26.729,
        "USER_TEXT2": "Existing",
        "SHAPE.LEN": 29.882114981540397
      },
      "geometry": {
        "type": "LineString",
        "coordinates": [
          [
            277870,
            2110615.4000000004
          ],
          [
            277846.6235999996,
            2110596.7859000005
          ]
        ]
      }
    },
    {
      "type": "Feature",
      "properties": {
        "OBJECTID": 28594,
        "US_NODE_ID": "2177118001",
        "DS_NODE_ID": "2177119001",
        "CONDUIT_LE": 68.9,
        "SHAPE_1": "OREC",
        "CONDUIT_WI": 4800.0,
        "CONDUIT_HE": 2097.0,
        "US_INVERT": 27.703,
        "DS_INVERT": 27.635,
        "USER_TEXT2": "Existing",
        "SHAPE.LEN": 68.922092287234
      },
      "geometry": {
        "type": "LineString",
        "coordinates": [
          [
            277872.67789999954,
            2111094.6977999993
          ],
          [
            277930.9901999999,
            2111057.9563999996
          ]
        ]
      }
    },
    {
      "type": "Feature",
      "properties": {
        "OBJECTID": 29083,
        "US_NODE_ID": "2178080702",
        "DS_NODE_ID": "2177089601",
        "CONDUIT_LE": 177.8,
        "SHAPE_1": "RECT",
        "CONDUIT_WI": 4500.0,
        "CONDUIT_HE": 2000.0,
        "US_INVERT": 26.758,
        "DS_INVERT": 26.619,
        "USER_TEXT2": "Proposal",
        "SHAPE.LEN": 177.807789480664
      },
      "geometry": {
        "type": "LineString",
        "coordinates": [
          [
            278060.9000000004,
            2108713.8000000007
          ],
          [
            277922.7999999998,
            2108601.8000000007
          ]
        ]
      }
    },
    {
      "type": "Feature",
      "properties": {
        "OBJECTID": 28299,
        "US_NODE_ID": "2177099402",
        "DS_NODE_ID": "2177099401",
        "CONDUIT_LE": 29.9,
        "SHAPE_1": "OREC",
        "CONDUIT_WI": 12000.0,
        "CONDUIT_HE": 1506.0,
        "US_INVERT": 26.333,
        "DS_INVERT": 26.326,
        "USER_TEXT2": "Existing",
        "SHAPE.LEN": 29.856490081722598
      },
      "geometry": {
        "type": "LineString",
        "coordinates": [
          [
            277929.9000000004,
            2109441.1999999993
          ],
          [
            277900.9000000004,
            2109448.3000000007
          ]
        ]
      }
    },
    {
      "type": "Feature",
      "properties": {
        "OBJECTID": 28303,
        "US_NODE_ID": "2177099602",
        "DS_NODE_ID": "2177099601",
        "CONDUIT_LE": 29.6,
        "SHAPE_1": "OREC",
        "CONDUIT_WI": 7000.0,
        "CONDUIT_HE": 1507.0,
        "US_INVERT": 27.022,
        "DS_INVERT": 27.014,
        "USER_TEXT2": "Existing",
        "SHAPE.LEN": 29.6393906598972
      },
      "geometry": {
        "type": "LineString",
        "coordinates": [
          [
            277953.5588999996,
            2109661.8079000004
          ],
          [
            277924.0739000002,
            2109664.8291999996
          ]
        ]
      }
    },
    {
      "type": "Feature",
      "properties": {
        "OBJECTID": 29207,
        "US_NODE_ID": "2178100703!",
        "DS_NODE_ID": "2178100701!",
        "CONDUIT_LE": 20.7,
        "SHAPE_1": "OREC",
        "CONDUIT_WI": 13000.0,
        "CONDUIT_HE": 2894.0,
        "US_INVERT": 26.893,
        "DS_INVERT": 26.878,
        "USER_TEXT2": "Existing",
        "SHAPE.LEN": 20.696269324204298
      },
      "geometry": {
        "type": "LineString",
        "coordinates": [
          [
            278032.38150000013,
            2110732.234099999
          ],
          [
            278014.301,
            2110722.162799999
          ]
        ]
      }
    },
    {
      "type": "Feature",
      "properties": {
        "OBJECTID": 28517,
        "US_NODE_ID": "2177109804",
        "DS_NODE_ID": "2178100801",
        "CONDUIT_LE": 39.3,
        "SHAPE_1": "OREC",
        "CONDUIT_WI": 4800.0,
        "CONDUIT_HE": 2401.0,
        "US_INVERT": 27.398,
        "DS_INVERT": 27.358,
        "USER_TEXT2": "Existing",
        "SHAPE.LEN": 39.2952291482058
      },
      "geometry": {
        "type": "LineString",
        "coordinates": [
          [
            277981.23560000025,
            2110839.585000001
          ],
          [
            278000.1946999999,
            2110805.1659999993
          ]
        ]
      }
    },
    {
      "type": "Feature",
      "properties": {
        "OBJECTID": 29221,
        "US_NODE_ID": "2178100801!",
        "DS_NODE_ID": "2178100702!",
        "CONDUIT_LE": 41.1,
        "SHAPE_1": "OREC",
        "CONDUIT_WI": 4800.0,
        "CONDUIT_HE": 2242.0,
        "US_INVERT": 27.358,
        "DS_INVERT": 27.317,
        "USER_TEXT2": "Existing",
        "SHAPE.LEN": 41.0536555162875
      },
      "geometry": {
        "type": "LineString",
        "coordinates": [
          [
            278000.1946999999,
            2110805.1659999993
          ],
          [
            278019.61369999964,
            2110768.9955
          ]
        ]
      }
    },
    {
      "type": "Feature",
      "properties": {
        "OBJECTID": 29222,
        "US_NODE_ID": "2178100801",
        "DS_NODE_ID": "2178100702",
        "CONDUIT_LE": 41.1,
        "SHAPE_1": "OREC",
        "CONDUIT_WI": 4800.0,
        "CONDUIT_HE": 2242.0,
        "US_INVERT": 27.358,
        "DS_INVERT": 27.317,
        "USER_TEXT2": "Existing",
        "SHAPE.LEN": 41.0536555162875
      },
      "geometry": {
        "type": "LineString",
        "coordinates": [
          [
            278000.1946999999,
            2110805.1659999993
          ],
          [
            278019.61369999964,
            2110768.9955
          ]
        ]
      }
    },
    {
      "type": "Feature",
      "properties": {
        "OBJECTID": 29371,
        "US_NODE_ID": "2178110301",
        "DS_NODE_ID": "2178110201",
        "CONDUIT_LE": 37.2,
        "SHAPE_1": "RECT",
        "CONDUIT_WI": 3500.0,
        "CONDUIT_HE": 2753.0,
        "US_INVERT": 30.583,
        "DS_INVERT": 30.403,
        "USER_TEXT2": "Existing",
        "SHAPE.LEN": 37.1651212781554
      },
      "geometry": {
        "type": "LineString",
        "coordinates": [
          [
            278005.30370000005,
            2111333.566299999
          ],
          [
            278007.6796000004,
            2111296.4771999996
          ]
        ]
      }
    },
    {
      "type": "Feature",
      "properties": {
        "OBJECTID": 29363,
        "US_NODE_ID": "2178110201",
        "DS_NODE_ID": "2178110202",
        "CONDUIT_LE": 31.1,
        "SHAPE_1": "RECT",
        "CONDUIT_WI": 3500.0,
        "CONDUIT_HE": 2193.0,
        "US_INVERT": 30.383,
        "DS_INVERT": 30.033,
        "USER_TEXT2": "Existing",
        "SHAPE.LEN": 31.091929994775196
      },
      "geometry": {
        "type": "LineString",
        "coordinates": [
          [
            278007.6796000004,
            2111296.4771999996
          ],
          [
            278021.7061999999,
            2111268.7290000003
          ]
        ]
      }
    },
    {
      "type": "Feature",
      "properties": {
        "OBJECTID": 29390,
        "US_NODE_ID": "2178110902",
        "DS_NODE_ID": "2178110903",
        "CONDUIT_LE": 40.8,
        "SHAPE_1": "OREC",
        "CONDUIT_WI": 1500.0,
        "CONDUIT_HE": 1500.0,
        "US_INVERT": 44.079,
        "DS_INVERT": 43.902,
        "USER_TEXT2": "Existing",
        "SHAPE.LEN": 40.8463735516386
      },
      "geometry": {
        "type": "LineString",
        "coordinates": [
          [
            278016.55229999963,
            2111984.7038000003
          ],
          [
            278026.7906999998,
            2111945.1613999996
          ]
        ]
      }
    },
    {
      "type": "Feature",
      "properties": {
        "OBJECTID": 29084,
        "US_NODE_ID": "2178081801",
        "DS_NODE_ID": "2178080702",
        "CONDUIT_LE": 158.3,
        "SHAPE_1": "RECT",
        "CONDUIT_WI": 4500.0,
        "CONDUIT_HE": 2000.0,
        "US_INVERT": 26.882,
        "DS_INVERT": 26.758,
        "USER_TEXT2": "Proposal",
        "SHAPE.LEN": 158.332214031131
      },
      "geometry": {
        "type": "LineString",
        "coordinates": [
          [
            278183.9000000004,
            2108813.5
          ],
          [
            278060.9000000004,
            2108713.8000000007
          ]
        ]
      }
    },
    {
      "type": "Feature",
      "properties": {
        "OBJECTID": 29223,
        "US_NODE_ID": "2178100802!",
        "DS_NODE_ID": "2178100706!",
        "CONDUIT_LE": 30.0,
        "SHAPE_1": "RECT",
        "CONDUIT_WI": 4500.0,
        "CONDUIT_HE": 1448.0,
        "US_INVERT": 28.048,
        "DS_INVERT": 28.027,
        "USER_TEXT2": "Existing",
        "SHAPE.LEN": 29.9889945416648
      },
      "geometry": {
        "type": "LineString",
        "coordinates": [
          [
            278057.6102999998,
            2110817.5494
          ],
          [
            278055.12820000015,
            2110787.6633
          ]
        ]
      }
    },
    {
      "type": "Feature",
      "properties": {
        "OBJECTID": 29224,
        "US_NODE_ID": "2178100802",
        "DS_NODE_ID": "2178100706",
        "CONDUIT_LE": 30.0,
        "SHAPE_1": "RECT",
        "CONDUIT_WI": 4500.0,
        "CONDUIT_HE": 1448.0,
        "US_INVERT": 28.048,
        "DS_INVERT": 28.027,
        "USER_TEXT2": "Existing",
        "SHAPE.LEN": 29.9889945416648
      },
      "geometry": {
        "type": "LineString",
        "coordinates": [
          [
            278057.6102999998,
            2110817.5494
          ],
          [
            278055.12820000015,
            2110787.6633
          ]
        ]
      }
    },
    {
      "type": "Feature",
      "properties": {
        "OBJECTID": 29239,
        "US_NODE_ID": "2178101701!",
        "DS_NODE_ID": "2178100709!",
        "CONDUIT_LE": 30.2,
        "SHAPE_1": "OREC",
        "CONDUIT_WI": 9600.0,
        "CONDUIT_HE": 2491.0,
        "US_INVERT": 27.327,
        "DS_INVERT": 27.301,
        "USER_TEXT2": "Existing",
        "SHAPE.LEN": 30.154320477337897
      },
      "geometry": {
        "type": "LineString",
        "coordinates": [
          [
            278102.2876000004,
            2110788.400699999
          ],
          [
            278079.1908,
            2110769.0145999994
          ]
        ]
      }
    },
    {
      "type": "Feature",
      "properties": {
        "OBJECTID": 29243,
        "US_NODE_ID": "2178101802!",
        "DS_NODE_ID": "2178101801!",
        "CONDUIT_LE": 29.9,
        "SHAPE_1": "OREC",
        "CONDUIT_WI": 9600.0,
        "CONDUIT_HE": 2365.0,
        "US_INVERT": 27.373,
        "DS_INVERT": 27.348,
        "USER_TEXT2": "Existing",
        "SHAPE.LEN": 29.8999284163023
      },
      "geometry": {
        "type": "LineString",
        "coordinates": [
          [
            278147.5491000004,
            2110827.2865999993
          ],
          [
            278124.68900000025,
            2110808.0143
          ]
        ]
      }
    },
    {
      "type": "Feature",
      "properties": {
        "OBJECTID": 29232,
        "US_NODE_ID": "2178100902",
        "DS_NODE_ID": "2178100901",
        "CONDUIT_LE": 29.8,
        "SHAPE_1": "RECT",
        "CONDUIT_WI": 4500.0,
        "CONDUIT_HE": 1697.0,
        "US_INVERT": 28.189,
        "DS_INVERT": 28.11,
        "USER_TEXT2": "Existing",
        "SHAPE.LEN": 29.8246335181172
      },
      "geometry": {
        "type": "LineString",
        "coordinates": [
          [
            278062.5965,
            2110937.0786000006
          ],
          [
            278060.86450000014,
            2110907.304300001
          ]
        ]
      }
    },
    {
      "type": "Feature",
      "properties": {
        "OBJECTID": 29348,
        "US_NODE_ID": "2178110002!",
        "DS_NODE_ID": "2178110001!",
        "CONDUIT_LE": 29.2,
        "SHAPE_1": "RECT",
        "CONDUIT_WI": 4500.0,
        "CONDUIT_HE": 1910.0,
        "US_INVERT": 28.506,
        "DS_INVERT": 28.403,
        "USER_TEXT2": "Existing",
        "SHAPE.LEN": 29.184193670547096
      },
      "geometry": {
        "type": "LineString",
        "coordinates": [
          [
            278058.4928000001,
            2111054.6636999995
          ],
          [
            278056.5401999997,
            2111025.5449
          ]
        ]
      }
    },
    {
      "type": "Feature",
      "properties": {
        "OBJECTID": 29349,
        "US_NODE_ID": "2178110002",
        "DS_NODE_ID": "2178110001",
        "CONDUIT_LE": 29.2,
        "SHAPE_1": "RECT",
        "CONDUIT_WI": 4500.0,
        "CONDUIT_HE": 1910.0,
        "US_INVERT": 28.506,
        "DS_INVERT": 28.403,
        "USER_TEXT2": "Existing",
        "SHAPE.LEN": 29.184193670547096
      },
      "geometry": {
        "type": "LineString",
        "coordinates": [
          [
            278058.4928000001,
            2111054.6636999995
          ],
          [
            278056.5401999997,
            2111025.5449
          ]
        ]
      }
    },
    {
      "type": "Feature",
      "properties": {
        "OBJECTID": 29351,
        "US_NODE_ID": "2178110003",
        "DS_NODE_ID": "2178110002",
        "CONDUIT_LE": 30.0,
        "SHAPE_1": "RECT",
        "CONDUIT_WI": 4500.0,
        "CONDUIT_HE": 1823.0,
        "US_INVERT": 28.613,
        "DS_INVERT": 28.506,
        "USER_TEXT2": "Existing",
        "SHAPE.LEN": 29.964461791262
      },
      "geometry": {
        "type": "LineString",
        "coordinates": [
          [
            278065.53079999983,
            2111083.7898999993
          ],
          [
            278058.4928000001,
            2111054.6636999995
          ]
        ]
      }
    },
    {
      "type": "Feature",
      "properties": {
        "OBJECTID": 29380,
        "US_NODE_ID": "2178110402!",
        "DS_NODE_ID": "2178110401!",
        "CONDUIT_LE": 30.0,
        "SHAPE_1": "RECT",
        "CONDUIT_WI": 3500.0,
        "CONDUIT_HE": 2110.0,
        "US_INVERT": 31.536,
        "DS_INVERT": 31.156,
        "USER_TEXT2": "Existing",
        "SHAPE.LEN": 29.963225658964
      },
      "geometry": {
        "type": "LineString",
        "coordinates": [
          [
            278035.7901999997,
            2111452.270199999
          ],
          [
            278029.20440000016,
            2111423.0396999996
          ]
        ]
      }
    },
    {
      "type": "Feature",
      "properties": {
        "OBJECTID": 29382,
        "US_NODE_ID": "2178110403!",
        "DS_NODE_ID": "2178110402!",
        "CONDUIT_LE": 30.0,
        "SHAPE_1": "RECT",
        "CONDUIT_WI": 3500.0,
        "CONDUIT_HE": 1997.0,
        "US_INVERT": 31.809,
        "DS_INVERT": 31.536,
        "USER_TEXT2": "Existing",
        "SHAPE.LEN": 29.9906576216661
      },
      "geometry": {
        "type": "LineString",
        "coordinates": [
          [
            278042.93850000016,
            2111481.3965000007
          ],
          [
            278035.7901999997,
            2111452.270199999
          ]
        ]
      }
    },
    {
      "type": "Feature",
      "properties": {
        "OBJECTID": 29383,
        "US_NODE_ID": "2178110403",
        "DS_NODE_ID": "2178110402",
        "CONDUIT_LE": 30.0,
        "SHAPE_1": "RECT",
        "CONDUIT_WI": 3500.0,
        "CONDUIT_HE": 1997.0,
        "US_INVERT": 31.809,
        "DS_INVERT": 31.536,
        "USER_TEXT2": "Existing",
        "SHAPE.LEN": 29.9906576216661
      },
      "geometry": {
        "type": "LineString",
        "coordinates": [
          [
            278042.93850000016,
            2111481.3965000007
          ],
          [
            278035.7901999997,
            2111452.270199999
          ]
        ]
      }
    },
    {
      "type": "Feature",
      "properties": {
        "OBJECTID": 29384,
        "US_NODE_ID": "2178110501!",
        "DS_NODE_ID": "2178110403!",
        "CONDUIT_LE": 28.8,
        "SHAPE_1": "RECT",
        "CONDUIT_WI": 4000.0,
        "CONDUIT_HE": 2085.0,
        "US_INVERT": 32.421,
        "DS_INVERT": 31.809,
        "USER_TEXT2": "Existing",
        "SHAPE.LEN": 28.8262802166703
      },
      "geometry": {
        "type": "LineString",
        "coordinates": [
          [
            278051.5981999999,
            2111508.8913000003
          ],
          [
            278042.93850000016,
            2111481.3965000007
          ]
        ]
      }
    },
    {
      "type": "Feature",
      "properties": {
        "OBJECTID": 29408,
        "US_NODE_ID": "2178111502!",
        "DS_NODE_ID": "2178111501!",
        "CONDUIT_LE": 30.1,
        "SHAPE_1": "RECT",
        "CONDUIT_WI": 4000.0,
        "CONDUIT_HE": 3067.0,
        "US_INVERT": 32.939,
        "DS_INVERT": 32.874,
        "USER_TEXT2": "Existing",
        "SHAPE.LEN": 30.085035424609398
      },
      "geometry": {
        "type": "LineString",
        "coordinates": [
          [
            278141.2394000003,
            2111512.3626000006
          ],
          [
            278111.35529999994,
            2111508.8913000003
          ]
        ]
      }
    },
    {
      "type": "Feature",
      "properties": {
        "OBJECTID": 29126,
        "US_NODE_ID": "2178092302",
        "DS_NODE_ID": "2178092301",
        "CONDUIT_LE": 29.7,
        "SHAPE_1": "OREC",
        "CONDUIT_WI": 3500.0,
        "CONDUIT_HE": 1694.0,
        "US_INVERT": 26.425,
        "DS_INVERT": 26.409,
        "USER_TEXT2": "Existing",
        "SHAPE.LEN": 29.6698123708257
      },
      "geometry": {
        "type": "LineString",
        "coordinates": [
          [
            278245.22059999965,
            2109349.4223999996
          ],
          [
            278216.7000000002,
            2109357.5999999996
          ]
        ]
      }
    },
    {
      "type": "Feature",
      "properties": {
        "OBJECTID": 29127,
        "US_NODE_ID": "2178092303",
        "DS_NODE_ID": "2178092302",
        "CONDUIT_LE": 30.2,
        "SHAPE_1": "OREC",
        "CONDUIT_WI": 3500.0,
        "CONDUIT_HE": 1558.0,
        "US_INVERT": 26.441,
        "DS_INVERT": 26.425,
        "USER_TEXT2": "Existing",
        "SHAPE.LEN": 30.2246010377308
      },
      "geometry": {
        "type": "LineString",
        "coordinates": [
          [
            278274.4315999998,
            2109341.660700001
          ],
          [
            278245.22059999965,
            2109349.4223999996
          ]
        ]
      }
    },
    {
      "type": "Feature",
      "properties": {
        "OBJECTID": 29246,
        "US_NODE_ID": "2178101803",
        "DS_NODE_ID": "2178101802",
        "CONDUIT_LE": 30.1,
        "SHAPE_1": "OREC",
        "CONDUIT_WI": 9600.0,
        "CONDUIT_HE": 2554.0,
        "US_INVERT": 27.404,
        "DS_INVERT": 27.373,
        "USER_TEXT2": "Existing",
        "SHAPE.LEN": 30.058054192678497
      },
      "geometry": {
        "type": "LineString",
        "coordinates": [
          [
            278170.52749999985,
            2110846.663899999
          ],
          [
            278147.5491000004,
            2110827.2865999993
          ]
        ]
      }
    },
    {
      "type": "Feature",
      "properties": {
        "OBJECTID": 29396,
        "US_NODE_ID": "2178111103!",
        "DS_NODE_ID": "2178112102!",
        "CONDUIT_LE": 21.9,
        "SHAPE_1": "OREC",
        "CONDUIT_WI": 7200.0,
        "CONDUIT_HE": 1499.0,
        "US_INVERT": 27.649,
        "DS_INVERT": 27.638,
        "USER_TEXT2": "Existing",
        "SHAPE.LEN": 21.851705969100003
      },
      "geometry": {
        "type": "LineString",
        "coordinates": [
          [
            278196.37650000025,
            2111139.8268
          ],
          [
            278202.3689000001,
            2111118.8127999995
          ]
        ]
      }
    },
    {
      "type": "Feature",
      "properties": {
        "OBJECTID": 29428,
        "US_NODE_ID": "2178112104!",
        "DS_NODE_ID": "2178112103!",
        "CONDUIT_LE": 45.5,
        "SHAPE_1": "OREC",
        "CONDUIT_WI": 4800.0,
        "CONDUIT_HE": 1436.0,
        "US_INVERT": 27.699,
        "DS_INVERT": 27.688,
        "USER_TEXT2": "Existing",
        "SHAPE.LEN": 45.4716704449045
      },
      "geometry": {
        "type": "LineString",
        "coordinates": [
          [
            278258.5647999998,
            2111161.1909
          ],
          [
            278215.06400000025,
            2111147.9487999994
          ]
        ]
      }
    },
    {
      "type": "Feature",
      "properties": {
        "OBJECTID": 29142,
        "US_NODE_ID": "2178093005",
        "DS_NODE_ID": "2178093004",
        "CONDUIT_LE": 18.1,
        "SHAPE_1": "OREC",
        "CONDUIT_WI": 4000.0,
        "CONDUIT_HE": 2422.0,
        "US_INVERT": 26.557,
        "DS_INVERT": 26.542,
        "USER_TEXT2": "Existing",
        "SHAPE.LEN": 18.082135973662
      },
      "geometry": {
        "type": "LineString",
        "coordinates": [
          [
            278331.9846000001,
            2109076.0012
          ],
          [
            278313.9422000004,
            2109074.803099999
          ]
        ]
      }
    },
    {
      "type": "Feature",
      "properties": {
        "OBJECTID": 29461,
        "US_NODE_ID": "2178114501",
        "DS_NODE_ID": "2178113502",
        "CONDUIT_LE": 81.2,
        "SHAPE_1": "OREC",
        "CONDUIT_WI": 7000.0,
        "CONDUIT_HE": 4501.0,
        "US_INVERT": 28.307,
        "DS_INVERT": 28.226,
        "USER_TEXT2": "Existing",
        "SHAPE.LEN": 81.2442422705757
      },
      "geometry": {
        "type": "LineString",
        "coordinates": [
          [
            278411.5159,
            2111565.1492999997
          ],
          [
            278337.03029999975,
            2111532.706700001
          ]
        ]
      }
    },
    {
      "type": "Feature",
      "properties": {
        "OBJECTID": 29172,
        "US_NODE_ID": "2178095001",
        "DS_NODE_ID": "2178094001",
        "CONDUIT_LE": 139.3,
        "SHAPE_1": "RECT",
        "CONDUIT_WI": 4000.0,
        "CONDUIT_HE": 1500.0,
        "US_INVERT": 27.5,
        "DS_INVERT": 27.417,
        "USER_TEXT2": "Proposal",
        "SHAPE.LEN": 139.269522868429
      },
      "geometry": {
        "type": "LineString",
        "coordinates": [
          [
            278582.0999999996,
            2109094.9000000004
          ],
          [
            278468.0999999996,
            2109014.9000000004
          ]
        ]
      }
    },
    {
      "type": "Feature",
      "properties": {
        "OBJECTID": 29175,
        "US_NODE_ID": "2178095203",
        "DS_NODE_ID": "2178094202",
        "CONDUIT_LE": 35.3,
        "SHAPE_1": "OREC",
        "CONDUIT_WI": 3796.0,
        "CONDUIT_HE": 2410.0,
        "US_INVERT": 26.729,
        "DS_INVERT": 26.711,
        "USER_TEXT2": "Existing",
        "SHAPE.LEN": 35.2631966448024
      },
      "geometry": {
        "type": "LineString",
        "coordinates": [
          [
            278512.25129999965,
            2109282.0798000004
          ],
          [
            278477.80319999997,
            2109289.617799999
          ]
        ]
      }
    },
    {
      "type": "Feature",
      "properties": {
        "OBJECTID": 29171,
        "US_NODE_ID": "2178094901",
        "DS_NODE_ID": "2178095901",
        "CONDUIT_LE": 30.7,
        "SHAPE_1": "OREC",
        "CONDUIT_WI": 5000.0,
        "CONDUIT_HE": 2040.0,
        "US_INVERT": 26.073,
        "DS_INVERT": 26.052,
        "USER_TEXT2": "Existing",
        "SHAPE.LEN": 30.733206796558
      },
      "geometry": {
        "type": "LineString",
        "coordinates": [
          [
            278493.4000000004,
            2109924.9000000004
          ],
          [
            278510.0999999996,
            2109950.6999999993
          ]
        ]
      }
    },
    {
      "type": "Feature",
      "properties": {
        "OBJECTID": 29261,
        "US_NODE_ID": "2178104301!",
        "DS_NODE_ID": "2178104401!",
        "CONDUIT_LE": 90.2,
        "SHAPE_1": "OREC",
        "CONDUIT_WI": 15000.0,
        "CONDUIT_HE": 2287.0,
        "US_INVERT": 26.011,
        "DS_INVERT": 26.005,
        "USER_TEXT2": "Proposal",
        "SHAPE.LEN": 90.1800975825598
      },
      "geometry": {
        "type": "LineString",
        "coordinates": [
          [
            278406.9000000004,
            2110387.6999999993
          ],
          [
            278476.7000000002,
            2110444.8000000007
          ]
        ]
      }
    },
    {
      "type": "Feature",
      "properties": {
        "OBJECTID": 29263,
        "US_NODE_ID": "2178104401!",
        "DS_NODE_ID": "2178105401!",
        "CONDUIT_LE": 62.4,
        "SHAPE_1": "OREC",
        "CONDUIT_WI": 15000.0,
        "CONDUIT_HE": 2365.0,
        "US_INVERT": 26.005,
        "DS_INVERT": 26.001,
        "USER_TEXT2": "Proposal",
        "SHAPE.LEN": 62.3609653549398
      },
      "geometry": {
        "type": "LineString",
        "coordinates": [
          [
            278476.7000000002,
            2110444.8000000007
          ],
          [
            278525.2000000002,
            2110484
          ]
        ]
      }
    },
    {
      "type": "Feature",
      "properties": {
        "OBJECTID": 29463,
        "US_NODE_ID": "2178114502",
        "DS_NODE_ID": "2178114501",
        "CONDUIT_LE": 27.0,
        "SHAPE_1": "OREC",
        "CONDUIT_WI": 7000.0,
        "CONDUIT_HE": 3474.0,
        "US_INVERT": 28.334,
        "DS_INVERT": 28.307,
        "USER_TEXT2": "Existing",
        "SHAPE.LEN": 27.042903939111298
      },
      "geometry": {
        "type": "LineString",
        "coordinates": [
          [
            278437.8114,
            2111571.463199999
          ],
          [
            278411.5159,
            2111565.1492999997
          ]
        ]
      }
    },
    {
      "type": "Feature",
      "properties": {
        "OBJECTID": 22448,
        "US_NODE_ID": "2174092201",
        "DS_NODE_ID": "2174092202",
        "CONDUIT_LE": 30.1,
        "SHAPE_1": "OREC",
        "CONDUIT_WI": 60000.0,
        "CONDUIT_HE": 5103.0,
        "US_INVERT": 23.195,
        "DS_INVERT": 23.184,
        "USER_TEXT2": "Existing",
        "SHAPE.LEN": 30.1039864469807
      },
      "geometry": {
        "type": "LineString",
        "coordinates": [
          [
            274273.5,
            2109281.3000000007
          ],
          [
            274286.4000000004,
            2109254.0999999996
          ]
        ]
      }
    },
    {
      "type": "Feature",
      "properties": {
        "OBJECTID": 22465,
        "US_NODE_ID": "2174093501",
        "DS_NODE_ID": "2174092501",
        "CONDUIT_LE": 82.7,
        "SHAPE_1": "OREC",
        "CONDUIT_WI": 1500.0,
        "CONDUIT_HE": 2000.0,
        "US_INVERT": 25.264,
        "DS_INVERT": 25.158,
        "USER_TEXT2": "Existing",
        "SHAPE.LEN": 82.68300913730701
      },
      "geometry": {
        "type": "LineString",
        "coordinates": [
          [
            274339.7000000002,
            2109557.3000000007
          ],
          [
            274266.9000000004,
            2109596.5
          ]
        ]
      }
    },
    {
      "type": "Feature",
      "properties": {
        "OBJECTID": 22513,
        "US_NODE_ID": "2174102706",
        "DS_NODE_ID": "2174102705",
        "CONDUIT_LE": 21.2,
        "SHAPE_1": "RECT",
        "CONDUIT_WI": 1500.0,
        "CONDUIT_HE": 1500.0,
        "US_INVERT": 27.0,
        "DS_INVERT": 26.864,
        "USER_TEXT2": "Existing",
        "SHAPE.LEN": 21.246176126541002
      },
      "geometry": {
        "type": "LineString",
        "coordinates": [
          [
            274294.2999999998,
            2110775.0999999996
          ],
          [
            274289.0999999996,
            2110754.5
          ]
        ]
      }
    },
    {
      "type": "Feature",
      "properties": {
        "OBJECTID": 22463,
        "US_NODE_ID": "2174093103",
        "DS_NODE_ID": "2174093104",
        "CONDUIT_LE": 30.0,
        "SHAPE_1": "OREC",
        "CONDUIT_WI": 62000.0,
        "CONDUIT_HE": 4982.0,
        "US_INVERT": 23.138,
        "DS_INVERT": 23.126,
        "USER_TEXT2": "Existing",
        "SHAPE.LEN": 29.966814979240002
      },
      "geometry": {
        "type": "LineString",
        "coordinates": [
          [
            274343.0999999996,
            2109149.0999999996
          ],
          [
            274358,
            2109123.0999999996
          ]
        ]
      }
    },
    {
      "type": "Feature",
      "properties": {
        "OBJECTID": 22470,
        "US_NODE_ID": "2174094403",
        "DS_NODE_ID": "2174094401",
        "CONDUIT_LE": 90.4,
        "SHAPE_1": "OREC",
        "CONDUIT_WI": 1500.0,
        "CONDUIT_HE": 2000.0,
        "US_INVERT": 25.508,
        "DS_INVERT": 25.392,
        "USER_TEXT2": "Existing",
        "SHAPE.LEN": 90.3812480551137
      },
      "geometry": {
        "type": "LineString",
        "coordinates": [
          [
            274477,
            2109425.5999999996
          ],
          [
            274415.9000000004,
            2109492.1999999993
          ]
        ]
      }
    },
    {
      "type": "Feature",
      "properties": {
        "OBJECTID": 22519,
        "US_NODE_ID": "2174104002",
        "DS_NODE_ID": "2174104001",
        "CONDUIT_LE": 70.4,
        "SHAPE_1": "RECT",
        "CONDUIT_WI": 3000.0,
        "CONDUIT_HE": 1500.0,
        "US_INVERT": 26.471,
        "DS_INVERT": 26.323,
        "USER_TEXT2": "Proposal",
        "SHAPE.LEN": 70.3736456352803
      },
      "geometry": {
        "type": "LineString",
        "coordinates": [
          [
            274480.7000000002,
            2110031.8000000007
          ],
          [
            274410.5999999996,
            2110025.5999999996
          ]
        ]
      }
    },
    {
      "type": "Feature",
      "properties": {
        "OBJECTID": 22471,
        "US_NODE_ID": "2174094403",
        "DS_NODE_ID": "2174094402",
        "CONDUIT_LE": 16.4,
        "SHAPE_1": "OREC",
        "CONDUIT_WI": 1500.0,
        "CONDUIT_HE": 2000.0,
        "US_INVERT": 25.508,
        "DS_INVERT": 25.487,
        "USER_TEXT2": "Existing",
        "SHAPE.LEN": 16.3526756220504
      },
      "geometry": {
        "type": "LineString",
        "coordinates": [
          [
            274477,
            2109425.5999999996
          ],
          [
            274466,
            2109413.5
          ]
        ]
      }
    },
    {
      "type": "Feature",
      "properties": {
        "OBJECTID": 22534,
        "US_NODE_ID": "2174105603",
        "DS_NODE_ID": "2174105602",
        "CONDUIT_LE": 49.9,
        "SHAPE_1": "RECT",
        "CONDUIT_WI": 1500.0,
        "CONDUIT_HE": 1500.0,
        "US_INVERT": 25.621,
        "DS_INVERT": 25.131,
        "USER_TEXT2": "Existing",
        "SHAPE.LEN": 49.9092175855322
      },
      "geometry": {
        "type": "LineString",
        "coordinates": [
          [
            274539.2999999998,
            2110657.4000000004
          ],
          [
            274517.0999999996,
            2110612.6999999993
          ]
        ]
      }
    },
    {
      "type": "Feature",
      "properties": {
        "OBJECTID": 22523,
        "US_NODE_ID": "2174104701",
        "DS_NODE_ID": "2174104702",
        "CONDUIT_LE": 40.8,
        "SHAPE_1": "RECT",
        "CONDUIT_WI": 2000.0,
        "CONDUIT_HE": 1500.0,
        "US_INVERT": 26.888,
        "DS_INVERT": 26.607,
        "USER_TEXT2": "Existing",
        "SHAPE.LEN": 40.76824744822859
      },
      "geometry": {
        "type": "LineString",
        "coordinates": [
          [
            274462,
            2110794.5
          ],
          [
            274495.0999999996,
            2110770.6999999993
          ]
        ]
      }
    },
    {
      "type": "Feature",
      "properties": {
        "OBJECTID": 22530,
        "US_NODE_ID": "2174104903",
        "DS_NODE_ID": "2174104901",
        "CONDUIT_LE": 39.4,
        "SHAPE_1": "RECT",
        "CONDUIT_WI": 2000.0,
        "CONDUIT_HE": 1500.0,
        "US_INVERT": 28.586,
        "DS_INVERT": 28.296,
        "USER_TEXT2": "Existing",
        "SHAPE.LEN": 39.422075034173396
      },
      "geometry": {
        "type": "LineString",
        "coordinates": [
          [
            274499.7999999998,
            2110922.4000000004
          ],
          [
            274466.5,
            2110901.3000000007
          ]
        ]
      }
    },
    {
      "type": "Feature",
      "properties": {
        "OBJECTID": 24905,
        "US_NODE_ID": "2175101504",
        "DS_NODE_ID": "2175101401",
        "CONDUIT_LE": 28.2,
        "SHAPE_1": "RECT",
        "CONDUIT_WI": 4000.0,
        "CONDUIT_HE": 1500.0,
        "US_INVERT": 27.334,
        "DS_INVERT": 27.28,
        "USER_TEXT2": "Proposal",
        "SHAPE.LEN": 28.1561671372366
      },
      "geometry": {
        "type": "LineString",
        "coordinates": [
          [
            275128.37689999957,
            2110503.3658000007
          ],
          [
            275152.4863999998,
            2110488.8226999994
          ]
        ]
      }
    },
    {
      "type": "Feature",
      "properties": {
        "OBJECTID": 24907,
        "US_NODE_ID": "2175101602",
        "DS_NODE_ID": "2175101601",
        "CONDUIT_LE": 1.5,
        "SHAPE_1": "RECT",
        "CONDUIT_WI": 2000.0,
        "CONDUIT_HE": 1209.0,
        "US_INVERT": 29.592,
        "DS_INVERT": 29.503,
        "USER_TEXT2": "Existing",
        "SHAPE.LEN": 1.5147764356498299
      },
      "geometry": {
        "type": "LineString",
        "coordinates": [
          [
            275124.73029999994,
            2110618.380999999
          ],
          [
            275124.02660000045,
            2110617.0396
          ]
        ]
      }
    },
    {
      "type": "Feature",
      "properties": {
        "OBJECTID": 24921,
        "US_NODE_ID": "2175102401",
        "DS_NODE_ID": "2175102402",
        "CONDUIT_LE": 30.4,
        "SHAPE_1": "RECT",
        "CONDUIT_WI": 4000.0,
        "CONDUIT_HE": 1500.0,
        "US_INVERT": 27.114,
        "DS_INVERT": 27.056,
        "USER_TEXT2": "Proposal",
        "SHAPE.LEN": 30.4121365227766
      },
      "geometry": {
        "type": "LineString",
        "coordinates": [
          [
            275205.9818000002,
            2110434.4891999997
          ],
          [
            275231.5999999996,
            2110418.0999999996
          ]
        ]
      }
    },
    {
      "type": "Feature",
      "properties": {
        "OBJECTID": 24910,
        "US_NODE_ID": "2175101605",
        "DS_NODE_ID": "2175101604",
        "CONDUIT_LE": 29.9,
        "SHAPE_1": "OREC",
        "CONDUIT_WI": 2585.0,
        "CONDUIT_HE": 632.0,
        "US_INVERT": 29.888,
        "DS_INVERT": 29.787,
        "USER_TEXT2": "Existing",
        "SHAPE.LEN": 29.891061763845098
      },
      "geometry": {
        "type": "LineString",
        "coordinates": [
          [
            275155.5438000001,
            2110679.0407999996
          ],
          [
            275141.27020000014,
            2110652.777899999
          ]
        ]
      }
    },
    {
      "type": "Feature",
      "properties": {
        "OBJECTID": 24923,
        "US_NODE_ID": "2175102701",
        "DS_NODE_ID": "2175101703",
        "CONDUIT_LE": 13.7,
        "SHAPE_1": "RECT",
        "CONDUIT_WI": 2000.0,
        "CONDUIT_HE": 2308.0,
        "US_INVERT": 30.452,
        "DS_INVERT": 30.397,
        "USER_TEXT2": "Existing",
        "SHAPE.LEN": 13.728696180628399
      },
      "geometry": {
        "type": "LineString",
        "coordinates": [
          [
            275202.85450000037,
            2110770.3211000003
          ],
          [
            275196.6524,
            2110758.0732000005
          ]
        ]
      }
    },
    {
      "type": "Feature",
      "properties": {
        "OBJECTID": 24930,
        "US_NODE_ID": "2175103102",
        "DS_NODE_ID": "2175103105",
        "CONDUIT_LE": 29.2,
        "SHAPE_1": "OREC",
        "CONDUIT_WI": 4000.0,
        "CONDUIT_HE": 1500.0,
        "US_INVERT": 26.502,
        "DS_INVERT": 26.446,
        "USER_TEXT2": "Proposal",
        "SHAPE.LEN": 29.2063596995586
      },
      "geometry": {
        "type": "LineString",
        "coordinates": [
          [
            275328.39910000004,
            2110159.7646999992
          ],
          [
            275357.5999999996,
            2110159.1999999993
          ]
        ]
      }
    },
    {
      "type": "Feature",
      "properties": {
        "OBJECTID": 24865,
        "US_NODE_ID": "2175085504",
        "DS_NODE_ID": "2175085505",
        "CONDUIT_LE": 17.4,
        "SHAPE_1": "OREC",
        "CONDUIT_WI": 5000.0,
        "CONDUIT_HE": 1356.0,
        "US_INVERT": 26.532,
        "DS_INVERT": 26.399,
        "USER_TEXT2": "Existing",
        "SHAPE.LEN": 17.3801245778044
      },
      "geometry": {
        "type": "LineString",
        "coordinates": [
          [
            275567.09619999956,
            2108568.8851999994
          ],
          [
            275584.07650000043,
            2108572.5917000007
          ]
        ]
      }
    },
    {
      "type": "Feature",
      "properties": {
        "OBJECTID": 24875,
        "US_NODE_ID": "2175087201",
        "DS_NODE_ID": "2175086302",
        "CONDUIT_LE": 67.2,
        "SHAPE_1": "OREC",
        "CONDUIT_WI": 3000.0,
        "CONDUIT_HE": 1500.0,
        "US_INVERT": 24.737,
        "DS_INVERT": 24.596,
        "USER_TEXT2": "Proposal",
        "SHAPE.LEN": 67.2324326497264
      },
      "geometry": {
        "type": "LineString",
        "coordinates": [
          [
            275719,
            2108274.5
          ],
          [
            275663.4000000004,
            2108312.3000000007
          ]
        ]
      }
    },
    {
      "type": "Feature",
      "properties": {
        "OBJECTID": 24872,
        "US_NODE_ID": "2175086502",
        "DS_NODE_ID": "2175086503",
        "CONDUIT_LE": 26.8,
        "SHAPE_1": "OREC",
        "CONDUIT_WI": 5000.0,
        "CONDUIT_HE": 1704.0,
        "US_INVERT": 26.104,
        "DS_INVERT": 25.9,
        "USER_TEXT2": "Existing",
        "SHAPE.LEN": 26.8087168320306
      },
      "geometry": {
        "type": "LineString",
        "coordinates": [
          [
            275621.7095999997,
            2108581.7046000008
          ],
          [
            275647.3119000001,
            2108573.7529000007
          ]
        ]
      }
    },
    {
      "type": "Feature",
      "properties": {
        "OBJECTID": 24877,
        "US_NODE_ID": "2175087801",
        "DS_NODE_ID": "2175087802",
        "CONDUIT_LE": 31.5,
        "SHAPE_1": "OREC",
        "CONDUIT_WI": 2000.0,
        "CONDUIT_HE": 1266.0,
        "US_INVERT": 26.692,
        "DS_INVERT": 26.536,
        "USER_TEXT2": "Existing",
        "SHAPE.LEN": 31.495425832015698
      },
      "geometry": {
        "type": "LineString",
        "coordinates": [
          [
            275700.0574000003,
            2108822.849199999
          ],
          [
            275727.2427000003,
            2108806.945699999
          ]
        ]
      }
    },
    {
      "type": "Feature",
      "properties": {
        "OBJECTID": 24969,
        "US_NODE_ID": "2175107503",
        "DS_NODE_ID": "2175107505",
        "CONDUIT_LE": 14.7,
        "SHAPE_1": "OREC",
        "CONDUIT_WI": 2000.0,
        "CONDUIT_HE": 1879.0,
        "US_INVERT": 26.97,
        "DS_INVERT": 26.9,
        "USER_TEXT2": "Existing",
        "SHAPE.LEN": 14.7274838271851
      },
      "geometry": {
        "type": "LineString",
        "coordinates": [
          [
            275733.2756000003,
            2110598.7588
          ],
          [
            275745.8443999998,
            2110591.0825999994
          ]
        ]
      }
    },
    {
      "type": "Feature",
      "properties": {
        "OBJECTID": 24962,
        "US_NODE_ID": "2175106606",
        "DS_NODE_ID": "2175107601",
        "CONDUIT_LE": 20.1,
        "SHAPE_1": "OREC",
        "CONDUIT_WI": 2000.0,
        "CONDUIT_HE": 1718.0,
        "US_INVERT": 27.49,
        "DS_INVERT": 27.3,
        "USER_TEXT2": "Existing",
        "SHAPE.LEN": 20.1097550387865
      },
      "geometry": {
        "type": "LineString",
        "coordinates": [
          [
            275690.96559999976,
            2110652.252800001
          ],
          [
            275705.3722000001,
            2110638.2224000003
          ]
        ]
      }
    },
    {
      "type": "Feature",
      "properties": {
        "OBJECTID": 24886,
        "US_NODE_ID": "2175088402",
        "DS_NODE_ID": "2175088401",
        "CONDUIT_LE": 11.9,
        "SHAPE_1": "RECT",
        "CONDUIT_WI": 5000.0,
        "CONDUIT_HE": 2923.0,
        "US_INVERT": 25.084,
        "DS_INVERT": 25.075,
        "USER_TEXT2": "Proposal",
        "SHAPE.LEN": 11.9364986491014
      },
      "geometry": {
        "type": "LineString",
        "coordinates": [
          [
            275819,
            2108415.8000000007
          ],
          [
            275812.7999999998,
            2108405.5999999996
          ]
        ]
      }
    },
    {
      "type": "Feature",
      "properties": {
        "OBJECTID": 24880,
        "US_NODE_ID": "2175088302",
        "DS_NODE_ID": "2175088301",
        "CONDUIT_LE": 25.8,
        "SHAPE_1": "RECT",
        "CONDUIT_WI": 3500.0,
        "CONDUIT_HE": 2308.0,
        "US_INVERT": 25.191,
        "DS_INVERT": 25.13,
        "USER_TEXT2": "Proposal",
        "SHAPE.LEN": 25.784103629950003
      },
      "geometry": {
        "type": "LineString",
        "coordinates": [
          [
            275854.9000000004,
            2108381.9000000004
          ],
          [
            275834,
            2108397
          ]
        ]
      }
    },
    {
      "type": "Feature",
      "properties": {
        "OBJECTID": 24998,
        "US_NODE_ID": "2175117301",
        "DS_NODE_ID": "2175118201",
        "CONDUIT_LE": 7.8,
        "SHAPE_1": "OREC",
        "CONDUIT_WI": 2500.0,
        "CONDUIT_HE": 1399.0,
        "US_INVERT": 27.799,
        "DS_INVERT": 27.779,
        "USER_TEXT2": "Existing",
        "SHAPE.LEN": 7.779460135510689
      },
      "geometry": {
        "type": "LineString",
        "coordinates": [
          [
            275799.7999999998,
            2111300.0999999996
          ],
          [
            275805.4000000004,
            2111294.6999999993
          ]
        ]
      }
    },
    {
      "type": "Feature",
      "properties": {
        "OBJECTID": 25005,
        "US_NODE_ID": "2175118302",
        "DS_NODE_ID": "2175118303",
        "CONDUIT_LE": 18.7,
        "SHAPE_1": "OREC",
        "CONDUIT_WI": 2000.0,
        "CONDUIT_HE": 1254.0,
        "US_INVERT": 27.894,
        "DS_INVERT": 27.844,
        "USER_TEXT2": "Existing",
        "SHAPE.LEN": 18.7010694881336
      },
      "geometry": {
        "type": "LineString",
        "coordinates": [
          [
            275807.2000000002,
            2111334.1999999993
          ],
          [
            275807.4000000004,
            2111315.5
          ]
        ]
      }
    },
    {
      "type": "Feature",
      "properties": {
        "OBJECTID": 24891,
        "US_NODE_ID": "2175089503",
        "DS_NODE_ID": "2175089401",
        "CONDUIT_LE": 106.6,
        "SHAPE_1": "OREC",
        "CONDUIT_WI": 3500.0,
        "CONDUIT_HE": 1892.0,
        "US_INVERT": 25.607,
        "DS_INVERT": 25.413,
        "USER_TEXT2": "Proposal",
        "SHAPE.LEN": 106.576263773882
      },
      "geometry": {
        "type": "LineString",
        "coordinates": [
          [
            275981.5999999996,
            2108550.3000000007
          ],
          [
            275919.9000000004,
            2108463.4000000004
          ]
        ]
      }
    },
    {
      "type": "Feature",
      "properties": {
        "OBJECTID": 24893,
        "US_NODE_ID": "2175089701",
        "DS_NODE_ID": "2175088701",
        "CONDUIT_LE": 74.1,
        "SHAPE_1": "OREC",
        "CONDUIT_WI": 3500.0,
        "CONDUIT_HE": 2235.0,
        "US_INVERT": 25.645,
        "DS_INVERT": 25.5,
        "USER_TEXT2": "Proposal",
        "SHAPE.LEN": 74.0800242980522
      },
      "geometry": {
        "type": "LineString",
        "coordinates": [
          [
            275963.5999999996,
            2108762.9000000004
          ],
          [
            275896,
            2108793.1999999993
          ]
        ]
      }
    },
    {
      "type": "Feature",
      "properties": {
        "OBJECTID": 24989,
        "US_NODE_ID": "2175108605",
        "DS_NODE_ID": "2175109601",
        "CONDUIT_LE": 15.7,
        "SHAPE_1": "OREC",
        "CONDUIT_WI": 2000.0,
        "CONDUIT_HE": 1688.0,
        "US_INVERT": 26.52,
        "DS_INVERT": 26.5,
        "USER_TEXT2": "Existing",
        "SHAPE.LEN": 15.7447664996976
      },
      "geometry": {
        "type": "LineString",
        "coordinates": [
          [
            275888.8191999998,
            2110639.7633999996
          ],
          [
            275903.9274000004,
            2110635.331700001
          ]
        ]
      }
    },
    {
      "type": "Feature",
      "properties": {
        "OBJECTID": 25008,
        "US_NODE_ID": "2175119202",
        "DS_NODE_ID": "2175119203",
        "CONDUIT_LE": 31.1,
        "SHAPE_1": "OREC",
        "CONDUIT_WI": 4794.0,
        "CONDUIT_HE": 1822.0,
        "US_INVERT": 27.45,
        "DS_INVERT": 27.413,
        "USER_TEXT2": "Existing",
        "SHAPE.LEN": 31.123624467597004
      },
      "geometry": {
        "type": "LineString",
        "coordinates": [
          [
            275946.7000000002,
            2111224.0999999996
          ],
          [
            275975.5,
            2111212.3000000007
          ]
        ]
      }
    },
    {
      "type": "Feature",
      "properties": {
        "OBJECTID": 26759,
        "US_NODE_ID": "2176080602",
        "DS_NODE_ID": "2176080701",
        "CONDUIT_LE": 79.1,
        "SHAPE_1": "RECT",
        "CONDUIT_WI": 3000.0,
        "CONDUIT_HE": 1500.0,
        "US_INVERT": 25.929,
        "DS_INVERT": 25.775,
        "USER_TEXT2": "Proposal",
        "SHAPE.LEN": 79.0589653360073
      },
      "geometry": {
        "type": "LineString",
        "coordinates": [
          [
            276089.2999999998,
            2108689.9000000004
          ],
          [
            276022.7000000002,
            2108732.5
          ]
        ]
      }
    },
    {
      "type": "Feature",
      "properties": {
        "OBJECTID": 26934,
        "US_NODE_ID": "2176110104",
        "DS_NODE_ID": "2176111101",
        "CONDUIT_LE": 29.8,
        "SHAPE_1": "OREC",
        "CONDUIT_WI": 6511.0,
        "CONDUIT_HE": 1944.0,
        "US_INVERT": 27.161,
        "DS_INVERT": 27.098,
        "USER_TEXT2": "Existing",
        "SHAPE.LEN": 29.829683203145198
      },
      "geometry": {
        "type": "LineString",
        "coordinates": [
          [
            276082.5,
            2111157.9000000004
          ],
          [
            276109.0999999996,
            2111144.4000000004
          ]
        ]
      }
    },
    {
      "type": "Feature",
      "properties": {
        "OBJECTID": 26942,
        "US_NODE_ID": "2176111401",
        "DS_NODE_ID": "2176112201",
        "CONDUIT_LE": 253.6,
        "SHAPE_1": "OREC",
        "CONDUIT_WI": 2000.0,
        "CONDUIT_HE": 2024.0,
        "US_INVERT": 26.825,
        "DS_INVERT": 26.572,
        "USER_TEXT2": "Proposal",
        "SHAPE.LEN": 253.56849173349602
      },
      "geometry": {
        "type": "LineString",
        "coordinates": [
          [
            276103.2999999998,
            2111422.8000000007
          ],
          [
            276282.5999999996,
            2111243.5
          ]
        ]
      }
    },
    {
      "type": "Feature",
      "properties": {
        "OBJECTID": 26830,
        "US_NODE_ID": "2176093301",
        "DS_NODE_ID": "2176093201",
        "CONDUIT_LE": 114.5,
        "SHAPE_1": "RECT",
        "CONDUIT_WI": 5000.0,
        "CONDUIT_HE": 1923.0,
        "US_INVERT": 25.927,
        "DS_INVERT": 25.841,
        "USER_TEXT2": "Proposal",
        "SHAPE.LEN": 114.45457614267801
      },
      "geometry": {
        "type": "LineString",
        "coordinates": [
          [
            276347.2000000002,
            2109395.8000000007
          ],
          [
            276307.0999999996,
            2109288.5999999996
          ]
        ]
      }
    },
    {
      "type": "Feature",
      "properties": {
        "OBJECTID": 26832,
        "US_NODE_ID": "2176093501",
        "DS_NODE_ID": "2176092502",
        "CONDUIT_LE": 88.9,
        "SHAPE_1": "RECT",
        "CONDUIT_WI": 3000.0,
        "CONDUIT_HE": 1500.0,
        "US_INVERT": 26.5,
        "DS_INVERT": 26.137,
        "USER_TEXT2": "Proposal",
        "SHAPE.LEN": 88.94071058857129
      },
      "geometry": {
        "type": "LineString",
        "coordinates": [
          [
            276361.0999999996,
            2109536.3000000007
          ],
          [
            276273,
            2109548.5
          ]
        ]
      }
    },
    {
      "type": "Feature",
      "properties": {
        "OBJECTID": 26874,
        "US_NODE_ID": "2176103101",
        "DS_NODE_ID": "2176102101",
        "CONDUIT_LE": 23.8,
        "SHAPE_1": "OREC",
        "CONDUIT_WI": 3000.0,
        "CONDUIT_HE": 2931.0,
        "US_INVERT": 25.738,
        "DS_INVERT": 25.606,
        "USER_TEXT2": "Proposal",
        "SHAPE.LEN": 23.8455744317453
      },
      "geometry": {
        "type": "LineString",
        "coordinates": [
          [
            276309.5999999996,
            2110146.5999999996
          ],
          [
            276287.69039999973,
            2110153.4277
          ],
          [
            276287,
            2110154
          ]
        ]
      }
    },
    {
      "type": "Feature",
      "properties": {
        "OBJECTID": 26886,
        "US_NODE_ID": "2176104601",
        "DS_NODE_ID": "2176102501",
        "CONDUIT_LE": 150.0,
        "SHAPE_1": "RECT",
        "CONDUIT_WI": 5000.0,
        "CONDUIT_HE": 1940.0,
        "US_INVERT": 26.774,
        "DS_INVERT": 26.474,
        "USER_TEXT2": "Proposal",
        "SHAPE.LEN": 150.03402058256702
      },
      "geometry": {
        "type": "LineString",
        "coordinates": [
          [
            276429.4000000004,
            2110619.6999999993
          ],
          [
            276290.35589999985,
            2110563.3356
          ]
        ]
      }
    },
    {
      "type": "Feature",
      "properties": {
        "OBJECTID": 26945,
        "US_NODE_ID": "2176112002",
        "DS_NODE_ID": "2176112003",
        "CONDUIT_LE": 30.2,
        "SHAPE_1": "OREC",
        "CONDUIT_WI": 6511.0,
        "CONDUIT_HE": 2356.0,
        "US_INVERT": 26.783,
        "DS_INVERT": 26.72,
        "USER_TEXT2": "Existing",
        "SHAPE.LEN": 30.1654491009168
      },
      "geometry": {
        "type": "LineString",
        "coordinates": [
          [
            276242.5965,
            2111076.5439
          ],
          [
            276269.5,
            2111062.9000000004
          ]
        ]
      }
    },
    {
      "type": "Feature",
      "properties": {
        "OBJECTID": 26954,
        "US_NODE_ID": "2176113101",
        "DS_NODE_ID": "2176114101",
        "CONDUIT_LE": 106.6,
        "SHAPE_1": "OREC",
        "CONDUIT_WI": 2000.0,
        "CONDUIT_HE": 4919.0,
        "US_INVERT": 26.5,
        "DS_INVERT": 26.298,
        "USER_TEXT2": "Proposal",
        "SHAPE.LEN": 106.63764786886401
      },
      "geometry": {
        "type": "LineString",
        "coordinates": [
          [
            276332.2000000002,
            2111191.8000000007
          ],
          [
            276357.6942999996,
            2111167.1997999996
          ],
          [
            276407.9000000004,
            2111116.6999999993
          ]
        ]
      }
    },
    {
      "type": "Feature",
      "properties": {
        "OBJECTID": 26841,
        "US_NODE_ID": "2176094202",
        "DS_NODE_ID": "2176094201",
        "CONDUIT_LE": 50.3,
        "SHAPE_1": "RECT",
        "CONDUIT_WI": 3000.0,
        "CONDUIT_HE": 4470.0,
        "US_INVERT": 26.614,
        "DS_INVERT": 26.516,
        "USER_TEXT2": "Proposal",
        "SHAPE.LEN": 50.2896609652521
      },
      "geometry": {
        "type": "LineString",
        "coordinates": [
          [
            276454.2999999998,
            2109256.4000000004
          ],
          [
            276417.9000000004,
            2109221.6999999993
          ]
        ]
      }
    },
    {
      "type": "Feature",
      "properties": {
        "OBJECTID": 26845,
        "US_NODE_ID": "2176094901",
        "DS_NODE_ID": "2176093904",
        "CONDUIT_LE": 28.9,
        "SHAPE_1": "RECT",
        "CONDUIT_WI": 1500.0,
        "CONDUIT_HE": 1500.0,
        "US_INVERT": 25.518,
        "DS_INVERT": 25.418,
        "USER_TEXT2": "Proposal",
        "SHAPE.LEN": 28.8778461800737
      },
      "geometry": {
        "type": "LineString",
        "coordinates": [
          [
            276406.2000000002,
            2109941.5
          ],
          [
            276377.5,
            2109944.6999999993
          ]
        ]
      }
    },
    {
      "type": "Feature",
      "properties": {
        "OBJECTID": 26879,
        "US_NODE_ID": "2176104003",
        "DS_NODE_ID": "2176104002",
        "CONDUIT_LE": 64.5,
        "SHAPE_1": "RECT",
        "CONDUIT_WI": 5000.0,
        "CONDUIT_HE": 1303.0,
        "US_INVERT": 26.791,
        "DS_INVERT": 26.704,
        "USER_TEXT2": "Proposal",
        "SHAPE.LEN": 64.5489736556671
      },
      "geometry": {
        "type": "LineString",
        "coordinates": [
          [
            276447.5,
            2110069.9000000004
          ],
          [
            276439.9000000004,
            2110005.8000000007
          ]
        ]
      }
    },
    {
      "type": "Feature",
      "properties": {
        "OBJECTID": 26893,
        "US_NODE_ID": "2176105103",
        "DS_NODE_ID": "2176105102",
        "CONDUIT_LE": 55.4,
        "SHAPE_1": "RECT",
        "CONDUIT_WI": 2000.0,
        "CONDUIT_HE": 2000.0,
        "US_INVERT": 29.485,
        "DS_INVERT": 28.0,
        "USER_TEXT2": "Proposal",
        "SHAPE.LEN": 55.4436831783441
      },
      "geometry": {
        "type": "LineString",
        "coordinates": [
          [
            276581,
            2110196.3000000007
          ],
          [
            276558.5898000002,
            2110187.0868999995
          ],
          [
            276548.14969999995,
            2110182.0468000006
          ],
          [
            276531.7999999998,
            2110171.1999999993
          ]
        ]
      }
    },
    {
      "type": "Feature",
      "properties": {
        "OBJECTID": 26902,
        "US_NODE_ID": "2176106501",
        "DS_NODE_ID": "2176105401",
        "CONDUIT_LE": 157.2,
        "SHAPE_1": "RECT",
        "CONDUIT_WI": 5000.0,
        "CONDUIT_HE": 1511.0,
        "US_INVERT": 27.5,
        "DS_INVERT": 27.287,
        "USER_TEXT2": "Proposal",
        "SHAPE.LEN": 157.220005088411
      },
      "geometry": {
        "type": "LineString",
        "coordinates": [
          [
            276623.7000000002,
            2110550.6999999993
          ],
          [
            276529.4000000004,
            2110424.9000000004
          ]
        ]
      }
    },
    {
      "type": "Feature",
      "properties": {
        "OBJECTID": 26957,
        "US_NODE_ID": "2176114301",
        "DS_NODE_ID": "2176117101",
        "CONDUIT_LE": 346.6,
        "SHAPE_1": "OREC",
        "CONDUIT_WI": 2000.0,
        "CONDUIT_HE": 4315.0,
        "US_INVERT": 28.314,
        "DS_INVERT": 28.0,
        "USER_TEXT2": "Proposal",
        "SHAPE.LEN": 346.57179631354904
      },
      "geometry": {
        "type": "LineString",
        "coordinates": [
          [
            276471.5,
            2111352
          ],
          [
            276719.0999999996,
            2111109.5
          ]
        ]
      }
    },
    {
      "type": "Feature",
      "properties": {
        "OBJECTID": 26959,
        "US_NODE_ID": "2176114801",
        "DS_NODE_ID": "2176115801",
        "CONDUIT_LE": 53.5,
        "SHAPE_1": "OREC",
        "CONDUIT_WI": 3000.0,
        "CONDUIT_HE": 1979.0,
        "US_INVERT": 28.0,
        "DS_INVERT": 27.823,
        "USER_TEXT2": "Proposal",
        "SHAPE.LEN": 53.506821994956894
      },
      "geometry": {
        "type": "LineString",
        "coordinates": [
          [
            276476,
            2111850.3000000007
          ],
          [
            276528.2999999998,
            2111839
          ]
        ]
      }
    },
    {
      "type": "Feature",
      "properties": {
        "OBJECTID": 26793,
        "US_NODE_ID": "2176087401",
        "DS_NODE_ID": "2176086402",
        "CONDUIT_LE": 30.0,
        "SHAPE_1": "OREC",
        "CONDUIT_WI": 22500.0,
        "CONDUIT_HE": 2398.0,
        "US_INVERT": 25.379,
        "DS_INVERT": 25.357,
        "USER_TEXT2": "Existing",
        "SHAPE.LEN": 29.9672267749286
      },
      "geometry": {
        "type": "LineString",
        "coordinates": [
          [
            276716.6327999998,
            2108447.2106
          ],
          [
            276696.37909999955,
            2108425.1239
          ]
        ]
      }
    },
    {
      "type": "Feature",
      "properties": {
        "OBJECTID": 26898,
        "US_NODE_ID": "2176106101",
        "DS_NODE_ID": "2176105104",
        "CONDUIT_LE": 20.1,
        "SHAPE_1": "RECT",
        "CONDUIT_WI": 2000.0,
        "CONDUIT_HE": 2000.0,
        "US_INVERT": 30.324,
        "DS_INVERT": 29.786,
        "USER_TEXT2": "Proposal",
        "SHAPE.LEN": 20.09601950636
      },
      "geometry": {
        "type": "LineString",
        "coordinates": [
          [
            276606.7999999998,
            2110178.9000000004
          ],
          [
            276589.2000000002,
            2110188.5999999996
          ]
        ]
      }
    },
    {
      "type": "Feature",
      "properties": {
        "OBJECTID": 26901,
        "US_NODE_ID": "2176106201",
        "DS_NODE_ID": "2176106103",
        "CONDUIT_LE": 37.7,
        "SHAPE_1": "RECT",
        "CONDUIT_WI": 2000.0,
        "CONDUIT_HE": 1414.0,
        "US_INVERT": 33.0,
        "DS_INVERT": 31.991,
        "USER_TEXT2": "Proposal",
        "SHAPE.LEN": 37.677302478224895
      },
      "geometry": {
        "type": "LineString",
        "coordinates": [
          [
            276688.5999999996,
            2110206.9000000004
          ],
          [
            276684.95079999976,
            2110202.2070000004
          ],
          [
            276679.5508000003,
            2110194.6469
          ],
          [
            276677.0307,
            2110191.0469000004
          ],
          [
            276673.4307000004,
            2110187.446900001
          ],
          [
            276670.9106999999,
            2110187.0868999995
          ],
          [
            276666.9506999999,
            2110187.0868999995
          ],
          [
            276665.51070000045,
            2110187.0868999995
          ],
          [
            276660.5,
            2110187.0999999996
          ]
        ]
      }
    },
    {
      "type": "Feature",
      "properties": {
        "OBJECTID": 26967,
        "US_NODE_ID": "2176116301",
        "DS_NODE_ID": "2176116302",
        "CONDUIT_LE": 24.8,
        "SHAPE_1": "OREC",
        "CONDUIT_WI": 5000.0,
        "CONDUIT_HE": 1220.0,
        "US_INVERT": 27.089,
        "DS_INVERT": 27.0,
        "USER_TEXT2": "Proposal",
        "SHAPE.LEN": 24.7858830788818
      },
      "geometry": {
        "type": "LineString",
        "coordinates": [
          [
            276613.9000000004,
            2111391.0999999996
          ],
          [
            276629.2000000002,
            2111371.5999999996
          ]
        ]
      }
    },
    {
      "type": "Feature",
      "properties": {
        "OBJECTID": 26794,
        "US_NODE_ID": "2176087402",
        "DS_NODE_ID": "2176087401",
        "CONDUIT_LE": 30.0,
        "SHAPE_1": "OREC",
        "CONDUIT_WI": 22500.0,
        "CONDUIT_HE": 2437.0,
        "US_INVERT": 25.4,
        "DS_INVERT": 25.379,
        "USER_TEXT2": "Existing",
        "SHAPE.LEN": 29.990367568437698
      },
      "geometry": {
        "type": "LineString",
        "coordinates": [
          [
            276734.2719999999,
            2108471.4650999997
          ],
          [
            276716.6327999998,
            2108447.2106
          ]
        ]
      }
    },
    {
      "type": "Feature",
      "properties": {
        "OBJECTID": 26917,
        "US_NODE_ID": "2176108301",
        "DS_NODE_ID": "2176107202",
        "CONDUIT_LE": 113.1,
        "SHAPE_1": "RECT",
        "CONDUIT_WI": 5000.0,
        "CONDUIT_HE": 1998.0,
        "US_INVERT": 31.35,
        "DS_INVERT": 31.0,
        "USER_TEXT2": "Proposal",
        "SHAPE.LEN": 113.06480442648801
      },
      "geometry": {
        "type": "LineString",
        "coordinates": [
          [
            276833.5,
            2110373.1999999993
          ],
          [
            276796.0999999996,
            2110266.5
          ]
        ]
      }
    },
    {
      "type": "Feature",
      "properties": {
        "OBJECTID": 26909,
        "US_NODE_ID": "2176107601",
        "DS_NODE_ID": "2176107602",
        "CONDUIT_LE": 30.3,
        "SHAPE_1": "RECT",
        "CONDUIT_WI": 3000.0,
        "CONDUIT_HE": 2000.0,
        "US_INVERT": 26.118,
        "DS_INVERT": 26.081,
        "USER_TEXT2": "Existing",
        "SHAPE.LEN": 30.342379603452297
      },
      "geometry": {
        "type": "LineString",
        "coordinates": [
          [
            276712,
            2110654.0999999996
          ],
          [
            276729.9000000004,
            2110678.5999999996
          ]
        ]
      }
    },
    {
      "type": "Feature",
      "properties": {
        "OBJECTID": 26923,
        "US_NODE_ID": "2176108801",
        "DS_NODE_ID": "2176107803",
        "CONDUIT_LE": 19.0,
        "SHAPE_1": "OREC",
        "CONDUIT_WI": 4000.0,
        "CONDUIT_HE": 2523.0,
        "US_INVERT": 25.796,
        "DS_INVERT": 25.699,
        "USER_TEXT2": "Existing",
        "SHAPE.LEN": 18.9673422874687
      },
      "geometry": {
        "type": "LineString",
        "coordinates": [
          [
            276804.42349999957,
            2110804.6981000006
          ],
          [
            276786.7483999999,
            2110811.5792999994
          ]
        ]
      }
    },
    {
      "type": "Feature",
      "properties": {
        "OBJECTID": 26913,
        "US_NODE_ID": "2176107703",
        "DS_NODE_ID": "2176108701",
        "CONDUIT_LE": 43.1,
        "SHAPE_1": "RECT",
        "CONDUIT_WI": 3000.0,
        "CONDUIT_HE": 2000.0,
        "US_INVERT": 25.955,
        "DS_INVERT": 25.902,
        "USER_TEXT2": "Existing",
        "SHAPE.LEN": 43.105212123361596
      },
      "geometry": {
        "type": "LineString",
        "coordinates": [
          [
            276792.5,
            2110760.1999999993
          ],
          [
            276821.2854000004,
            2110792.2852
          ]
        ]
      }
    },
    {
      "type": "Feature",
      "properties": {
        "OBJECTID": 26812,
        "US_NODE_ID": "2176089602",
        "DS_NODE_ID": "2176089601",
        "CONDUIT_LE": 24.4,
        "SHAPE_1": "RECT",
        "CONDUIT_WI": 22500.0,
        "CONDUIT_HE": 2378.0,
        "US_INVERT": 25.572,
        "DS_INVERT": 25.558,
        "USER_TEXT2": "Existing",
        "SHAPE.LEN": 24.360683870737297
      },
      "geometry": {
        "type": "LineString",
        "coordinates": [
          [
            276922.78890000004,
            2108631.8554
          ],
          [
            276906.5053000003,
            2108613.7367000002
          ]
        ]
      }
    },
    {
      "type": "Feature",
      "properties": {
        "OBJECTID": 26808,
        "US_NODE_ID": "2176088902",
        "DS_NODE_ID": "2176088801",
        "CONDUIT_LE": 44.2,
        "SHAPE_1": "OREC",
        "CONDUIT_WI": 5200.0,
        "CONDUIT_HE": 1500.0,
        "US_INVERT": 27.22,
        "DS_INVERT": 27.187,
        "USER_TEXT2": "Existing",
        "SHAPE.LEN": 44.19577950178049
      },
      "geometry": {
        "type": "LineString",
        "coordinates": [
          [
            276852.7999999998,
            2108922.6999999993
          ],
          [
            276866.16789999977,
            2108880.5744000003
          ]
        ]
      }
    },
    {
      "type": "Feature",
      "properties": {
        "OBJECTID": 26978,
        "US_NODE_ID": "2176119002",
        "DS_NODE_ID": "2176119001",
        "CONDUIT_LE": 50.5,
        "SHAPE_1": "OREC",
        "CONDUIT_WI": 13000.0,
        "CONDUIT_HE": 3258.0,
        "US_INVERT": 26.14,
        "DS_INVERT": 25.447,
        "USER_TEXT2": "Existing",
        "SHAPE.LEN": 50.4573770901738
      },
      "geometry": {
        "type": "LineString",
        "coordinates": [
          [
            276965.19909999985,
            2111048.4850999992
          ],
          [
            276915.2999999998,
            2111041
          ]
        ]
      }
    },
    {
      "type": "Feature",
      "properties": {
        "OBJECTID": 26976,
        "US_NODE_ID": "2176118503",
        "DS_NODE_ID": "2176118502",
        "CONDUIT_LE": 36.0,
        "SHAPE_1": "RECT",
        "CONDUIT_WI": 3000.0,
        "CONDUIT_HE": 1500.0,
        "US_INVERT": 27.274,
        "DS_INVERT": 27.069,
        "USER_TEXT2": "Existing",
        "SHAPE.LEN": 35.9877211115125
      },
      "geometry": {
        "type": "LineString",
        "coordinates": [
          [
            276880.5270999996,
            2111591.7116
          ],
          [
            276849.76850000024,
            2111573.0294000003
          ]
        ]
      }
    },
    {
      "type": "Feature",
      "properties": {
        "OBJECTID": 26818,
        "US_NODE_ID": "2176089608",
        "DS_NODE_ID": "2176089606",
        "CONDUIT_LE": 30.2,
        "SHAPE_1": "OREC",
        "CONDUIT_WI": 15000.0,
        "CONDUIT_HE": 2530.0,
        "US_INVERT": 25.63,
        "DS_INVERT": 25.61,
        "USER_TEXT2": "Existing",
        "SHAPE.LEN": 30.214276798394497
      },
      "geometry": {
        "type": "LineString",
        "coordinates": [
          [
            276997.7149,
            2108660.7059000004
          ],
          [
            276968.7366000004,
            2108652.1525
          ]
        ]
      }
    },
    {
      "type": "Feature",
      "properties": {
        "OBJECTID": 28305,
        "US_NODE_ID": "2177100301",
        "DS_NODE_ID": "2177100302",
        "CONDUIT_LE": 17.3,
        "SHAPE_1": "OREC",
        "CONDUIT_WI": 3000.0,
        "CONDUIT_HE": 1500.0,
        "US_INVERT": 28.02,
        "DS_INVERT": 28.006,
        "USER_TEXT2": "Existing",
        "SHAPE.LEN": 17.2696265159383
      },
      "geometry": {
        "type": "LineString",
        "coordinates": [
          [
            277001.5999999996,
            2110340.5999999996
          ],
          [
            277018.4000000004,
            2110336.5999999996
          ]
        ]
      }
    },
    {
      "type": "Feature",
      "properties": {
        "OBJECTID": 26979,
        "US_NODE_ID": "2176119003",
        "DS_NODE_ID": "2176119002",
        "CONDUIT_LE": 22.6,
        "SHAPE_1": "OREC",
        "CONDUIT_WI": 5000.0,
        "CONDUIT_HE": 2000.0,
        "US_INVERT": 26.528,
        "DS_INVERT": 26.14,
        "USER_TEXT2": "Existing",
        "SHAPE.LEN": 22.589753491793598
      },
      "geometry": {
        "type": "LineString",
        "coordinates": [
          [
            276987.5999999996,
            2111051.4000000004
          ],
          [
            276965.19909999985,
            2111048.4850999992
          ]
        ]
      }
    },
    {
      "type": "Feature",
      "properties": {
        "OBJECTID": 28522,
        "US_NODE_ID": "2177110001",
        "DS_NODE_ID": "2176119003",
        "CONDUIT_LE": 28.6,
        "SHAPE_1": "RECT",
        "CONDUIT_WI": 2000.0,
        "CONDUIT_HE": 1892.0,
        "US_INVERT": 26.766,
        "DS_INVERT": 26.528,
        "USER_TEXT2": "Existing",
        "SHAPE.LEN": 28.5895085652062
      },
      "geometry": {
        "type": "LineString",
        "coordinates": [
          [
            277008.5999999996,
            2111070.8000000007
          ],
          [
            276987.5999999996,
            2111051.4000000004
          ]
        ]
      }
    },
    {
      "type": "Feature",
      "properties": {
        "OBJECTID": 28526,
        "US_NODE_ID": "2177110102",
        "DS_NODE_ID": "2177110101",
        "CONDUIT_LE": 56.7,
        "SHAPE_1": "RECT",
        "CONDUIT_WI": 2000.0,
        "CONDUIT_HE": 1721.0,
        "US_INVERT": 27.036,
        "DS_INVERT": 26.976,
        "USER_TEXT2": "Existing",
        "SHAPE.LEN": 56.746806077523
      },
      "geometry": {
        "type": "LineString",
        "coordinates": [
          [
            277075.9000000004,
            2111166.1999999993
          ],
          [
            277044.7000000002,
            2111118.8000000007
          ]
        ]
      }
    },
    {
      "type": "Feature",
      "properties": {
        "OBJECTID": 28322,
        "US_NODE_ID": "2177101705",
        "DS_NODE_ID": "2177101704",
        "CONDUIT_LE": 29.9,
        "SHAPE_1": "RECT",
        "CONDUIT_WI": 3000.0,
        "CONDUIT_HE": 1058.0,
        "US_INVERT": 27.58,
        "DS_INVERT": 27.55,
        "USER_TEXT2": "Existing",
        "SHAPE.LEN": 29.8919694934944
      },
      "geometry": {
        "type": "LineString",
        "coordinates": [
          [
            277170.4000000004,
            2110726.3000000007
          ],
          [
            277140.5521999998,
            2110724.6755999997
          ]
        ]
      }
    },
    {
      "type": "Feature",
      "properties": {
        "OBJECTID": 28318,
        "US_NODE_ID": "2177101701",
        "DS_NODE_ID": "2177100704",
        "CONDUIT_LE": 30.0,
        "SHAPE_1": "OREC",
        "CONDUIT_WI": 3096.0,
        "CONDUIT_HE": 1938.0,
        "US_INVERT": 27.47,
        "DS_INVERT": 27.438,
        "USER_TEXT2": "Existing",
        "SHAPE.LEN": 30.036733213350598
      },
      "geometry": {
        "type": "LineString",
        "coordinates": [
          [
            277119.22950000037,
            2110744.0008000005
          ],
          [
            277098.97020000033,
            2110766.1766
          ]
        ]
      }
    },
    {
      "type": "Feature",
      "properties": {
        "OBJECTID": 28534,
        "US_NODE_ID": "2177111101",
        "DS_NODE_ID": "2177110104",
        "CONDUIT_LE": 24.0,
        "SHAPE_1": "RECT",
        "CONDUIT_WI": 1500.0,
        "CONDUIT_HE": 1634.0,
        "US_INVERT": 27.564,
        "DS_INVERT": 27.461,
        "USER_TEXT2": "Existing",
        "SHAPE.LEN": 23.9827020996384
      },
      "geometry": {
        "type": "LineString",
        "coordinates": [
          [
            277109,
            2111177.9000000004
          ],
          [
            277097.5999999996,
            2111156.8000000007
          ]
        ]
      }
    },
    {
      "type": "Feature",
      "properties": {
        "OBJECTID": 28537,
        "US_NODE_ID": "2177111203",
        "DS_NODE_ID": "2177111202",
        "CONDUIT_LE": 30.0,
        "SHAPE_1": "RECT",
        "CONDUIT_WI": 2000.0,
        "CONDUIT_HE": 1717.0,
        "US_INVERT": 27.581,
        "DS_INVERT": 27.283,
        "USER_TEXT2": "Existing",
        "SHAPE.LEN": 30.010164944565002
      },
      "geometry": {
        "type": "LineString",
        "coordinates": [
          [
            277134.4000000004,
            2111274.5
          ],
          [
            277121.2999999998,
            2111247.5
          ]
        ]
      }
    },
    {
      "type": "Feature",
      "properties": {
        "OBJECTID": 28538,
        "US_NODE_ID": "2177111301",
        "DS_NODE_ID": "2177111203",
        "CONDUIT_LE": 29.8,
        "SHAPE_1": "RECT",
        "CONDUIT_WI": 2000.0,
        "CONDUIT_HE": 1648.0,
        "US_INVERT": 27.877,
        "DS_INVERT": 27.581,
        "USER_TEXT2": "Existing",
        "SHAPE.LEN": 29.847083317805097
      },
      "geometry": {
        "type": "LineString",
        "coordinates": [
          [
            277148.23929999955,
            2111300.944700001
          ],
          [
            277134.4000000004,
            2111274.5
          ]
        ]
      }
    },
    {
      "type": "Feature",
      "properties": {
        "OBJECTID": 28095,
        "US_NODE_ID": "2177082805",
        "DS_NODE_ID": "2177082804",
        "CONDUIT_LE": 14.2,
        "SHAPE_1": "OREC",
        "CONDUIT_WI": 15000.0,
        "CONDUIT_HE": 2355.0,
        "US_INVERT": 25.852,
        "DS_INVERT": 25.843,
        "USER_TEXT2": "Existing",
        "SHAPE.LEN": 14.1902000902031
      },
      "geometry": {
        "type": "LineString",
        "coordinates": [
          [
            277274.0164999999,
            2108838.6790999994
          ],
          [
            277262.66530000046,
            2108830.1636999995
          ]
        ]
      }
    },
    {
      "type": "Feature",
      "properties": {
        "OBJECTID": 28102,
        "US_NODE_ID": "2177083801",
        "DS_NODE_ID": "2177082806",
        "CONDUIT_LE": 29.8,
        "SHAPE_1": "OREC",
        "CONDUIT_WI": 15000.0,
        "CONDUIT_HE": 1994.0,
        "US_INVERT": 25.892,
        "DS_INVERT": 25.872,
        "USER_TEXT2": "Existing",
        "SHAPE.LEN": 29.8454144501295
      },
      "geometry": {
        "type": "LineString",
        "coordinates": [
          [
            277320.34839999955,
            2108876.5655000005
          ],
          [
            277297.83330000006,
            2108856.974199999
          ]
        ]
      }
    },
    {
      "type": "Feature",
      "properties": {
        "OBJECTID": 28137,
        "US_NODE_ID": "2177091707",
        "DS_NODE_ID": "2177092601",
        "CONDUIT_LE": 84.0,
        "SHAPE_1": "RECT",
        "CONDUIT_WI": 4800.0,
        "CONDUIT_HE": 1630.0,
        "US_INVERT": 26.999,
        "DS_INVERT": 26.995,
        "USER_TEXT2": "Existing",
        "SHAPE.LEN": 84.027942636066
      },
      "geometry": {
        "type": "LineString",
        "coordinates": [
          [
            277180.7182,
            2109709.5615999997
          ],
          [
            277220.5491000004,
            2109635.5737999994
          ]
        ]
      }
    },
    {
      "type": "Feature",
      "properties": {
        "OBJECTID": 28325,
        "US_NODE_ID": "2177102203",
        "DS_NODE_ID": "2177102204",
        "CONDUIT_LE": 29.9,
        "SHAPE_1": "OREC",
        "CONDUIT_WI": 3290.0,
        "CONDUIT_HE": 1419.0,
        "US_INVERT": 27.589,
        "DS_INVERT": 27.519,
        "USER_TEXT2": "Existing",
        "SHAPE.LEN": 29.940774873072296
      },
      "geometry": {
        "type": "LineString",
        "coordinates": [
          [
            277276.2999999998,
            2110262.9000000004
          ],
          [
            277296.5,
            2110240.8000000007
          ]
        ]
      }
    },
    {
      "type": "Feature",
      "properties": {
        "OBJECTID": 28333,
        "US_NODE_ID": "2177102702",
        "DS_NODE_ID": "2177102701",
        "CONDUIT_LE": 30.0,
        "SHAPE_1": "RECT",
        "CONDUIT_WI": 3000.0,
        "CONDUIT_HE": 1228.0,
        "US_INVERT": 27.9,
        "DS_INVERT": 27.7,
        "USER_TEXT2": "Existing",
        "SHAPE.LEN": 30.0281534563816
      },
      "geometry": {
        "type": "LineString",
        "coordinates": [
          [
            277230.4000000004,
            2110728.8000000007
          ],
          [
            277200.4000000004,
            2110727.5
          ]
        ]
      }
    },
    {
      "type": "Feature",
      "properties": {
        "OBJECTID": 28544,
        "US_NODE_ID": "2177112402",
        "DS_NODE_ID": "2177112401",
        "CONDUIT_LE": 30.0,
        "SHAPE_1": "RECT",
        "CONDUIT_WI": 2000.0,
        "CONDUIT_HE": 1973.0,
        "US_INVERT": 28.962,
        "DS_INVERT": 28.773,
        "USER_TEXT2": "Existing",
        "SHAPE.LEN": 29.9816266364919
      },
      "geometry": {
        "type": "LineString",
        "coordinates": [
          [
            277222.30200000014,
            2111431.0210999995
          ],
          [
            277205.0608999999,
            2111406.4926999994
          ]
        ]
      }
    },
    {
      "type": "Feature",
      "properties": {
        "OBJECTID": 28569,
        "US_NODE_ID": "2177114501",
        "DS_NODE_ID": "2177112407",
        "CONDUIT_LE": 161.0,
        "SHAPE_1": "RECT",
        "CONDUIT_WI": 1500.0,
        "CONDUIT_HE": 1500.0,
        "US_INVERT": 30.38,
        "DS_INVERT": 29.5,
        "USER_TEXT2": "Existing",
        "SHAPE.LEN": 160.95549457145
      },
      "geometry": {
        "type": "LineString",
        "coordinates": [
          [
            277449.6492999997,
            2111511.398499999
          ],
          [
            277297.5999999996,
            2111458.5999999996
          ]
        ]
      }
    },
    {
      "type": "Feature",
      "properties": {
        "OBJECTID": 28191,
        "US_NODE_ID": "2177094102",
        "DS_NODE_ID": "2177094104",
        "CONDUIT_LE": 27.2,
        "SHAPE_1": "OREC",
        "CONDUIT_WI": 5650.0,
        "CONDUIT_HE": 2648.0,
        "US_INVERT": 26.175,
        "DS_INVERT": 26.15,
        "USER_TEXT2": "Existing",
        "SHAPE.LEN": 27.226648032396497
      },
      "geometry": {
        "type": "LineString",
        "coordinates": [
          [
            277412.4299999997,
            2109149.967599999
          ],
          [
            277422.6858000001,
            2109124.7464000005
          ]
        ]
      }
    },
    {
      "type": "Feature",
      "properties": {
        "OBJECTID": 28192,
        "US_NODE_ID": "2177094103",
        "DS_NODE_ID": "2177094105",
        "CONDUIT_LE": 19.4,
        "SHAPE_1": "OREC",
        "CONDUIT_WI": 10160.0,
        "CONDUIT_HE": 1629.0,
        "US_INVERT": 26.73,
        "DS_INVERT": 26.72,
        "USER_TEXT2": "Existing",
        "SHAPE.LEN": 19.3935967215986
      },
      "geometry": {
        "type": "LineString",
        "coordinates": [
          [
            277416.5614,
            2109185.3771
          ],
          [
            277425.2315999996,
            2109168.0295
          ]
        ]
      }
    },
    {
      "type": "Feature",
      "properties": {
        "OBJECTID": 28176,
        "US_NODE_ID": "2177093402",
        "DS_NODE_ID": "2177093403",
        "CONDUIT_LE": 32.4,
        "SHAPE_1": "OREC",
        "CONDUIT_WI": 10020.0,
        "CONDUIT_HE": 1549.0,
        "US_INVERT": 26.89,
        "DS_INVERT": 26.88,
        "USER_TEXT2": "Existing",
        "SHAPE.LEN": 32.4172775496339
      },
      "geometry": {
        "type": "LineString",
        "coordinates": [
          [
            277307.5147000002,
            2109449.9285000004
          ],
          [
            277320.0544999996,
            2109420.0348000005
          ]
        ]
      }
    },
    {
      "type": "Feature",
      "properties": {
        "OBJECTID": 28336,
        "US_NODE_ID": "2177103001",
        "DS_NODE_ID": "2177104001",
        "CONDUIT_LE": 29.9,
        "SHAPE_1": "OREC",
        "CONDUIT_WI": 4897.0,
        "CONDUIT_HE": 1868.0,
        "US_INVERT": 27.24,
        "DS_INVERT": 27.194,
        "USER_TEXT2": "Existing",
        "SHAPE.LEN": 29.894244894962597
      },
      "geometry": {
        "type": "LineString",
        "coordinates": [
          [
            277399.7187000001,
            2110095.7928
          ],
          [
            277418.4877000004,
            2110072.5250000004
          ]
        ]
      }
    },
    {
      "type": "Feature",
      "properties": {
        "OBJECTID": 28338,
        "US_NODE_ID": "2177103102",
        "DS_NODE_ID": "2177103103",
        "CONDUIT_LE": 29.5,
        "SHAPE_1": "OREC",
        "CONDUIT_WI": 5005.0,
        "CONDUIT_HE": 1655.0,
        "US_INVERT": 27.383,
        "DS_INVERT": 27.331,
        "USER_TEXT2": "Existing",
        "SHAPE.LEN": 29.533032353620598
      },
      "geometry": {
        "type": "LineString",
        "coordinates": [
          [
            277345.5999999996,
            2110166.9000000004
          ],
          [
            277361,
            2110141.6999999993
          ]
        ]
      }
    },
    {
      "type": "Feature",
      "properties": {
        "OBJECTID": 28346,
        "US_NODE_ID": "2177103301!",
        "DS_NODE_ID": "2177103302!",
        "CONDUIT_LE": 50.8,
        "SHAPE_1": "OREC",
        "CONDUIT_WI": 4500.0,
        "CONDUIT_HE": 2075.0,
        "US_INVERT": 26.924,
        "DS_INVERT": 26.873,
        "USER_TEXT2": "Existing",
        "SHAPE.LEN": 50.8069879549064
      },
      "geometry": {
        "type": "LineString",
        "coordinates": [
          [
            277346.5064000003,
            2110392.0935999993
          ],
          [
            277395.6316999998,
            2110379.130000001
          ]
        ]
      }
    },
    {
      "type": "Feature",
      "properties": {
        "OBJECTID": 28348,
        "US_NODE_ID": "2177103302!",
        "DS_NODE_ID": "2177104301!",
        "CONDUIT_LE": 50.9,
        "SHAPE_1": "OREC",
        "CONDUIT_WI": 4500.0,
        "CONDUIT_HE": 2127.0,
        "US_INVERT": 26.873,
        "DS_INVERT": 26.822,
        "USER_TEXT2": "Existing",
        "SHAPE.LEN": 50.9484297025924
      },
      "geometry": {
        "type": "LineString",
        "coordinates": [
          [
            277395.6316999998,
            2110379.130000001
          ],
          [
            277445.30709999986,
            2110367.812000001
          ]
        ]
      }
    },
    {
      "type": "Feature",
      "properties": {
        "OBJECTID": 28570,
        "US_NODE_ID": "2177114502",
        "DS_NODE_ID": "2177113402",
        "CONDUIT_LE": 115.0,
        "SHAPE_1": "RECT",
        "CONDUIT_WI": 1800.0,
        "CONDUIT_HE": 1200.0,
        "US_INVERT": 30.869,
        "DS_INVERT": 29.92,
        "USER_TEXT2": "Existing",
        "SHAPE.LEN": 114.972403810393
      },
      "geometry": {
        "type": "LineString",
        "coordinates": [
          [
            277461.7220999999,
            2111539.5358000007
          ],
          [
            277354.43759999983,
            2111498.1995
          ]
        ]
      }
    },
    {
      "type": "Feature",
      "properties": {
        "OBJECTID": 28566,
        "US_NODE_ID": "2177113802",
        "DS_NODE_ID": "2177113703",
        "CONDUIT_LE": 61.4,
        "SHAPE_1": "CIRC",
        "CONDUIT_WI": 900.0,
        "CONDUIT_HE": 900.0,
        "US_INVERT": 31.235,
        "DS_INVERT": 31.168,
        "USER_TEXT2": "Existing",
        "SHAPE.LEN": 61.4065957369402
      },
      "geometry": {
        "type": "LineString",
        "coordinates": [
          [
            277377.7000000002,
            2111832.9000000004
          ],
          [
            277365.0999999996,
            2111772.8000000007
          ]
        ]
      }
    },
    {
      "type": "Feature",
      "properties": {
        "OBJECTID": 28567,
        "US_NODE_ID": "2177113803",
        "DS_NODE_ID": "2177113801",
        "CONDUIT_LE": 67.9,
        "SHAPE_1": "RECT",
        "CONDUIT_WI": 1500.0,
        "CONDUIT_HE": 1500.0,
        "US_INVERT": 31.97,
        "DS_INVERT": 31.33,
        "USER_TEXT2": "Existing",
        "SHAPE.LEN": 67.85383044464031
      },
      "geometry": {
        "type": "LineString",
        "coordinates": [
          [
            277383.59979999997,
            2111898.1284999996
          ],
          [
            277368.2873999998,
            2111832.0250000004
          ]
        ]
      }
    },
    {
      "type": "Feature",
      "properties": {
        "OBJECTID": 28568,
        "US_NODE_ID": "2177113804",
        "DS_NODE_ID": "2177113802",
        "CONDUIT_LE": 60.2,
        "SHAPE_1": "CIRC",
        "CONDUIT_WI": 900.0,
        "CONDUIT_HE": 900.0,
        "US_INVERT": 31.3,
        "DS_INVERT": 31.235,
        "USER_TEXT2": "Existing",
        "SHAPE.LEN": 60.2100489951636
      },
      "geometry": {
        "type": "LineString",
        "coordinates": [
          [
            277391.0999999996,
            2111891.5999999996
          ],
          [
            277377.7000000002,
            2111832.9000000004
          ]
        ]
      }
    },
    {
      "type": "Feature",
      "properties": {
        "OBJECTID": 28115,
        "US_NODE_ID": "2177084904",
        "DS_NODE_ID": "2177084903",
        "CONDUIT_LE": 15.8,
        "SHAPE_1": "OREC",
        "CONDUIT_WI": 15000.0,
        "CONDUIT_HE": 1982.0,
        "US_INVERT": 26.017,
        "DS_INVERT": 26.01,
        "USER_TEXT2": "Existing",
        "SHAPE.LEN": 15.8299150153609
      },
      "geometry": {
        "type": "LineString",
        "coordinates": [
          [
            277477.1024000002,
            2108993.4265
          ],
          [
            277464.4096999997,
            2108984.2347999997
          ],
          [
            277464.4406000003,
            2108984.0792999994
          ]
        ]
      }
    },
    {
      "type": "Feature",
      "properties": {
        "OBJECTID": 28194,
        "US_NODE_ID": "2177094105",
        "DS_NODE_ID": "2177094107",
        "CONDUIT_LE": 24.7,
        "SHAPE_1": "RECT",
        "CONDUIT_WI": 14000.0,
        "CONDUIT_HE": 2179.0,
        "US_INVERT": 26.72,
        "DS_INVERT": 26.7,
        "USER_TEXT2": "Existing",
        "SHAPE.LEN": 24.7157508330214
      },
      "geometry": {
        "type": "LineString",
        "coordinates": [
          [
            277425.2315999996,
            2109168.0295
          ],
          [
            277435.73479999974,
            2109145.6565000005
          ]
        ]
      }
    },
    {
      "type": "Feature",
      "properties": {
        "OBJECTID": 28357,
        "US_NODE_ID": "2177104008",
        "DS_NODE_ID": "2177104009",
        "CONDUIT_LE": 3.9,
        "SHAPE_1": "RECT",
        "CONDUIT_WI": 4700.0,
        "CONDUIT_HE": 1928.0,
        "US_INVERT": 27.072,
        "DS_INVERT": 27.066,
        "USER_TEXT2": "Existing",
        "SHAPE.LEN": 3.89486841883009
      },
      "geometry": {
        "type": "LineString",
        "coordinates": [
          [
            277473.7000000002,
            2110007.3000000007
          ],
          [
            277476.2999999998,
            2110004.4000000004
          ]
        ]
      }
    },
    {
      "type": "Feature",
      "properties": {
        "OBJECTID": 28360,
        "US_NODE_ID": "2177104011",
        "DS_NODE_ID": "2177104010",
        "CONDUIT_LE": 22.4,
        "SHAPE_1": "OREC",
        "CONDUIT_WI": 4000.0,
        "CONDUIT_HE": 2069.0,
        "US_INVERT": 27.08,
        "DS_INVERT": 27.073,
        "USER_TEXT2": "Existing",
        "SHAPE.LEN": 22.3508630535825
      },
      "geometry": {
        "type": "LineString",
        "coordinates": [
          [
            277495.0005999999,
            2110016.876
          ],
          [
            277477.4274000004,
            2110003.0649999995
          ]
        ]
      }
    },
    {
      "type": "Feature",
      "properties": {
        "OBJECTID": 28375,
        "US_NODE_ID": "2177105001",
        "DS_NODE_ID": "2177104011",
        "CONDUIT_LE": 6.7,
        "SHAPE_1": "RECT",
        "CONDUIT_WI": 4000.0,
        "CONDUIT_HE": 2067.0,
        "US_INVERT": 27.082,
        "DS_INVERT": 27.08,
        "USER_TEXT2": "Existing",
        "SHAPE.LEN": 6.73382278501595
      },
      "geometry": {
        "type": "LineString",
        "coordinates": [
          [
            277500.58669999987,
            2110020.6362999994
          ],
          [
            277495.0005999999,
            2110016.876
          ]
        ]
      }
    },
    {
      "type": "Feature",
      "properties": {
        "OBJECTID": 28353,
        "US_NODE_ID": "2177104004",
        "DS_NODE_ID": "2177104006",
        "CONDUIT_LE": 11.2,
        "SHAPE_1": "RECT",
        "CONDUIT_WI": 6000.0,
        "CONDUIT_HE": 2062.0,
        "US_INVERT": 27.136,
        "DS_INVERT": 27.128,
        "USER_TEXT2": "Existing",
        "SHAPE.LEN": 11.2294256309038
      },
      "geometry": {
        "type": "LineString",
        "coordinates": [
          [
            277446.7000000002,
            2110038.9000000004
          ],
          [
            277453.7999999998,
            2110030.1999999993
          ]
        ]
      }
    },
    {
      "type": "Feature",
      "properties": {
        "OBJECTID": 28367,
        "US_NODE_ID": "2177104202",
        "DS_NODE_ID": "2177104201",
        "CONDUIT_LE": 13.8,
        "SHAPE_1": "OREC",
        "CONDUIT_WI": 2500.0,
        "CONDUIT_HE": 2320.0,
        "US_INVERT": 27.209,
        "DS_INVERT": 27.205,
        "USER_TEXT2": "Existing",
        "SHAPE.LEN": 13.771114148463099
      },
      "geometry": {
        "type": "LineString",
        "coordinates": [
          [
            277466.78830000013,
            2110260.6041
          ],
          [
            277461.12629999965,
            2110248.0507999994
          ]
        ]
      }
    },
    {
      "type": "Feature",
      "properties": {
        "OBJECTID": 28369,
        "US_NODE_ID": "2177104204",
        "DS_NODE_ID": "2177104202",
        "CONDUIT_LE": 14.9,
        "SHAPE_1": "OREC",
        "CONDUIT_WI": 2499.0,
        "CONDUIT_HE": 2037.0,
        "US_INVERT": 27.212,
        "DS_INVERT": 27.209,
        "USER_TEXT2": "Existing",
        "SHAPE.LEN": 14.9361843591327
      },
      "geometry": {
        "type": "LineString",
        "coordinates": [
          [
            277478.8147,
            2110269.4616
          ],
          [
            277466.78830000013,
            2110260.6041
          ]
        ]
      }
    },
    {
      "type": "Feature",
      "properties": {
        "OBJECTID": 28374,
        "US_NODE_ID": "2177104302",
        "DS_NODE_ID": "2177105319",
        "CONDUIT_LE": 31.6,
        "SHAPE_1": "OREC",
        "CONDUIT_WI": 4500.0,
        "CONDUIT_HE": 2621.0,
        "US_INVERT": 26.779,
        "DS_INVERT": 26.747,
        "USER_TEXT2": "Existing",
        "SHAPE.LEN": 31.6059839266238
      },
      "geometry": {
        "type": "LineString",
        "coordinates": [
          [
            277487.3909,
            2110359.6845999993
          ],
          [
            277517.0999999996,
            2110348.9000000004
          ]
        ]
      }
    },
    {
      "type": "Feature",
      "properties": {
        "OBJECTID": 28455,
        "US_NODE_ID": "2177105320",
        "DS_NODE_ID": "2177105303",
        "CONDUIT_LE": 9.1,
        "SHAPE_1": "OREC",
        "CONDUIT_WI": 1465.0,
        "CONDUIT_HE": 3221.0,
        "US_INVERT": 26.779,
        "DS_INVERT": 26.77,
        "USER_TEXT2": "Existing",
        "SHAPE.LEN": 9.06316572601537
      },
      "geometry": {
        "type": "LineString",
        "coordinates": [
          [
            277517.2999999998,
            2110382.1999999993
          ],
          [
            277517.5647999998,
            2110379.4069999997
          ],
          [
            277521.2368000001,
            2110374.34
          ]
        ]
      }
    },
    {
      "type": "Feature",
      "properties": {
        "OBJECTID": 28429,
        "US_NODE_ID": "2177105307",
        "DS_NODE_ID": "2177105312",
        "CONDUIT_LE": 9.9,
        "SHAPE_1": "OREC",
        "CONDUIT_WI": 1465.0,
        "CONDUIT_HE": 3044.0,
        "US_INVERT": 26.755,
        "DS_INVERT": 26.745,
        "USER_TEXT2": "Existing",
        "SHAPE.LEN": 9.93943148877238
      },
      "geometry": {
        "type": "LineString",
        "coordinates": [
          [
            277523.23089999985,
            2110360.2387000006
          ],
          [
            277529.8322999999,
            2110352.8081
          ]
        ]
      }
    },
    {
      "type": "Feature",
      "properties": {
        "OBJECTID": 28434,
        "US_NODE_ID": "2177105310!",
        "DS_NODE_ID": "2177105311!",
        "CONDUIT_LE": 8.8,
        "SHAPE_1": "OREC",
        "CONDUIT_WI": 13000.0,
        "CONDUIT_HE": 2173.0,
        "US_INVERT": 26.434,
        "DS_INVERT": 26.428,
        "USER_TEXT2": "Existing",
        "SHAPE.LEN": 8.84345670029542
      },
      "geometry": {
        "type": "LineString",
        "coordinates": [
          [
            277528.4227999998,
            2110330.865700001
          ],
          [
            277529.8372999998,
            2110322.1361
          ]
        ]
      }
    },
    {
      "type": "Feature",
      "properties": {
        "OBJECTID": 28435,
        "US_NODE_ID": "2177105310",
        "DS_NODE_ID": "2177105311",
        "CONDUIT_LE": 8.8,
        "SHAPE_1": "OREC",
        "CONDUIT_WI": 13000.0,
        "CONDUIT_HE": 2173.0,
        "US_INVERT": 26.434,
        "DS_INVERT": 26.428,
        "USER_TEXT2": "Existing",
        "SHAPE.LEN": 8.84345670029542
      },
      "geometry": {
        "type": "LineString",
        "coordinates": [
          [
            277528.4227999998,
            2110330.865700001
          ],
          [
            277529.8372999998,
            2110322.1361
          ]
        ]
      }
    },
    {
      "type": "Feature",
      "properties": {
        "OBJECTID": 28447,
        "US_NODE_ID": "2177105316",
        "DS_NODE_ID": "2177105315",
        "CONDUIT_LE": 10.5,
        "SHAPE_1": "OREC",
        "CONDUIT_WI": 13000.0,
        "CONDUIT_HE": 3353.0,
        "US_INVERT": 26.454,
        "DS_INVERT": 26.447,
        "USER_TEXT2": "Existing",
        "SHAPE.LEN": 10.4601988097741
      },
      "geometry": {
        "type": "LineString",
        "coordinates": [
          [
            277544.5617000004,
            2110354.2634999994
          ],
          [
            277538.7000000002,
            2110345.5999999996
          ]
        ]
      }
    },
    {
      "type": "Feature",
      "properties": {
        "OBJECTID": 28218,
        "US_NODE_ID": "2177096103",
        "DS_NODE_ID": "2177096102",
        "CONDUIT_LE": 30.0,
        "SHAPE_1": "OREC",
        "CONDUIT_WI": 10256.0,
        "CONDUIT_HE": 2309.0,
        "US_INVERT": 26.047,
        "DS_INVERT": 26.044,
        "USER_TEXT2": "Existing",
        "SHAPE.LEN": 30.029557903672195
      },
      "geometry": {
        "type": "LineString",
        "coordinates": [
          [
            277646.5471000001,
            2109171.3959999997
          ],
          [
            277627.7054000003,
            2109148.0130000003
          ]
        ]
      }
    },
    {
      "type": "Feature",
      "properties": {
        "OBJECTID": 28240,
        "US_NODE_ID": "2177096905!",
        "DS_NODE_ID": "2177096906!",
        "CONDUIT_LE": 14.7,
        "SHAPE_1": "OREC",
        "CONDUIT_WI": 10000.0,
        "CONDUIT_HE": 2672.0,
        "US_INVERT": 26.135,
        "DS_INVERT": 26.134,
        "USER_TEXT2": "Existing",
        "SHAPE.LEN": 14.705222913305299
      },
      "geometry": {
        "type": "LineString",
        "coordinates": [
          [
            277649.9227,
            2109916.1708000004
          ],
          [
            277659.12289999984,
            2109904.699100001
          ]
        ]
      }
    },
    {
      "type": "Feature",
      "properties": {
        "OBJECTID": 28397,
        "US_NODE_ID": "2177105014!",
        "DS_NODE_ID": "2177105015!",
        "CONDUIT_LE": 18.0,
        "SHAPE_1": "OREC",
        "CONDUIT_WI": 13000.0,
        "CONDUIT_HE": 2355.0,
        "US_INVERT": 26.243,
        "DS_INVERT": 26.23,
        "USER_TEXT2": "Existing",
        "SHAPE.LEN": 18.005554698481202
      },
      "geometry": {
        "type": "LineString",
        "coordinates": [
          [
            277551.9000000004,
            2110062.0999999996
          ],
          [
            277555.7000000002,
            2110044.5
          ]
        ]
      }
    },
    {
      "type": "Feature",
      "properties": {
        "OBJECTID": 28404,
        "US_NODE_ID": "2177105017",
        "DS_NODE_ID": "2177105006",
        "CONDUIT_LE": 11.4,
        "SHAPE_1": "OREC",
        "CONDUIT_WI": 13000.0,
        "CONDUIT_HE": 2384.0,
        "US_INVERT": 26.223,
        "DS_INVERT": 26.215,
        "USER_TEXT2": "Existing",
        "SHAPE.LEN": 11.4262648284555
      },
      "geometry": {
        "type": "LineString",
        "coordinates": [
          [
            277559.5999999996,
            2110036.0999999996
          ],
          [
            277565.7971999999,
            2110026.5002999995
          ]
        ]
      }
    },
    {
      "type": "Feature",
      "properties": {
        "OBJECTID": 28406,
        "US_NODE_ID": "2177105101",
        "DS_NODE_ID": "2177105102",
        "CONDUIT_LE": 30.0,
        "SHAPE_1": "OREC",
        "CONDUIT_WI": 13000.0,
        "CONDUIT_HE": 2279.0,
        "US_INVERT": 26.328,
        "DS_INVERT": 26.307,
        "USER_TEXT2": "Existing",
        "SHAPE.LEN": 30.0154077939981
      },
      "geometry": {
        "type": "LineString",
        "coordinates": [
          [
            277541.4397999998,
            2110181.659
          ],
          [
            277544.5,
            2110151.8000000007
          ]
        ]
      }
    },
    {
      "type": "Feature",
      "properties": {
        "OBJECTID": 28462,
        "US_NODE_ID": "2177105404!",
        "DS_NODE_ID": "2177105403!",
        "CONDUIT_LE": 16.3,
        "SHAPE_1": "OREC",
        "CONDUIT_WI": 1624.0,
        "CONDUIT_HE": 3351.0,
        "US_INVERT": 26.849,
        "DS_INVERT": 26.833,
        "USER_TEXT2": "Existing",
        "SHAPE.LEN": 16.2630709676863
      },
      "geometry": {
        "type": "LineString",
        "coordinates": [
          [
            277552.9096999997,
            2110438.6920999996
          ],
          [
            277549.6639999999,
            2110422.7562000006
          ]
        ]
      }
    },
    {
      "type": "Feature",
      "properties": {
        "OBJECTID": 28464,
        "US_NODE_ID": "2177105405!",
        "DS_NODE_ID": "2177105404!",
        "CONDUIT_LE": 16.9,
        "SHAPE_1": "OREC",
        "CONDUIT_WI": 1624.0,
        "CONDUIT_HE": 3334.0,
        "US_INVERT": 26.866,
        "DS_INVERT": 26.849,
        "USER_TEXT2": "Existing",
        "SHAPE.LEN": 16.8564429018127
      },
      "geometry": {
        "type": "LineString",
        "coordinates": [
          [
            277557.4885999998,
            2110454.8674
          ],
          [
            277555.1732000001,
            2110448.894200001
          ],
          [
            277552.9096999997,
            2110438.6920999996
          ]
        ]
      }
    },
    {
      "type": "Feature",
      "properties": {
        "OBJECTID": 28475,
        "US_NODE_ID": "2177105502",
        "DS_NODE_ID": "2177105407",
        "CONDUIT_LE": 20.8,
        "SHAPE_1": "OREC",
        "CONDUIT_WI": 1687.0,
        "CONDUIT_HE": 3472.0,
        "US_INVERT": 26.928,
        "DS_INVERT": 26.908,
        "USER_TEXT2": "Existing",
        "SHAPE.LEN": 20.8470688783819
      },
      "geometry": {
        "type": "LineString",
        "coordinates": [
          [
            277567.7627999997,
            2110501.3270999994
          ],
          [
            277581.51570000034,
            2110485.66
          ]
        ]
      }
    },
    {
      "type": "Feature",
      "properties": {
        "OBJECTID": 28476,
        "US_NODE_ID": "2177106401!",
        "DS_NODE_ID": "2177105318!",
        "CONDUIT_LE": 28.2,
        "SHAPE_1": "OREC",
        "CONDUIT_WI": 13000.0,
        "CONDUIT_HE": 2490.0,
        "US_INVERT": 26.517,
        "DS_INVERT": 26.497,
        "USER_TEXT2": "Existing",
        "SHAPE.LEN": 28.223748865095896
      },
      "geometry": {
        "type": "LineString",
        "coordinates": [
          [
            277616.4000000004,
            2110406.3000000007
          ],
          [
            277594.0999999996,
            2110389
          ]
        ]
      }
    },
    {
      "type": "Feature",
      "properties": {
        "OBJECTID": 28480,
        "US_NODE_ID": "2177106403!",
        "DS_NODE_ID": "2177106402!",
        "CONDUIT_LE": 29.9,
        "SHAPE_1": "OREC",
        "CONDUIT_WI": 13000.0,
        "CONDUIT_HE": 2238.0,
        "US_INVERT": 26.559,
        "DS_INVERT": 26.538,
        "USER_TEXT2": "Existing",
        "SHAPE.LEN": 29.8877182886215
      },
      "geometry": {
        "type": "LineString",
        "coordinates": [
          [
            277660.62310000043,
            2110444.7783000004
          ],
          [
            277637.7000000002,
            2110425.5999999996
          ]
        ]
      }
    },
    {
      "type": "Feature",
      "properties": {
        "OBJECTID": 28262,
        "US_NODE_ID": "2177097703",
        "DS_NODE_ID": "2177097601",
        "CONDUIT_LE": 29.8,
        "SHAPE_1": "OREC",
        "CONDUIT_WI": 13000.0,
        "CONDUIT_HE": 2799.0,
        "US_INVERT": 26.107,
        "DS_INVERT": 26.104,
        "USER_TEXT2": "Existing",
        "SHAPE.LEN": 29.768947321160002
      },
      "geometry": {
        "type": "LineString",
        "coordinates": [
          [
            277724.3957000002,
            2109715.4382000007
          ],
          [
            277739.12260000035,
            2109689.5671999995
          ]
        ]
      }
    },
    {
      "type": "Feature",
      "properties": {
        "OBJECTID": 28255,
        "US_NODE_ID": "2177097603",
        "DS_NODE_ID": "2177097604",
        "CONDUIT_LE": 5.4,
        "SHAPE_1": "RECT",
        "CONDUIT_WI": 13000.0,
        "CONDUIT_HE": 2185.0,
        "US_INVERT": 26.101,
        "DS_INVERT": 26.101,
        "USER_TEXT2": "Existing",
        "SHAPE.LEN": 5.409336821644589
      },
      "geometry": {
        "type": "LineString",
        "coordinates": [
          [
            277750.7056,
            2109664.7764
          ],
          [
            277753.6288999999,
            2109660.2249999996
          ]
        ]
      }
    },
    {
      "type": "Feature",
      "properties": {
        "OBJECTID": 28244,
        "US_NODE_ID": "2177096907!",
        "DS_NODE_ID": "2177096801!",
        "CONDUIT_LE": 5.0,
        "SHAPE_1": "RECT",
        "CONDUIT_WI": 10000.0,
        "CONDUIT_HE": 2874.0,
        "US_INVERT": 26.133,
        "DS_INVERT": 26.133,
        "USER_TEXT2": "Existing",
        "SHAPE.LEN": 5.0262895579144695
      },
      "geometry": {
        "type": "LineString",
        "coordinates": [
          [
            277660.85479999986,
            2109901.7715000007
          ],
          [
            277663.8883999996,
            2109897.7639000006
          ]
        ]
      }
    },
    {
      "type": "Feature",
      "properties": {
        "OBJECTID": 28482,
        "US_NODE_ID": "2177106404!",
        "DS_NODE_ID": "2177106403!",
        "CONDUIT_LE": 30.1,
        "SHAPE_1": "OREC",
        "CONDUIT_WI": 13000.0,
        "CONDUIT_HE": 2247.0,
        "US_INVERT": 26.58,
        "DS_INVERT": 26.559,
        "USER_TEXT2": "Existing",
        "SHAPE.LEN": 30.1292156972265
      },
      "geometry": {
        "type": "LineString",
        "coordinates": [
          [
            277684.2193,
            2110463.5130000003
          ],
          [
            277660.62310000043,
            2110444.7783000004
          ]
        ]
      }
    },
    {
      "type": "Feature",
      "properties": {
        "OBJECTID": 28491,
        "US_NODE_ID": "2177107503",
        "DS_NODE_ID": "2177107502",
        "CONDUIT_LE": 30.1,
        "SHAPE_1": "OREC",
        "CONDUIT_WI": 13000.0,
        "CONDUIT_HE": 2041.0,
        "US_INVERT": 26.666,
        "DS_INVERT": 26.644,
        "USER_TEXT2": "Existing",
        "SHAPE.LEN": 30.100784817841497
      },
      "geometry": {
        "type": "LineString",
        "coordinates": [
          [
            277777.5449999999,
            2110539.077299999
          ],
          [
            277754.6989000002,
            2110519.4784999993
          ]
        ]
      }
    },
    {
      "type": "Feature",
      "properties": {
        "OBJECTID": 28577,
        "US_NODE_ID": "2177116202!",
        "DS_NODE_ID": "2177117101!",
        "CONDUIT_LE": 72.5,
        "SHAPE_1": "OREC",
        "CONDUIT_WI": 4800.0,
        "CONDUIT_HE": 2283.0,
        "US_INVERT": 27.916,
        "DS_INVERT": 27.843,
        "USER_TEXT2": "Existing",
        "SHAPE.LEN": 72.4917027242429
      },
      "geometry": {
        "type": "LineString",
        "coordinates": [
          [
            277689.5996000003,
            2111202.3696999997
          ],
          [
            277752.4227,
            2111166.1992000006
          ]
        ]
      }
    },
    {
      "type": "Feature",
      "properties": {
        "OBJECTID": 28586,
        "US_NODE_ID": "2177117101!",
        "DS_NODE_ID": "2177118101!",
        "CONDUIT_LE": 66.3,
        "SHAPE_1": "OREC",
        "CONDUIT_WI": 4800.0,
        "CONDUIT_HE": 2157.0,
        "US_INVERT": 27.843,
        "DS_INVERT": 27.777,
        "USER_TEXT2": "Existing",
        "SHAPE.LEN": 66.3143715753984
      },
      "geometry": {
        "type": "LineString",
        "coordinates": [
          [
            277752.4227,
            2111166.1992000006
          ],
          [
            277809.52469999995,
            2111132.4804
          ]
        ]
      }
    },
    {
      "type": "Feature",
      "properties": {
        "OBJECTID": 28273,
        "US_NODE_ID": "2177098401",
        "DS_NODE_ID": "2177097402",
        "CONDUIT_LE": 30.4,
        "SHAPE_1": "OREC",
        "CONDUIT_WI": 10268.0,
        "CONDUIT_HE": 2129.0,
        "US_INVERT": 26.078,
        "DS_INVERT": 26.075,
        "USER_TEXT2": "Existing",
        "SHAPE.LEN": 30.4420906734409
      },
      "geometry": {
        "type": "LineString",
        "coordinates": [
          [
            277805.5719999997,
            2109460.3665999994
          ],
          [
            277789.70160000026,
            2109434.388699999
          ]
        ]
      }
    },
    {
      "type": "Feature",
      "properties": {
        "OBJECTID": 28259,
        "US_NODE_ID": "2177097607",
        "DS_NODE_ID": "2177098504",
        "CONDUIT_LE": 40.8,
        "SHAPE_1": "RECT",
        "CONDUIT_WI": 13000.0,
        "CONDUIT_HE": 2711.0,
        "US_INVERT": 26.095,
        "DS_INVERT": 26.091,
        "USER_TEXT2": "Existing",
        "SHAPE.LEN": 40.8327328610271
      },
      "geometry": {
        "type": "LineString",
        "coordinates": [
          [
            277798.21779999975,
            2109615.1873000003
          ],
          [
            277825.92870000005,
            2109585.1970000006
          ]
        ]
      }
    },
    {
      "type": "Feature",
      "properties": {
        "OBJECTID": 29108,
        "US_NODE_ID": "2178090601",
        "DS_NODE_ID": "2177099603",
        "CONDUIT_LE": 29.5,
        "SHAPE_1": "OREC",
        "CONDUIT_WI": 7000.0,
        "CONDUIT_HE": 1344.0,
        "US_INVERT": 27.075,
        "DS_INVERT": 27.042,
        "USER_TEXT2": "Existing",
        "SHAPE.LEN": 29.456130683611498
      },
      "geometry": {
        "type": "LineString",
        "coordinates": [
          [
            278012.82770000026,
            2109660.2630000003
          ],
          [
            277983.4665999999,
            2109657.8988000005
          ]
        ]
      }
    },
    {
      "type": "Feature",
      "properties": {
        "OBJECTID": 28513,
        "US_NODE_ID": "2177109802",
        "DS_NODE_ID": "2177109803",
        "CONDUIT_LE": 39.2,
        "SHAPE_1": "OREC",
        "CONDUIT_WI": 4800.0,
        "CONDUIT_HE": 2352.0,
        "US_INVERT": 27.447,
        "DS_INVERT": 27.408,
        "USER_TEXT2": "Existing",
        "SHAPE.LEN": 39.172954836213194
      },
      "geometry": {
        "type": "LineString",
        "coordinates": [
          [
            277961.8662999999,
            2110884.7207999993
          ],
          [
            277976.4297000002,
            2110848.3555999994
          ]
        ]
      }
    },
    {
      "type": "Feature",
      "properties": {
        "OBJECTID": 28515,
        "US_NODE_ID": "2177109803",
        "DS_NODE_ID": "2177109804",
        "CONDUIT_LE": 10.0,
        "SHAPE_1": "OREC",
        "CONDUIT_WI": 4800.0,
        "CONDUIT_HE": 2391.0,
        "US_INVERT": 27.408,
        "DS_INVERT": 27.398,
        "USER_TEXT2": "Existing",
        "SHAPE.LEN": 10.001004908008001
      },
      "geometry": {
        "type": "LineString",
        "coordinates": [
          [
            277976.4297000002,
            2110848.3555999994
          ],
          [
            277981.23560000025,
            2110839.585000001
          ]
        ]
      }
    },
    {
      "type": "Feature",
      "properties": {
        "OBJECTID": 28518,
        "US_NODE_ID": "2177109901!",
        "DS_NODE_ID": "2177109902!",
        "CONDUIT_LE": 48.6,
        "SHAPE_1": "OREC",
        "CONDUIT_WI": 4800.0,
        "CONDUIT_HE": 2446.0,
        "US_INVERT": 27.553,
        "DS_INVERT": 27.504,
        "USER_TEXT2": "Existing",
        "SHAPE.LEN": 48.6079385895967
      },
      "geometry": {
        "type": "LineString",
        "coordinates": [
          [
            277948.26379999984,
            2110988.8730999995
          ],
          [
            277949.30900000036,
            2110940.2764
          ]
        ]
      }
    },
    {
      "type": "Feature",
      "properties": {
        "OBJECTID": 29116,
        "US_NODE_ID": "2178091402",
        "DS_NODE_ID": "2178091403",
        "CONDUIT_LE": 29.9,
        "SHAPE_1": "OREC",
        "CONDUIT_WI": 5122.0,
        "CONDUIT_HE": 1563.0,
        "US_INVERT": 26.813,
        "DS_INVERT": 26.783,
        "USER_TEXT2": "Existing",
        "SHAPE.LEN": 29.945617375502497
      },
      "geometry": {
        "type": "LineString",
        "coordinates": [
          [
            278118.7000000002,
            2109459.4000000004
          ],
          [
            278136.2000000002,
            2109483.6999999993
          ]
        ]
      }
    },
    {
      "type": "Feature",
      "properties": {
        "OBJECTID": 29110,
        "US_NODE_ID": "2178090603",
        "DS_NODE_ID": "2178090602",
        "CONDUIT_LE": 30.0,
        "SHAPE_1": "OREC",
        "CONDUIT_WI": 4426.0,
        "CONDUIT_HE": 1469.0,
        "US_INVERT": 27.11,
        "DS_INVERT": 27.09,
        "USER_TEXT2": "Existing",
        "SHAPE.LEN": 30.0065726453389
      },
      "geometry": {
        "type": "LineString",
        "coordinates": [
          [
            278072.1798999999,
            2109667.5370000005
          ],
          [
            278042.2814999996,
            2109664.9913999997
          ]
        ]
      }
    },
    {
      "type": "Feature",
      "properties": {
        "OBJECTID": 29217,
        "US_NODE_ID": "2178100708!",
        "DS_NODE_ID": "2178100705!",
        "CONDUIT_LE": 10.7,
        "SHAPE_1": "OREC",
        "CONDUIT_WI": 13000.0,
        "CONDUIT_HE": 2724.0,
        "US_INVERT": 27.283,
        "DS_INVERT": 27.277,
        "USER_TEXT2": "Existing",
        "SHAPE.LEN": 10.737723328993
      },
      "geometry": {
        "type": "LineString",
        "coordinates": [
          [
            278057.01769999973,
            2110749.067
          ],
          [
            278049.5,
            2110741.4000000004
          ]
        ]
      }
    },
    {
      "type": "Feature",
      "properties": {
        "OBJECTID": 29241,
        "US_NODE_ID": "2178101801!",
        "DS_NODE_ID": "2178101701!",
        "CONDUIT_LE": 29.8,
        "SHAPE_1": "OREC",
        "CONDUIT_WI": 9600.0,
        "CONDUIT_HE": 2690.0,
        "US_INVERT": 27.348,
        "DS_INVERT": 27.327,
        "USER_TEXT2": "Existing",
        "SHAPE.LEN": 29.774419002224
      },
      "geometry": {
        "type": "LineString",
        "coordinates": [
          [
            278124.68900000025,
            2110808.0143
          ],
          [
            278102.2876000004,
            2110788.400699999
          ]
        ]
      }
    },
    {
      "type": "Feature",
      "properties": {
        "OBJECTID": 29230,
        "US_NODE_ID": "2178100901",
        "DS_NODE_ID": "2178100803",
        "CONDUIT_LE": 30.0,
        "SHAPE_1": "RECT",
        "CONDUIT_WI": 4500.0,
        "CONDUIT_HE": 1596.0,
        "US_INVERT": 28.11,
        "DS_INVERT": 28.089,
        "USER_TEXT2": "Existing",
        "SHAPE.LEN": 30.0304932635147
      },
      "geometry": {
        "type": "LineString",
        "coordinates": [
          [
            278060.86450000014,
            2110907.304300001
          ],
          [
            278059.46360000037,
            2110877.306500001
          ]
        ]
      }
    },
    {
      "type": "Feature",
      "properties": {
        "OBJECTID": 29234,
        "US_NODE_ID": "2178100903",
        "DS_NODE_ID": "2178100904",
        "CONDUIT_LE": 30.0,
        "SHAPE_1": "RECT",
        "CONDUIT_WI": 4500.0,
        "CONDUIT_HE": 2008.0,
        "US_INVERT": 28.298,
        "DS_INVERT": 28.191,
        "USER_TEXT2": "Existing",
        "SHAPE.LEN": 30.018536223140497
      },
      "geometry": {
        "type": "LineString",
        "coordinates": [
          [
            278064.1188000003,
            2110996.955
          ],
          [
            278065.4205,
            2110966.9647000004
          ]
        ]
      }
    },
    {
      "type": "Feature",
      "properties": {
        "OBJECTID": 29358,
        "US_NODE_ID": "2178110104!",
        "DS_NODE_ID": "2178110105!",
        "CONDUIT_LE": 16.3,
        "SHAPE_1": "RECT",
        "CONDUIT_WI": 4500.0,
        "CONDUIT_HE": 2177.0,
        "US_INVERT": 28.621,
        "DS_INVERT": 28.618,
        "USER_TEXT2": "Existing",
        "SHAPE.LEN": 16.2648357277287
      },
      "geometry": {
        "type": "LineString",
        "coordinates": [
          [
            278064.7807,
            2111119.3149999995
          ],
          [
            278066.83249999955,
            2111103.1800999995
          ]
        ]
      }
    },
    {
      "type": "Feature",
      "properties": {
        "OBJECTID": 29359,
        "US_NODE_ID": "2178110104",
        "DS_NODE_ID": "2178110105",
        "CONDUIT_LE": 16.3,
        "SHAPE_1": "RECT",
        "CONDUIT_WI": 4500.0,
        "CONDUIT_HE": 2177.0,
        "US_INVERT": 28.621,
        "DS_INVERT": 28.618,
        "USER_TEXT2": "Existing",
        "SHAPE.LEN": 16.2648357277287
      },
      "geometry": {
        "type": "LineString",
        "coordinates": [
          [
            278064.7807,
            2111119.3149999995
          ],
          [
            278066.83249999955,
            2111103.1800999995
          ]
        ]
      }
    },
    {
      "type": "Feature",
      "properties": {
        "OBJECTID": 29369,
        "US_NODE_ID": "2178110204",
        "DS_NODE_ID": "2178110203",
        "CONDUIT_LE": 34.7,
        "SHAPE_1": "RECT",
        "CONDUIT_WI": 3500.0,
        "CONDUIT_HE": 2064.0,
        "US_INVERT": 29.434,
        "DS_INVERT": 29.014,
        "USER_TEXT2": "Existing",
        "SHAPE.LEN": 34.6960436754682
      },
      "geometry": {
        "type": "LineString",
        "coordinates": [
          [
            278043.4315999998,
            2111248.3861999996
          ],
          [
            278023.0048000002,
            2111220.340500001
          ]
        ]
      }
    },
    {
      "type": "Feature",
      "properties": {
        "OBJECTID": 29386,
        "US_NODE_ID": "2178110502!",
        "DS_NODE_ID": "2178110501!",
        "CONDUIT_LE": 29.8,
        "SHAPE_1": "RECT",
        "CONDUIT_WI": 4000.0,
        "CONDUIT_HE": 2136.0,
        "US_INVERT": 32.87,
        "DS_INVERT": 32.421,
        "USER_TEXT2": "Existing",
        "SHAPE.LEN": 29.7737
      },
      "geometry": {
        "type": "LineString",
        "coordinates": [
          [
            278081.3718999997,
            2111508.8913000003
          ],
          [
            278051.5981999999,
            2111508.8913000003
          ]
        ]
      }
    },
    {
      "type": "Feature",
      "properties": {
        "OBJECTID": 29406,
        "US_NODE_ID": "2178111501!",
        "DS_NODE_ID": "2178110502!",
        "CONDUIT_LE": 30.0,
        "SHAPE_1": "RECT",
        "CONDUIT_WI": 4000.0,
        "CONDUIT_HE": 3024.0,
        "US_INVERT": 32.874,
        "DS_INVERT": 32.808,
        "USER_TEXT2": "Existing",
        "SHAPE.LEN": 29.983400000000003
      },
      "geometry": {
        "type": "LineString",
        "coordinates": [
          [
            278111.35529999994,
            2111508.8913000003
          ],
          [
            278081.3718999997,
            2111508.8913000003
          ]
        ]
      }
    },
    {
      "type": "Feature",
      "properties": {
        "OBJECTID": 29114,
        "US_NODE_ID": "2178091304",
        "DS_NODE_ID": "2178091303",
        "CONDUIT_LE": 29.8,
        "SHAPE_1": "OREC",
        "CONDUIT_WI": 3408.0,
        "CONDUIT_HE": 1547.0,
        "US_INVERT": 26.401,
        "DS_INVERT": 26.394,
        "USER_TEXT2": "Existing",
        "SHAPE.LEN": 29.774951841102897
      },
      "geometry": {
        "type": "LineString",
        "coordinates": [
          [
            278187.49679999985,
            2109364.721999999
          ],
          [
            278158.75129999965,
            2109372.4836999997
          ]
        ]
      }
    },
    {
      "type": "Feature",
      "properties": {
        "OBJECTID": 29120,
        "US_NODE_ID": "2178091503",
        "DS_NODE_ID": "2178092501",
        "CONDUIT_LE": 30.6,
        "SHAPE_1": "OREC",
        "CONDUIT_WI": 4676.0,
        "CONDUIT_HE": 1550.0,
        "US_INVERT": 26.724,
        "DS_INVERT": 26.702,
        "USER_TEXT2": "Existing",
        "SHAPE.LEN": 30.6202547344074
      },
      "geometry": {
        "type": "LineString",
        "coordinates": [
          [
            278186.7999999998,
            2109558
          ],
          [
            278203.5999999996,
            2109583.5999999996
          ]
        ]
      }
    },
    {
      "type": "Feature",
      "properties": {
        "OBJECTID": 29247,
        "US_NODE_ID": "2178101804!",
        "DS_NODE_ID": "2178101803!",
        "CONDUIT_LE": 30.3,
        "SHAPE_1": "OREC",
        "CONDUIT_WI": 9600.0,
        "CONDUIT_HE": 2499.0,
        "US_INVERT": 27.439,
        "DS_INVERT": 27.404,
        "USER_TEXT2": "Existing",
        "SHAPE.LEN": 30.283028330733398
      },
      "geometry": {
        "type": "LineString",
        "coordinates": [
          [
            278193.3136999998,
            2110866.6100999992
          ],
          [
            278170.52749999985,
            2110846.663899999
          ]
        ]
      }
    },
    {
      "type": "Feature",
      "properties": {
        "OBJECTID": 29251,
        "US_NODE_ID": "2178102801!",
        "DS_NODE_ID": "2178101804!",
        "CONDUIT_LE": 29.6,
        "SHAPE_1": "OREC",
        "CONDUIT_WI": 9600.0,
        "CONDUIT_HE": 2495.0,
        "US_INVERT": 27.463,
        "DS_INVERT": 27.439,
        "USER_TEXT2": "Existing",
        "SHAPE.LEN": 29.6127146097753
      },
      "geometry": {
        "type": "LineString",
        "coordinates": [
          [
            278216.46970000025,
            2110885.068499999
          ],
          [
            278193.3136999998,
            2110866.6100999992
          ]
        ]
      }
    },
    {
      "type": "Feature",
      "properties": {
        "OBJECTID": 29421,
        "US_NODE_ID": "2178112004",
        "DS_NODE_ID": "2178102902",
        "CONDUIT_LE": 29.9,
        "SHAPE_1": "OREC",
        "CONDUIT_WI": 7200.0,
        "CONDUIT_HE": 1633.0,
        "US_INVERT": 27.575,
        "DS_INVERT": 27.561,
        "USER_TEXT2": "Existing",
        "SHAPE.LEN": 29.8869689291169
      },
      "geometry": {
        "type": "LineString",
        "coordinates": [
          [
            278240.4000000004,
            2111003.4000000004
          ],
          [
            278249.62509999983,
            2110974.9724000003
          ]
        ]
      }
    },
    {
      "type": "Feature",
      "properties": {
        "OBJECTID": 29257,
        "US_NODE_ID": "2178102903!",
        "DS_NODE_ID": "2178102904!",
        "CONDUIT_LE": 28.6,
        "SHAPE_1": "OREC",
        "CONDUIT_WI": 7200.0,
        "CONDUIT_HE": 2674.0,
        "US_INVERT": 27.544,
        "DS_INVERT": 27.518,
        "USER_TEXT2": "Existing",
        "SHAPE.LEN": 28.6458583465394
      },
      "geometry": {
        "type": "LineString",
        "coordinates": [
          [
            278259.0999999996,
            2110946.4000000004
          ],
          [
            278263.12200000044,
            2110918.037900001
          ]
        ]
      }
    },
    {
      "type": "Feature",
      "properties": {
        "OBJECTID": 29419,
        "US_NODE_ID": "2178112003",
        "DS_NODE_ID": "2178112004",
        "CONDUIT_LE": 30.1,
        "SHAPE_1": "OREC",
        "CONDUIT_WI": 7200.0,
        "CONDUIT_HE": 1525.0,
        "US_INVERT": 27.581,
        "DS_INVERT": 27.575,
        "USER_TEXT2": "Existing",
        "SHAPE.LEN": 30.119999561919002
      },
      "geometry": {
        "type": "LineString",
        "coordinates": [
          [
            278231.16559999995,
            2111032.0694999993
          ],
          [
            278240.4000000004,
            2111003.4000000004
          ]
        ]
      }
    },
    {
      "type": "Feature",
      "properties": {
        "OBJECTID": 29398,
        "US_NODE_ID": "2178111201!",
        "DS_NODE_ID": "2178111102!",
        "CONDUIT_LE": 45.8,
        "SHAPE_1": "OREC",
        "CONDUIT_WI": 4500.0,
        "CONDUIT_HE": 1887.0,
        "US_INVERT": 27.721,
        "DS_INVERT": 27.675,
        "USER_TEXT2": "Existing",
        "SHAPE.LEN": 45.8091463584512
      },
      "geometry": {
        "type": "LineString",
        "coordinates": [
          [
            278179.4000000004,
            2111221.6999999993
          ],
          [
            278191.2496999996,
            2111177.4499999993
          ]
        ]
      }
    },
    {
      "type": "Feature",
      "properties": {
        "OBJECTID": 29423,
        "US_NODE_ID": "2178112101",
        "DS_NODE_ID": "2178111103",
        "CONDUIT_LE": 5.0,
        "SHAPE_1": "OREC",
        "CONDUIT_WI": 4800.0,
        "CONDUIT_HE": 1603.0,
        "US_INVERT": 27.659,
        "DS_INVERT": 27.649,
        "USER_TEXT2": "Existing",
        "SHAPE.LEN": 4.9723063562093595
      },
      "geometry": {
        "type": "LineString",
        "coordinates": [
          [
            278200.3269999996,
            2111142.8463000003
          ],
          [
            278196.37650000025,
            2111139.8268
          ]
        ]
      }
    },
    {
      "type": "Feature",
      "properties": {
        "OBJECTID": 29430,
        "US_NODE_ID": "2178112105!",
        "DS_NODE_ID": "2178112104!",
        "CONDUIT_LE": 15.9,
        "SHAPE_1": "RECT",
        "CONDUIT_WI": 4800.0,
        "CONDUIT_HE": 1405.0,
        "US_INVERT": 27.719,
        "DS_INVERT": 27.699,
        "USER_TEXT2": "Existing",
        "SHAPE.LEN": 15.910937046258498
      },
      "geometry": {
        "type": "LineString",
        "coordinates": [
          [
            278273.5532999998,
            2111166.5297
          ],
          [
            278258.5647999998,
            2111161.1909
          ]
        ]
      }
    },
    {
      "type": "Feature",
      "properties": {
        "OBJECTID": 29431,
        "US_NODE_ID": "2178112105",
        "DS_NODE_ID": "2178112104",
        "CONDUIT_LE": 15.9,
        "SHAPE_1": "RECT",
        "CONDUIT_WI": 4800.0,
        "CONDUIT_HE": 1405.0,
        "US_INVERT": 27.719,
        "DS_INVERT": 27.699,
        "USER_TEXT2": "Existing",
        "SHAPE.LEN": 15.910937046258498
      },
      "geometry": {
        "type": "LineString",
        "coordinates": [
          [
            278273.5532999998,
            2111166.5297
          ],
          [
            278258.5647999998,
            2111161.1909
          ]
        ]
      }
    },
    {
      "type": "Feature",
      "properties": {
        "OBJECTID": 29403,
        "US_NODE_ID": "2178111302",
        "DS_NODE_ID": "2178111303",
        "CONDUIT_LE": 16.2,
        "SHAPE_1": "OREC",
        "CONDUIT_WI": 6923.0,
        "CONDUIT_HE": 3500.0,
        "US_INVERT": 27.828,
        "DS_INVERT": 27.811,
        "USER_TEXT2": "Existing",
        "SHAPE.LEN": 16.2317680851471
      },
      "geometry": {
        "type": "LineString",
        "coordinates": [
          [
            278141.67059999984,
            2111318.0347000007
          ],
          [
            278154.5020000003,
            2111308.0935999993
          ]
        ]
      }
    },
    {
      "type": "Feature",
      "properties": {
        "OBJECTID": 29436,
        "US_NODE_ID": "2178112402!",
        "DS_NODE_ID": "2178112401!",
        "CONDUIT_LE": 70.9,
        "SHAPE_1": "OREC",
        "CONDUIT_WI": 7000.0,
        "CONDUIT_HE": 3106.0,
        "US_INVERT": 28.122,
        "DS_INVERT": 28.051,
        "USER_TEXT2": "Existing",
        "SHAPE.LEN": 70.9040368840867
      },
      "geometry": {
        "type": "LineString",
        "coordinates": [
          [
            278254.9530999996,
            2111470.1052
          ],
          [
            278203.2971999999,
            2111423.4228000008
          ],
          [
            278204.2324000001,
            2111422.5495999996
          ]
        ]
      }
    },
    {
      "type": "Feature",
      "properties": {
        "OBJECTID": 29437,
        "US_NODE_ID": "2178112402",
        "DS_NODE_ID": "2178112401",
        "CONDUIT_LE": 70.9,
        "SHAPE_1": "OREC",
        "CONDUIT_WI": 7000.0,
        "CONDUIT_HE": 3106.0,
        "US_INVERT": 28.122,
        "DS_INVERT": 28.051,
        "USER_TEXT2": "Existing",
        "SHAPE.LEN": 70.9040368840867
      },
      "geometry": {
        "type": "LineString",
        "coordinates": [
          [
            278254.9530999996,
            2111470.1052
          ],
          [
            278203.2971999999,
            2111423.4228000008
          ],
          [
            278204.2324000001,
            2111422.5495999996
          ]
        ]
      }
    },
    {
      "type": "Feature",
      "properties": {
        "OBJECTID": 29410,
        "US_NODE_ID": "2178111503!",
        "DS_NODE_ID": "2178111502!",
        "CONDUIT_LE": 29.9,
        "SHAPE_1": "RECT",
        "CONDUIT_WI": 4000.0,
        "CONDUIT_HE": 3301.0,
        "US_INVERT": 33.005,
        "DS_INVERT": 32.939,
        "USER_TEXT2": "Existing",
        "SHAPE.LEN": 29.898502890278596
      },
      "geometry": {
        "type": "LineString",
        "coordinates": [
          [
            278170.4726,
            2111518.6348
          ],
          [
            278141.2394000003,
            2111512.3626000006
          ]
        ]
      }
    },
    {
      "type": "Feature",
      "properties": {
        "OBJECTID": 29413,
        "US_NODE_ID": "2178111504",
        "DS_NODE_ID": "2178111503",
        "CONDUIT_LE": 30.0,
        "SHAPE_1": "OREC",
        "CONDUIT_WI": 4000.0,
        "CONDUIT_HE": 3435.0,
        "US_INVERT": 33.071,
        "DS_INVERT": 33.005,
        "USER_TEXT2": "Existing",
        "SHAPE.LEN": 29.972079221335296
      },
      "geometry": {
        "type": "LineString",
        "coordinates": [
          [
            278199.16530000046,
            2111527.2982
          ],
          [
            278170.4726,
            2111518.6348
          ]
        ]
      }
    },
    {
      "type": "Feature",
      "properties": {
        "OBJECTID": 29440,
        "US_NODE_ID": "2178112502!",
        "DS_NODE_ID": "2178112501!",
        "CONDUIT_LE": 30.0,
        "SHAPE_1": "OREC",
        "CONDUIT_WI": 4000.0,
        "CONDUIT_HE": 3894.0,
        "US_INVERT": 33.202,
        "DS_INVERT": 33.136,
        "USER_TEXT2": "Existing",
        "SHAPE.LEN": 29.984182482102096
      },
      "geometry": {
        "type": "LineString",
        "coordinates": [
          [
            278256.31900000013,
            2111545.1613
          ],
          [
            278227.74760000035,
            2111536.0659
          ]
        ]
      }
    },
    {
      "type": "Feature",
      "properties": {
        "OBJECTID": 29453,
        "US_NODE_ID": "2178113502",
        "DS_NODE_ID": "2178112402",
        "CONDUIT_LE": 103.2,
        "SHAPE_1": "OREC",
        "CONDUIT_WI": 7000.0,
        "CONDUIT_HE": 3582.0,
        "US_INVERT": 28.226,
        "DS_INVERT": 28.122,
        "USER_TEXT2": "Existing",
        "SHAPE.LEN": 103.226036260674
      },
      "geometry": {
        "type": "LineString",
        "coordinates": [
          [
            278337.03029999975,
            2111532.706700001
          ],
          [
            278254.9530999996,
            2111470.1052
          ]
        ]
      }
    },
    {
      "type": "Feature",
      "properties": {
        "OBJECTID": 29146,
        "US_NODE_ID": "2178093301",
        "DS_NODE_ID": "2178092303",
        "CONDUIT_LE": 30.3,
        "SHAPE_1": "OREC",
        "CONDUIT_WI": 3500.0,
        "CONDUIT_HE": 1658.0,
        "US_INVERT": 26.441,
        "DS_INVERT": 26.441,
        "USER_TEXT2": "Existing",
        "SHAPE.LEN": 30.3426980977302
      },
      "geometry": {
        "type": "LineString",
        "coordinates": [
          [
            278303.64269999973,
            2109333.4515000004
          ],
          [
            278274.4315999998,
            2109341.660700001
          ]
        ]
      }
    },
    {
      "type": "Feature",
      "properties": {
        "OBJECTID": 29153,
        "US_NODE_ID": "2178093703",
        "DS_NODE_ID": "2178093704",
        "CONDUIT_LE": 29.6,
        "SHAPE_1": "OREC",
        "CONDUIT_WI": 5000.0,
        "CONDUIT_HE": 2371.0,
        "US_INVERT": 26.353,
        "DS_INVERT": 26.3,
        "USER_TEXT2": "Existing",
        "SHAPE.LEN": 29.648777377827898
      },
      "geometry": {
        "type": "LineString",
        "coordinates": [
          [
            278361.0999999996,
            2109724.1999999993
          ],
          [
            278377.5,
            2109748.9000000004
          ]
        ]
      }
    },
    {
      "type": "Feature",
      "properties": {
        "OBJECTID": 29154,
        "US_NODE_ID": "2178093704",
        "DS_NODE_ID": "2178093705",
        "CONDUIT_LE": 30.2,
        "SHAPE_1": "OREC",
        "CONDUIT_WI": 5000.0,
        "CONDUIT_HE": 2405.0,
        "US_INVERT": 26.3,
        "DS_INVERT": 26.263,
        "USER_TEXT2": "Existing",
        "SHAPE.LEN": 30.241858408503898
      },
      "geometry": {
        "type": "LineString",
        "coordinates": [
          [
            278377.5,
            2109748.9000000004
          ],
          [
            278393.5999999996,
            2109774.5
          ]
        ]
      }
    },
    {
      "type": "Feature",
      "properties": {
        "OBJECTID": 29250,
        "US_NODE_ID": "2178102201",
        "DS_NODE_ID": "2178104301",
        "CONDUIT_LE": 150.3,
        "SHAPE_1": "OREC",
        "CONDUIT_WI": 15000.0,
        "CONDUIT_HE": 2478.0,
        "US_INVERT": 26.02,
        "DS_INVERT": 26.011,
        "USER_TEXT2": "Proposal",
        "SHAPE.LEN": 150.283598572832
      },
      "geometry": {
        "type": "LineString",
        "coordinates": [
          [
            278287.2999999998,
            2110296.6999999993
          ],
          [
            278406.9000000004,
            2110387.6999999993
          ]
        ]
      }
    },
    {
      "type": "Feature",
      "properties": {
        "OBJECTID": 29432,
        "US_NODE_ID": "2178112106!",
        "DS_NODE_ID": "2178112105!",
        "CONDUIT_LE": 15.4,
        "SHAPE_1": "OREC",
        "CONDUIT_WI": 4800.0,
        "CONDUIT_HE": 1468.0,
        "US_INVERT": 27.731,
        "DS_INVERT": 27.719,
        "USER_TEXT2": "Existing",
        "SHAPE.LEN": 15.405012917229199
      },
      "geometry": {
        "type": "LineString",
        "coordinates": [
          [
            278288.0999999996,
            2111171.5999999996
          ],
          [
            278273.5532999998,
            2111166.5297
          ]
        ]
      }
    },
    {
      "type": "Feature",
      "properties": {
        "OBJECTID": 29448,
        "US_NODE_ID": "2178113103!",
        "DS_NODE_ID": "2178113102!",
        "CONDUIT_LE": 12.1,
        "SHAPE_1": "RECT",
        "CONDUIT_WI": 4800.0,
        "CONDUIT_HE": 1503.0,
        "US_INVERT": 27.763,
        "DS_INVERT": 27.75,
        "USER_TEXT2": "Existing",
        "SHAPE.LEN": 12.1245949610698
      },
      "geometry": {
        "type": "LineString",
        "coordinates": [
          [
            278332.3828999996,
            2111186.8434999995
          ],
          [
            278321.1377999997,
            2111182.3099000007
          ]
        ]
      }
    },
    {
      "type": "Feature",
      "properties": {
        "OBJECTID": 29096,
        "US_NODE_ID": "2178086702",
        "DS_NODE_ID": "2178084801",
        "CONDUIT_LE": 179.5,
        "SHAPE_1": "RECT",
        "CONDUIT_WI": 2000.0,
        "CONDUIT_HE": 1500.0,
        "US_INVERT": 29.0,
        "DS_INVERT": 28.276,
        "USER_TEXT2": "Proposal",
        "SHAPE.LEN": 179.467053493754
      },
      "geometry": {
        "type": "LineString",
        "coordinates": [
          [
            278659.14269999973,
            2108776.3738
          ],
          [
            278489.7999999998,
            2108835.8000000007
          ]
        ]
      }
    },
    {
      "type": "Feature",
      "properties": {
        "OBJECTID": 29464,
        "US_NODE_ID": "2178114601!",
        "DS_NODE_ID": "2178113505!",
        "CONDUIT_LE": 29.9,
        "SHAPE_1": "OREC",
        "CONDUIT_WI": 4000.0,
        "CONDUIT_HE": 2911.0,
        "US_INVERT": 33.595,
        "DS_INVERT": 33.53,
        "USER_TEXT2": "Existing",
        "SHAPE.LEN": 29.886846654674002
      },
      "geometry": {
        "type": "LineString",
        "coordinates": [
          [
            278424.9671,
            2111607.9503000006
          ],
          [
            278396.7156999996,
            2111598.1993000004
          ]
        ]
      }
    }
  ]
}