{
  "type": "FeatureCollection",
  "name": "NODE_ID",
  "crs": {
    "type": "name",
    "properties": {
      "name": "urn:ogc:def:crs:32643"
    }
  },
  "features": [
    {
      "type": "Feature",
      "properties": {
        "OBJECTID": 22252,
        "NODE_ID": "2174093101",
        "GROUND_LEV": 28.63
      },
      "geometry": {
        "type": "Point",
        "coordinates": [
          274311.7999999998,
          2109199.8000000007
        ]
      }
    },
    {
      "type": "Feature",
      "properties": {
        "OBJECTID": 22253,
        "NODE_ID": "2174093102",
        "GROUND_LEV": 28.51
      },
      "geometry": {
        "type": "Point",
        "coordinates": [
          274324.5999999996,
          2109172.6999999993
        ]
      }
    },
    {
      "type": "Feature",
      "properties": {
        "OBJECTID": 22302,
        "NODE_ID": "2174103001",
        "GROUND_LEV": 27.5
      },
      "geometry": {
        "type": "Point",
        "coordinates": [
          274300,
          2110024.5999999996
        ]
      }
    },
    {
      "type": "Feature",
      "properties": {
        "OBJECTID": 22304,
        "NODE_ID": "2174103501",
        "GROUND_LEV": 29.16
      },
      "geometry": {
        "type": "Point",
        "coordinates": [
          274313.0999999996,
          2110518.1999999993
        ]
      }
    },
    {
      "type": "Feature",
      "properties": {
        "OBJECTID": 22306,
        "NODE_ID": "2174104001",
        "GROUND_LEV": 28.99
      },
      "geometry": {
        "type": "Point",
        "coordinates": [
          274410.5999999996,
          2110025.5999999996
        ]
      }
    },
    {
      "type": "Feature",
      "properties": {
        "OBJECTID": 22308,
        "NODE_ID": "2174104401",
        "GROUND_LEV": 28.29
      },
      "geometry": {
        "type": "Point",
        "coordinates": [
          274468.4000000004,
          2110497.0999999996
        ]
      }
    },
    {
      "type": "Feature",
      "properties": {
        "OBJECTID": 22310,
        "NODE_ID": "2174104601",
        "GROUND_LEV": 31.6
      },
      "geometry": {
        "type": "Point",
        "coordinates": [
          274489,
          2110622.3000000007
        ]
      }
    },
    {
      "type": "Feature",
      "properties": {
        "OBJECTID": 22311,
        "NODE_ID": "2174104701",
        "GROUND_LEV": 30.1
      },
      "geometry": {
        "type": "Point",
        "coordinates": [
          274462,
          2110794.5
        ]
      }
    },
    {
      "type": "Feature",
      "properties": {
        "OBJECTID": 22314,
        "NODE_ID": "2174104802",
        "GROUND_LEV": 30.8
      },
      "geometry": {
        "type": "Point",
        "coordinates": [
          274474.2000000002,
          2110844.8000000007
        ]
      }
    },
    {
      "type": "Feature",
      "properties": {
        "OBJECTID": 22322,
        "NODE_ID": "2174105603",
        "GROUND_LEV": 31.2
      },
      "geometry": {
        "type": "Point",
        "coordinates": [
          274539.2999999998,
          2110657.4000000004
        ]
      }
    },
    {
      "type": "Feature",
      "properties": {
        "OBJECTID": 22326,
        "NODE_ID": "2174106601",
        "GROUND_LEV": 31.2
      },
      "geometry": {
        "type": "Point",
        "coordinates": [
          274609.4000000004,
          2110667.5
        ]
      }
    },
    {
      "type": "Feature",
      "properties": {
        "OBJECTID": 24668,
        "NODE_ID": "2175091801",
        "GROUND_LEV": 28.37
      },
      "geometry": {
        "type": "Point",
        "coordinates": [
          275175.09470000025,
          2109825.272
        ]
      }
    },
    {
      "type": "Feature",
      "properties": {
        "OBJECTID": 24709,
        "NODE_ID": "2175103201",
        "GROUND_LEV": 28.762
      },
      "geometry": {
        "type": "Point",
        "coordinates": [
          275300.48089999985,
          2110206.6438999996
        ]
      }
    },
    {
      "type": "Feature",
      "properties": {
        "OBJECTID": 24675,
        "NODE_ID": "2175101403",
        "GROUND_LEV": 28.904
      },
      "geometry": {
        "type": "Point",
        "coordinates": [
          275177.2999999998,
          2110443.3000000007
        ]
      }
    },
    {
      "type": "Feature",
      "properties": {
        "OBJECTID": 24695,
        "NODE_ID": "2175102401",
        "GROUND_LEV": 28.755
      },
      "geometry": {
        "type": "Point",
        "coordinates": [
          275205.9818000002,
          2110434.4891999997
        ]
      }
    },
    {
      "type": "Feature",
      "properties": {
        "OBJECTID": 24700,
        "NODE_ID": "2175103002",
        "GROUND_LEV": 29.041
      },
      "geometry": {
        "type": "Point",
        "coordinates": [
          275367.34130000044,
          2110068.1696000006
        ]
      }
    },
    {
      "type": "Feature",
      "properties": {
        "OBJECTID": 24704,
        "NODE_ID": "2175103102",
        "GROUND_LEV": 28.746
      },
      "geometry": {
        "type": "Point",
        "coordinates": [
          275328.39910000004,
          2110159.7646999992
        ]
      }
    },
    {
      "type": "Feature",
      "properties": {
        "OBJECTID": 24710,
        "NODE_ID": "2175103202",
        "GROUND_LEV": 28.702
      },
      "geometry": {
        "type": "Point",
        "coordinates": [
          275342.8673999999,
          2110284.4125999995
        ]
      }
    },
    {
      "type": "Feature",
      "properties": {
        "OBJECTID": 24713,
        "NODE_ID": "2175103302",
        "GROUND_LEV": 28.75
      },
      "geometry": {
        "type": "Point",
        "coordinates": [
          275395.89269999973,
          2110352.9767000005
        ]
      }
    },
    {
      "type": "Feature",
      "properties": {
        "OBJECTID": 24631,
        "NODE_ID": "2175085501",
        "GROUND_LEV": 28.41
      },
      "geometry": {
        "type": "Point",
        "coordinates": [
          275522.00189999957,
          2108567.236300001
        ]
      }
    },
    {
      "type": "Feature",
      "properties": {
        "OBJECTID": 24641,
        "NODE_ID": "2175086501",
        "GROUND_LEV": 27.71
      },
      "geometry": {
        "type": "Point",
        "coordinates": [
          275606.00629999954,
          2108578.7971
        ]
      }
    },
    {
      "type": "Feature",
      "properties": {
        "OBJECTID": 24649,
        "NODE_ID": "2175087701",
        "GROUND_LEV": 27.84
      },
      "geometry": {
        "type": "Point",
        "coordinates": [
          275756.20100000035,
          2108780.3593000006
        ]
      }
    },
    {
      "type": "Feature",
      "properties": {
        "OBJECTID": 24722,
        "NODE_ID": "2175106003",
        "GROUND_LEV": 28.35
      },
      "geometry": {
        "type": "Point",
        "coordinates": [
          275642.78479999956,
          2110076.5901999995
        ]
      }
    },
    {
      "type": "Feature",
      "properties": {
        "OBJECTID": 24729,
        "NODE_ID": "2175106501",
        "GROUND_LEV": 28.4
      },
      "geometry": {
        "type": "Point",
        "coordinates": [
          275692.69070000015,
          2110522.2722999994
        ]
      }
    },
    {
      "type": "Feature",
      "properties": {
        "OBJECTID": 24749,
        "NODE_ID": "2175107601",
        "GROUND_LEV": 28.85
      },
      "geometry": {
        "type": "Point",
        "coordinates": [
          275705.3722000001,
          2110638.2224000003
        ]
      }
    },
    {
      "type": "Feature",
      "properties": {
        "OBJECTID": 24743,
        "NODE_ID": "2175107503",
        "GROUND_LEV": 28.851
      },
      "geometry": {
        "type": "Point",
        "coordinates": [
          275733.2756000003,
          2110598.7588
        ]
      }
    },
    {
      "type": "Feature",
      "properties": {
        "OBJECTID": 24656,
        "NODE_ID": "2175088401",
        "GROUND_LEV": 28.047
      },
      "geometry": {
        "type": "Point",
        "coordinates": [
          275812.7999999998,
          2108405.5999999996
        ]
      }
    },
    {
      "type": "Feature",
      "properties": {
        "OBJECTID": 24652,
        "NODE_ID": "2175088301",
        "GROUND_LEV": 28.0
      },
      "geometry": {
        "type": "Point",
        "coordinates": [
          275834,
          2108397
        ]
      }
    },
    {
      "type": "Feature",
      "properties": {
        "OBJECTID": 24662,
        "NODE_ID": "2175089501",
        "GROUND_LEV": 27.785
      },
      "geometry": {
        "type": "Point",
        "coordinates": [
          275907.9000000004,
          2108567.0999999996
        ]
      }
    },
    {
      "type": "Feature",
      "properties": {
        "OBJECTID": 24663,
        "NODE_ID": "2175089502",
        "GROUND_LEV": 28.553
      },
      "geometry": {
        "type": "Point",
        "coordinates": [
          275917.0999999996,
          2108558.6999999993
        ]
      }
    },
    {
      "type": "Feature",
      "properties": {
        "OBJECTID": 24660,
        "NODE_ID": "2175088701",
        "GROUND_LEV": 28.4
      },
      "geometry": {
        "type": "Point",
        "coordinates": [
          275896,
          2108793.1999999993
        ]
      }
    },
    {
      "type": "Feature",
      "properties": {
        "OBJECTID": 24763,
        "NODE_ID": "2175108605",
        "GROUND_LEV": 28.21
      },
      "geometry": {
        "type": "Point",
        "coordinates": [
          275888.8191999998,
          2110639.7633999996
        ]
      }
    },
    {
      "type": "Feature",
      "properties": {
        "OBJECTID": 24775,
        "NODE_ID": "2175118203",
        "GROUND_LEV": 29.2
      },
      "geometry": {
        "type": "Point",
        "coordinates": [
          275845.9000000004,
          2111273.0999999996
        ]
      }
    },
    {
      "type": "Feature",
      "properties": {
        "OBJECTID": 24777,
        "NODE_ID": "2175118205",
        "GROUND_LEV": 29.2
      },
      "geometry": {
        "type": "Point",
        "coordinates": [
          275893.4000000004,
          2111249.5999999996
        ]
      }
    },
    {
      "type": "Feature",
      "properties": {
        "OBJECTID": 24769,
        "NODE_ID": "2175109603",
        "GROUND_LEV": 28.28
      },
      "geometry": {
        "type": "Point",
        "coordinates": [
          275960.47759999987,
          2110627.5583999995
        ]
      }
    },
    {
      "type": "Feature",
      "properties": {
        "OBJECTID": 26609,
        "NODE_ID": "2176092101",
        "GROUND_LEV": 27.892
      },
      "geometry": {
        "type": "Point",
        "coordinates": [
          276244.2000000002,
          2109165.8000000007
        ]
      }
    },
    {
      "type": "Feature",
      "properties": {
        "OBJECTID": 26611,
        "NODE_ID": "2176092501",
        "GROUND_LEV": 27.71
      },
      "geometry": {
        "type": "Point",
        "coordinates": [
          276239.7000000002,
          2109544.8000000007
        ]
      }
    },
    {
      "type": "Feature",
      "properties": {
        "OBJECTID": 26732,
        "NODE_ID": "2176111101",
        "GROUND_LEV": 29.11
      },
      "geometry": {
        "type": "Point",
        "coordinates": [
          276109.0999999996,
          2111144.4000000004
        ]
      }
    },
    {
      "type": "Feature",
      "properties": {
        "OBJECTID": 26734,
        "NODE_ID": "2176111103",
        "GROUND_LEV": 29.122
      },
      "geometry": {
        "type": "Point",
        "coordinates": [
          276162.5374999996,
          2111117.3704000004
        ]
      }
    },
    {
      "type": "Feature",
      "properties": {
        "OBJECTID": 26616,
        "NODE_ID": "2176093101",
        "GROUND_LEV": 28.86
      },
      "geometry": {
        "type": "Point",
        "coordinates": [
          276302.7000000002,
          2109137.9000000004
        ]
      }
    },
    {
      "type": "Feature",
      "properties": {
        "OBJECTID": 26667,
        "NODE_ID": "2176103102",
        "GROUND_LEV": 29.41
      },
      "geometry": {
        "type": "Point",
        "coordinates": [
          276357.9000000004,
          2110130.1999999993
        ]
      }
    },
    {
      "type": "Feature",
      "properties": {
        "OBJECTID": 26746,
        "NODE_ID": "2176113002",
        "GROUND_LEV": 29.162
      },
      "geometry": {
        "type": "Point",
        "coordinates": [
          276349.8931999998,
          2111021.8519
        ]
      }
    },
    {
      "type": "Feature",
      "properties": {
        "OBJECTID": 26741,
        "NODE_ID": "2176112004",
        "GROUND_LEV": 29.15
      },
      "geometry": {
        "type": "Point",
        "coordinates": [
          276296.15299999993,
          2111049.3926
        ]
      }
    },
    {
      "type": "Feature",
      "properties": {
        "OBJECTID": 26743,
        "NODE_ID": "2176112201",
        "GROUND_LEV": 30.53
      },
      "geometry": {
        "type": "Point",
        "coordinates": [
          276282.5999999996,
          2111243.5
        ]
      }
    },
    {
      "type": "Feature",
      "properties": {
        "OBJECTID": 26629,
        "NODE_ID": "2176094201",
        "GROUND_LEV": 30.63
      },
      "geometry": {
        "type": "Point",
        "coordinates": [
          276417.9000000004,
          2109221.6999999993
        ]
      }
    },
    {
      "type": "Feature",
      "properties": {
        "OBJECTID": 26638,
        "NODE_ID": "2176095301",
        "GROUND_LEV": 28.898
      },
      "geometry": {
        "type": "Point",
        "coordinates": [
          276528.0999999996,
          2109324.6999999993
        ]
      }
    },
    {
      "type": "Feature",
      "properties": {
        "OBJECTID": 26672,
        "NODE_ID": "2176104101",
        "GROUND_LEV": 28.39
      },
      "geometry": {
        "type": "Point",
        "coordinates": [
          276442.2999999998,
          2110110.4000000004
        ]
      }
    },
    {
      "type": "Feature",
      "properties": {
        "OBJECTID": 26674,
        "NODE_ID": "2176104103",
        "GROUND_LEV": 29.145
      },
      "geometry": {
        "type": "Point",
        "coordinates": [
          276477.2999999998,
          2110139.4000000004
        ]
      }
    },
    {
      "type": "Feature",
      "properties": {
        "OBJECTID": 26676,
        "NODE_ID": "2176104301",
        "GROUND_LEV": 30.433
      },
      "geometry": {
        "type": "Point",
        "coordinates": [
          276413.5999999996,
          2110327.4000000004
        ]
      }
    },
    {
      "type": "Feature",
      "properties": {
        "OBJECTID": 26682,
        "NODE_ID": "2176104904",
        "GROUND_LEV": 29.062
      },
      "geometry": {
        "type": "Point",
        "coordinates": [
          276484.1058,
          2110955.2325999998
        ]
      }
    },
    {
      "type": "Feature",
      "properties": {
        "OBJECTID": 26754,
        "NODE_ID": "2176115001",
        "GROUND_LEV": 30.42
      },
      "geometry": {
        "type": "Point",
        "coordinates": [
          276518.2000000002,
          2111005.4000000004
        ]
      }
    },
    {
      "type": "Feature",
      "properties": {
        "OBJECTID": 26752,
        "NODE_ID": "2176114501",
        "GROUND_LEV": 28.31
      },
      "geometry": {
        "type": "Point",
        "coordinates": [
          276494.7999999998,
          2111559.5999999996
        ]
      }
    },
    {
      "type": "Feature",
      "properties": {
        "OBJECTID": 26685,
        "NODE_ID": "2176105103",
        "GROUND_LEV": 31.995
      },
      "geometry": {
        "type": "Point",
        "coordinates": [
          276581,
          2110196.3000000007
        ]
      }
    },
    {
      "type": "Feature",
      "properties": {
        "OBJECTID": 26703,
        "NODE_ID": "2176107601",
        "GROUND_LEV": 28.4
      },
      "geometry": {
        "type": "Point",
        "coordinates": [
          276712,
          2110654.0999999996
        ]
      }
    },
    {
      "type": "Feature",
      "properties": {
        "OBJECTID": 26763,
        "NODE_ID": "2176116302",
        "GROUND_LEV": 28.7
      },
      "geometry": {
        "type": "Point",
        "coordinates": [
          276629.2000000002,
          2111371.5999999996
        ]
      }
    },
    {
      "type": "Feature",
      "properties": {
        "OBJECTID": 26761,
        "NODE_ID": "2176115802",
        "GROUND_LEV": 30.0
      },
      "geometry": {
        "type": "Point",
        "coordinates": [
          276576.5,
          2111829.0999999996
        ]
      }
    },
    {
      "type": "Feature",
      "properties": {
        "OBJECTID": 26582,
        "NODE_ID": "2176087403",
        "GROUND_LEV": 27.658
      },
      "geometry": {
        "type": "Point",
        "coordinates": [
          276755.81630000006,
          2108491.9279999994
        ]
      }
    },
    {
      "type": "Feature",
      "properties": {
        "OBJECTID": 26587,
        "NODE_ID": "2176088502",
        "GROUND_LEV": 27.808
      },
      "geometry": {
        "type": "Point",
        "coordinates": [
          276827.58660000004,
          2108546.396299999
        ]
      }
    },
    {
      "type": "Feature",
      "properties": {
        "OBJECTID": 26645,
        "NODE_ID": "2176098001",
        "GROUND_LEV": 28.782
      },
      "geometry": {
        "type": "Point",
        "coordinates": [
          276837.2000000002,
          2109001.5
        ]
      }
    },
    {
      "type": "Feature",
      "properties": {
        "OBJECTID": 26711,
        "NODE_ID": "2176108301",
        "GROUND_LEV": 33.35
      },
      "geometry": {
        "type": "Point",
        "coordinates": [
          276833.5,
          2110373.1999999993
        ]
      }
    },
    {
      "type": "Feature",
      "properties": {
        "OBJECTID": 26705,
        "NODE_ID": "2176107701",
        "GROUND_LEV": 28.4
      },
      "geometry": {
        "type": "Point",
        "coordinates": [
          276747.2000000002,
          2110700.3000000007
        ]
      }
    },
    {
      "type": "Feature",
      "properties": {
        "OBJECTID": 26715,
        "NODE_ID": "2176108703",
        "GROUND_LEV": 28.46
      },
      "geometry": {
        "type": "Point",
        "coordinates": [
          276848.5088999998,
          2110772.0847999994
        ]
      }
    },
    {
      "type": "Feature",
      "properties": {
        "OBJECTID": 26767,
        "NODE_ID": "2176117101",
        "GROUND_LEV": 31.51
      },
      "geometry": {
        "type": "Point",
        "coordinates": [
          276719.0999999996,
          2111109.5
        ]
      }
    },
    {
      "type": "Feature",
      "properties": {
        "OBJECTID": 26590,
        "NODE_ID": "2176088601",
        "GROUND_LEV": 28.208
      },
      "geometry": {
        "type": "Point",
        "coordinates": [
          276896.97420000006,
          2108603.3451000005
        ]
      }
    },
    {
      "type": "Feature",
      "properties": {
        "OBJECTID": 26718,
        "NODE_ID": "2176109301",
        "GROUND_LEV": 30.1
      },
      "geometry": {
        "type": "Point",
        "coordinates": [
          276965.7000000002,
          2110347.5
        ]
      }
    },
    {
      "type": "Feature",
      "properties": {
        "OBJECTID": 26779,
        "NODE_ID": "2176119001",
        "GROUND_LEV": 29.4
      },
      "geometry": {
        "type": "Point",
        "coordinates": [
          276915.2999999998,
          2111041
        ]
      }
    },
    {
      "type": "Feature",
      "properties": {
        "OBJECTID": 27823,
        "NODE_ID": "2177080303",
        "GROUND_LEV": 28.35
      },
      "geometry": {
        "type": "Point",
        "coordinates": [
          277076.1579999998,
          2108329.9407
        ]
      }
    },
    {
      "type": "Feature",
      "properties": {
        "OBJECTID": 27848,
        "NODE_ID": "2177081703",
        "GROUND_LEV": 28.186
      },
      "geometry": {
        "type": "Point",
        "coordinates": [
          277148.3136999998,
          2108749.2444
        ]
      }
    },
    {
      "type": "Feature",
      "properties": {
        "OBJECTID": 27898,
        "NODE_ID": "2177091703",
        "GROUND_LEV": 29.0
      },
      "geometry": {
        "type": "Point",
        "coordinates": [
          277163.79360000044,
          2109716.1783000007
        ]
      }
    },
    {
      "type": "Feature",
      "properties": {
        "OBJECTID": 28079,
        "NODE_ID": "2177101201",
        "GROUND_LEV": 29.879
      },
      "geometry": {
        "type": "Point",
        "coordinates": [
          277107.34640000015,
          2110298.4384000003
        ]
      }
    },
    {
      "type": "Feature",
      "properties": {
        "OBJECTID": 28077,
        "NODE_ID": "2177100703",
        "GROUND_LEV": 29.45
      },
      "geometry": {
        "type": "Point",
        "coordinates": [
          277073.9456000002,
          2110778.7414999995
        ]
      }
    },
    {
      "type": "Feature",
      "properties": {
        "OBJECTID": 28292,
        "NODE_ID": "2177110104",
        "GROUND_LEV": 29.0
      },
      "geometry": {
        "type": "Point",
        "coordinates": [
          277097.5999999996,
          2111156.8000000007
        ]
      }
    },
    {
      "type": "Feature",
      "properties": {
        "OBJECTID": 28297,
        "NODE_ID": "2177111201",
        "GROUND_LEV": 28.92
      },
      "geometry": {
        "type": "Point",
        "coordinates": [
          277107.2000000002,
          2111220.9000000004
        ]
      }
    },
    {
      "type": "Feature",
      "properties": {
        "OBJECTID": 28299,
        "NODE_ID": "2177111203",
        "GROUND_LEV": 29.3
      },
      "geometry": {
        "type": "Point",
        "coordinates": [
          277134.4000000004,
          2111274.5
        ]
      }
    },
    {
      "type": "Feature",
      "properties": {
        "OBJECTID": 28301,
        "NODE_ID": "2177111302",
        "GROUND_LEV": 29.8
      },
      "geometry": {
        "type": "Point",
        "coordinates": [
          277162.0999999996,
          2111327.5999999996
        ]
      }
    },
    {
      "type": "Feature",
      "properties": {
        "OBJECTID": 27862,
        "NODE_ID": "2177082806",
        "GROUND_LEV": 28.208
      },
      "geometry": {
        "type": "Point",
        "coordinates": [
          277297.83330000006,
          2108856.974199999
        ]
      }
    },
    {
      "type": "Feature",
      "properties": {
        "OBJECTID": 27909,
        "NODE_ID": "2177092503",
        "GROUND_LEV": 28.14
      },
      "geometry": {
        "type": "Point",
        "coordinates": [
          277238.7145999996,
          2109581.8475
        ]
      }
    },
    {
      "type": "Feature",
      "properties": {
        "OBJECTID": 27917,
        "NODE_ID": "2177092601",
        "GROUND_LEV": 28.55
      },
      "geometry": {
        "type": "Point",
        "coordinates": [
          277220.5491000004,
          2109635.5737999994
        ]
      }
    },
    {
      "type": "Feature",
      "properties": {
        "OBJECTID": 28108,
        "NODE_ID": "2177103201",
        "GROUND_LEV": 29.389
      },
      "geometry": {
        "type": "Point",
        "coordinates": [
          277314.08330000006,
          2110219.8016
        ]
      }
    },
    {
      "type": "Feature",
      "properties": {
        "OBJECTID": 28095,
        "NODE_ID": "2177102303",
        "GROUND_LEV": 28.9
      },
      "geometry": {
        "type": "Point",
        "coordinates": [
          277291.5,
          2110321.1999999993
        ]
      }
    },
    {
      "type": "Feature",
      "properties": {
        "OBJECTID": 28096,
        "NODE_ID": "2177102304",
        "GROUND_LEV": 29.2
      },
      "geometry": {
        "type": "Point",
        "coordinates": [
          277298,
          2110306.5999999996
        ]
      }
    },
    {
      "type": "Feature",
      "properties": {
        "OBJECTID": 28307,
        "NODE_ID": "2177112403",
        "GROUND_LEV": 31.102
      },
      "geometry": {
        "type": "Point",
        "coordinates": [
          277245.2128999997,
          2111449.4287
        ]
      }
    },
    {
      "type": "Feature",
      "properties": {
        "OBJECTID": 28312,
        "NODE_ID": "2177113401",
        "GROUND_LEV": 31.738
      },
      "geometry": {
        "type": "Point",
        "coordinates": [
          277326.6447999999,
          2111487.6023999993
        ]
      }
    },
    {
      "type": "Feature",
      "properties": {
        "OBJECTID": 27958,
        "NODE_ID": "2177094104",
        "GROUND_LEV": 28.5
      },
      "geometry": {
        "type": "Point",
        "coordinates": [
          277422.6858000001,
          2109124.7464000005
        ]
      }
    },
    {
      "type": "Feature",
      "properties": {
        "OBJECTID": 27928,
        "NODE_ID": "2177093202",
        "GROUND_LEV": 28.33
      },
      "geometry": {
        "type": "Point",
        "coordinates": [
          277363.2746000001,
          2109266.608100001
        ]
      }
    },
    {
      "type": "Feature",
      "properties": {
        "OBJECTID": 28107,
        "NODE_ID": "2177103106",
        "GROUND_LEV": 28.85
      },
      "geometry": {
        "type": "Point",
        "coordinates": [
          277393,
          2110103.5999999996
        ]
      }
    },
    {
      "type": "Feature",
      "properties": {
        "OBJECTID": 28118,
        "NODE_ID": "2177104004",
        "GROUND_LEV": 29.3
      },
      "geometry": {
        "type": "Point",
        "coordinates": [
          277446.7000000002,
          2110038.9000000004
        ]
      }
    },
    {
      "type": "Feature",
      "properties": {
        "OBJECTID": 28122,
        "NODE_ID": "2177104008",
        "GROUND_LEV": 29.0
      },
      "geometry": {
        "type": "Point",
        "coordinates": [
          277473.7000000002,
          2110007.3000000007
        ]
      }
    },
    {
      "type": "Feature",
      "properties": {
        "OBJECTID": 28123,
        "NODE_ID": "2177104009",
        "GROUND_LEV": 28.95
      },
      "geometry": {
        "type": "Point",
        "coordinates": [
          277476.2999999998,
          2110004.4000000004
        ]
      }
    },
    {
      "type": "Feature",
      "properties": {
        "OBJECTID": 28104,
        "NODE_ID": "2177103103",
        "GROUND_LEV": 29.219
      },
      "geometry": {
        "type": "Point",
        "coordinates": [
          277361,
          2110141.6999999993
        ]
      }
    },
    {
      "type": "Feature",
      "properties": {
        "OBJECTID": 28329,
        "NODE_ID": "2177113803",
        "GROUND_LEV": 33.57
      },
      "geometry": {
        "type": "Point",
        "coordinates": [
          277383.59979999997,
          2111898.1284999996
        ]
      }
    },
    {
      "type": "Feature",
      "properties": {
        "OBJECTID": 27884,
        "NODE_ID": "2177086301",
        "GROUND_LEV": 29.0
      },
      "geometry": {
        "type": "Point",
        "coordinates": [
          277600.9084999999,
          2108337.5140000004
        ]
      }
    },
    {
      "type": "Feature",
      "properties": {
        "OBJECTID": 27886,
        "NODE_ID": "2177086401",
        "GROUND_LEV": 28.681
      },
      "geometry": {
        "type": "Point",
        "coordinates": [
          277629.0999999996,
          2108435.5999999996
        ]
      }
    },
    {
      "type": "Feature",
      "properties": {
        "OBJECTID": 28151,
        "NODE_ID": "2177105009",
        "GROUND_LEV": 28.55
      },
      "geometry": {
        "type": "Point",
        "coordinates": [
          277575.7999999998,
          2110013.5
        ]
      }
    },
    {
      "type": "Feature",
      "properties": {
        "OBJECTID": 28155,
        "NODE_ID": "2177105011",
        "GROUND_LEV": 28.55
      },
      "geometry": {
        "type": "Point",
        "coordinates": [
          277579,
          2110009.5999999996
        ]
      }
    },
    {
      "type": "Feature",
      "properties": {
        "OBJECTID": 28157,
        "NODE_ID": "2177105012",
        "GROUND_LEV": 28.55
      },
      "geometry": {
        "type": "Point",
        "coordinates": [
          277582.0999999996,
          2110005.5
        ]
      }
    },
    {
      "type": "Feature",
      "properties": {
        "OBJECTID": 28158,
        "NODE_ID": "2177105012!",
        "GROUND_LEV": 28.55
      },
      "geometry": {
        "type": "Point",
        "coordinates": [
          277582.0999999996,
          2110005.5
        ]
      }
    },
    {
      "type": "Feature",
      "properties": {
        "OBJECTID": 27979,
        "NODE_ID": "2177095902",
        "GROUND_LEV": 28.609
      },
      "geometry": {
        "type": "Point",
        "coordinates": [
          277595.90189999994,
          2109988.1668999996
        ]
      }
    },
    {
      "type": "Feature",
      "properties": {
        "OBJECTID": 28179,
        "NODE_ID": "2177105203!",
        "GROUND_LEV": 28.6
      },
      "geometry": {
        "type": "Point",
        "coordinates": [
          277538.9000000004,
          2110211.4000000004
        ]
      }
    },
    {
      "type": "Feature",
      "properties": {
        "OBJECTID": 28182,
        "NODE_ID": "2177105301",
        "GROUND_LEV": 29.17
      },
      "geometry": {
        "type": "Point",
        "coordinates": [
          277515.54399999976,
          2110314.8389999997
        ]
      }
    },
    {
      "type": "Feature",
      "properties": {
        "OBJECTID": 28216,
        "NODE_ID": "2177105319",
        "GROUND_LEV": 28.801
      },
      "geometry": {
        "type": "Point",
        "coordinates": [
          277517.0999999996,
          2110348.9000000004
        ]
      }
    },
    {
      "type": "Feature",
      "properties": {
        "OBJECTID": 28219,
        "NODE_ID": "2177105320!",
        "GROUND_LEV": 30.001
      },
      "geometry": {
        "type": "Point",
        "coordinates": [
          277517.2999999998,
          2110382.1999999993
        ]
      }
    },
    {
      "type": "Feature",
      "properties": {
        "OBJECTID": 28196,
        "NODE_ID": "2177105309",
        "GROUND_LEV": 30.001
      },
      "geometry": {
        "type": "Point",
        "coordinates": [
          277526.44909999985,
          2110394.1422000006
        ]
      }
    },
    {
      "type": "Feature",
      "properties": {
        "OBJECTID": 28204,
        "NODE_ID": "2177105313",
        "GROUND_LEV": 29.209
      },
      "geometry": {
        "type": "Point",
        "coordinates": [
          277530.2259999998,
          2110318.6378000006
        ]
      }
    },
    {
      "type": "Feature",
      "properties": {
        "OBJECTID": 28205,
        "NODE_ID": "2177105313!",
        "GROUND_LEV": 29.209
      },
      "geometry": {
        "type": "Point",
        "coordinates": [
          277530.2259999998,
          2110318.6378000006
        ]
      }
    },
    {
      "type": "Feature",
      "properties": {
        "OBJECTID": 28214,
        "NODE_ID": "2177105318",
        "GROUND_LEV": 28.8
      },
      "geometry": {
        "type": "Point",
        "coordinates": [
          277594.0999999996,
          2110389
        ]
      }
    },
    {
      "type": "Feature",
      "properties": {
        "OBJECTID": 28227,
        "NODE_ID": "2177105404!",
        "GROUND_LEV": 30.201
      },
      "geometry": {
        "type": "Point",
        "coordinates": [
          277552.9096999997,
          2110438.6920999996
        ]
      }
    },
    {
      "type": "Feature",
      "properties": {
        "OBJECTID": 28238,
        "NODE_ID": "2177105502",
        "GROUND_LEV": 30.401
      },
      "geometry": {
        "type": "Point",
        "coordinates": [
          277567.7627999997,
          2110501.3270999994
        ]
      }
    },
    {
      "type": "Feature",
      "properties": {
        "OBJECTID": 27888,
        "NODE_ID": "2177087501",
        "GROUND_LEV": 29.6
      },
      "geometry": {
        "type": "Point",
        "coordinates": [
          277785.0999999996,
          2108554.3000000007
        ]
      }
    },
    {
      "type": "Feature",
      "properties": {
        "OBJECTID": 28023,
        "NODE_ID": "2177097606",
        "GROUND_LEV": 28.608
      },
      "geometry": {
        "type": "Point",
        "coordinates": [
          277792.1616000002,
          2109619.7388000004
        ]
      }
    },
    {
      "type": "Feature",
      "properties": {
        "OBJECTID": 28019,
        "NODE_ID": "2177097602",
        "GROUND_LEV": 28.408
      },
      "geometry": {
        "type": "Point",
        "coordinates": [
          277746.5909000002,
          2109679.1755999997
        ]
      }
    },
    {
      "type": "Feature",
      "properties": {
        "OBJECTID": 28028,
        "NODE_ID": "2177097704",
        "GROUND_LEV": 28.768
      },
      "geometry": {
        "type": "Point",
        "coordinates": [
          277747.341,
          2109781.1621000003
        ]
      }
    },
    {
      "type": "Feature",
      "properties": {
        "OBJECTID": 28007,
        "NODE_ID": "2177096906",
        "GROUND_LEV": 29.009
      },
      "geometry": {
        "type": "Point",
        "coordinates": [
          277659.12289999984,
          2109904.699100001
        ]
      }
    },
    {
      "type": "Feature",
      "properties": {
        "OBJECTID": 27989,
        "NODE_ID": "2177096802",
        "GROUND_LEV": 29.009
      },
      "geometry": {
        "type": "Point",
        "coordinates": [
          277665.4107999997,
          2109896.251700001
        ]
      }
    },
    {
      "type": "Feature",
      "properties": {
        "OBJECTID": 27991,
        "NODE_ID": "2177096803",
        "GROUND_LEV": 29.009
      },
      "geometry": {
        "type": "Point",
        "coordinates": [
          277668.3340999996,
          2109892.6761000007
        ]
      }
    },
    {
      "type": "Feature",
      "properties": {
        "OBJECTID": 28036,
        "NODE_ID": "2177097901",
        "GROUND_LEV": 28.5
      },
      "geometry": {
        "type": "Point",
        "coordinates": [
          277774.7999999998,
          2109915.5
        ]
      }
    },
    {
      "type": "Feature",
      "properties": {
        "OBJECTID": 28246,
        "NODE_ID": "2177106404",
        "GROUND_LEV": 28.829
      },
      "geometry": {
        "type": "Point",
        "coordinates": [
          277684.2193,
          2110463.5130000003
        ]
      }
    },
    {
      "type": "Feature",
      "properties": {
        "OBJECTID": 28044,
        "NODE_ID": "2177098407",
        "GROUND_LEV": 27.84
      },
      "geometry": {
        "type": "Point",
        "coordinates": [
          277871.9363000002,
          2109456.4683
        ]
      }
    },
    {
      "type": "Feature",
      "properties": {
        "OBJECTID": 28045,
        "NODE_ID": "2177098501",
        "GROUND_LEV": 28.578
      },
      "geometry": {
        "type": "Point",
        "coordinates": [
          277816.4417000003,
          2109501.6323000006
        ]
      }
    },
    {
      "type": "Feature",
      "properties": {
        "OBJECTID": 28055,
        "NODE_ID": "2177098602",
        "GROUND_LEV": 28.7
      },
      "geometry": {
        "type": "Point",
        "coordinates": [
          277873.42009999976,
          2109639.2552000005
        ]
      }
    },
    {
      "type": "Feature",
      "properties": {
        "OBJECTID": 28058,
        "NODE_ID": "2177098802",
        "GROUND_LEV": 28.274
      },
      "geometry": {
        "type": "Point",
        "coordinates": [
          277823.40639999975,
          2109862.5198999997
        ]
      }
    },
    {
      "type": "Feature",
      "properties": {
        "OBJECTID": 28059,
        "NODE_ID": "2177098803",
        "GROUND_LEV": 28.207
      },
      "geometry": {
        "type": "Point",
        "coordinates": [
          277843.2000000002,
          2109885.4000000004
        ]
      }
    },
    {
      "type": "Feature",
      "properties": {
        "OBJECTID": 28061,
        "NODE_ID": "2177098901!",
        "GROUND_LEV": 28.3
      },
      "geometry": {
        "type": "Point",
        "coordinates": [
          277824.2000000002,
          2109948.1999999993
        ]
      }
    },
    {
      "type": "Feature",
      "properties": {
        "OBJECTID": 28262,
        "NODE_ID": "2177108601",
        "GROUND_LEV": 28.85
      },
      "geometry": {
        "type": "Point",
        "coordinates": [
          277870,
          2110615.4000000004
        ]
      }
    },
    {
      "type": "Feature",
      "properties": {
        "OBJECTID": 28268,
        "NODE_ID": "2177109602",
        "GROUND_LEV": 28.84
      },
      "geometry": {
        "type": "Point",
        "coordinates": [
          277940.4787999997,
          2110671.3818999995
        ]
      }
    },
    {
      "type": "Feature",
      "properties": {
        "OBJECTID": 28284,
        "NODE_ID": "2177109902",
        "GROUND_LEV": 30.001
      },
      "geometry": {
        "type": "Point",
        "coordinates": [
          277949.30900000036,
          2110940.2764
        ]
      }
    },
    {
      "type": "Feature",
      "properties": {
        "OBJECTID": 28356,
        "NODE_ID": "2177118801",
        "GROUND_LEV": 40.71
      },
      "geometry": {
        "type": "Point",
        "coordinates": [
          277853.6235999996,
          2111837.864
        ]
      }
    },
    {
      "type": "Feature",
      "properties": {
        "OBJECTID": 28872,
        "NODE_ID": "2178090401!",
        "GROUND_LEV": 28.398
      },
      "geometry": {
        "type": "Point",
        "coordinates": [
          278099.7999999998,
          2109436.5
        ]
      }
    },
    {
      "type": "Feature",
      "properties": {
        "OBJECTID": 28069,
        "NODE_ID": "2177099603",
        "GROUND_LEV": 28.22
      },
      "geometry": {
        "type": "Point",
        "coordinates": [
          277983.4665999999,
          2109657.8988000005
        ]
      }
    },
    {
      "type": "Feature",
      "properties": {
        "OBJECTID": 28874,
        "NODE_ID": "2178090601",
        "GROUND_LEV": 28.42
      },
      "geometry": {
        "type": "Point",
        "coordinates": [
          278012.82770000026,
          2109660.2630000003
        ]
      }
    },
    {
      "type": "Feature",
      "properties": {
        "OBJECTID": 28887,
        "NODE_ID": "2178091601",
        "GROUND_LEV": 28.76
      },
      "geometry": {
        "type": "Point",
        "coordinates": [
          278102.0876000002,
          2109670.4516000003
        ]
      }
    },
    {
      "type": "Feature",
      "properties": {
        "OBJECTID": 28966,
        "NODE_ID": "2178100001",
        "GROUND_LEV": 28.3
      },
      "geometry": {
        "type": "Point",
        "coordinates": [
          278007.0999999996,
          2110066.4000000004
        ]
      }
    },
    {
      "type": "Feature",
      "properties": {
        "OBJECTID": 28968,
        "NODE_ID": "2178100701",
        "GROUND_LEV": 29.119
      },
      "geometry": {
        "type": "Point",
        "coordinates": [
          278014.301,
          2110722.162799999
        ]
      }
    },
    {
      "type": "Feature",
      "properties": {
        "OBJECTID": 28280,
        "NODE_ID": "2177109804",
        "GROUND_LEV": 29.8
      },
      "geometry": {
        "type": "Point",
        "coordinates": [
          277981.23560000025,
          2110839.585000001
        ]
      }
    },
    {
      "type": "Feature",
      "properties": {
        "OBJECTID": 28281,
        "NODE_ID": "2177109804!",
        "GROUND_LEV": 29.8
      },
      "geometry": {
        "type": "Point",
        "coordinates": [
          277981.23560000025,
          2110839.585000001
        ]
      }
    },
    {
      "type": "Feature",
      "properties": {
        "OBJECTID": 28971,
        "NODE_ID": "2178100702!",
        "GROUND_LEV": 29.4
      },
      "geometry": {
        "type": "Point",
        "coordinates": [
          278019.61369999964,
          2110768.9955
        ]
      }
    },
    {
      "type": "Feature",
      "properties": {
        "OBJECTID": 28976,
        "NODE_ID": "2178100705",
        "GROUND_LEV": 29.81
      },
      "geometry": {
        "type": "Point",
        "coordinates": [
          278049.5,
          2110741.4000000004
        ]
      }
    },
    {
      "type": "Feature",
      "properties": {
        "OBJECTID": 28982,
        "NODE_ID": "2178100708",
        "GROUND_LEV": 30.008
      },
      "geometry": {
        "type": "Point",
        "coordinates": [
          278057.01769999973,
          2110749.067
        ]
      }
    },
    {
      "type": "Feature",
      "properties": {
        "OBJECTID": 28993,
        "NODE_ID": "2178100804!",
        "GROUND_LEV": 29.548
      },
      "geometry": {
        "type": "Point",
        "coordinates": [
          278059.8937999997,
          2110847.4278999995
        ]
      }
    },
    {
      "type": "Feature",
      "properties": {
        "OBJECTID": 28985,
        "NODE_ID": "2178100709!",
        "GROUND_LEV": 29.829
      },
      "geometry": {
        "type": "Point",
        "coordinates": [
          278079.1908,
          2110769.0145999994
        ]
      }
    },
    {
      "type": "Feature",
      "properties": {
        "OBJECTID": 29000,
        "NODE_ID": "2178100904",
        "GROUND_LEV": 29.978
      },
      "geometry": {
        "type": "Point",
        "coordinates": [
          278065.4205,
          2110966.9647000004
        ]
      }
    },
    {
      "type": "Feature",
      "properties": {
        "OBJECTID": 29124,
        "NODE_ID": "2178110104",
        "GROUND_LEV": 30.8
      },
      "geometry": {
        "type": "Point",
        "coordinates": [
          278064.7807,
          2111119.3149999995
        ]
      }
    },
    {
      "type": "Feature",
      "properties": {
        "OBJECTID": 29126,
        "NODE_ID": "2178110105",
        "GROUND_LEV": 30.44
      },
      "geometry": {
        "type": "Point",
        "coordinates": [
          278066.83249999955,
          2111103.1800999995
        ]
      }
    },
    {
      "type": "Feature",
      "properties": {
        "OBJECTID": 29131,
        "NODE_ID": "2178110202!",
        "GROUND_LEV": 32.228
      },
      "geometry": {
        "type": "Point",
        "coordinates": [
          278021.7061999999,
          2111268.7290000003
        ]
      }
    },
    {
      "type": "Feature",
      "properties": {
        "OBJECTID": 29133,
        "NODE_ID": "2178110203!",
        "GROUND_LEV": 31.2
      },
      "geometry": {
        "type": "Point",
        "coordinates": [
          278023.0048000002,
          2111220.340500001
        ]
      }
    },
    {
      "type": "Feature",
      "properties": {
        "OBJECTID": 29138,
        "NODE_ID": "2178110302",
        "GROUND_LEV": 33.508
      },
      "geometry": {
        "type": "Point",
        "coordinates": [
          278012.1571000004,
          2111364.0118000004
        ]
      }
    },
    {
      "type": "Feature",
      "properties": {
        "OBJECTID": 29139,
        "NODE_ID": "2178110302!",
        "GROUND_LEV": 33.508
      },
      "geometry": {
        "type": "Point",
        "coordinates": [
          278012.1571000004,
          2111364.0118000004
        ]
      }
    },
    {
      "type": "Feature",
      "properties": {
        "OBJECTID": 29145,
        "NODE_ID": "2178110401!",
        "GROUND_LEV": 33.268
      },
      "geometry": {
        "type": "Point",
        "coordinates": [
          278029.20440000016,
          2111423.0396999996
        ]
      }
    },
    {
      "type": "Feature",
      "properties": {
        "OBJECTID": 29146,
        "NODE_ID": "2178110402",
        "GROUND_LEV": 33.648
      },
      "geometry": {
        "type": "Point",
        "coordinates": [
          278035.7901999997,
          2111452.270199999
        ]
      }
    },
    {
      "type": "Feature",
      "properties": {
        "OBJECTID": 29152,
        "NODE_ID": "2178110502",
        "GROUND_LEV": 35.008
      },
      "geometry": {
        "type": "Point",
        "coordinates": [
          278081.3718999997,
          2111508.8913000003
        ]
      }
    },
    {
      "type": "Feature",
      "properties": {
        "OBJECTID": 28361,
        "NODE_ID": "2177119801",
        "GROUND_LEV": 41.98
      },
      "geometry": {
        "type": "Point",
        "coordinates": [
          277983.1437999997,
          2111831.2126
        ]
      }
    },
    {
      "type": "Feature",
      "properties": {
        "OBJECTID": 28883,
        "NODE_ID": "2178091403",
        "GROUND_LEV": 28.359
      },
      "geometry": {
        "type": "Point",
        "coordinates": [
          278136.2000000002,
          2109483.6999999993
        ]
      }
    },
    {
      "type": "Feature",
      "properties": {
        "OBJECTID": 28885,
        "NODE_ID": "2178091502",
        "GROUND_LEV": 28.303
      },
      "geometry": {
        "type": "Point",
        "coordinates": [
          278170.5999999996,
          2109533
        ]
      }
    },
    {
      "type": "Feature",
      "properties": {
        "OBJECTID": 28889,
        "NODE_ID": "2178091603",
        "GROUND_LEV": 28.64
      },
      "geometry": {
        "type": "Point",
        "coordinates": [
          278161.89360000007,
          2109675.7178000007
        ]
      }
    },
    {
      "type": "Feature",
      "properties": {
        "OBJECTID": 28890,
        "NODE_ID": "2178091604",
        "GROUND_LEV": 28.79
      },
      "geometry": {
        "type": "Point",
        "coordinates": [
          278191.8104999997,
          2109678.2759000007
        ]
      }
    },
    {
      "type": "Feature",
      "properties": {
        "OBJECTID": 29003,
        "NODE_ID": "2178101101!",
        "GROUND_LEV": 28.3
      },
      "geometry": {
        "type": "Point",
        "coordinates": [
          278126.2000000002,
          2110162.9000000004
        ]
      }
    },
    {
      "type": "Feature",
      "properties": {
        "OBJECTID": 29007,
        "NODE_ID": "2178101801!",
        "GROUND_LEV": 30.039
      },
      "geometry": {
        "type": "Point",
        "coordinates": [
          278124.68900000025,
          2110808.0143
        ]
      }
    },
    {
      "type": "Feature",
      "properties": {
        "OBJECTID": 29016,
        "NODE_ID": "2178102801",
        "GROUND_LEV": 29.959
      },
      "geometry": {
        "type": "Point",
        "coordinates": [
          278216.46970000025,
          2110885.068499999
        ]
      }
    },
    {
      "type": "Feature",
      "properties": {
        "OBJECTID": 29019,
        "NODE_ID": "2178102901!",
        "GROUND_LEV": 30.039
      },
      "geometry": {
        "type": "Point",
        "coordinates": [
          278241.2977,
          2110902.1351999994
        ]
      }
    },
    {
      "type": "Feature",
      "properties": {
        "OBJECTID": 29191,
        "NODE_ID": "2178112102!",
        "GROUND_LEV": 29.26
      },
      "geometry": {
        "type": "Point",
        "coordinates": [
          278202.3689000001,
          2111118.8127999995
        ]
      }
    },
    {
      "type": "Feature",
      "properties": {
        "OBJECTID": 29165,
        "NODE_ID": "2178111201!",
        "GROUND_LEV": 29.609
      },
      "geometry": {
        "type": "Point",
        "coordinates": [
          278179.4000000004,
          2111221.6999999993
        ]
      }
    },
    {
      "type": "Feature",
      "properties": {
        "OBJECTID": 28905,
        "NODE_ID": "2178093002",
        "GROUND_LEV": 29.036
      },
      "geometry": {
        "type": "Point",
        "coordinates": [
          278304.5736999996,
          2109037.1478000004
        ]
      }
    },
    {
      "type": "Feature",
      "properties": {
        "OBJECTID": 28914,
        "NODE_ID": "2178093303",
        "GROUND_LEV": 28.2
      },
      "geometry": {
        "type": "Point",
        "coordinates": [
          278361.5999999996,
          2109317.5
        ]
      }
    },
    {
      "type": "Feature",
      "properties": {
        "OBJECTID": 28912,
        "NODE_ID": "2178093301",
        "GROUND_LEV": 28.1
      },
      "geometry": {
        "type": "Point",
        "coordinates": [
          278303.64269999973,
          2109333.4515000004
        ]
      }
    },
    {
      "type": "Feature",
      "properties": {
        "OBJECTID": 28916,
        "NODE_ID": "2178093601",
        "GROUND_LEV": 28.744
      },
      "geometry": {
        "type": "Point",
        "coordinates": [
          278344.4000000004,
          2109699.0999999996
        ]
      }
    },
    {
      "type": "Feature",
      "properties": {
        "OBJECTID": 28920,
        "NODE_ID": "2178093704",
        "GROUND_LEV": 28.706
      },
      "geometry": {
        "type": "Point",
        "coordinates": [
          278377.5,
          2109748.9000000004
        ]
      }
    },
    {
      "type": "Feature",
      "properties": {
        "OBJECTID": 28921,
        "NODE_ID": "2178093705",
        "GROUND_LEV": 28.665
      },
      "geometry": {
        "type": "Point",
        "coordinates": [
          278393.5999999996,
          2109774.5
        ]
      }
    },
    {
      "type": "Feature",
      "properties": {
        "OBJECTID": 29210,
        "NODE_ID": "2178113101",
        "GROUND_LEV": 29.3
      },
      "geometry": {
        "type": "Point",
        "coordinates": [
          278316.2000000002,
          2111180.1999999993
        ]
      }
    },
    {
      "type": "Feature",
      "properties": {
        "OBJECTID": 29211,
        "NODE_ID": "2178113101!",
        "GROUND_LEV": 29.3
      },
      "geometry": {
        "type": "Point",
        "coordinates": [
          278316.2000000002,
          2111180.1999999993
        ]
      }
    },
    {
      "type": "Feature",
      "properties": {
        "OBJECTID": 29224,
        "NODE_ID": "2178113505",
        "GROUND_LEV": 36.458
      },
      "geometry": {
        "type": "Point",
        "coordinates": [
          278396.7156999996,
          2111598.1993000004
        ]
      }
    },
    {
      "type": "Feature",
      "properties": {
        "OBJECTID": 28925,
        "NODE_ID": "2178094103",
        "GROUND_LEV": 28.928
      },
      "geometry": {
        "type": "Point",
        "coordinates": [
          278450.59970000014,
          2109155.844799999
        ]
      }
    },
    {
      "type": "Feature",
      "properties": {
        "OBJECTID": 28926,
        "NODE_ID": "2178094104",
        "GROUND_LEV": 28.879
      },
      "geometry": {
        "type": "Point",
        "coordinates": [
          278469.0747999996,
          2109175.9288
        ]
      }
    },
    {
      "type": "Feature",
      "properties": {
        "OBJECTID": 28934,
        "NODE_ID": "2178094802",
        "GROUND_LEV": 28.452
      },
      "geometry": {
        "type": "Point",
        "coordinates": [
          278443.2999999998,
          2109849.8000000007
        ]
      }
    },
    {
      "type": "Feature",
      "properties": {
        "OBJECTID": 29229,
        "NODE_ID": "2178114502!",
        "GROUND_LEV": 31.809
      },
      "geometry": {
        "type": "Point",
        "coordinates": [
          278437.8114,
          2111571.463199999
        ]
      }
    },
    {
      "type": "Feature",
      "properties": {
        "OBJECTID": 34418,
        "NODE_ID": "4",
        "GROUND_LEV": 28.6
      },
      "geometry": {
        "type": "Point",
        "coordinates": [
          274365.7999999998,
          2109205
        ]
      }
    },
    {
      "type": "Feature",
      "properties": {
        "OBJECTID": 22303,
        "NODE_ID": "2174103002",
        "GROUND_LEV": 28.99
      },
      "geometry": {
        "type": "Point",
        "coordinates": [
          274399.5,
          2110024.5999999996
        ]
      }
    },
    {
      "type": "Feature",
      "properties": {
        "OBJECTID": 22313,
        "NODE_ID": "2174104801",
        "GROUND_LEV": 30.18
      },
      "geometry": {
        "type": "Point",
        "coordinates": [
          274423.4000000004,
          2110803.1999999993
        ]
      }
    },
    {
      "type": "Feature",
      "properties": {
        "OBJECTID": 22312,
        "NODE_ID": "2174104702",
        "GROUND_LEV": 30.13
      },
      "geometry": {
        "type": "Point",
        "coordinates": [
          274495.0999999996,
          2110770.6999999993
        ]
      }
    },
    {
      "type": "Feature",
      "properties": {
        "OBJECTID": 22316,
        "NODE_ID": "2174104901",
        "GROUND_LEV": 30.71
      },
      "geometry": {
        "type": "Point",
        "coordinates": [
          274466.5,
          2110901.3000000007
        ]
      }
    },
    {
      "type": "Feature",
      "properties": {
        "OBJECTID": 22267,
        "NODE_ID": "2174095905",
        "GROUND_LEV": 28.48
      },
      "geometry": {
        "type": "Point",
        "coordinates": [
          274587.2000000002,
          2109929.5999999996
        ]
      }
    },
    {
      "type": "Feature",
      "properties": {
        "OBJECTID": 22264,
        "NODE_ID": "2174095902",
        "GROUND_LEV": 28.37
      },
      "geometry": {
        "type": "Point",
        "coordinates": [
          274547.5,
          2109974.8000000007
        ]
      }
    },
    {
      "type": "Feature",
      "properties": {
        "OBJECTID": 22270,
        "NODE_ID": "2174097301",
        "GROUND_LEV": 29.0
      },
      "geometry": {
        "type": "Point",
        "coordinates": [
          274760.5999999996,
          2109310.0999999996
        ]
      }
    },
    {
      "type": "Feature",
      "properties": {
        "OBJECTID": 24678,
        "NODE_ID": "2175101503",
        "GROUND_LEV": 30.122
      },
      "geometry": {
        "type": "Point",
        "coordinates": [
          275117.8245000001,
          2110597.6421000008
        ]
      }
    },
    {
      "type": "Feature",
      "properties": {
        "OBJECTID": 24681,
        "NODE_ID": "2175101602",
        "GROUND_LEV": 30.801
      },
      "geometry": {
        "type": "Point",
        "coordinates": [
          275124.73029999994,
          2110618.380999999
        ]
      }
    },
    {
      "type": "Feature",
      "properties": {
        "OBJECTID": 24692,
        "NODE_ID": "2175102301",
        "GROUND_LEV": 28.654
      },
      "geometry": {
        "type": "Point",
        "coordinates": [
          275236.6952999998,
          2110329.0922999997
        ]
      }
    },
    {
      "type": "Feature",
      "properties": {
        "OBJECTID": 24688,
        "NODE_ID": "2175102201",
        "GROUND_LEV": 28.593
      },
      "geometry": {
        "type": "Point",
        "coordinates": [
          275236.8350999998,
          2110299.3257
        ]
      }
    },
    {
      "type": "Feature",
      "properties": {
        "OBJECTID": 24685,
        "NODE_ID": "2175101701",
        "GROUND_LEV": 30.772
      },
      "geometry": {
        "type": "Point",
        "coordinates": [
          275167.2840999998,
          2110706.4816999994
        ]
      }
    },
    {
      "type": "Feature",
      "properties": {
        "OBJECTID": 24703,
        "NODE_ID": "2175103101",
        "GROUND_LEV": 28.714
      },
      "geometry": {
        "type": "Point",
        "coordinates": [
          275315.33100000024,
          2110181.315300001
        ]
      }
    },
    {
      "type": "Feature",
      "properties": {
        "OBJECTID": 24719,
        "NODE_ID": "2175105002",
        "GROUND_LEV": 28.1
      },
      "geometry": {
        "type": "Point",
        "coordinates": [
          275588.92250000034,
          2110068.8949999996
        ]
      }
    },
    {
      "type": "Feature",
      "properties": {
        "OBJECTID": 24640,
        "NODE_ID": "2175086302",
        "GROUND_LEV": 28.03
      },
      "geometry": {
        "type": "Point",
        "coordinates": [
          275663.4000000004,
          2108312.3000000007
        ]
      }
    },
    {
      "type": "Feature",
      "properties": {
        "OBJECTID": 24724,
        "NODE_ID": "2175106005",
        "GROUND_LEV": 28.88
      },
      "geometry": {
        "type": "Point",
        "coordinates": [
          275683.28780000005,
          2110054.2731999997
        ]
      }
    },
    {
      "type": "Feature",
      "properties": {
        "OBJECTID": 24725,
        "NODE_ID": "2175106006",
        "GROUND_LEV": 28.9
      },
      "geometry": {
        "type": "Point",
        "coordinates": [
          275690.2768000001,
          2110043.7896999996
        ]
      }
    },
    {
      "type": "Feature",
      "properties": {
        "OBJECTID": 24737,
        "NODE_ID": "2175107001",
        "GROUND_LEV": 29.04
      },
      "geometry": {
        "type": "Point",
        "coordinates": [
          275706.3718999997,
          2110049.8259999994
        ]
      }
    },
    {
      "type": "Feature",
      "properties": {
        "OBJECTID": 24727,
        "NODE_ID": "2175106402",
        "GROUND_LEV": 28.4
      },
      "geometry": {
        "type": "Point",
        "coordinates": [
          275680.8411999997,
          2110455.3885999992
        ]
      }
    },
    {
      "type": "Feature",
      "properties": {
        "OBJECTID": 24728,
        "NODE_ID": "2175106403",
        "GROUND_LEV": 28.401
      },
      "geometry": {
        "type": "Point",
        "coordinates": [
          275692.69070000015,
          2110480.6675000004
        ]
      }
    },
    {
      "type": "Feature",
      "properties": {
        "OBJECTID": 24732,
        "NODE_ID": "2175106602",
        "GROUND_LEV": 29.56
      },
      "geometry": {
        "type": "Point",
        "coordinates": [
          275668.7849000003,
          2110669.6998999994
        ]
      }
    },
    {
      "type": "Feature",
      "properties": {
        "OBJECTID": 24750,
        "NODE_ID": "2175107602",
        "GROUND_LEV": 29.15
      },
      "geometry": {
        "type": "Point",
        "coordinates": [
          275716.34810000006,
          2110621.6208999995
        ]
      }
    },
    {
      "type": "Feature",
      "properties": {
        "OBJECTID": 24748,
        "NODE_ID": "2175107508",
        "GROUND_LEV": 28.76
      },
      "geometry": {
        "type": "Point",
        "coordinates": [
          275798.4874999998,
          2110571.0559
        ]
      }
    },
    {
      "type": "Feature",
      "properties": {
        "OBJECTID": 24756,
        "NODE_ID": "2175108501",
        "GROUND_LEV": 28.74
      },
      "geometry": {
        "type": "Point",
        "coordinates": [
          275817.71800000034,
          2110576.164000001
        ]
      }
    },
    {
      "type": "Feature",
      "properties": {
        "OBJECTID": 24762,
        "NODE_ID": "2175108604",
        "GROUND_LEV": 28.45
      },
      "geometry": {
        "type": "Point",
        "coordinates": [
          275870.5555999996,
          2110631.6757999994
        ]
      }
    },
    {
      "type": "Feature",
      "properties": {
        "OBJECTID": 24772,
        "NODE_ID": "2175117301",
        "GROUND_LEV": 29.2
      },
      "geometry": {
        "type": "Point",
        "coordinates": [
          275799.7999999998,
          2111300.0999999996
        ]
      }
    },
    {
      "type": "Feature",
      "properties": {
        "OBJECTID": 24774,
        "NODE_ID": "2175118202",
        "GROUND_LEV": 29.2
      },
      "geometry": {
        "type": "Point",
        "coordinates": [
          275822.9000000004,
          2111285.8000000007
        ]
      }
    },
    {
      "type": "Feature",
      "properties": {
        "OBJECTID": 26545,
        "NODE_ID": "2176080601",
        "GROUND_LEV": 27.7
      },
      "geometry": {
        "type": "Point",
        "coordinates": [
          276040.2999999998,
          2108628.3000000007
        ]
      }
    },
    {
      "type": "Feature",
      "properties": {
        "OBJECTID": 26556,
        "NODE_ID": "2176081803",
        "GROUND_LEV": 27.872
      },
      "geometry": {
        "type": "Point",
        "coordinates": [
          276135.7999999998,
          2108834.8000000007
        ]
      }
    },
    {
      "type": "Feature",
      "properties": {
        "OBJECTID": 26555,
        "NODE_ID": "2176081802",
        "GROUND_LEV": 27.781
      },
      "geometry": {
        "type": "Point",
        "coordinates": [
          276127.0999999996,
          2108891.4000000004
        ]
      }
    },
    {
      "type": "Feature",
      "properties": {
        "OBJECTID": 26739,
        "NODE_ID": "2176112002",
        "GROUND_LEV": 29.14
      },
      "geometry": {
        "type": "Point",
        "coordinates": [
          276242.5965,
          2111076.5439
        ]
      }
    },
    {
      "type": "Feature",
      "properties": {
        "OBJECTID": 26618,
        "NODE_ID": "2176093201",
        "GROUND_LEV": 27.925
      },
      "geometry": {
        "type": "Point",
        "coordinates": [
          276307.0999999996,
          2109288.5999999996
        ]
      }
    },
    {
      "type": "Feature",
      "properties": {
        "OBJECTID": 26623,
        "NODE_ID": "2176093701",
        "GROUND_LEV": 28.057
      },
      "geometry": {
        "type": "Point",
        "coordinates": [
          276389.2999999998,
          2109703.9000000004
        ]
      }
    },
    {
      "type": "Feature",
      "properties": {
        "OBJECTID": 26613,
        "NODE_ID": "2176092901",
        "GROUND_LEV": 28.4
      },
      "geometry": {
        "type": "Point",
        "coordinates": [
          276267,
          2109950.5999999996
        ]
      }
    },
    {
      "type": "Feature",
      "properties": {
        "OBJECTID": 26669,
        "NODE_ID": "2176104001",
        "GROUND_LEV": 28.6
      },
      "geometry": {
        "type": "Point",
        "coordinates": [
          276403.4000000004,
          2110004.3000000007
        ]
      }
    },
    {
      "type": "Feature",
      "properties": {
        "OBJECTID": 26663,
        "NODE_ID": "2176102401",
        "GROUND_LEV": 29.562
      },
      "geometry": {
        "type": "Point",
        "coordinates": [
          276269.2999999998,
          2110419.0999999996
        ]
      }
    },
    {
      "type": "Feature",
      "properties": {
        "OBJECTID": 26641,
        "NODE_ID": "2176095701",
        "GROUND_LEV": 30.861
      },
      "geometry": {
        "type": "Point",
        "coordinates": [
          276510,
          2109739.4000000004
        ]
      }
    },
    {
      "type": "Feature",
      "properties": {
        "OBJECTID": 26670,
        "NODE_ID": "2176104002",
        "GROUND_LEV": 27.971
      },
      "geometry": {
        "type": "Point",
        "coordinates": [
          276439.9000000004,
          2110005.8000000007
        ]
      }
    },
    {
      "type": "Feature",
      "properties": {
        "OBJECTID": 26683,
        "NODE_ID": "2176105101",
        "GROUND_LEV": 29.339
      },
      "geometry": {
        "type": "Point",
        "coordinates": [
          276518.0999999996,
          2110141.8000000007
        ]
      }
    },
    {
      "type": "Feature",
      "properties": {
        "OBJECTID": 26755,
        "NODE_ID": "2176115401",
        "GROUND_LEV": 28.22
      },
      "geometry": {
        "type": "Point",
        "coordinates": [
          276551.9000000004,
          2111470.0999999996
        ]
      }
    },
    {
      "type": "Feature",
      "properties": {
        "OBJECTID": 26756,
        "NODE_ID": "2176115501",
        "GROUND_LEV": 29.0
      },
      "geometry": {
        "type": "Point",
        "coordinates": [
          276517.7999999998,
          2111562.5
        ]
      }
    },
    {
      "type": "Feature",
      "properties": {
        "OBJECTID": 26573,
        "NODE_ID": "2176086301",
        "GROUND_LEV": 28.008
      },
      "geometry": {
        "type": "Point",
        "coordinates": [
          276642.35830000043,
          2108323.8896999992
        ]
      }
    },
    {
      "type": "Feature",
      "properties": {
        "OBJECTID": 26686,
        "NODE_ID": "2176105104",
        "GROUND_LEV": 32.343
      },
      "geometry": {
        "type": "Point",
        "coordinates": [
          276589.2000000002,
          2110188.5999999996
        ]
      }
    },
    {
      "type": "Feature",
      "properties": {
        "OBJECTID": 26693,
        "NODE_ID": "2176106103",
        "GROUND_LEV": 34.893
      },
      "geometry": {
        "type": "Point",
        "coordinates": [
          276660.5,
          2110187.0999999996
        ]
      }
    },
    {
      "type": "Feature",
      "properties": {
        "OBJECTID": 26694,
        "NODE_ID": "2176106201",
        "GROUND_LEV": 34.415
      },
      "geometry": {
        "type": "Point",
        "coordinates": [
          276688.5999999996,
          2110206.9000000004
        ]
      }
    },
    {
      "type": "Feature",
      "properties": {
        "OBJECTID": 26696,
        "NODE_ID": "2176106601",
        "GROUND_LEV": 28.2
      },
      "geometry": {
        "type": "Point",
        "coordinates": [
          276672.0999999996,
          2110600
        ]
      }
    },
    {
      "type": "Feature",
      "properties": {
        "OBJECTID": 26594,
        "NODE_ID": "2176088901",
        "GROUND_LEV": 28.754
      },
      "geometry": {
        "type": "Point",
        "coordinates": [
          276840.39910000004,
          2108964.8401999995
        ]
      }
    },
    {
      "type": "Feature",
      "properties": {
        "OBJECTID": 26592,
        "NODE_ID": "2176088801",
        "GROUND_LEV": 28.689
      },
      "geometry": {
        "type": "Point",
        "coordinates": [
          276866.16789999977,
          2108880.5744000003
        ]
      }
    },
    {
      "type": "Feature",
      "properties": {
        "OBJECTID": 26768,
        "NODE_ID": "2176117601",
        "GROUND_LEV": 28.79
      },
      "geometry": {
        "type": "Point",
        "coordinates": [
          276760.0999999996,
          2111603
        ]
      }
    },
    {
      "type": "Feature",
      "properties": {
        "OBJECTID": 26589,
        "NODE_ID": "2176088504",
        "GROUND_LEV": 28.008
      },
      "geometry": {
        "type": "Point",
        "coordinates": [
          276875.1098999996,
          2108582.666200001
        ]
      }
    },
    {
      "type": "Feature",
      "properties": {
        "OBJECTID": 26602,
        "NODE_ID": "2176089605",
        "GROUND_LEV": 28.323
      },
      "geometry": {
        "type": "Point",
        "coordinates": [
          276957.1496000001,
          2108648.276900001
        ]
      }
    },
    {
      "type": "Feature",
      "properties": {
        "OBJECTID": 26604,
        "NODE_ID": "2176089607",
        "GROUND_LEV": 28.0
      },
      "geometry": {
        "type": "Point",
        "coordinates": [
          276971.99289999995,
          2108610.3516000006
        ]
      }
    },
    {
      "type": "Feature",
      "properties": {
        "OBJECTID": 26647,
        "NODE_ID": "2176099902",
        "GROUND_LEV": 30.504
      },
      "geometry": {
        "type": "Point",
        "coordinates": [
          276989.6556000002,
          2109907.3518000003
        ]
      }
    },
    {
      "type": "Feature",
      "properties": {
        "OBJECTID": 28075,
        "NODE_ID": "2177100701",
        "GROUND_LEV": 29.07
      },
      "geometry": {
        "type": "Point",
        "coordinates": [
          277014.29849999957,
          2110776.7349999994
        ]
      }
    },
    {
      "type": "Feature",
      "properties": {
        "OBJECTID": 28286,
        "NODE_ID": "2177110001",
        "GROUND_LEV": 28.66
      },
      "geometry": {
        "type": "Point",
        "coordinates": [
          277008.5999999996,
          2111070.8000000007
        ]
      }
    },
    {
      "type": "Feature",
      "properties": {
        "OBJECTID": 26777,
        "NODE_ID": "2176118503",
        "GROUND_LEV": 31.8
      },
      "geometry": {
        "type": "Point",
        "coordinates": [
          276880.5270999996,
          2111591.7116
        ]
      }
    },
    {
      "type": "Feature",
      "properties": {
        "OBJECTID": 27850,
        "NODE_ID": "2177081705",
        "GROUND_LEV": 27.821
      },
      "geometry": {
        "type": "Point",
        "coordinates": [
          277152.1030000001,
          2108751.896299999
        ]
      }
    },
    {
      "type": "Feature",
      "properties": {
        "OBJECTID": 27899,
        "NODE_ID": "2177091704",
        "GROUND_LEV": 28.63
      },
      "geometry": {
        "type": "Point",
        "coordinates": [
          277168.3841000004,
          2109705.556500001
        ]
      }
    },
    {
      "type": "Feature",
      "properties": {
        "OBJECTID": 28084,
        "NODE_ID": "2177101702",
        "GROUND_LEV": 29.2
      },
      "geometry": {
        "type": "Point",
        "coordinates": [
          277122.5999999996,
          2110740.0999999996
        ]
      }
    },
    {
      "type": "Feature",
      "properties": {
        "OBJECTID": 28295,
        "NODE_ID": "2177110602",
        "GROUND_LEV": 34.25
      },
      "geometry": {
        "type": "Point",
        "coordinates": [
          277039.8724999996,
          2111655.3654999994
        ]
      }
    },
    {
      "type": "Feature",
      "properties": {
        "OBJECTID": 27940,
        "NODE_ID": "2177093401",
        "GROUND_LEV": 28.53
      },
      "geometry": {
        "type": "Point",
        "coordinates": [
          277306.32180000003,
          2109413.9596999995
        ]
      }
    },
    {
      "type": "Feature",
      "properties": {
        "OBJECTID": 27934,
        "NODE_ID": "2177093302",
        "GROUND_LEV": 28.04
      },
      "geometry": {
        "type": "Point",
        "coordinates": [
          277329.7284000004,
          2109355.5146999992
        ]
      }
    },
    {
      "type": "Feature",
      "properties": {
        "OBJECTID": 27921,
        "NODE_ID": "2177092605",
        "GROUND_LEV": 28.56
      },
      "geometry": {
        "type": "Point",
        "coordinates": [
          277233.6124,
          2109600.2073
        ]
      }
    },
    {
      "type": "Feature",
      "properties": {
        "OBJECTID": 27906,
        "NODE_ID": "2177092403",
        "GROUND_LEV": 28.5
      },
      "geometry": {
        "type": "Point",
        "coordinates": [
          277295.1785000004,
          2109480.7514999993
        ]
      }
    },
    {
      "type": "Feature",
      "properties": {
        "OBJECTID": 28082,
        "NODE_ID": "2177101204",
        "GROUND_LEV": 29.429
      },
      "geometry": {
        "type": "Point",
        "coordinates": [
          277196.65749999974,
          2110287.5053000003
        ]
      }
    },
    {
      "type": "Feature",
      "properties": {
        "OBJECTID": 28097,
        "NODE_ID": "2177102701",
        "GROUND_LEV": 29.0
      },
      "geometry": {
        "type": "Point",
        "coordinates": [
          277200.4000000004,
          2110727.5
        ]
      }
    },
    {
      "type": "Feature",
      "properties": {
        "OBJECTID": 28319,
        "NODE_ID": "2177113601",
        "GROUND_LEV": 31.91
      },
      "geometry": {
        "type": "Point",
        "coordinates": [
          277321.04289999977,
          2111621.5043
        ]
      }
    },
    {
      "type": "Feature",
      "properties": {
        "OBJECTID": 27872,
        "NODE_ID": "2177083903",
        "GROUND_LEV": 28.355
      },
      "geometry": {
        "type": "Point",
        "coordinates": [
          277393.4204000002,
          2108928.7544
        ]
      }
    },
    {
      "type": "Feature",
      "properties": {
        "OBJECTID": 27881,
        "NODE_ID": "2177084904",
        "GROUND_LEV": 28.0
      },
      "geometry": {
        "type": "Point",
        "coordinates": [
          277477.1024000002,
          2108993.4265
        ]
      }
    },
    {
      "type": "Feature",
      "properties": {
        "OBJECTID": 27954,
        "NODE_ID": "2177094008",
        "GROUND_LEV": 28.0
      },
      "geometry": {
        "type": "Point",
        "coordinates": [
          277488.25739999954,
          2109001.9497999996
        ]
      }
    },
    {
      "type": "Feature",
      "properties": {
        "OBJECTID": 27961,
        "NODE_ID": "2177094107",
        "GROUND_LEV": 28.92
      },
      "geometry": {
        "type": "Point",
        "coordinates": [
          277435.73479999974,
          2109145.6565000005
        ]
      }
    },
    {
      "type": "Feature",
      "properties": {
        "OBJECTID": 27950,
        "NODE_ID": "2177094004",
        "GROUND_LEV": 28.25
      },
      "geometry": {
        "type": "Point",
        "coordinates": [
          277460.58160000015,
          2109032.5956999995
        ]
      }
    },
    {
      "type": "Feature",
      "properties": {
        "OBJECTID": 27930,
        "NODE_ID": "2177093204",
        "GROUND_LEV": 28.38
      },
      "geometry": {
        "type": "Point",
        "coordinates": [
          277380.25129999965,
          2109273.4748
        ]
      }
    },
    {
      "type": "Feature",
      "properties": {
        "OBJECTID": 27931,
        "NODE_ID": "2177093205",
        "GROUND_LEV": 28.72
      },
      "geometry": {
        "type": "Point",
        "coordinates": [
          277388.1359000001,
          2109208.283500001
        ]
      }
    },
    {
      "type": "Feature",
      "properties": {
        "OBJECTID": 28115,
        "NODE_ID": "2177104001",
        "GROUND_LEV": 29.209
      },
      "geometry": {
        "type": "Point",
        "coordinates": [
          277418.4877000004,
          2110072.5250000004
        ]
      }
    },
    {
      "type": "Feature",
      "properties": {
        "OBJECTID": 28117,
        "NODE_ID": "2177104003",
        "GROUND_LEV": 29.209
      },
      "geometry": {
        "type": "Point",
        "coordinates": [
          277437.99959999975,
          2110049.4711000007
        ]
      }
    },
    {
      "type": "Feature",
      "properties": {
        "OBJECTID": 28121,
        "NODE_ID": "2177104007",
        "GROUND_LEV": 29.009
      },
      "geometry": {
        "type": "Point",
        "coordinates": [
          277456.9760999996,
          2110026.4098000005
        ]
      }
    },
    {
      "type": "Feature",
      "properties": {
        "OBJECTID": 28129,
        "NODE_ID": "2177104104",
        "GROUND_LEV": 29.05
      },
      "geometry": {
        "type": "Point",
        "coordinates": [
          277481.70859999955,
          2110166.0260000005
        ]
      }
    },
    {
      "type": "Feature",
      "properties": {
        "OBJECTID": 28136,
        "NODE_ID": "2177104301",
        "GROUND_LEV": 29.0
      },
      "geometry": {
        "type": "Point",
        "coordinates": [
          277445.30709999986,
          2110367.812000001
        ]
      }
    },
    {
      "type": "Feature",
      "properties": {
        "OBJECTID": 28138,
        "NODE_ID": "2177104302",
        "GROUND_LEV": 29.401
      },
      "geometry": {
        "type": "Point",
        "coordinates": [
          277487.3909,
          2110359.6845999993
        ]
      }
    },
    {
      "type": "Feature",
      "properties": {
        "OBJECTID": 28321,
        "NODE_ID": "2177113603",
        "GROUND_LEV": 31.988
      },
      "geometry": {
        "type": "Point",
        "coordinates": [
          277343.7622999996,
          2111612.7204
        ]
      }
    },
    {
      "type": "Feature",
      "properties": {
        "OBJECTID": 28328,
        "NODE_ID": "2177113802",
        "GROUND_LEV": 32.4
      },
      "geometry": {
        "type": "Point",
        "coordinates": [
          277377.7000000002,
          2111832.9000000004
        ]
      }
    },
    {
      "type": "Feature",
      "properties": {
        "OBJECTID": 28144,
        "NODE_ID": "2177105005",
        "GROUND_LEV": 28.859
      },
      "geometry": {
        "type": "Point",
        "coordinates": [
          277516.12090000045,
          2110026.918299999
        ]
      }
    },
    {
      "type": "Feature",
      "properties": {
        "OBJECTID": 28145,
        "NODE_ID": "2177105006",
        "GROUND_LEV": 28.609
      },
      "geometry": {
        "type": "Point",
        "coordinates": [
          277565.7971999999,
          2110026.5002999995
        ]
      }
    },
    {
      "type": "Feature",
      "properties": {
        "OBJECTID": 28147,
        "NODE_ID": "2177105007",
        "GROUND_LEV": 28.509
      },
      "geometry": {
        "type": "Point",
        "coordinates": [
          277570.02219999954,
          2110020.973099999
        ]
      }
    },
    {
      "type": "Feature",
      "properties": {
        "OBJECTID": 28152,
        "NODE_ID": "2177105009!",
        "GROUND_LEV": 28.55
      },
      "geometry": {
        "type": "Point",
        "coordinates": [
          277575.7999999998,
          2110013.5
        ]
      }
    },
    {
      "type": "Feature",
      "properties": {
        "OBJECTID": 28154,
        "NODE_ID": "2177105010!",
        "GROUND_LEV": 28.55
      },
      "geometry": {
        "type": "Point",
        "coordinates": [
          277577.48029999994,
          2110011.5900999997
        ]
      }
    },
    {
      "type": "Feature",
      "properties": {
        "OBJECTID": 28177,
        "NODE_ID": "2177105202!",
        "GROUND_LEV": 28.6
      },
      "geometry": {
        "type": "Point",
        "coordinates": [
          277536.9000000004,
          2110241.4000000004
        ]
      }
    },
    {
      "type": "Feature",
      "properties": {
        "OBJECTID": 28172,
        "NODE_ID": "2177105102!",
        "GROUND_LEV": 28.6
      },
      "geometry": {
        "type": "Point",
        "coordinates": [
          277544.5,
          2110151.8000000007
        ]
      }
    },
    {
      "type": "Feature",
      "properties": {
        "OBJECTID": 28184,
        "NODE_ID": "2177105303",
        "GROUND_LEV": 30.001
      },
      "geometry": {
        "type": "Point",
        "coordinates": [
          277521.2368000001,
          2110374.34
        ]
      }
    },
    {
      "type": "Feature",
      "properties": {
        "OBJECTID": 28187,
        "NODE_ID": "2177105304!",
        "GROUND_LEV": 30.0
      },
      "geometry": {
        "type": "Point",
        "coordinates": [
          277521.5049999999,
          2110388.3783
        ]
      }
    },
    {
      "type": "Feature",
      "properties": {
        "OBJECTID": 28190,
        "NODE_ID": "2177105306",
        "GROUND_LEV": 28.8
      },
      "geometry": {
        "type": "Point",
        "coordinates": [
          277523.03839999996,
          2110344.0341999996
        ]
      }
    },
    {
      "type": "Feature",
      "properties": {
        "OBJECTID": 28198,
        "NODE_ID": "2177105310",
        "GROUND_LEV": 28.609
      },
      "geometry": {
        "type": "Point",
        "coordinates": [
          277528.4227999998,
          2110330.865700001
        ]
      }
    },
    {
      "type": "Feature",
      "properties": {
        "OBJECTID": 28180,
        "NODE_ID": "2177105204",
        "GROUND_LEV": 28.64
      },
      "geometry": {
        "type": "Point",
        "coordinates": [
          277533.5999999996,
          2110271.3000000007
        ]
      }
    },
    {
      "type": "Feature",
      "properties": {
        "OBJECTID": 28237,
        "NODE_ID": "2177105501!",
        "GROUND_LEV": 30.4
      },
      "geometry": {
        "type": "Point",
        "coordinates": [
          277553.1847000001,
          2110518.6063
        ]
      }
    },
    {
      "type": "Feature",
      "properties": {
        "OBJECTID": 28239,
        "NODE_ID": "2177105502!",
        "GROUND_LEV": 30.401
      },
      "geometry": {
        "type": "Point",
        "coordinates": [
          277567.7627999997,
          2110501.3270999994
        ]
      }
    },
    {
      "type": "Feature",
      "properties": {
        "OBJECTID": 28233,
        "NODE_ID": "2177105407!",
        "GROUND_LEV": 30.2
      },
      "geometry": {
        "type": "Point",
        "coordinates": [
          277581.51570000034,
          2110485.66
        ]
      }
    },
    {
      "type": "Feature",
      "properties": {
        "OBJECTID": 28234,
        "NODE_ID": "2177105408",
        "GROUND_LEV": 29.6
      },
      "geometry": {
        "type": "Point",
        "coordinates": [
          277582.78890000004,
          2110484.4563999996
        ]
      }
    },
    {
      "type": "Feature",
      "properties": {
        "OBJECTID": 28242,
        "NODE_ID": "2177106402",
        "GROUND_LEV": 29.009
      },
      "geometry": {
        "type": "Point",
        "coordinates": [
          277637.7000000002,
          2110425.5999999996
        ]
      }
    },
    {
      "type": "Feature",
      "properties": {
        "OBJECTID": 27986,
        "NODE_ID": "2177096202",
        "GROUND_LEV": 28.468
      },
      "geometry": {
        "type": "Point",
        "coordinates": [
          277690.93740000017,
          2109249.2397000007
        ]
      }
    },
    {
      "type": "Feature",
      "properties": {
        "OBJECTID": 28014,
        "NODE_ID": "2177097303",
        "GROUND_LEV": 28.208
      },
      "geometry": {
        "type": "Point",
        "coordinates": [
          277746.9000000004,
          2109355.4000000004
        ]
      }
    },
    {
      "type": "Feature",
      "properties": {
        "OBJECTID": 28039,
        "NODE_ID": "2177098402",
        "GROUND_LEV": 27.998
      },
      "geometry": {
        "type": "Point",
        "coordinates": [
          277810.1730000004,
          2109474.0132
        ]
      }
    },
    {
      "type": "Feature",
      "properties": {
        "OBJECTID": 28025,
        "NODE_ID": "2177097701",
        "GROUND_LEV": 29.208
      },
      "geometry": {
        "type": "Point",
        "coordinates": [
          277707.82650000043,
          2109751.0601000004
        ]
      }
    },
    {
      "type": "Feature",
      "properties": {
        "OBJECTID": 28010,
        "NODE_ID": "2177096907!",
        "GROUND_LEV": 29.009
      },
      "geometry": {
        "type": "Point",
        "coordinates": [
          277660.85479999986,
          2109901.7715000007
        ]
      }
    },
    {
      "type": "Feature",
      "properties": {
        "OBJECTID": 28037,
        "NODE_ID": "2177097901!",
        "GROUND_LEV": 28.5
      },
      "geometry": {
        "type": "Point",
        "coordinates": [
          277774.7999999998,
          2109915.5
        ]
      }
    },
    {
      "type": "Feature",
      "properties": {
        "OBJECTID": 28251,
        "NODE_ID": "2177107501!",
        "GROUND_LEV": 28.809
      },
      "geometry": {
        "type": "Point",
        "coordinates": [
          277731.4227,
          2110500.5352999996
        ]
      }
    },
    {
      "type": "Feature",
      "properties": {
        "OBJECTID": 28252,
        "NODE_ID": "2177107502",
        "GROUND_LEV": 28.749
      },
      "geometry": {
        "type": "Point",
        "coordinates": [
          277754.6989000002,
          2110519.4784999993
        ]
      }
    },
    {
      "type": "Feature",
      "properties": {
        "OBJECTID": 28338,
        "NODE_ID": "2177116202",
        "GROUND_LEV": 30.2
      },
      "geometry": {
        "type": "Point",
        "coordinates": [
          277689.5996000003,
          2111202.3696999997
        ]
      }
    },
    {
      "type": "Feature",
      "properties": {
        "OBJECTID": 28344,
        "NODE_ID": "2177116701",
        "GROUND_LEV": 34.12
      },
      "geometry": {
        "type": "Point",
        "coordinates": [
          277671.49590000045,
          2111712.8040999994
        ]
      }
    },
    {
      "type": "Feature",
      "properties": {
        "OBJECTID": 28345,
        "NODE_ID": "2177116702",
        "GROUND_LEV": 34.09
      },
      "geometry": {
        "type": "Point",
        "coordinates": [
          277676.3395999996,
          2111711.906300001
        ]
      }
    },
    {
      "type": "Feature",
      "properties": {
        "OBJECTID": 27890,
        "NODE_ID": "2177089601",
        "GROUND_LEV": 29.1
      },
      "geometry": {
        "type": "Point",
        "coordinates": [
          277922.7999999998,
          2108601.8000000007
        ]
      }
    },
    {
      "type": "Feature",
      "properties": {
        "OBJECTID": 28042,
        "NODE_ID": "2177098405",
        "GROUND_LEV": 28.408
      },
      "geometry": {
        "type": "Point",
        "coordinates": [
          277814.7000000002,
          2109494.6999999993
        ]
      }
    },
    {
      "type": "Feature",
      "properties": {
        "OBJECTID": 28054,
        "NODE_ID": "2177098601",
        "GROUND_LEV": 28.37
      },
      "geometry": {
        "type": "Point",
        "coordinates": [
          277862,
          2109609.8000000007
        ]
      }
    },
    {
      "type": "Feature",
      "properties": {
        "OBJECTID": 28258,
        "NODE_ID": "2177108502",
        "GROUND_LEV": 28.8
      },
      "geometry": {
        "type": "Point",
        "coordinates": [
          277822.9171000002,
          2110577.9470000006
        ]
      }
    },
    {
      "type": "Feature",
      "properties": {
        "OBJECTID": 28263,
        "NODE_ID": "2177108601!",
        "GROUND_LEV": 28.85
      },
      "geometry": {
        "type": "Point",
        "coordinates": [
          277870,
          2110615.4000000004
        ]
      }
    },
    {
      "type": "Feature",
      "properties": {
        "OBJECTID": 28264,
        "NODE_ID": "2177108602",
        "GROUND_LEV": 28.92
      },
      "geometry": {
        "type": "Point",
        "coordinates": [
          277893.5,
          2110634
        ]
      }
    },
    {
      "type": "Feature",
      "properties": {
        "OBJECTID": 28283,
        "NODE_ID": "2177109901!",
        "GROUND_LEV": 30.0
      },
      "geometry": {
        "type": "Point",
        "coordinates": [
          277948.26379999984,
          2110988.8730999995
        ]
      }
    },
    {
      "type": "Feature",
      "properties": {
        "OBJECTID": 28980,
        "NODE_ID": "2178100707",
        "GROUND_LEV": 29.748
      },
      "geometry": {
        "type": "Point",
        "coordinates": [
          278055.5473999996,
          2110757.7847000007
        ]
      }
    },
    {
      "type": "Feature",
      "properties": {
        "OBJECTID": 29001,
        "NODE_ID": "2178100904!",
        "GROUND_LEV": 29.978
      },
      "geometry": {
        "type": "Point",
        "coordinates": [
          278065.4205,
          2110966.9647000004
        ]
      }
    },
    {
      "type": "Feature",
      "properties": {
        "OBJECTID": 29141,
        "NODE_ID": "2178110303!",
        "GROUND_LEV": 33.208
      },
      "geometry": {
        "type": "Point",
        "coordinates": [
          278019.55879999977,
          2111394.8194999993
        ]
      }
    },
    {
      "type": "Feature",
      "properties": {
        "OBJECTID": 29147,
        "NODE_ID": "2178110402!",
        "GROUND_LEV": 33.648
      },
      "geometry": {
        "type": "Point",
        "coordinates": [
          278035.7901999997,
          2111452.270199999
        ]
      }
    },
    {
      "type": "Feature",
      "properties": {
        "OBJECTID": 29151,
        "NODE_ID": "2178110501!",
        "GROUND_LEV": 34.508
      },
      "geometry": {
        "type": "Point",
        "coordinates": [
          278051.5981999999,
          2111508.8913000003
        ]
      }
    },
    {
      "type": "Feature",
      "properties": {
        "OBJECTID": 29155,
        "NODE_ID": "2178110901",
        "GROUND_LEV": 45.58
      },
      "geometry": {
        "type": "Point",
        "coordinates": [
          278002.3108000001,
          2111906.158
        ]
      }
    },
    {
      "type": "Feature",
      "properties": {
        "OBJECTID": 29157,
        "NODE_ID": "2178110903",
        "GROUND_LEV": 45.62
      },
      "geometry": {
        "type": "Point",
        "coordinates": [
          278026.7906999998,
          2111945.1613999996
        ]
      }
    },
    {
      "type": "Feature",
      "properties": {
        "OBJECTID": 29156,
        "NODE_ID": "2178110902",
        "GROUND_LEV": 45.72
      },
      "geometry": {
        "type": "Point",
        "coordinates": [
          278016.55229999963,
          2111984.7038000003
        ]
      }
    },
    {
      "type": "Feature",
      "properties": {
        "OBJECTID": 28892,
        "NODE_ID": "2178092302",
        "GROUND_LEV": 28.12
      },
      "geometry": {
        "type": "Point",
        "coordinates": [
          278245.22059999965,
          2109349.4223999996
        ]
      }
    },
    {
      "type": "Feature",
      "properties": {
        "OBJECTID": 28898,
        "NODE_ID": "2178092602!",
        "GROUND_LEV": 28.196
      },
      "geometry": {
        "type": "Point",
        "coordinates": [
          278236.0999999996,
          2109633.5
        ]
      }
    },
    {
      "type": "Feature",
      "properties": {
        "OBJECTID": 29013,
        "NODE_ID": "2178101804!",
        "GROUND_LEV": 29.939
      },
      "geometry": {
        "type": "Point",
        "coordinates": [
          278193.3136999998,
          2110866.6100999992
        ]
      }
    },
    {
      "type": "Feature",
      "properties": {
        "OBJECTID": 29184,
        "NODE_ID": "2178112003",
        "GROUND_LEV": 29.107
      },
      "geometry": {
        "type": "Point",
        "coordinates": [
          278231.16559999995,
          2111032.0694999993
        ]
      }
    },
    {
      "type": "Feature",
      "properties": {
        "OBJECTID": 29185,
        "NODE_ID": "2178112003!",
        "GROUND_LEV": 29.107
      },
      "geometry": {
        "type": "Point",
        "coordinates": [
          278231.16559999995,
          2111032.0694999993
        ]
      }
    },
    {
      "type": "Feature",
      "properties": {
        "OBJECTID": 29018,
        "NODE_ID": "2178102901",
        "GROUND_LEV": 30.039
      },
      "geometry": {
        "type": "Point",
        "coordinates": [
          278241.2977,
          2110902.1351999994
        ]
      }
    },
    {
      "type": "Feature",
      "properties": {
        "OBJECTID": 29189,
        "NODE_ID": "2178112101!",
        "GROUND_LEV": 29.263
      },
      "geometry": {
        "type": "Point",
        "coordinates": [
          278200.3269999996,
          2111142.8463000003
        ]
      }
    },
    {
      "type": "Feature",
      "properties": {
        "OBJECTID": 29183,
        "NODE_ID": "2178112002!",
        "GROUND_LEV": 29.158
      },
      "geometry": {
        "type": "Point",
        "coordinates": [
          278221.4402999999,
          2111060.2522
        ]
      }
    },
    {
      "type": "Feature",
      "properties": {
        "OBJECTID": 29201,
        "NODE_ID": "2178112401!",
        "GROUND_LEV": 31.109
      },
      "geometry": {
        "type": "Point",
        "coordinates": [
          278204.2324000001,
          2111422.5495999996
        ]
      }
    },
    {
      "type": "Feature",
      "properties": {
        "OBJECTID": 29174,
        "NODE_ID": "2178111502",
        "GROUND_LEV": 36.008
      },
      "geometry": {
        "type": "Point",
        "coordinates": [
          278141.2394000003,
          2111512.3626000006
        ]
      }
    },
    {
      "type": "Feature",
      "properties": {
        "OBJECTID": 29175,
        "NODE_ID": "2178111502!",
        "GROUND_LEV": 36.008
      },
      "geometry": {
        "type": "Point",
        "coordinates": [
          278141.2394000003,
          2111512.3626000006
        ]
      }
    },
    {
      "type": "Feature",
      "properties": {
        "OBJECTID": 29177,
        "NODE_ID": "2178111503!",
        "GROUND_LEV": 36.308
      },
      "geometry": {
        "type": "Point",
        "coordinates": [
          278170.4726,
          2111518.6348
        ]
      }
    },
    {
      "type": "Feature",
      "properties": {
        "OBJECTID": 29206,
        "NODE_ID": "2178112502",
        "GROUND_LEV": 37.098
      },
      "geometry": {
        "type": "Point",
        "coordinates": [
          278256.31900000013,
          2111545.1613
        ]
      }
    },
    {
      "type": "Feature",
      "properties": {
        "OBJECTID": 28903,
        "NODE_ID": "2178092702",
        "GROUND_LEV": 28.262
      },
      "geometry": {
        "type": "Point",
        "coordinates": [
          278292.4000000004,
          2109709.9000000004
        ]
      }
    },
    {
      "type": "Feature",
      "properties": {
        "OBJECTID": 29027,
        "NODE_ID": "2178104301!",
        "GROUND_LEV": 28.3
      },
      "geometry": {
        "type": "Point",
        "coordinates": [
          278406.9000000004,
          2110387.6999999993
        ]
      }
    },
    {
      "type": "Feature",
      "properties": {
        "OBJECTID": 29209,
        "NODE_ID": "2178112503!",
        "GROUND_LEV": 37.158
      },
      "geometry": {
        "type": "Point",
        "coordinates": [
          278284.2505000001,
          2111555.7688999996
        ]
      }
    },
    {
      "type": "Feature",
      "properties": {
        "OBJECTID": 29217,
        "NODE_ID": "2178113501!",
        "GROUND_LEV": 36.988
      },
      "geometry": {
        "type": "Point",
        "coordinates": [
          278312.50189999957,
          2111566.4881999996
        ]
      }
    },
    {
      "type": "Feature",
      "properties": {
        "OBJECTID": 29220,
        "NODE_ID": "2178113503",
        "GROUND_LEV": 36.608
      },
      "geometry": {
        "type": "Point",
        "coordinates": [
          278340.5437000003,
          2111577.095899999
        ]
      }
    },
    {
      "type": "Feature",
      "properties": {
        "OBJECTID": 29225,
        "NODE_ID": "2178113505!",
        "GROUND_LEV": 36.458
      },
      "geometry": {
        "type": "Point",
        "coordinates": [
          278396.7156999996,
          2111598.1993000004
        ]
      }
    },
    {
      "type": "Feature",
      "properties": {
        "OBJECTID": 29227,
        "NODE_ID": "2178114501!",
        "GROUND_LEV": 32.809
      },
      "geometry": {
        "type": "Point",
        "coordinates": [
          278411.5159,
          2111565.1492999997
        ]
      }
    },
    {
      "type": "Feature",
      "properties": {
        "OBJECTID": 29231,
        "NODE_ID": "2178114601!",
        "GROUND_LEV": 36.508
      },
      "geometry": {
        "type": "Point",
        "coordinates": [
          278424.9671,
          2111607.9503000006
        ]
      }
    },
    {
      "type": "Feature",
      "properties": {
        "OBJECTID": 28860,
        "NODE_ID": "2178085501",
        "GROUND_LEV": 33.0
      },
      "geometry": {
        "type": "Point",
        "coordinates": [
          278527.7999999998,
          2108557.6999999993
        ]
      }
    },
    {
      "type": "Feature",
      "properties": {
        "OBJECTID": 28927,
        "NODE_ID": "2178094201",
        "GROUND_LEV": 28.2
      },
      "geometry": {
        "type": "Point",
        "coordinates": [
          278448.7999999998,
          2109296
        ]
      }
    },
    {
      "type": "Feature",
      "properties": {
        "OBJECTID": 22300,
        "NODE_ID": "2174102705",
        "GROUND_LEV": 29.8
      },
      "geometry": {
        "type": "Point",
        "coordinates": [
          274289.0999999996,
          2110754.5
        ]
      }
    },
    {
      "type": "Feature",
      "properties": {
        "OBJECTID": 22209,
        "NODE_ID": "2174085803",
        "GROUND_LEV": 30.25
      },
      "geometry": {
        "type": "Point",
        "coordinates": [
          274524.3284,
          2108838.190199999
        ]
      }
    },
    {
      "type": "Feature",
      "properties": {
        "OBJECTID": 22261,
        "NODE_ID": "2174094403",
        "GROUND_LEV": 28.27
      },
      "geometry": {
        "type": "Point",
        "coordinates": [
          274477,
          2109425.5999999996
        ]
      }
    },
    {
      "type": "Feature",
      "properties": {
        "OBJECTID": 22307,
        "NODE_ID": "2174104002",
        "GROUND_LEV": 28.75
      },
      "geometry": {
        "type": "Point",
        "coordinates": [
          274480.7000000002,
          2110031.8000000007
        ]
      }
    },
    {
      "type": "Feature",
      "properties": {
        "OBJECTID": 22309,
        "NODE_ID": "2174104501",
        "GROUND_LEV": 28.26
      },
      "geometry": {
        "type": "Point",
        "coordinates": [
          274447.2999999998,
          2110500.9000000004
        ]
      }
    },
    {
      "type": "Feature",
      "properties": {
        "OBJECTID": 22317,
        "NODE_ID": "2174104902",
        "GROUND_LEV": 31.19
      },
      "geometry": {
        "type": "Point",
        "coordinates": [
          274498.7999999998,
          2110978.8000000007
        ]
      }
    },
    {
      "type": "Feature",
      "properties": {
        "OBJECTID": 22262,
        "NODE_ID": "2174095301",
        "GROUND_LEV": 28.28
      },
      "geometry": {
        "type": "Point",
        "coordinates": [
          274531.7999999998,
          2109328.4000000004
        ]
      }
    },
    {
      "type": "Feature",
      "properties": {
        "OBJECTID": 22325,
        "NODE_ID": "2174106401",
        "GROUND_LEV": 30.43
      },
      "geometry": {
        "type": "Point",
        "coordinates": [
          274669.5,
          2110466.0999999996
        ]
      }
    },
    {
      "type": "Feature",
      "properties": {
        "OBJECTID": 22268,
        "NODE_ID": "2174096801",
        "GROUND_LEV": 28.77
      },
      "geometry": {
        "type": "Point",
        "coordinates": [
          274683.9000000004,
          2109848.5999999996
        ]
      }
    },
    {
      "type": "Feature",
      "properties": {
        "OBJECTID": 24683,
        "NODE_ID": "2175101604",
        "GROUND_LEV": 30.584
      },
      "geometry": {
        "type": "Point",
        "coordinates": [
          275141.27020000014,
          2110652.777899999
        ]
      }
    },
    {
      "type": "Feature",
      "properties": {
        "OBJECTID": 24694,
        "NODE_ID": "2175102303",
        "GROUND_LEV": 28.742
      },
      "geometry": {
        "type": "Point",
        "coordinates": [
          275236.8350999998,
          2110359.133199999
        ]
      }
    },
    {
      "type": "Feature",
      "properties": {
        "OBJECTID": 24689,
        "NODE_ID": "2175102202",
        "GROUND_LEV": 28.667
      },
      "geometry": {
        "type": "Point",
        "coordinates": [
          275242.96729999967,
          2110271.4277
        ]
      }
    },
    {
      "type": "Feature",
      "properties": {
        "OBJECTID": 24696,
        "NODE_ID": "2175102402",
        "GROUND_LEV": 28.943
      },
      "geometry": {
        "type": "Point",
        "coordinates": [
          275231.5999999996,
          2110418.0999999996
        ]
      }
    },
    {
      "type": "Feature",
      "properties": {
        "OBJECTID": 24706,
        "NODE_ID": "2175103104",
        "GROUND_LEV": 28.556
      },
      "geometry": {
        "type": "Point",
        "coordinates": [
          275355.7407999998,
          2110103.6843999997
        ]
      }
    },
    {
      "type": "Feature",
      "properties": {
        "OBJECTID": 24701,
        "NODE_ID": "2175103003",
        "GROUND_LEV": 28.28
      },
      "geometry": {
        "type": "Point",
        "coordinates": [
          275396.6514999997,
          2110014.1192000005
        ]
      }
    },
    {
      "type": "Feature",
      "properties": {
        "OBJECTID": 24705,
        "NODE_ID": "2175103103",
        "GROUND_LEV": 28.906
      },
      "geometry": {
        "type": "Point",
        "coordinates": [
          275340.95720000006,
          2110177.7662000004
        ]
      }
    },
    {
      "type": "Feature",
      "properties": {
        "OBJECTID": 24634,
        "NODE_ID": "2175085504",
        "GROUND_LEV": 27.89
      },
      "geometry": {
        "type": "Point",
        "coordinates": [
          275567.09619999956,
          2108568.8851999994
        ]
      }
    },
    {
      "type": "Feature",
      "properties": {
        "OBJECTID": 24648,
        "NODE_ID": "2175087401",
        "GROUND_LEV": 27.5
      },
      "geometry": {
        "type": "Point",
        "coordinates": [
          275727.2999999998,
          2108457.6999999993
        ]
      }
    },
    {
      "type": "Feature",
      "properties": {
        "OBJECTID": 24730,
        "NODE_ID": "2175106502",
        "GROUND_LEV": 28.401
      },
      "geometry": {
        "type": "Point",
        "coordinates": [
          275698.74710000027,
          2110503.8398
        ]
      }
    },
    {
      "type": "Feature",
      "properties": {
        "OBJECTID": 24742,
        "NODE_ID": "2175107502",
        "GROUND_LEV": 28.8
      },
      "geometry": {
        "type": "Point",
        "coordinates": [
          275726.6283999998,
          2110550.9065000005
        ]
      }
    },
    {
      "type": "Feature",
      "properties": {
        "OBJECTID": 24657,
        "NODE_ID": "2175088402",
        "GROUND_LEV": 28.008
      },
      "geometry": {
        "type": "Point",
        "coordinates": [
          275819,
          2108415.8000000007
        ]
      }
    },
    {
      "type": "Feature",
      "properties": {
        "OBJECTID": 24740,
        "NODE_ID": "2175107004",
        "GROUND_LEV": 29.3
      },
      "geometry": {
        "type": "Point",
        "coordinates": [
          275787.5421000002,
          2110093.889799999
        ]
      }
    },
    {
      "type": "Feature",
      "properties": {
        "OBJECTID": 24753,
        "NODE_ID": "2175108102",
        "GROUND_LEV": 29.59
      },
      "geometry": {
        "type": "Point",
        "coordinates": [
          275850.1590999998,
          2110138.7266000006
        ]
      }
    },
    {
      "type": "Feature",
      "properties": {
        "OBJECTID": 24776,
        "NODE_ID": "2175118204",
        "GROUND_LEV": 29.2
      },
      "geometry": {
        "type": "Point",
        "coordinates": [
          275870.4000000004,
          2111260.9000000004
        ]
      }
    },
    {
      "type": "Feature",
      "properties": {
        "OBJECTID": 24778,
        "NODE_ID": "2175118301",
        "GROUND_LEV": 29.15
      },
      "geometry": {
        "type": "Point",
        "coordinates": [
          275806.5,
          2111355.5999999996
        ]
      }
    },
    {
      "type": "Feature",
      "properties": {
        "OBJECTID": 26648,
        "NODE_ID": "2176100101",
        "GROUND_LEV": 28.49
      },
      "geometry": {
        "type": "Point",
        "coordinates": [
          276006.14460000023,
          2110197.7554
        ]
      }
    },
    {
      "type": "Feature",
      "properties": {
        "OBJECTID": 24770,
        "NODE_ID": "2175109604",
        "GROUND_LEV": 28.16
      },
      "geometry": {
        "type": "Point",
        "coordinates": [
          275966.5663999999,
          2110631.6549999993
        ]
      }
    },
    {
      "type": "Feature",
      "properties": {
        "OBJECTID": 26729,
        "NODE_ID": "2176110401",
        "GROUND_LEV": 29.03
      },
      "geometry": {
        "type": "Point",
        "coordinates": [
          276046.9000000004,
          2111431.4000000004
        ]
      }
    },
    {
      "type": "Feature",
      "properties": {
        "OBJECTID": 24784,
        "NODE_ID": "2175119501",
        "GROUND_LEV": 29.0
      },
      "geometry": {
        "type": "Point",
        "coordinates": [
          275950.7000000002,
          2111512.0999999996
        ]
      }
    },
    {
      "type": "Feature",
      "properties": {
        "OBJECTID": 26559,
        "NODE_ID": "2176082901",
        "GROUND_LEV": 28.644
      },
      "geometry": {
        "type": "Point",
        "coordinates": [
          276215.0999999996,
          2108926.3000000007
        ]
      }
    },
    {
      "type": "Feature",
      "properties": {
        "OBJECTID": 26654,
        "NODE_ID": "2176101101!",
        "GROUND_LEV": 28.5
      },
      "geometry": {
        "type": "Point",
        "coordinates": [
          276183.5999999996,
          2110189.8000000007
        ]
      }
    },
    {
      "type": "Feature",
      "properties": {
        "OBJECTID": 26620,
        "NODE_ID": "2176093401",
        "GROUND_LEV": 27.908
      },
      "geometry": {
        "type": "Point",
        "coordinates": [
          276360.9000000004,
          2109491.3000000007
        ]
      }
    },
    {
      "type": "Feature",
      "properties": {
        "OBJECTID": 26668,
        "NODE_ID": "2176103103",
        "GROUND_LEV": 29.39
      },
      "geometry": {
        "type": "Point",
        "coordinates": [
          276398.5999999996,
          2110120.1999999993
        ]
      }
    },
    {
      "type": "Feature",
      "properties": {
        "OBJECTID": 26745,
        "NODE_ID": "2176113001",
        "GROUND_LEV": 29.157
      },
      "geometry": {
        "type": "Point",
        "coordinates": [
          276322.8700000001,
          2111035.7897999994
        ]
      }
    },
    {
      "type": "Feature",
      "properties": {
        "OBJECTID": 26631,
        "NODE_ID": "2176094401",
        "GROUND_LEV": 28.251
      },
      "geometry": {
        "type": "Point",
        "coordinates": [
          276451.7000000002,
          2109476.6999999993
        ]
      }
    },
    {
      "type": "Feature",
      "properties": {
        "OBJECTID": 26673,
        "NODE_ID": "2176104102",
        "GROUND_LEV": 28.137
      },
      "geometry": {
        "type": "Point",
        "coordinates": [
          276458.5,
          2110138.5
        ]
      }
    },
    {
      "type": "Feature",
      "properties": {
        "OBJECTID": 26689,
        "NODE_ID": "2176105601",
        "GROUND_LEV": 28.828
      },
      "geometry": {
        "type": "Point",
        "coordinates": [
          276539.7999999998,
          2110638.5
        ]
      }
    },
    {
      "type": "Feature",
      "properties": {
        "OBJECTID": 26575,
        "NODE_ID": "2176086303",
        "GROUND_LEV": 28.008
      },
      "geometry": {
        "type": "Point",
        "coordinates": [
          276656.11450000014,
          2108381.8144000005
        ]
      }
    },
    {
      "type": "Feature",
      "properties": {
        "OBJECTID": 26643,
        "NODE_ID": "2176095901",
        "GROUND_LEV": 30.696
      },
      "geometry": {
        "type": "Point",
        "coordinates": [
          276593.0999999996,
          2109982.9000000004
        ]
      }
    },
    {
      "type": "Feature",
      "properties": {
        "OBJECTID": 26764,
        "NODE_ID": "2176116601",
        "GROUND_LEV": 28.74
      },
      "geometry": {
        "type": "Point",
        "coordinates": [
          276653.7999999998,
          2111637.0999999996
        ]
      }
    },
    {
      "type": "Feature",
      "properties": {
        "OBJECTID": 26581,
        "NODE_ID": "2176087402",
        "GROUND_LEV": 27.838
      },
      "geometry": {
        "type": "Point",
        "coordinates": [
          276734.2719999999,
          2108471.4650999997
        ]
      }
    },
    {
      "type": "Feature",
      "properties": {
        "OBJECTID": 26595,
        "NODE_ID": "2176088902",
        "GROUND_LEV": 28.722
      },
      "geometry": {
        "type": "Point",
        "coordinates": [
          276852.7999999998,
          2108922.6999999993
        ]
      }
    },
    {
      "type": "Feature",
      "properties": {
        "OBJECTID": 26702,
        "NODE_ID": "2176107202",
        "GROUND_LEV": 34.31
      },
      "geometry": {
        "type": "Point",
        "coordinates": [
          276796.0999999996,
          2110266.5
        ]
      }
    },
    {
      "type": "Feature",
      "properties": {
        "OBJECTID": 26775,
        "NODE_ID": "2176118501",
        "GROUND_LEV": 29.3
      },
      "geometry": {
        "type": "Point",
        "coordinates": [
          276804.8744999999,
          2111587.556399999
        ]
      }
    },
    {
      "type": "Feature",
      "properties": {
        "OBJECTID": 26603,
        "NODE_ID": "2176089606",
        "GROUND_LEV": 28.228
      },
      "geometry": {
        "type": "Point",
        "coordinates": [
          276968.7366000004,
          2108652.1525
        ]
      }
    },
    {
      "type": "Feature",
      "properties": {
        "OBJECTID": 26597,
        "NODE_ID": "2176089502",
        "GROUND_LEV": 28.321
      },
      "geometry": {
        "type": "Point",
        "coordinates": [
          276992.6484000003,
          2108555.1078999992
        ]
      }
    },
    {
      "type": "Feature",
      "properties": {
        "OBJECTID": 26712,
        "NODE_ID": "2176108401",
        "GROUND_LEV": 36.236
      },
      "geometry": {
        "type": "Point",
        "coordinates": [
          276879.7000000002,
          2110415
        ]
      }
    },
    {
      "type": "Feature",
      "properties": {
        "OBJECTID": 28070,
        "NODE_ID": "2177100301",
        "GROUND_LEV": 30.0
      },
      "geometry": {
        "type": "Point",
        "coordinates": [
          277001.5999999996,
          2110340.5999999996
        ]
      }
    },
    {
      "type": "Feature",
      "properties": {
        "OBJECTID": 26722,
        "NODE_ID": "2176109703",
        "GROUND_LEV": 28.931
      },
      "geometry": {
        "type": "Point",
        "coordinates": [
          276949.15919999965,
          2110768.6130999997
        ]
      }
    },
    {
      "type": "Feature",
      "properties": {
        "OBJECTID": 26784,
        "NODE_ID": "2176119901",
        "GROUND_LEV": 32.0
      },
      "geometry": {
        "type": "Point",
        "coordinates": [
          276907.5999999996,
          2111958.5
        ]
      }
    },
    {
      "type": "Feature",
      "properties": {
        "OBJECTID": 27822,
        "NODE_ID": "2177080302",
        "GROUND_LEV": 28.16
      },
      "geometry": {
        "type": "Point",
        "coordinates": [
          277065.0608999999,
          2108357.798800001
        ]
      }
    },
    {
      "type": "Feature",
      "properties": {
        "OBJECTID": 27827,
        "NODE_ID": "2177080403",
        "GROUND_LEV": 28.17
      },
      "geometry": {
        "type": "Point",
        "coordinates": [
          277031.65110000037,
          2108440.6644
        ]
      }
    },
    {
      "type": "Feature",
      "properties": {
        "OBJECTID": 27849,
        "NODE_ID": "2177081704",
        "GROUND_LEV": 28.217
      },
      "geometry": {
        "type": "Point",
        "coordinates": [
          277150.6964999996,
          2108750.8125
        ]
      }
    },
    {
      "type": "Feature",
      "properties": {
        "OBJECTID": 27900,
        "NODE_ID": "2177091705",
        "GROUND_LEV": 29.009
      },
      "geometry": {
        "type": "Point",
        "coordinates": [
          277171.7000000002,
          2109718.8000000007
        ]
      }
    },
    {
      "type": "Feature",
      "properties": {
        "OBJECTID": 27895,
        "NODE_ID": "2177090804",
        "GROUND_LEV": 29.33
      },
      "geometry": {
        "type": "Point",
        "coordinates": [
          277074.7866000002,
          2109813.0757
        ]
      }
    },
    {
      "type": "Feature",
      "properties": {
        "OBJECTID": 27933,
        "NODE_ID": "2177093301",
        "GROUND_LEV": 27.9
      },
      "geometry": {
        "type": "Point",
        "coordinates": [
          277318.09059999976,
          2109384.840399999
        ]
      }
    },
    {
      "type": "Feature",
      "properties": {
        "OBJECTID": 27936,
        "NODE_ID": "2177093304",
        "GROUND_LEV": 28.48
      },
      "geometry": {
        "type": "Point",
        "coordinates": [
          277339.1986999996,
          2109325.2682000007
        ]
      }
    },
    {
      "type": "Feature",
      "properties": {
        "OBJECTID": 27919,
        "NODE_ID": "2177092603",
        "GROUND_LEV": 28.3
      },
      "geometry": {
        "type": "Point",
        "coordinates": [
          277225.96559999976,
          2109621.7139999997
        ]
      }
    },
    {
      "type": "Feature",
      "properties": {
        "OBJECTID": 27910,
        "NODE_ID": "2177092504",
        "GROUND_LEV": 28.4
      },
      "geometry": {
        "type": "Point",
        "coordinates": [
          277246.5323000001,
          2109560.8466
        ]
      }
    },
    {
      "type": "Feature",
      "properties": {
        "OBJECTID": 27911,
        "NODE_ID": "2177092505",
        "GROUND_LEV": 28.08
      },
      "geometry": {
        "type": "Point",
        "coordinates": [
          277249.7318000002,
          2109573.313100001
        ]
      }
    },
    {
      "type": "Feature",
      "properties": {
        "OBJECTID": 27914,
        "NODE_ID": "2177092508",
        "GROUND_LEV": 28.13
      },
      "geometry": {
        "type": "Point",
        "coordinates": [
          277270.0262000002,
          2109502.0659999996
        ]
      }
    },
    {
      "type": "Feature",
      "properties": {
        "OBJECTID": 28109,
        "NODE_ID": "2177103202",
        "GROUND_LEV": 29.2
      },
      "geometry": {
        "type": "Point",
        "coordinates": [
          277320.4000000004,
          2110212.6999999993
        ]
      }
    },
    {
      "type": "Feature",
      "properties": {
        "OBJECTID": 28308,
        "NODE_ID": "2177112404",
        "GROUND_LEV": 31.43
      },
      "geometry": {
        "type": "Point",
        "coordinates": [
          277270.5999999996,
          2111465.3000000007
        ]
      }
    },
    {
      "type": "Feature",
      "properties": {
        "OBJECTID": 28309,
        "NODE_ID": "2177112405",
        "GROUND_LEV": 31.21
      },
      "geometry": {
        "type": "Point",
        "coordinates": [
          277277.33860000037,
          2111449.7541000005
        ]
      }
    },
    {
      "type": "Feature",
      "properties": {
        "OBJECTID": 27869,
        "NODE_ID": "2177083802",
        "GROUND_LEV": 28.408
      },
      "geometry": {
        "type": "Point",
        "coordinates": [
          277345.46690000035,
          2108893.0207
        ]
      }
    },
    {
      "type": "Feature",
      "properties": {
        "OBJECTID": 27880,
        "NODE_ID": "2177084903",
        "GROUND_LEV": 28.552
      },
      "geometry": {
        "type": "Point",
        "coordinates": [
          277464.4406000003,
          2108984.0792999994
        ]
      }
    },
    {
      "type": "Feature",
      "properties": {
        "OBJECTID": 27951,
        "NODE_ID": "2177094005",
        "GROUND_LEV": 28.0
      },
      "geometry": {
        "type": "Point",
        "coordinates": [
          277465.1786000002,
          2109069.1927000005
        ]
      }
    },
    {
      "type": "Feature",
      "properties": {
        "OBJECTID": 28116,
        "NODE_ID": "2177104002",
        "GROUND_LEV": 29.249
      },
      "geometry": {
        "type": "Point",
        "coordinates": [
          277429.73390000034,
          2110059.0007000007
        ]
      }
    },
    {
      "type": "Feature",
      "properties": {
        "OBJECTID": 28119,
        "NODE_ID": "2177104005",
        "GROUND_LEV": 29.91
      },
      "geometry": {
        "type": "Point",
        "coordinates": [
          277451.44849999994,
          2110085.4525000006
        ]
      }
    },
    {
      "type": "Feature",
      "properties": {
        "OBJECTID": 28131,
        "NODE_ID": "2177104201",
        "GROUND_LEV": 29.12
      },
      "geometry": {
        "type": "Point",
        "coordinates": [
          277461.12629999965,
          2110248.0507999994
        ]
      }
    },
    {
      "type": "Feature",
      "properties": {
        "OBJECTID": 28126,
        "NODE_ID": "2177104101",
        "GROUND_LEV": 29.8
      },
      "geometry": {
        "type": "Point",
        "coordinates": [
          277470.0701000001,
          2110108.9165000003
        ]
      }
    },
    {
      "type": "Feature",
      "properties": {
        "OBJECTID": 28127,
        "NODE_ID": "2177104102",
        "GROUND_LEV": 29.03
      },
      "geometry": {
        "type": "Point",
        "coordinates": [
          277478.6155000003,
          2110151.6175999995
        ]
      }
    },
    {
      "type": "Feature",
      "properties": {
        "OBJECTID": 28139,
        "NODE_ID": "2177104302!",
        "GROUND_LEV": 29.401
      },
      "geometry": {
        "type": "Point",
        "coordinates": [
          277487.3909,
          2110359.6845999993
        ]
      }
    },
    {
      "type": "Feature",
      "properties": {
        "OBJECTID": 28324,
        "NODE_ID": "2177113701",
        "GROUND_LEV": 32.2
      },
      "geometry": {
        "type": "Point",
        "coordinates": [
          277351.2000000002,
          2111709.0999999996
        ]
      }
    },
    {
      "type": "Feature",
      "properties": {
        "OBJECTID": 28325,
        "NODE_ID": "2177113702",
        "GROUND_LEV": 32.6
      },
      "geometry": {
        "type": "Point",
        "coordinates": [
          277351.5,
          2111758
        ]
      }
    },
    {
      "type": "Feature",
      "properties": {
        "OBJECTID": 27970,
        "NODE_ID": "2177095002",
        "GROUND_LEV": 28.308
      },
      "geometry": {
        "type": "Point",
        "coordinates": [
          277539.2555999998,
          2109033.2437999994
        ]
      }
    },
    {
      "type": "Feature",
      "properties": {
        "OBJECTID": 27976,
        "NODE_ID": "2177095101",
        "GROUND_LEV": 28.228
      },
      "geometry": {
        "type": "Point",
        "coordinates": [
          277589.92289999966,
          2109101.4483000003
        ]
      }
    },
    {
      "type": "Feature",
      "properties": {
        "OBJECTID": 28005,
        "NODE_ID": "2177096905",
        "GROUND_LEV": 28.809
      },
      "geometry": {
        "type": "Point",
        "coordinates": [
          277649.9227,
          2109916.1708000004
        ]
      }
    },
    {
      "type": "Feature",
      "properties": {
        "OBJECTID": 28142,
        "NODE_ID": "2177105003",
        "GROUND_LEV": 28.72
      },
      "geometry": {
        "type": "Point",
        "coordinates": [
          277515.3800999997,
          2110007.2071
        ]
      }
    },
    {
      "type": "Feature",
      "properties": {
        "OBJECTID": 28149,
        "NODE_ID": "2177105008",
        "GROUND_LEV": 28.55
      },
      "geometry": {
        "type": "Point",
        "coordinates": [
          277573.7999999998,
          2110016
        ]
      }
    },
    {
      "type": "Feature",
      "properties": {
        "OBJECTID": 27999,
        "NODE_ID": "2177096902",
        "GROUND_LEV": 29.009
      },
      "geometry": {
        "type": "Point",
        "coordinates": [
          277620.0385999996,
          2109957.2082
        ]
      }
    },
    {
      "type": "Feature",
      "properties": {
        "OBJECTID": 28003,
        "NODE_ID": "2177096904",
        "GROUND_LEV": 28.76
      },
      "geometry": {
        "type": "Point",
        "coordinates": [
          277642.7000000002,
          2109956.4000000004
        ]
      }
    },
    {
      "type": "Feature",
      "properties": {
        "OBJECTID": 28171,
        "NODE_ID": "2177105102",
        "GROUND_LEV": 28.6
      },
      "geometry": {
        "type": "Point",
        "coordinates": [
          277544.5,
          2110151.8000000007
        ]
      }
    },
    {
      "type": "Feature",
      "properties": {
        "OBJECTID": 28174,
        "NODE_ID": "2177105103!",
        "GROUND_LEV": 28.52
      },
      "geometry": {
        "type": "Point",
        "coordinates": [
          277547.2865000004,
          2110121.7826000005
        ]
      }
    },
    {
      "type": "Feature",
      "properties": {
        "OBJECTID": 28189,
        "NODE_ID": "2177105305!",
        "GROUND_LEV": 29.001
      },
      "geometry": {
        "type": "Point",
        "coordinates": [
          277523.03839999996,
          2110335.940300001
        ]
      }
    },
    {
      "type": "Feature",
      "properties": {
        "OBJECTID": 28201,
        "NODE_ID": "2177105311!",
        "GROUND_LEV": 29.209
      },
      "geometry": {
        "type": "Point",
        "coordinates": [
          277529.8372999998,
          2110322.1361
        ]
      }
    },
    {
      "type": "Feature",
      "properties": {
        "OBJECTID": 28210,
        "NODE_ID": "2177105316",
        "GROUND_LEV": 29.809
      },
      "geometry": {
        "type": "Point",
        "coordinates": [
          277544.5617000004,
          2110354.2634999994
        ]
      }
    },
    {
      "type": "Feature",
      "properties": {
        "OBJECTID": 28240,
        "NODE_ID": "2177106401",
        "GROUND_LEV": 29.009
      },
      "geometry": {
        "type": "Point",
        "coordinates": [
          277616.4000000004,
          2110406.3000000007
        ]
      }
    },
    {
      "type": "Feature",
      "properties": {
        "OBJECTID": 28241,
        "NODE_ID": "2177106401!",
        "GROUND_LEV": 29.009
      },
      "geometry": {
        "type": "Point",
        "coordinates": [
          277616.4000000004,
          2110406.3000000007
        ]
      }
    },
    {
      "type": "Feature",
      "properties": {
        "OBJECTID": 28236,
        "NODE_ID": "2177105501",
        "GROUND_LEV": 30.4
      },
      "geometry": {
        "type": "Point",
        "coordinates": [
          277553.1847000001,
          2110518.6063
        ]
      }
    },
    {
      "type": "Feature",
      "properties": {
        "OBJECTID": 28231,
        "NODE_ID": "2177105406!",
        "GROUND_LEV": 30.2
      },
      "geometry": {
        "type": "Point",
        "coordinates": [
          277570.9809999997,
          2110472.4277
        ]
      }
    },
    {
      "type": "Feature",
      "properties": {
        "OBJECTID": 28343,
        "NODE_ID": "2177116504",
        "GROUND_LEV": 33.82
      },
      "geometry": {
        "type": "Point",
        "coordinates": [
          277649.4749999996,
          2111598.3291999996
        ]
      }
    },
    {
      "type": "Feature",
      "properties": {
        "OBJECTID": 28015,
        "NODE_ID": "2177097304",
        "GROUND_LEV": 28.208
      },
      "geometry": {
        "type": "Point",
        "coordinates": [
          277761,
          2109381.8000000007
        ]
      }
    },
    {
      "type": "Feature",
      "properties": {
        "OBJECTID": 28038,
        "NODE_ID": "2177098401",
        "GROUND_LEV": 28.209
      },
      "geometry": {
        "type": "Point",
        "coordinates": [
          277805.5719999997,
          2109460.3665999994
        ]
      }
    },
    {
      "type": "Feature",
      "properties": {
        "OBJECTID": 28024,
        "NODE_ID": "2177097607",
        "GROUND_LEV": 28.808
      },
      "geometry": {
        "type": "Point",
        "coordinates": [
          277798.21779999975,
          2109615.1873000003
        ]
      }
    },
    {
      "type": "Feature",
      "properties": {
        "OBJECTID": 28018,
        "NODE_ID": "2177097601",
        "GROUND_LEV": 28.608
      },
      "geometry": {
        "type": "Point",
        "coordinates": [
          277739.12260000035,
          2109689.5671999995
        ]
      }
    },
    {
      "type": "Feature",
      "properties": {
        "OBJECTID": 27988,
        "NODE_ID": "2177096801!",
        "GROUND_LEV": 29.009
      },
      "geometry": {
        "type": "Point",
        "coordinates": [
          277663.8883999996,
          2109897.7639000006
        ]
      }
    },
    {
      "type": "Feature",
      "properties": {
        "OBJECTID": 28254,
        "NODE_ID": "2177107503",
        "GROUND_LEV": 28.709
      },
      "geometry": {
        "type": "Point",
        "coordinates": [
          277777.5449999999,
          2110539.077299999
        ]
      }
    },
    {
      "type": "Feature",
      "properties": {
        "OBJECTID": 28255,
        "NODE_ID": "2177107503!",
        "GROUND_LEV": 28.709
      },
      "geometry": {
        "type": "Point",
        "coordinates": [
          277777.5449999999,
          2110539.077299999
        ]
      }
    },
    {
      "type": "Feature",
      "properties": {
        "OBJECTID": 28347,
        "NODE_ID": "2177117101!",
        "GROUND_LEV": 30.001
      },
      "geometry": {
        "type": "Point",
        "coordinates": [
          277752.4227,
          2111166.1992000006
        ]
      }
    },
    {
      "type": "Feature",
      "properties": {
        "OBJECTID": 28063,
        "NODE_ID": "2177099401",
        "GROUND_LEV": 27.84
      },
      "geometry": {
        "type": "Point",
        "coordinates": [
          277900.9000000004,
          2109448.3000000007
        ]
      }
    },
    {
      "type": "Feature",
      "properties": {
        "OBJECTID": 28046,
        "NODE_ID": "2177098502",
        "GROUND_LEV": 28.188
      },
      "geometry": {
        "type": "Point",
        "coordinates": [
          277819.4643000001,
          2109518.6313000005
        ]
      }
    },
    {
      "type": "Feature",
      "properties": {
        "OBJECTID": 28047,
        "NODE_ID": "2177098503",
        "GROUND_LEV": 28.608
      },
      "geometry": {
        "type": "Point",
        "coordinates": [
          277825.4000000004,
          2109548.0999999996
        ]
      }
    },
    {
      "type": "Feature",
      "properties": {
        "OBJECTID": 28261,
        "NODE_ID": "2177108503!",
        "GROUND_LEV": 28.9
      },
      "geometry": {
        "type": "Point",
        "coordinates": [
          277846.6235999996,
          2110596.7859000005
        ]
      }
    },
    {
      "type": "Feature",
      "properties": {
        "OBJECTID": 28270,
        "NODE_ID": "2177109603",
        "GROUND_LEV": 28.93
      },
      "geometry": {
        "type": "Point",
        "coordinates": [
          277963.9000000004,
          2110690
        ]
      }
    },
    {
      "type": "Feature",
      "properties": {
        "OBJECTID": 28275,
        "NODE_ID": "2177109801!",
        "GROUND_LEV": 29.801
      },
      "geometry": {
        "type": "Point",
        "coordinates": [
          277959.15610000025,
          2110893.7282999996
        ]
      }
    },
    {
      "type": "Feature",
      "properties": {
        "OBJECTID": 28358,
        "NODE_ID": "2177119001!",
        "GROUND_LEV": 29.8
      },
      "geometry": {
        "type": "Point",
        "coordinates": [
          277930.9901999999,
          2111057.9563999996
        ]
      }
    },
    {
      "type": "Feature",
      "properties": {
        "OBJECTID": 28849,
        "NODE_ID": "2178080702",
        "GROUND_LEV": 29.4
      },
      "geometry": {
        "type": "Point",
        "coordinates": [
          278060.9000000004,
          2108713.8000000007
        ]
      }
    },
    {
      "type": "Feature",
      "properties": {
        "OBJECTID": 28871,
        "NODE_ID": "2178090401",
        "GROUND_LEV": 28.1
      },
      "geometry": {
        "type": "Point",
        "coordinates": [
          278016.5999999996,
          2109417.1999999993
        ]
      }
    },
    {
      "type": "Feature",
      "properties": {
        "OBJECTID": 28877,
        "NODE_ID": "2178091301",
        "GROUND_LEV": 28.35
      },
      "geometry": {
        "type": "Point",
        "coordinates": [
          278100.32930000033,
          2109387.7832999993
        ]
      }
    },
    {
      "type": "Feature",
      "properties": {
        "OBJECTID": 28278,
        "NODE_ID": "2177109803",
        "GROUND_LEV": 29.8
      },
      "geometry": {
        "type": "Point",
        "coordinates": [
          277976.4297000002,
          2110848.3555999994
        ]
      }
    },
    {
      "type": "Feature",
      "properties": {
        "OBJECTID": 28972,
        "NODE_ID": "2178100703",
        "GROUND_LEV": 29.789
      },
      "geometry": {
        "type": "Point",
        "coordinates": [
          278032.38150000013,
          2110732.234099999
        ]
      }
    },
    {
      "type": "Feature",
      "properties": {
        "OBJECTID": 28979,
        "NODE_ID": "2178100706!",
        "GROUND_LEV": 29.608
      },
      "geometry": {
        "type": "Point",
        "coordinates": [
          278055.12820000015,
          2110787.6633
        ]
      }
    },
    {
      "type": "Feature",
      "properties": {
        "OBJECTID": 28998,
        "NODE_ID": "2178100903",
        "GROUND_LEV": 30.308
      },
      "geometry": {
        "type": "Point",
        "coordinates": [
          278064.1188000003,
          2110996.955
        ]
      }
    },
    {
      "type": "Feature",
      "properties": {
        "OBJECTID": 29115,
        "NODE_ID": "2178110002!",
        "GROUND_LEV": 30.418
      },
      "geometry": {
        "type": "Point",
        "coordinates": [
          278058.4928000001,
          2111054.6636999995
        ]
      }
    },
    {
      "type": "Feature",
      "properties": {
        "OBJECTID": 29122,
        "NODE_ID": "2178110103",
        "GROUND_LEV": 30.678
      },
      "geometry": {
        "type": "Point",
        "coordinates": [
          278063.90919999965,
          2111143.457699999
        ]
      }
    },
    {
      "type": "Feature",
      "properties": {
        "OBJECTID": 29123,
        "NODE_ID": "2178110103!",
        "GROUND_LEV": 30.678
      },
      "geometry": {
        "type": "Point",
        "coordinates": [
          278063.90919999965,
          2111143.457699999
        ]
      }
    },
    {
      "type": "Feature",
      "properties": {
        "OBJECTID": 29116,
        "NODE_ID": "2178110003",
        "GROUND_LEV": 30.438
      },
      "geometry": {
        "type": "Point",
        "coordinates": [
          278065.53079999983,
          2111083.7898999993
        ]
      }
    },
    {
      "type": "Feature",
      "properties": {
        "OBJECTID": 29117,
        "NODE_ID": "2178110003!",
        "GROUND_LEV": 30.438
      },
      "geometry": {
        "type": "Point",
        "coordinates": [
          278065.53079999983,
          2111083.7898999993
        ]
      }
    },
    {
      "type": "Feature",
      "properties": {
        "OBJECTID": 29135,
        "NODE_ID": "2178110204!",
        "GROUND_LEV": 31.5
      },
      "geometry": {
        "type": "Point",
        "coordinates": [
          278043.4315999998,
          2111248.3861999996
        ]
      }
    },
    {
      "type": "Feature",
      "properties": {
        "OBJECTID": 29142,
        "NODE_ID": "2178110304",
        "GROUND_LEV": 30.709
      },
      "geometry": {
        "type": "Point",
        "coordinates": [
          278087.42920000013,
          2111303.190300001
        ]
      }
    },
    {
      "type": "Feature",
      "properties": {
        "OBJECTID": 28384,
        "NODE_ID": "2177129001",
        "GROUND_LEV": 45.82
      },
      "geometry": {
        "type": "Point",
        "coordinates": [
          277989.2867999999,
          2112024.764799999
        ]
      }
    },
    {
      "type": "Feature",
      "properties": {
        "OBJECTID": 28893,
        "NODE_ID": "2178092303",
        "GROUND_LEV": 28.0
      },
      "geometry": {
        "type": "Point",
        "coordinates": [
          278274.4315999998,
          2109341.660700001
        ]
      }
    },
    {
      "type": "Feature",
      "properties": {
        "OBJECTID": 28900,
        "NODE_ID": "2178092603!",
        "GROUND_LEV": 28.288
      },
      "geometry": {
        "type": "Point",
        "coordinates": [
          278241.7999999998,
          2109643.4000000004
        ]
      }
    },
    {
      "type": "Feature",
      "properties": {
        "OBJECTID": 29008,
        "NODE_ID": "2178101802",
        "GROUND_LEV": 29.739
      },
      "geometry": {
        "type": "Point",
        "coordinates": [
          278147.5491000004,
          2110827.2865999993
        ]
      }
    },
    {
      "type": "Feature",
      "properties": {
        "OBJECTID": 29200,
        "NODE_ID": "2178112401",
        "GROUND_LEV": 31.109
      },
      "geometry": {
        "type": "Point",
        "coordinates": [
          278204.2324000001,
          2111422.5495999996
        ]
      }
    },
    {
      "type": "Feature",
      "properties": {
        "OBJECTID": 29203,
        "NODE_ID": "2178112402!",
        "GROUND_LEV": 31.229
      },
      "geometry": {
        "type": "Point",
        "coordinates": [
          278254.9530999996,
          2111470.1052
        ]
      }
    },
    {
      "type": "Feature",
      "properties": {
        "OBJECTID": 28904,
        "NODE_ID": "2178093001",
        "GROUND_LEV": 28.915
      },
      "geometry": {
        "type": "Point",
        "coordinates": [
          278301.8388,
          2109007.4778000005
        ]
      }
    },
    {
      "type": "Feature",
      "properties": {
        "OBJECTID": 28853,
        "NODE_ID": "2178083801",
        "GROUND_LEV": 29.2
      },
      "geometry": {
        "type": "Point",
        "coordinates": [
          278308.5999999996,
          2108899.4000000004
        ]
      }
    },
    {
      "type": "Feature",
      "properties": {
        "OBJECTID": 28923,
        "NODE_ID": "2178094101",
        "GROUND_LEV": 28.963
      },
      "geometry": {
        "type": "Point",
        "coordinates": [
          278414.3186999997,
          2109109.051000001
        ]
      }
    },
    {
      "type": "Feature",
      "properties": {
        "OBJECTID": 28931,
        "NODE_ID": "2178094301",
        "GROUND_LEV": 28.15
      },
      "geometry": {
        "type": "Point",
        "coordinates": [
          278419.5999999996,
          2109303.0999999996
        ]
      }
    },
    {
      "type": "Feature",
      "properties": {
        "OBJECTID": 28902,
        "NODE_ID": "2178092701",
        "GROUND_LEV": 28.118
      },
      "geometry": {
        "type": "Point",
        "coordinates": [
          278287.7000000002,
          2109710.5
        ]
      }
    },
    {
      "type": "Feature",
      "properties": {
        "OBJECTID": 28918,
        "NODE_ID": "2178093702",
        "GROUND_LEV": 28.533
      },
      "geometry": {
        "type": "Point",
        "coordinates": [
          278312.0999999996,
          2109701.5999999996
        ]
      }
    },
    {
      "type": "Feature",
      "properties": {
        "OBJECTID": 29208,
        "NODE_ID": "2178112503",
        "GROUND_LEV": 37.158
      },
      "geometry": {
        "type": "Point",
        "coordinates": [
          278284.2505000001,
          2111555.7688999996
        ]
      }
    },
    {
      "type": "Feature",
      "properties": {
        "OBJECTID": 28858,
        "NODE_ID": "2178084801",
        "GROUND_LEV": 29.8
      },
      "geometry": {
        "type": "Point",
        "coordinates": [
          278489.7999999998,
          2108835.8000000007
        ]
      }
    },
    {
      "type": "Feature",
      "properties": {
        "OBJECTID": 28939,
        "NODE_ID": "2178095201",
        "GROUND_LEV": 28.763
      },
      "geometry": {
        "type": "Point",
        "coordinates": [
          278500.84619999956,
          2109233.4617
        ]
      }
    },
    {
      "type": "Feature",
      "properties": {
        "OBJECTID": 28935,
        "NODE_ID": "2178094803",
        "GROUND_LEV": 28.365
      },
      "geometry": {
        "type": "Point",
        "coordinates": [
          278459.9000000004,
          2109874.5999999996
        ]
      }
    },
    {
      "type": "Feature",
      "properties": {
        "OBJECTID": 29028,
        "NODE_ID": "2178104401",
        "GROUND_LEV": 28.372
      },
      "geometry": {
        "type": "Point",
        "coordinates": [
          278476.7000000002,
          2110444.8000000007
        ]
      }
    },
    {
      "type": "Feature",
      "properties": {
        "OBJECTID": 29038,
        "NODE_ID": "2178105401",
        "GROUND_LEV": 28.4
      },
      "geometry": {
        "type": "Point",
        "coordinates": [
          278525.2000000002,
          2110484
        ]
      }
    },
    {
      "type": "Feature",
      "properties": {
        "OBJECTID": 29232,
        "NODE_ID": "2178114602",
        "GROUND_LEV": 36.708
      },
      "geometry": {
        "type": "Point",
        "coordinates": [
          278453.3399,
          2111617.4778000005
        ]
      }
    },
    {
      "type": "Feature",
      "properties": {
        "OBJECTID": 22202,
        "NODE_ID": "2174084801",
        "GROUND_LEV": 27.6
      },
      "geometry": {
        "type": "Point",
        "coordinates": [
          274494.3086000001,
          2108890.0089
        ]
      }
    },
    {
      "type": "Feature",
      "properties": {
        "OBJECTID": 22207,
        "NODE_ID": "2174085801",
        "GROUND_LEV": 30.06
      },
      "geometry": {
        "type": "Point",
        "coordinates": [
          274503.4537000004,
          2108874.5101999994
        ]
      }
    },
    {
      "type": "Feature",
      "properties": {
        "OBJECTID": 22250,
        "NODE_ID": "2174093001",
        "GROUND_LEV": 27.47
      },
      "geometry": {
        "type": "Point",
        "coordinates": [
          274371.7999999998,
          2109096.4000000004
        ]
      }
    },
    {
      "type": "Feature",
      "properties": {
        "OBJECTID": 22305,
        "NODE_ID": "2174103502",
        "GROUND_LEV": 28.63
      },
      "geometry": {
        "type": "Point",
        "coordinates": [
          274394.5999999996,
          2110512.1999999993
        ]
      }
    },
    {
      "type": "Feature",
      "properties": {
        "OBJECTID": 22321,
        "NODE_ID": "2174105602",
        "GROUND_LEV": 32.2
      },
      "geometry": {
        "type": "Point",
        "coordinates": [
          274517.0999999996,
          2110612.6999999993
        ]
      }
    },
    {
      "type": "Feature",
      "properties": {
        "OBJECTID": 22315,
        "NODE_ID": "2174104803",
        "GROUND_LEV": 31.33
      },
      "geometry": {
        "type": "Point",
        "coordinates": [
          274486.7000000002,
          2110890.6999999993
        ]
      }
    },
    {
      "type": "Feature",
      "properties": {
        "OBJECTID": 22274,
        "NODE_ID": "2174098201",
        "GROUND_LEV": 29.13
      },
      "geometry": {
        "type": "Point",
        "coordinates": [
          274795.2999999998,
          2109300.9000000004
        ]
      }
    },
    {
      "type": "Feature",
      "properties": {
        "OBJECTID": 24672,
        "NODE_ID": "2175100501",
        "GROUND_LEV": 29.183
      },
      "geometry": {
        "type": "Point",
        "coordinates": [
          275099.2706000004,
          2110516.4363
        ]
      }
    },
    {
      "type": "Feature",
      "properties": {
        "OBJECTID": 24679,
        "NODE_ID": "2175101504",
        "GROUND_LEV": 29.123
      },
      "geometry": {
        "type": "Point",
        "coordinates": [
          275128.37689999957,
          2110503.3658000007
        ]
      }
    },
    {
      "type": "Feature",
      "properties": {
        "OBJECTID": 24673,
        "NODE_ID": "2175101401",
        "GROUND_LEV": 28.99
      },
      "geometry": {
        "type": "Point",
        "coordinates": [
          275152.4863999998,
          2110488.8226999994
        ]
      }
    },
    {
      "type": "Feature",
      "properties": {
        "OBJECTID": 24684,
        "NODE_ID": "2175101605",
        "GROUND_LEV": 30.522
      },
      "geometry": {
        "type": "Point",
        "coordinates": [
          275155.5438000001,
          2110679.0407999996
        ]
      }
    },
    {
      "type": "Feature",
      "properties": {
        "OBJECTID": 24687,
        "NODE_ID": "2175101703",
        "GROUND_LEV": 31.213
      },
      "geometry": {
        "type": "Point",
        "coordinates": [
          275196.6524,
          2110758.0732000005
        ]
      }
    },
    {
      "type": "Feature",
      "properties": {
        "OBJECTID": 24698,
        "NODE_ID": "2175102702",
        "GROUND_LEV": 32.721
      },
      "geometry": {
        "type": "Point",
        "coordinates": [
          275207.6939000003,
          2110780.2940999996
        ]
      }
    },
    {
      "type": "Feature",
      "properties": {
        "OBJECTID": 24671,
        "NODE_ID": "2175093901",
        "GROUND_LEV": 28.08
      },
      "geometry": {
        "type": "Point",
        "coordinates": [
          275336.0931000002,
          2109988.1654000003
        ]
      }
    },
    {
      "type": "Feature",
      "properties": {
        "OBJECTID": 24699,
        "NODE_ID": "2175103001",
        "GROUND_LEV": 28.651
      },
      "geometry": {
        "type": "Point",
        "coordinates": [
          275350.06429999974,
          2110077.7798999995
        ]
      }
    },
    {
      "type": "Feature",
      "properties": {
        "OBJECTID": 24715,
        "NODE_ID": "2175104001",
        "GROUND_LEV": 29.013
      },
      "geometry": {
        "type": "Point",
        "coordinates": [
          275426.4797,
          2110058.8770000003
        ]
      }
    },
    {
      "type": "Feature",
      "properties": {
        "OBJECTID": 24711,
        "NODE_ID": "2175103203",
        "GROUND_LEV": 28.805
      },
      "geometry": {
        "type": "Point",
        "coordinates": [
          275344.8435000004,
          2110223.6499000005
        ]
      }
    },
    {
      "type": "Feature",
      "properties": {
        "OBJECTID": 24707,
        "NODE_ID": "2175103105",
        "GROUND_LEV": 28.961
      },
      "geometry": {
        "type": "Point",
        "coordinates": [
          275357.5999999996,
          2110159.1999999993
        ]
      }
    },
    {
      "type": "Feature",
      "properties": {
        "OBJECTID": 24636,
        "NODE_ID": "2175085801",
        "GROUND_LEV": 28.39
      },
      "geometry": {
        "type": "Point",
        "coordinates": [
          275569.5762,
          2108873.0679
        ]
      }
    },
    {
      "type": "Feature",
      "properties": {
        "OBJECTID": 24644,
        "NODE_ID": "2175086801",
        "GROUND_LEV": 28.25
      },
      "geometry": {
        "type": "Point",
        "coordinates": [
          275606.4283999996,
          2108864.911800001
        ]
      }
    },
    {
      "type": "Feature",
      "properties": {
        "OBJECTID": 24650,
        "NODE_ID": "2175087801",
        "GROUND_LEV": 27.96
      },
      "geometry": {
        "type": "Point",
        "coordinates": [
          275700.0574000003,
          2108822.849199999
        ]
      }
    },
    {
      "type": "Feature",
      "properties": {
        "OBJECTID": 24735,
        "NODE_ID": "2175106605",
        "GROUND_LEV": 29.601
      },
      "geometry": {
        "type": "Point",
        "coordinates": [
          275685.2344000004,
          2110666.5065
        ]
      }
    },
    {
      "type": "Feature",
      "properties": {
        "OBJECTID": 24659,
        "NODE_ID": "2175088602",
        "GROUND_LEV": 27.5
      },
      "geometry": {
        "type": "Point",
        "coordinates": [
          275846.7999999998,
          2108604.9000000004
        ]
      }
    },
    {
      "type": "Feature",
      "properties": {
        "OBJECTID": 24754,
        "NODE_ID": "2175108103",
        "GROUND_LEV": 28.77
      },
      "geometry": {
        "type": "Point",
        "coordinates": [
          275877.98890000023,
          2110151.0954
        ]
      }
    },
    {
      "type": "Feature",
      "properties": {
        "OBJECTID": 24764,
        "NODE_ID": "2175109101",
        "GROUND_LEV": 28.77
      },
      "geometry": {
        "type": "Point",
        "coordinates": [
          275901.1803000001,
          2110158.8258999996
        ]
      }
    },
    {
      "type": "Feature",
      "properties": {
        "OBJECTID": 24747,
        "NODE_ID": "2175107507",
        "GROUND_LEV": 28.67
      },
      "geometry": {
        "type": "Point",
        "coordinates": [
          275784.0482000001,
          2110568.861300001
        ]
      }
    },
    {
      "type": "Feature",
      "properties": {
        "OBJECTID": 24779,
        "NODE_ID": "2175118302",
        "GROUND_LEV": 29.15
      },
      "geometry": {
        "type": "Point",
        "coordinates": [
          275807.2000000002,
          2111334.1999999993
        ]
      }
    },
    {
      "type": "Feature",
      "properties": {
        "OBJECTID": 24780,
        "NODE_ID": "2175118303",
        "GROUND_LEV": 29.2
      },
      "geometry": {
        "type": "Point",
        "coordinates": [
          275807.4000000004,
          2111315.5
        ]
      }
    },
    {
      "type": "Feature",
      "properties": {
        "OBJECTID": 24781,
        "NODE_ID": "2175119201",
        "GROUND_LEV": 29.3
      },
      "geometry": {
        "type": "Point",
        "coordinates": [
          275920.2999999998,
          2111236.5
        ]
      }
    },
    {
      "type": "Feature",
      "properties": {
        "OBJECTID": 24666,
        "NODE_ID": "2175089701",
        "GROUND_LEV": 28.5
      },
      "geometry": {
        "type": "Point",
        "coordinates": [
          275963.5999999996,
          2108762.9000000004
        ]
      }
    },
    {
      "type": "Feature",
      "properties": {
        "OBJECTID": 26548,
        "NODE_ID": "2176080702",
        "GROUND_LEV": 28.072
      },
      "geometry": {
        "type": "Point",
        "coordinates": [
          276085,
          2108792.9000000004
        ]
      }
    },
    {
      "type": "Feature",
      "properties": {
        "OBJECTID": 26649,
        "NODE_ID": "2176100102",
        "GROUND_LEV": 29.39
      },
      "geometry": {
        "type": "Point",
        "coordinates": [
          276064.3388,
          2110127.0637
        ]
      }
    },
    {
      "type": "Feature",
      "properties": {
        "OBJECTID": 26650,
        "NODE_ID": "2176100401",
        "GROUND_LEV": 29.0
      },
      "geometry": {
        "type": "Point",
        "coordinates": [
          276070.9000000004,
          2110475.4000000004
        ]
      }
    },
    {
      "type": "Feature",
      "properties": {
        "OBJECTID": 26553,
        "NODE_ID": "2176081701",
        "GROUND_LEV": 27.7
      },
      "geometry": {
        "type": "Point",
        "coordinates": [
          276116.7000000002,
          2108733
        ]
      }
    },
    {
      "type": "Feature",
      "properties": {
        "OBJECTID": 26655,
        "NODE_ID": "2176101102",
        "GROUND_LEV": 28.37
      },
      "geometry": {
        "type": "Point",
        "coordinates": [
          276134.02139999997,
          2110157.3198000006
        ]
      }
    },
    {
      "type": "Feature",
      "properties": {
        "OBJECTID": 26615,
        "NODE_ID": "2176093002",
        "GROUND_LEV": 28.574
      },
      "geometry": {
        "type": "Point",
        "coordinates": [
          276378.2999999998,
          2109009.5999999996
        ]
      }
    },
    {
      "type": "Feature",
      "properties": {
        "OBJECTID": 26624,
        "NODE_ID": "2176093901",
        "GROUND_LEV": 27.4
      },
      "geometry": {
        "type": "Point",
        "coordinates": [
          276312,
          2109943.8000000007
        ]
      }
    },
    {
      "type": "Feature",
      "properties": {
        "OBJECTID": 26625,
        "NODE_ID": "2176093902",
        "GROUND_LEV": 27.6
      },
      "geometry": {
        "type": "Point",
        "coordinates": [
          276346.2000000002,
          2109935.5999999996
        ]
      }
    },
    {
      "type": "Feature",
      "properties": {
        "OBJECTID": 26665,
        "NODE_ID": "2176103001",
        "GROUND_LEV": 29.3
      },
      "geometry": {
        "type": "Point",
        "coordinates": [
          276344.2999999998,
          2110013.3000000007
        ]
      }
    },
    {
      "type": "Feature",
      "properties": {
        "OBJECTID": 26662,
        "NODE_ID": "2176102201",
        "GROUND_LEV": 30.181
      },
      "geometry": {
        "type": "Point",
        "coordinates": [
          276268.5,
          2110211.3000000007
        ]
      }
    },
    {
      "type": "Feature",
      "properties": {
        "OBJECTID": 26630,
        "NODE_ID": "2176094202",
        "GROUND_LEV": 31.085
      },
      "geometry": {
        "type": "Point",
        "coordinates": [
          276454.2999999998,
          2109256.4000000004
        ]
      }
    },
    {
      "type": "Feature",
      "properties": {
        "OBJECTID": 26671,
        "NODE_ID": "2176104003",
        "GROUND_LEV": 28.095
      },
      "geometry": {
        "type": "Point",
        "coordinates": [
          276447.5,
          2110069.9000000004
        ]
      }
    },
    {
      "type": "Feature",
      "properties": {
        "OBJECTID": 26576,
        "NODE_ID": "2176086401",
        "GROUND_LEV": 28.228
      },
      "geometry": {
        "type": "Point",
        "coordinates": [
          276674.51489999983,
          2108404.5493
        ]
      }
    },
    {
      "type": "Feature",
      "properties": {
        "OBJECTID": 26762,
        "NODE_ID": "2176116301",
        "GROUND_LEV": 28.31
      },
      "geometry": {
        "type": "Point",
        "coordinates": [
          276613.9000000004,
          2111391.0999999996
        ]
      }
    },
    {
      "type": "Feature",
      "properties": {
        "OBJECTID": 26766,
        "NODE_ID": "2176116802",
        "GROUND_LEV": 30.54
      },
      "geometry": {
        "type": "Point",
        "coordinates": [
          276674.7000000002,
          2111822.5
        ]
      }
    },
    {
      "type": "Feature",
      "properties": {
        "OBJECTID": 26583,
        "NODE_ID": "2176087501",
        "GROUND_LEV": 28.088
      },
      "geometry": {
        "type": "Point",
        "coordinates": [
          276780.4935999997,
          2108509.142999999
        ]
      }
    },
    {
      "type": "Feature",
      "properties": {
        "OBJECTID": 26700,
        "NODE_ID": "2176107101",
        "GROUND_LEV": 34.79
      },
      "geometry": {
        "type": "Point",
        "coordinates": [
          276746.7999999998,
          2110146.9000000004
        ]
      }
    },
    {
      "type": "Feature",
      "properties": {
        "OBJECTID": 26708,
        "NODE_ID": "2176107801",
        "GROUND_LEV": 28.2
      },
      "geometry": {
        "type": "Point",
        "coordinates": [
          276732.05040000007,
          2110831.6263999995
        ]
      }
    },
    {
      "type": "Feature",
      "properties": {
        "OBJECTID": 26714,
        "NODE_ID": "2176108702",
        "GROUND_LEV": 28.23
      },
      "geometry": {
        "type": "Point",
        "coordinates": [
          276830.13790000044,
          2110785.4937999994
        ]
      }
    },
    {
      "type": "Feature",
      "properties": {
        "OBJECTID": 27826,
        "NODE_ID": "2177080402",
        "GROUND_LEV": 28.16
      },
      "geometry": {
        "type": "Point",
        "coordinates": [
          277020.2581000002,
          2108468.7413999997
        ]
      }
    },
    {
      "type": "Feature",
      "properties": {
        "OBJECTID": 26598,
        "NODE_ID": "2176089601",
        "GROUND_LEV": 28.508
      },
      "geometry": {
        "type": "Point",
        "coordinates": [
          276906.5053000003,
          2108613.7367000002
        ]
      }
    },
    {
      "type": "Feature",
      "properties": {
        "OBJECTID": 26596,
        "NODE_ID": "2176089501",
        "GROUND_LEV": 28.06
      },
      "geometry": {
        "type": "Point",
        "coordinates": [
          276982.2023,
          2108582.729800001
        ]
      }
    },
    {
      "type": "Feature",
      "properties": {
        "OBJECTID": 26605,
        "NODE_ID": "2176089608",
        "GROUND_LEV": 28.161
      },
      "geometry": {
        "type": "Point",
        "coordinates": [
          276997.7149,
          2108660.7059000004
        ]
      }
    },
    {
      "type": "Feature",
      "properties": {
        "OBJECTID": 26723,
        "NODE_ID": "2176109704",
        "GROUND_LEV": 28.88
      },
      "geometry": {
        "type": "Point",
        "coordinates": [
          276961.50320000015,
          2110774.9433999993
        ]
      }
    },
    {
      "type": "Feature",
      "properties": {
        "OBJECTID": 26774,
        "NODE_ID": "2176118004",
        "GROUND_LEV": 29.2
      },
      "geometry": {
        "type": "Point",
        "coordinates": [
          276890.4000000004,
          2111038.3000000007
        ]
      }
    },
    {
      "type": "Feature",
      "properties": {
        "OBJECTID": 28287,
        "NODE_ID": "2177110002",
        "GROUND_LEV": 28.89
      },
      "geometry": {
        "type": "Point",
        "coordinates": [
          277013.0645000003,
          2111035.2995999996
        ]
      }
    },
    {
      "type": "Feature",
      "properties": {
        "OBJECTID": 27901,
        "NODE_ID": "2177091706",
        "GROUND_LEV": 28.6
      },
      "geometry": {
        "type": "Point",
        "coordinates": [
          277177.28670000006,
          2109713.496099999
        ]
      }
    },
    {
      "type": "Feature",
      "properties": {
        "OBJECTID": 28073,
        "NODE_ID": "2177100304",
        "GROUND_LEV": 29.488
      },
      "geometry": {
        "type": "Point",
        "coordinates": [
          277053.2131000003,
          2110323.3356
        ]
      }
    },
    {
      "type": "Feature",
      "properties": {
        "OBJECTID": 28083,
        "NODE_ID": "2177101701",
        "GROUND_LEV": 29.41
      },
      "geometry": {
        "type": "Point",
        "coordinates": [
          277119.22950000037,
          2110744.0008000005
        ]
      }
    },
    {
      "type": "Feature",
      "properties": {
        "OBJECTID": 28290,
        "NODE_ID": "2177110102",
        "GROUND_LEV": 28.86
      },
      "geometry": {
        "type": "Point",
        "coordinates": [
          277075.9000000004,
          2111166.1999999993
        ]
      }
    },
    {
      "type": "Feature",
      "properties": {
        "OBJECTID": 27859,
        "NODE_ID": "2177082803",
        "GROUND_LEV": 28.318
      },
      "geometry": {
        "type": "Point",
        "coordinates": [
          277261.5306000002,
          2108828.339400001
        ]
      }
    },
    {
      "type": "Feature",
      "properties": {
        "OBJECTID": 27868,
        "NODE_ID": "2177083801",
        "GROUND_LEV": 27.887
      },
      "geometry": {
        "type": "Point",
        "coordinates": [
          277320.34839999955,
          2108876.5655000005
        ]
      }
    },
    {
      "type": "Feature",
      "properties": {
        "OBJECTID": 27918,
        "NODE_ID": "2177092602",
        "GROUND_LEV": 28.37
      },
      "geometry": {
        "type": "Point",
        "coordinates": [
          277222.9386999998,
          2109629.2015000004
        ]
      }
    },
    {
      "type": "Feature",
      "properties": {
        "OBJECTID": 27925,
        "NODE_ID": "2177092801",
        "GROUND_LEV": 28.529
      },
      "geometry": {
        "type": "Point",
        "coordinates": [
          277264.5,
          2109817.5
        ]
      }
    },
    {
      "type": "Feature",
      "properties": {
        "OBJECTID": 28088,
        "NODE_ID": "2177102201",
        "GROUND_LEV": 29.409
      },
      "geometry": {
        "type": "Point",
        "coordinates": [
          277226.5,
          2110288.0999999996
        ]
      }
    },
    {
      "type": "Feature",
      "properties": {
        "OBJECTID": 28098,
        "NODE_ID": "2177102702",
        "GROUND_LEV": 29.13
      },
      "geometry": {
        "type": "Point",
        "coordinates": [
          277230.4000000004,
          2110728.8000000007
        ]
      }
    },
    {
      "type": "Feature",
      "properties": {
        "OBJECTID": 28100,
        "NODE_ID": "2177102704",
        "GROUND_LEV": 29.533
      },
      "geometry": {
        "type": "Point",
        "coordinates": [
          277250.4369999999,
          2110735.7753999997
        ]
      }
    },
    {
      "type": "Feature",
      "properties": {
        "OBJECTID": 28320,
        "NODE_ID": "2177113602",
        "GROUND_LEV": 31.91
      },
      "geometry": {
        "type": "Point",
        "coordinates": [
          277321.4271,
          2111623.3880000003
        ]
      }
    },
    {
      "type": "Feature",
      "properties": {
        "OBJECTID": 27877,
        "NODE_ID": "2177084301",
        "GROUND_LEV": 28.659
      },
      "geometry": {
        "type": "Point",
        "coordinates": [
          277488.5,
          2108325.6999999993
        ]
      }
    },
    {
      "type": "Feature",
      "properties": {
        "OBJECTID": 27870,
        "NODE_ID": "2177083901",
        "GROUND_LEV": 28.408
      },
      "geometry": {
        "type": "Point",
        "coordinates": [
          277359.0025000004,
          2108904.9319
        ]
      }
    },
    {
      "type": "Feature",
      "properties": {
        "OBJECTID": 27960,
        "NODE_ID": "2177094106",
        "GROUND_LEV": 28.33
      },
      "geometry": {
        "type": "Point",
        "coordinates": [
          277429.8722000001,
          2109105.4540999997
        ]
      }
    },
    {
      "type": "Feature",
      "properties": {
        "OBJECTID": 27947,
        "NODE_ID": "2177094001",
        "GROUND_LEV": 28.5
      },
      "geometry": {
        "type": "Point",
        "coordinates": [
          277436.49120000005,
          2109091.075200001
        ]
      }
    },
    {
      "type": "Feature",
      "properties": {
        "OBJECTID": 27945,
        "NODE_ID": "2177093803",
        "GROUND_LEV": 28.939
      },
      "geometry": {
        "type": "Point",
        "coordinates": [
          277363.56549999956,
          2109884.7293
        ]
      }
    },
    {
      "type": "Feature",
      "properties": {
        "OBJECTID": 27946,
        "NODE_ID": "2177093901",
        "GROUND_LEV": 28.719
      },
      "geometry": {
        "type": "Point",
        "coordinates": [
          277387.64130000025,
          2109902.9891
        ]
      }
    },
    {
      "type": "Feature",
      "properties": {
        "OBJECTID": 28101,
        "NODE_ID": "2177103001",
        "GROUND_LEV": 29.109
      },
      "geometry": {
        "type": "Point",
        "coordinates": [
          277399.7187000001,
          2110095.7928
        ]
      }
    },
    {
      "type": "Feature",
      "properties": {
        "OBJECTID": 28106,
        "NODE_ID": "2177103105",
        "GROUND_LEV": 28.9
      },
      "geometry": {
        "type": "Point",
        "coordinates": [
          277385.4000000004,
          2110112.5999999996
        ]
      }
    },
    {
      "type": "Feature",
      "properties": {
        "OBJECTID": 28133,
        "NODE_ID": "2177104203",
        "GROUND_LEV": 29.02
      },
      "geometry": {
        "type": "Point",
        "coordinates": [
          277467.60610000044,
          2110220.0625
        ]
      }
    },
    {
      "type": "Feature",
      "properties": {
        "OBJECTID": 28111,
        "NODE_ID": "2177103301",
        "GROUND_LEV": 29.0
      },
      "geometry": {
        "type": "Point",
        "coordinates": [
          277346.5064000003,
          2110392.0935999993
        ]
      }
    },
    {
      "type": "Feature",
      "properties": {
        "OBJECTID": 28135,
        "NODE_ID": "2177104205",
        "GROUND_LEV": 29.47
      },
      "geometry": {
        "type": "Point",
        "coordinates": [
          277491.3757999996,
          2110277.795
        ]
      }
    },
    {
      "type": "Feature",
      "properties": {
        "OBJECTID": 28333,
        "NODE_ID": "2177114503",
        "GROUND_LEV": 32.04
      },
      "geometry": {
        "type": "Point",
        "coordinates": [
          277469.2034999998,
          2111519.2876999993
        ]
      }
    },
    {
      "type": "Feature",
      "properties": {
        "OBJECTID": 28326,
        "NODE_ID": "2177113703",
        "GROUND_LEV": 32.4
      },
      "geometry": {
        "type": "Point",
        "coordinates": [
          277365.0999999996,
          2111772.8000000007
        ]
      }
    },
    {
      "type": "Feature",
      "properties": {
        "OBJECTID": 27969,
        "NODE_ID": "2177095001",
        "GROUND_LEV": 28.311
      },
      "geometry": {
        "type": "Point",
        "coordinates": [
          277513.3870000001,
          2109018.0846999995
        ]
      }
    },
    {
      "type": "Feature",
      "properties": {
        "OBJECTID": 28002,
        "NODE_ID": "2177096903!",
        "GROUND_LEV": 28.809
      },
      "geometry": {
        "type": "Point",
        "coordinates": [
          277631.6326000001,
          2109940.0975
        ]
      }
    },
    {
      "type": "Feature",
      "properties": {
        "OBJECTID": 28006,
        "NODE_ID": "2177096905!",
        "GROUND_LEV": 28.809
      },
      "geometry": {
        "type": "Point",
        "coordinates": [
          277649.9227,
          2109916.1708000004
        ]
      }
    },
    {
      "type": "Feature",
      "properties": {
        "OBJECTID": 28163,
        "NODE_ID": "2177105015",
        "GROUND_LEV": 28.5
      },
      "geometry": {
        "type": "Point",
        "coordinates": [
          277555.7000000002,
          2110044.5
        ]
      }
    },
    {
      "type": "Feature",
      "properties": {
        "OBJECTID": 27977,
        "NODE_ID": "2177095901",
        "GROUND_LEV": 28.55
      },
      "geometry": {
        "type": "Point",
        "coordinates": [
          277587.7999999998,
          2109998.1999999993
        ]
      }
    },
    {
      "type": "Feature",
      "properties": {
        "OBJECTID": 27980,
        "NODE_ID": "2177095902!",
        "GROUND_LEV": 28.609
      },
      "geometry": {
        "type": "Point",
        "coordinates": [
          277595.90189999994,
          2109988.1668999996
        ]
      }
    },
    {
      "type": "Feature",
      "properties": {
        "OBJECTID": 28169,
        "NODE_ID": "2177105101",
        "GROUND_LEV": 28.609
      },
      "geometry": {
        "type": "Point",
        "coordinates": [
          277541.4397999998,
          2110181.659
        ]
      }
    },
    {
      "type": "Feature",
      "properties": {
        "OBJECTID": 28218,
        "NODE_ID": "2177105320",
        "GROUND_LEV": 30.001
      },
      "geometry": {
        "type": "Point",
        "coordinates": [
          277517.2999999998,
          2110382.1999999993
        ]
      }
    },
    {
      "type": "Feature",
      "properties": {
        "OBJECTID": 28192,
        "NODE_ID": "2177105307",
        "GROUND_LEV": 29.8
      },
      "geometry": {
        "type": "Point",
        "coordinates": [
          277523.23089999985,
          2110360.2387000006
        ]
      }
    },
    {
      "type": "Feature",
      "properties": {
        "OBJECTID": 28207,
        "NODE_ID": "2177105314!",
        "GROUND_LEV": 28.809
      },
      "geometry": {
        "type": "Point",
        "coordinates": [
          277531.7873999998,
          2110301.2030999996
        ]
      }
    },
    {
      "type": "Feature",
      "properties": {
        "OBJECTID": 28221,
        "NODE_ID": "2177105401!",
        "GROUND_LEV": 30.001
      },
      "geometry": {
        "type": "Point",
        "coordinates": [
          277536.70880000014,
          2110401.6987999994
        ]
      }
    },
    {
      "type": "Feature",
      "properties": {
        "OBJECTID": 28222,
        "NODE_ID": "2177105402",
        "GROUND_LEV": 30.6
      },
      "geometry": {
        "type": "Point",
        "coordinates": [
          277547.24349999987,
          2110411.958799999
        ]
      }
    },
    {
      "type": "Feature",
      "properties": {
        "OBJECTID": 28225,
        "NODE_ID": "2177105403!",
        "GROUND_LEV": 30.6
      },
      "geometry": {
        "type": "Point",
        "coordinates": [
          277549.6639999999,
          2110422.7562000006
        ]
      }
    },
    {
      "type": "Feature",
      "properties": {
        "OBJECTID": 28229,
        "NODE_ID": "2177105405!",
        "GROUND_LEV": 30.201
      },
      "geometry": {
        "type": "Point",
        "coordinates": [
          277557.4885999998,
          2110454.8674
        ]
      }
    },
    {
      "type": "Feature",
      "properties": {
        "OBJECTID": 28340,
        "NODE_ID": "2177116501",
        "GROUND_LEV": 33.6
      },
      "geometry": {
        "type": "Point",
        "coordinates": [
          277600.38019999955,
          2111585.2138
        ]
      }
    },
    {
      "type": "Feature",
      "properties": {
        "OBJECTID": 28342,
        "NODE_ID": "2177116503",
        "GROUND_LEV": 33.71
      },
      "geometry": {
        "type": "Point",
        "coordinates": [
          277644.7966,
          2111572.996099999
        ]
      }
    },
    {
      "type": "Feature",
      "properties": {
        "OBJECTID": 27887,
        "NODE_ID": "2177087401",
        "GROUND_LEV": 29.1
      },
      "geometry": {
        "type": "Point",
        "coordinates": [
          277709,
          2108435.1999999993
        ]
      }
    },
    {
      "type": "Feature",
      "properties": {
        "OBJECTID": 28013,
        "NODE_ID": "2177097302",
        "GROUND_LEV": 28.227
      },
      "geometry": {
        "type": "Point",
        "coordinates": [
          277732.7463999996,
          2109328.9383000005
        ]
      }
    },
    {
      "type": "Feature",
      "properties": {
        "OBJECTID": 27995,
        "NODE_ID": "2177096805",
        "GROUND_LEV": 28.81
      },
      "geometry": {
        "type": "Point",
        "coordinates": [
          277695.75,
          2109865.5057999995
        ]
      }
    },
    {
      "type": "Feature",
      "properties": {
        "OBJECTID": 28034,
        "NODE_ID": "2177097806",
        "GROUND_LEV": 28.809
      },
      "geometry": {
        "type": "Point",
        "coordinates": [
          277701.0999999996,
          2109861.1999999993
        ]
      }
    },
    {
      "type": "Feature",
      "properties": {
        "OBJECTID": 28245,
        "NODE_ID": "2177106403!",
        "GROUND_LEV": 28.799
      },
      "geometry": {
        "type": "Point",
        "coordinates": [
          277660.62310000043,
          2110444.7783000004
        ]
      }
    },
    {
      "type": "Feature",
      "properties": {
        "OBJECTID": 28256,
        "NODE_ID": "2177108501",
        "GROUND_LEV": 28.9
      },
      "geometry": {
        "type": "Point",
        "coordinates": [
          277800.2999999998,
          2110558.5
        ]
      }
    },
    {
      "type": "Feature",
      "properties": {
        "OBJECTID": 28355,
        "NODE_ID": "2177118101!",
        "GROUND_LEV": 30.001
      },
      "geometry": {
        "type": "Point",
        "coordinates": [
          277809.52469999995,
          2111132.4804
        ]
      }
    },
    {
      "type": "Feature",
      "properties": {
        "OBJECTID": 28348,
        "NODE_ID": "2177117801",
        "GROUND_LEV": 34.97
      },
      "geometry": {
        "type": "Point",
        "coordinates": [
          277722.99120000005,
          2111816.3444
        ]
      }
    },
    {
      "type": "Feature",
      "properties": {
        "OBJECTID": 28349,
        "NODE_ID": "2177117802",
        "GROUND_LEV": 35.01
      },
      "geometry": {
        "type": "Point",
        "coordinates": [
          277729.1579999998,
          2111815.900800001
        ]
      }
    },
    {
      "type": "Feature",
      "properties": {
        "OBJECTID": 28065,
        "NODE_ID": "2177099403",
        "GROUND_LEV": 27.84
      },
      "geometry": {
        "type": "Point",
        "coordinates": [
          277958.63829999976,
          2109432.7357
        ]
      }
    },
    {
      "type": "Feature",
      "properties": {
        "OBJECTID": 28050,
        "NODE_ID": "2177098506",
        "GROUND_LEV": 28.564
      },
      "geometry": {
        "type": "Point",
        "coordinates": [
          277833.8382000001,
          2109576.6454000007
        ]
      }
    },
    {
      "type": "Feature",
      "properties": {
        "OBJECTID": 28276,
        "NODE_ID": "2177109802",
        "GROUND_LEV": 29.8
      },
      "geometry": {
        "type": "Point",
        "coordinates": [
          277961.8662999999,
          2110884.7207999993
        ]
      }
    },
    {
      "type": "Feature",
      "properties": {
        "OBJECTID": 28285,
        "NODE_ID": "2177109902!",
        "GROUND_LEV": 30.001
      },
      "geometry": {
        "type": "Point",
        "coordinates": [
          277949.30900000036,
          2110940.2764
        ]
      }
    },
    {
      "type": "Feature",
      "properties": {
        "OBJECTID": 28385,
        "NODE_ID": "2177129101",
        "GROUND_LEV": 46.16
      },
      "geometry": {
        "type": "Point",
        "coordinates": [
          277959.47559999954,
          2112105.4362000003
        ]
      }
    },
    {
      "type": "Feature",
      "properties": {
        "OBJECTID": 28881,
        "NODE_ID": "2178091401",
        "GROUND_LEV": 28.331
      },
      "geometry": {
        "type": "Point",
        "coordinates": [
          278104.2000000002,
          2109441.9000000004
        ]
      }
    },
    {
      "type": "Feature",
      "properties": {
        "OBJECTID": 28882,
        "NODE_ID": "2178091402",
        "GROUND_LEV": 28.377
      },
      "geometry": {
        "type": "Point",
        "coordinates": [
          278118.7000000002,
          2109459.4000000004
        ]
      }
    },
    {
      "type": "Feature",
      "properties": {
        "OBJECTID": 28272,
        "NODE_ID": "2177109701",
        "GROUND_LEV": 28.82
      },
      "geometry": {
        "type": "Point",
        "coordinates": [
          277988.10140000004,
          2110707.7635999992
        ]
      }
    },
    {
      "type": "Feature",
      "properties": {
        "OBJECTID": 28273,
        "NODE_ID": "2177109701!",
        "GROUND_LEV": 28.82
      },
      "geometry": {
        "type": "Point",
        "coordinates": [
          277988.10140000004,
          2110707.7635999992
        ]
      }
    },
    {
      "type": "Feature",
      "properties": {
        "OBJECTID": 28279,
        "NODE_ID": "2177109803!",
        "GROUND_LEV": 29.8
      },
      "geometry": {
        "type": "Point",
        "coordinates": [
          277976.4297000002,
          2110848.3555999994
        ]
      }
    },
    {
      "type": "Feature",
      "properties": {
        "OBJECTID": 28983,
        "NODE_ID": "2178100708!",
        "GROUND_LEV": 30.008
      },
      "geometry": {
        "type": "Point",
        "coordinates": [
          278057.01769999973,
          2110749.067
        ]
      }
    },
    {
      "type": "Feature",
      "properties": {
        "OBJECTID": 28988,
        "NODE_ID": "2178100802",
        "GROUND_LEV": 29.498
      },
      "geometry": {
        "type": "Point",
        "coordinates": [
          278057.6102999998,
          2110817.5494
        ]
      }
    },
    {
      "type": "Feature",
      "properties": {
        "OBJECTID": 28992,
        "NODE_ID": "2178100804",
        "GROUND_LEV": 29.548
      },
      "geometry": {
        "type": "Point",
        "coordinates": [
          278059.8937999997,
          2110847.4278999995
        ]
      }
    },
    {
      "type": "Feature",
      "properties": {
        "OBJECTID": 29140,
        "NODE_ID": "2178110303",
        "GROUND_LEV": 33.208
      },
      "geometry": {
        "type": "Point",
        "coordinates": [
          278019.55879999977,
          2111394.8194999993
        ]
      }
    },
    {
      "type": "Feature",
      "properties": {
        "OBJECTID": 29150,
        "NODE_ID": "2178110501",
        "GROUND_LEV": 34.508
      },
      "geometry": {
        "type": "Point",
        "coordinates": [
          278051.5981999999,
          2111508.8913000003
        ]
      }
    },
    {
      "type": "Feature",
      "properties": {
        "OBJECTID": 28891,
        "NODE_ID": "2178092301",
        "GROUND_LEV": 27.9
      },
      "geometry": {
        "type": "Point",
        "coordinates": [
          278216.7000000002,
          2109357.5999999996
        ]
      }
    },
    {
      "type": "Feature",
      "properties": {
        "OBJECTID": 28899,
        "NODE_ID": "2178092603",
        "GROUND_LEV": 28.0
      },
      "geometry": {
        "type": "Point",
        "coordinates": [
          278221.5,
          2109681.3000000007
        ]
      }
    },
    {
      "type": "Feature",
      "properties": {
        "OBJECTID": 29022,
        "NODE_ID": "2178102903",
        "GROUND_LEV": 30.219
      },
      "geometry": {
        "type": "Point",
        "coordinates": [
          278259.0999999996,
          2110946.4000000004
        ]
      }
    },
    {
      "type": "Feature",
      "properties": {
        "OBJECTID": 29024,
        "NODE_ID": "2178102904",
        "GROUND_LEV": 30.009
      },
      "geometry": {
        "type": "Point",
        "coordinates": [
          278263.12200000044,
          2110918.037900001
        ]
      }
    },
    {
      "type": "Feature",
      "properties": {
        "OBJECTID": 29160,
        "NODE_ID": "2178111102",
        "GROUND_LEV": 29.801
      },
      "geometry": {
        "type": "Point",
        "coordinates": [
          278191.2496999996,
          2111177.4499999993
        ]
      }
    },
    {
      "type": "Feature",
      "properties": {
        "OBJECTID": 29188,
        "NODE_ID": "2178112101",
        "GROUND_LEV": 29.263
      },
      "geometry": {
        "type": "Point",
        "coordinates": [
          278200.3269999996,
          2111142.8463000003
        ]
      }
    },
    {
      "type": "Feature",
      "properties": {
        "OBJECTID": 29182,
        "NODE_ID": "2178112002",
        "GROUND_LEV": 29.158
      },
      "geometry": {
        "type": "Point",
        "coordinates": [
          278221.4402999999,
          2111060.2522
        ]
      }
    },
    {
      "type": "Feature",
      "properties": {
        "OBJECTID": 29207,
        "NODE_ID": "2178112502!",
        "GROUND_LEV": 37.098
      },
      "geometry": {
        "type": "Point",
        "coordinates": [
          278256.31900000013,
          2111545.1613
        ]
      }
    },
    {
      "type": "Feature",
      "properties": {
        "OBJECTID": 28854,
        "NODE_ID": "2178083901",
        "GROUND_LEV": 28.79
      },
      "geometry": {
        "type": "Point",
        "coordinates": [
          278313.0401999997,
          2108979.3912000004
        ]
      }
    },
    {
      "type": "Feature",
      "properties": {
        "OBJECTID": 28909,
        "NODE_ID": "2178093006",
        "GROUND_LEV": 28.969
      },
      "geometry": {
        "type": "Point",
        "coordinates": [
          278363.4612999996,
          2109073.443600001
        ]
      }
    },
    {
      "type": "Feature",
      "properties": {
        "OBJECTID": 28911,
        "NODE_ID": "2178093008",
        "GROUND_LEV": 29.027
      },
      "geometry": {
        "type": "Point",
        "coordinates": [
          278393.1377999997,
          2109088.726
        ]
      }
    },
    {
      "type": "Feature",
      "properties": {
        "OBJECTID": 28919,
        "NODE_ID": "2178093703",
        "GROUND_LEV": 28.725
      },
      "geometry": {
        "type": "Point",
        "coordinates": [
          278361.0999999996,
          2109724.1999999993
        ]
      }
    },
    {
      "type": "Feature",
      "properties": {
        "OBJECTID": 29212,
        "NODE_ID": "2178113102",
        "GROUND_LEV": 29.249
      },
      "geometry": {
        "type": "Point",
        "coordinates": [
          278321.1377999997,
          2111182.3099000007
        ]
      }
    },
    {
      "type": "Feature",
      "properties": {
        "OBJECTID": 29216,
        "NODE_ID": "2178113501",
        "GROUND_LEV": 36.988
      },
      "geometry": {
        "type": "Point",
        "coordinates": [
          278312.50189999957,
          2111566.4881999996
        ]
      }
    },
    {
      "type": "Feature",
      "properties": {
        "OBJECTID": 29230,
        "NODE_ID": "2178114601",
        "GROUND_LEV": 36.508
      },
      "geometry": {
        "type": "Point",
        "coordinates": [
          278424.9671,
          2111607.9503000006
        ]
      }
    },
    {
      "type": "Feature",
      "properties": {
        "OBJECTID": 28942,
        "NODE_ID": "2178095204",
        "GROUND_LEV": 29.12
      },
      "geometry": {
        "type": "Point",
        "coordinates": [
          278514.5207000002,
          2109268.6216
        ]
      }
    },
    {
      "type": "Feature",
      "properties": {
        "OBJECTID": 29235,
        "NODE_ID": "2178114603!",
        "GROUND_LEV": 36.908
      },
      "geometry": {
        "type": "Point",
        "coordinates": [
          278481.9221999999,
          2111627.0052000005
        ]
      }
    },
    {
      "type": "Feature",
      "properties": {
        "OBJECTID": 29236,
        "NODE_ID": "2178115601",
        "GROUND_LEV": 36.808
      },
      "geometry": {
        "type": "Point",
        "coordinates": [
          278510.50820000004,
          2111636.1098999996
        ]
      }
    },
    {
      "type": "Feature",
      "properties": {
        "OBJECTID": 22254,
        "NODE_ID": "2174093103",
        "GROUND_LEV": 28.12
      },
      "geometry": {
        "type": "Point",
        "coordinates": [
          274343.0999999996,
          2109149.0999999996
        ]
      }
    },
    {
      "type": "Feature",
      "properties": {
        "OBJECTID": 22256,
        "NODE_ID": "2174093501",
        "GROUND_LEV": 27.92
      },
      "geometry": {
        "type": "Point",
        "coordinates": [
          274339.7000000002,
          2109557.3000000007
        ]
      }
    },
    {
      "type": "Feature",
      "properties": {
        "OBJECTID": 22299,
        "NODE_ID": "2174102704",
        "GROUND_LEV": 29.6
      },
      "geometry": {
        "type": "Point",
        "coordinates": [
          274281.5,
          2110753.6999999993
        ]
      }
    },
    {
      "type": "Feature",
      "properties": {
        "OBJECTID": 22301,
        "NODE_ID": "2174102706",
        "GROUND_LEV": 30.0
      },
      "geometry": {
        "type": "Point",
        "coordinates": [
          274294.2999999998,
          2110775.0999999996
        ]
      }
    },
    {
      "type": "Feature",
      "properties": {
        "OBJECTID": 22205,
        "NODE_ID": "2174084903",
        "GROUND_LEV": 27.91
      },
      "geometry": {
        "type": "Point",
        "coordinates": [
          274463.8008000003,
          2108941.6876
        ]
      }
    },
    {
      "type": "Feature",
      "properties": {
        "OBJECTID": 22208,
        "NODE_ID": "2174085802",
        "GROUND_LEV": 30.07
      },
      "geometry": {
        "type": "Point",
        "coordinates": [
          274506.6774000004,
          2108868.782299999
        ]
      }
    },
    {
      "type": "Feature",
      "properties": {
        "OBJECTID": 17,
        "NODE_ID": "2",
        "GROUND_LEV": 28.6
      },
      "geometry": {
        "type": "Point",
        "coordinates": [
          274469.4000000004,
          2109265.5
        ]
      }
    },
    {
      "type": "Feature",
      "properties": {
        "OBJECTID": 22323,
        "NODE_ID": "2174105604",
        "GROUND_LEV": 31.6
      },
      "geometry": {
        "type": "Point",
        "coordinates": [
          274580.7000000002,
          2110664.1999999993
        ]
      }
    },
    {
      "type": "Feature",
      "properties": {
        "OBJECTID": 22210,
        "NODE_ID": "2174086901",
        "GROUND_LEV": 29.5
      },
      "geometry": {
        "type": "Point",
        "coordinates": [
          274685,
          2108953
        ]
      }
    },
    {
      "type": "Feature",
      "properties": {
        "OBJECTID": 22272,
        "NODE_ID": "2174097802",
        "GROUND_LEV": 28.88
      },
      "geometry": {
        "type": "Point",
        "coordinates": [
          274740,
          2109866.6999999993
        ]
      }
    },
    {
      "type": "Feature",
      "properties": {
        "OBJECTID": 22273,
        "NODE_ID": "2174097803",
        "GROUND_LEV": 29.21
      },
      "geometry": {
        "type": "Point",
        "coordinates": [
          274768.5,
          2109890.0999999996
        ]
      }
    },
    {
      "type": "Feature",
      "properties": {
        "OBJECTID": 24686,
        "NODE_ID": "2175101702",
        "GROUND_LEV": 31.051
      },
      "geometry": {
        "type": "Point",
        "coordinates": [
          275180.8937999997,
          2110733.0187999997
        ]
      }
    },
    {
      "type": "Feature",
      "properties": {
        "OBJECTID": 24708,
        "NODE_ID": "2175103106",
        "GROUND_LEV": 28.349
      },
      "geometry": {
        "type": "Point",
        "coordinates": [
          275368.2673000004,
          2110130.7598
        ]
      }
    },
    {
      "type": "Feature",
      "properties": {
        "OBJECTID": 24632,
        "NODE_ID": "2175085502",
        "GROUND_LEV": 28.14
      },
      "geometry": {
        "type": "Point",
        "coordinates": [
          275538.4967,
          2108569.9535000008
        ]
      }
    },
    {
      "type": "Feature",
      "properties": {
        "OBJECTID": 24633,
        "NODE_ID": "2175085503",
        "GROUND_LEV": 27.99
      },
      "geometry": {
        "type": "Point",
        "coordinates": [
          275547.3192999996,
          2108577.2271
        ]
      }
    },
    {
      "type": "Feature",
      "properties": {
        "OBJECTID": 24718,
        "NODE_ID": "2175105001",
        "GROUND_LEV": 28.21
      },
      "geometry": {
        "type": "Point",
        "coordinates": [
          275549.0407999996,
          2110059.2760000005
        ]
      }
    },
    {
      "type": "Feature",
      "properties": {
        "OBJECTID": 24642,
        "NODE_ID": "2175086502",
        "GROUND_LEV": 27.81
      },
      "geometry": {
        "type": "Point",
        "coordinates": [
          275621.7095999997,
          2108581.7046000008
        ]
      }
    },
    {
      "type": "Feature",
      "properties": {
        "OBJECTID": 24734,
        "NODE_ID": "2175106604",
        "GROUND_LEV": 29.581
      },
      "geometry": {
        "type": "Point",
        "coordinates": [
          275671.6743999999,
          2110665.087099999
        ]
      }
    },
    {
      "type": "Feature",
      "properties": {
        "OBJECTID": 24736,
        "NODE_ID": "2175106606",
        "GROUND_LEV": 29.21
      },
      "geometry": {
        "type": "Point",
        "coordinates": [
          275690.96559999976,
          2110652.252800001
        ]
      }
    },
    {
      "type": "Feature",
      "properties": {
        "OBJECTID": 24658,
        "NODE_ID": "2175088601",
        "GROUND_LEV": 27.5
      },
      "geometry": {
        "type": "Point",
        "coordinates": [
          275824.5,
          2108614.6999999993
        ]
      }
    },
    {
      "type": "Feature",
      "properties": {
        "OBJECTID": 24752,
        "NODE_ID": "2175108101",
        "GROUND_LEV": 29.14
      },
      "geometry": {
        "type": "Point",
        "coordinates": [
          275826.9676000001,
          2110117.0812
        ]
      }
    },
    {
      "type": "Feature",
      "properties": {
        "OBJECTID": 26550,
        "NODE_ID": "2176080901",
        "GROUND_LEV": 27.66
      },
      "geometry": {
        "type": "Point",
        "coordinates": [
          276026.5999999996,
          2108909.8000000007
        ]
      }
    },
    {
      "type": "Feature",
      "properties": {
        "OBJECTID": 26551,
        "NODE_ID": "2176080902",
        "GROUND_LEV": 27.8
      },
      "geometry": {
        "type": "Point",
        "coordinates": [
          276048.5999999996,
          2108902
        ]
      }
    },
    {
      "type": "Feature",
      "properties": {
        "OBJECTID": 26652,
        "NODE_ID": "2176100601",
        "GROUND_LEV": 27.99
      },
      "geometry": {
        "type": "Point",
        "coordinates": [
          276008.29959999956,
          2110603.8027
        ]
      }
    },
    {
      "type": "Feature",
      "properties": {
        "OBJECTID": 26727,
        "NODE_ID": "2176110103",
        "GROUND_LEV": 29.099
      },
      "geometry": {
        "type": "Point",
        "coordinates": [
          276055.2999999998,
          2111171.4000000004
        ]
      }
    },
    {
      "type": "Feature",
      "properties": {
        "OBJECTID": 24783,
        "NODE_ID": "2175119203",
        "GROUND_LEV": 29.41
      },
      "geometry": {
        "type": "Point",
        "coordinates": [
          275975.5,
          2111212.3000000007
        ]
      }
    },
    {
      "type": "Feature",
      "properties": {
        "OBJECTID": 26730,
        "NODE_ID": "2176110402",
        "GROUND_LEV": 30.55
      },
      "geometry": {
        "type": "Point",
        "coordinates": [
          276063.5,
          2111452.8000000007
        ]
      }
    },
    {
      "type": "Feature",
      "properties": {
        "OBJECTID": 24785,
        "NODE_ID": "2175119502",
        "GROUND_LEV": 29.52
      },
      "geometry": {
        "type": "Point",
        "coordinates": [
          275973.5999999996,
          2111540.9000000004
        ]
      }
    },
    {
      "type": "Feature",
      "properties": {
        "OBJECTID": 26608,
        "NODE_ID": "2176091201",
        "GROUND_LEV": 27.5
      },
      "geometry": {
        "type": "Point",
        "coordinates": [
          276125.0999999996,
          2109276
        ]
      }
    },
    {
      "type": "Feature",
      "properties": {
        "OBJECTID": 26610,
        "NODE_ID": "2176092201",
        "GROUND_LEV": 27.906
      },
      "geometry": {
        "type": "Point",
        "coordinates": [
          276242.5,
          2109235
        ]
      }
    },
    {
      "type": "Feature",
      "properties": {
        "OBJECTID": 26656,
        "NODE_ID": "2176101201",
        "GROUND_LEV": 28.515
      },
      "geometry": {
        "type": "Point",
        "coordinates": [
          276178,
          2110247.8000000007
        ]
      }
    },
    {
      "type": "Feature",
      "properties": {
        "OBJECTID": 26657,
        "NODE_ID": "2176101401",
        "GROUND_LEV": 29.837
      },
      "geometry": {
        "type": "Point",
        "coordinates": [
          276153.5999999996,
          2110498.6999999993
        ]
      }
    },
    {
      "type": "Feature",
      "properties": {
        "OBJECTID": 26738,
        "NODE_ID": "2176112001",
        "GROUND_LEV": 29.133
      },
      "geometry": {
        "type": "Point",
        "coordinates": [
          276215.8183000004,
          2111089.9926999994
        ]
      }
    },
    {
      "type": "Feature",
      "properties": {
        "OBJECTID": 26612,
        "NODE_ID": "2176092502",
        "GROUND_LEV": 27.9
      },
      "geometry": {
        "type": "Point",
        "coordinates": [
          276273,
          2109548.5
        ]
      }
    },
    {
      "type": "Feature",
      "properties": {
        "OBJECTID": 26626,
        "NODE_ID": "2176093903",
        "GROUND_LEV": 27.615
      },
      "geometry": {
        "type": "Point",
        "coordinates": [
          276372.5,
          2109931.9000000004
        ]
      }
    },
    {
      "type": "Feature",
      "properties": {
        "OBJECTID": 26658,
        "NODE_ID": "2176102001",
        "GROUND_LEV": 26.2
      },
      "geometry": {
        "type": "Point",
        "coordinates": [
          276266.7999999998,
          2110010.5999999996
        ]
      }
    },
    {
      "type": "Feature",
      "properties": {
        "OBJECTID": 26659,
        "NODE_ID": "2176102002",
        "GROUND_LEV": 31.2
      },
      "geometry": {
        "type": "Point",
        "coordinates": [
          276295.2000000002,
          2110021.9000000004
        ]
      }
    },
    {
      "type": "Feature",
      "properties": {
        "OBJECTID": 26661,
        "NODE_ID": "2176102102",
        "GROUND_LEV": 29.117
      },
      "geometry": {
        "type": "Point",
        "coordinates": [
          276299.7000000002,
          2110172.9000000004
        ]
      }
    },
    {
      "type": "Feature",
      "properties": {
        "OBJECTID": 26747,
        "NODE_ID": "2176113003",
        "GROUND_LEV": 29.168
      },
      "geometry": {
        "type": "Point",
        "coordinates": [
          276376.1814000001,
          2111008.158500001
        ]
      }
    },
    {
      "type": "Feature",
      "properties": {
        "OBJECTID": 26679,
        "NODE_ID": "2176104901",
        "GROUND_LEV": 29.161
      },
      "geometry": {
        "type": "Point",
        "coordinates": [
          276402.95969999954,
          2110994.592
        ]
      }
    },
    {
      "type": "Feature",
      "properties": {
        "OBJECTID": 26684,
        "NODE_ID": "2176105102",
        "GROUND_LEV": 29.912
      },
      "geometry": {
        "type": "Point",
        "coordinates": [
          276531.7999999998,
          2110171.1999999993
        ]
      }
    },
    {
      "type": "Feature",
      "properties": {
        "OBJECTID": 26678,
        "NODE_ID": "2176104601",
        "GROUND_LEV": 28.715
      },
      "geometry": {
        "type": "Point",
        "coordinates": [
          276429.4000000004,
          2110619.6999999993
        ]
      }
    },
    {
      "type": "Feature",
      "properties": {
        "OBJECTID": 26681,
        "NODE_ID": "2176104903",
        "GROUND_LEV": 29.095
      },
      "geometry": {
        "type": "Point",
        "coordinates": [
          276457.5,
          2110969
        ]
      }
    },
    {
      "type": "Feature",
      "properties": {
        "OBJECTID": 26757,
        "NODE_ID": "2176115502",
        "GROUND_LEV": 28.5
      },
      "geometry": {
        "type": "Point",
        "coordinates": [
          276534.2000000002,
          2111512.1999999993
        ]
      }
    },
    {
      "type": "Feature",
      "properties": {
        "OBJECTID": 26691,
        "NODE_ID": "2176106101",
        "GROUND_LEV": 33.28
      },
      "geometry": {
        "type": "Point",
        "coordinates": [
          276606.7999999998,
          2110178.9000000004
        ]
      }
    },
    {
      "type": "Feature",
      "properties": {
        "OBJECTID": 26692,
        "NODE_ID": "2176106102",
        "GROUND_LEV": 33.354
      },
      "geometry": {
        "type": "Point",
        "coordinates": [
          276634.9000000004,
          2110172.5
        ]
      }
    },
    {
      "type": "Feature",
      "properties": {
        "OBJECTID": 26713,
        "NODE_ID": "2176108701",
        "GROUND_LEV": 28.341
      },
      "geometry": {
        "type": "Point",
        "coordinates": [
          276821.2854000004,
          2110792.2852
        ]
      }
    },
    {
      "type": "Feature",
      "properties": {
        "OBJECTID": 26773,
        "NODE_ID": "2176118003",
        "GROUND_LEV": 28.8
      },
      "geometry": {
        "type": "Point",
        "coordinates": [
          276853.9000000004,
          2111025.5999999996
        ]
      }
    },
    {
      "type": "Feature",
      "properties": {
        "OBJECTID": 26769,
        "NODE_ID": "2176117602",
        "GROUND_LEV": 27.5
      },
      "geometry": {
        "type": "Point",
        "coordinates": [
          276780.9000000004,
          2111614.1999999993
        ]
      }
    },
    {
      "type": "Feature",
      "properties": {
        "OBJECTID": 26770,
        "NODE_ID": "2176117801",
        "GROUND_LEV": 29.88
      },
      "geometry": {
        "type": "Point",
        "coordinates": [
          276774.5999999996,
          2111828
        ]
      }
    },
    {
      "type": "Feature",
      "properties": {
        "OBJECTID": 26646,
        "NODE_ID": "2176099901",
        "GROUND_LEV": 30.706
      },
      "geometry": {
        "type": "Point",
        "coordinates": [
          276967.3108999999,
          2109929.7074999996
        ]
      }
    },
    {
      "type": "Feature",
      "properties": {
        "OBJECTID": 26719,
        "NODE_ID": "2176109302",
        "GROUND_LEV": 30.05
      },
      "geometry": {
        "type": "Point",
        "coordinates": [
          276981.2000000002,
          2110347.9000000004
        ]
      }
    },
    {
      "type": "Feature",
      "properties": {
        "OBJECTID": 28071,
        "NODE_ID": "2177100302",
        "GROUND_LEV": 29.6
      },
      "geometry": {
        "type": "Point",
        "coordinates": [
          277018.4000000004,
          2110336.5999999996
        ]
      }
    },
    {
      "type": "Feature",
      "properties": {
        "OBJECTID": 26780,
        "NODE_ID": "2176119002",
        "GROUND_LEV": 29.4
      },
      "geometry": {
        "type": "Point",
        "coordinates": [
          276965.19909999985,
          2111048.4850999992
        ]
      }
    },
    {
      "type": "Feature",
      "properties": {
        "OBJECTID": 28293,
        "NODE_ID": "2177110501",
        "GROUND_LEV": 34.05
      },
      "geometry": {
        "type": "Point",
        "coordinates": [
          277019.1595999999,
          2111580.8576999996
        ]
      }
    },
    {
      "type": "Feature",
      "properties": {
        "OBJECTID": 27828,
        "NODE_ID": "2177080404",
        "GROUND_LEV": 28.22
      },
      "geometry": {
        "type": "Point",
        "coordinates": [
          277042.54110000003,
          2108413.4977
        ]
      }
    },
    {
      "type": "Feature",
      "properties": {
        "OBJECTID": 27831,
        "NODE_ID": "2177080602",
        "GROUND_LEV": 27.761
      },
      "geometry": {
        "type": "Point",
        "coordinates": [
          277051.23450000025,
          2108687.1833999995
        ]
      }
    },
    {
      "type": "Feature",
      "properties": {
        "OBJECTID": 27832,
        "NODE_ID": "2177080701",
        "GROUND_LEV": 27.808
      },
      "geometry": {
        "type": "Point",
        "coordinates": [
          277076.7940999996,
          2108702.4744000006
        ]
      }
    },
    {
      "type": "Feature",
      "properties": {
        "OBJECTID": 27897,
        "NODE_ID": "2177091702",
        "GROUND_LEV": 29.34
      },
      "geometry": {
        "type": "Point",
        "coordinates": [
          277140.5114000002,
          2109742.9968
        ]
      }
    },
    {
      "type": "Feature",
      "properties": {
        "OBJECTID": 28080,
        "NODE_ID": "2177101202",
        "GROUND_LEV": 29.659
      },
      "geometry": {
        "type": "Point",
        "coordinates": [
          277136.83270000014,
          2110292.6546
        ]
      }
    },
    {
      "type": "Feature",
      "properties": {
        "OBJECTID": 27856,
        "NODE_ID": "2177082701",
        "GROUND_LEV": 28.288
      },
      "geometry": {
        "type": "Point",
        "coordinates": [
          277200.62459999975,
          2108786.9222999997
        ]
      }
    },
    {
      "type": "Feature",
      "properties": {
        "OBJECTID": 27935,
        "NODE_ID": "2177093303",
        "GROUND_LEV": 28.47
      },
      "geometry": {
        "type": "Point",
        "coordinates": [
          277332.36149999965,
          2109391.2770000007
        ]
      }
    },
    {
      "type": "Feature",
      "properties": {
        "OBJECTID": 28090,
        "NODE_ID": "2177102203",
        "GROUND_LEV": 29.009
      },
      "geometry": {
        "type": "Point",
        "coordinates": [
          277276.2999999998,
          2110262.9000000004
        ]
      }
    },
    {
      "type": "Feature",
      "properties": {
        "OBJECTID": 28093,
        "NODE_ID": "2177102301",
        "GROUND_LEV": 28.85
      },
      "geometry": {
        "type": "Point",
        "coordinates": [
          277277.7000000002,
          2110371
        ]
      }
    },
    {
      "type": "Feature",
      "properties": {
        "OBJECTID": 28092,
        "NODE_ID": "2177102205",
        "GROUND_LEV": 29.0
      },
      "geometry": {
        "type": "Point",
        "coordinates": [
          277299.0999999996,
          2110289
        ]
      }
    },
    {
      "type": "Feature",
      "properties": {
        "OBJECTID": 28099,
        "NODE_ID": "2177102703",
        "GROUND_LEV": 29.621
      },
      "geometry": {
        "type": "Point",
        "coordinates": [
          277243.4639999997,
          2110729.644200001
        ]
      }
    },
    {
      "type": "Feature",
      "properties": {
        "OBJECTID": 28305,
        "NODE_ID": "2177112401",
        "GROUND_LEV": 30.584
      },
      "geometry": {
        "type": "Point",
        "coordinates": [
          277205.0608999999,
          2111406.4926999994
        ]
      }
    },
    {
      "type": "Feature",
      "properties": {
        "OBJECTID": 28311,
        "NODE_ID": "2177112407",
        "GROUND_LEV": 31.51
      },
      "geometry": {
        "type": "Point",
        "coordinates": [
          277297.5999999996,
          2111458.5999999996
        ]
      }
    },
    {
      "type": "Feature",
      "properties": {
        "OBJECTID": 28317,
        "NODE_ID": "2177113504",
        "GROUND_LEV": 31.832
      },
      "geometry": {
        "type": "Point",
        "coordinates": [
          277341.2000000002,
          2111584.5
        ]
      }
    },
    {
      "type": "Feature",
      "properties": {
        "OBJECTID": 27948,
        "NODE_ID": "2177094002",
        "GROUND_LEV": 28.17
      },
      "geometry": {
        "type": "Point",
        "coordinates": [
          277448.7110000001,
          2109061.8181999996
        ]
      }
    },
    {
      "type": "Feature",
      "properties": {
        "OBJECTID": 27937,
        "NODE_ID": "2177093305",
        "GROUND_LEV": 28.38
      },
      "geometry": {
        "type": "Point",
        "coordinates": [
          277344.93039999995,
          2109361.607000001
        ]
      }
    },
    {
      "type": "Feature",
      "properties": {
        "OBJECTID": 27938,
        "NODE_ID": "2177093306",
        "GROUND_LEV": 28.32
      },
      "geometry": {
        "type": "Point",
        "coordinates": [
          277356.5390999997,
          2109332.591
        ]
      }
    },
    {
      "type": "Feature",
      "properties": {
        "OBJECTID": 27965,
        "NODE_ID": "2177094902",
        "GROUND_LEV": 28.559
      },
      "geometry": {
        "type": "Point",
        "coordinates": [
          277434.99289999995,
          2109938.8202
        ]
      }
    },
    {
      "type": "Feature",
      "properties": {
        "OBJECTID": 28124,
        "NODE_ID": "2177104010",
        "GROUND_LEV": 28.909
      },
      "geometry": {
        "type": "Point",
        "coordinates": [
          277477.4274000004,
          2110003.0649999995
        ]
      }
    },
    {
      "type": "Feature",
      "properties": {
        "OBJECTID": 27967,
        "NODE_ID": "2177094904",
        "GROUND_LEV": 28.679
      },
      "geometry": {
        "type": "Point",
        "coordinates": [
          277481.07880000025,
          2109973.9715
        ]
      }
    },
    {
      "type": "Feature",
      "properties": {
        "OBJECTID": 28113,
        "NODE_ID": "2177103302",
        "GROUND_LEV": 29.001
      },
      "geometry": {
        "type": "Point",
        "coordinates": [
          277395.6316999998,
          2110379.130000001
        ]
      }
    },
    {
      "type": "Feature",
      "properties": {
        "OBJECTID": 28332,
        "NODE_ID": "2177114502",
        "GROUND_LEV": 32.3
      },
      "geometry": {
        "type": "Point",
        "coordinates": [
          277461.7220999999,
          2111539.5358000007
        ]
      }
    },
    {
      "type": "Feature",
      "properties": {
        "OBJECTID": 27972,
        "NODE_ID": "2177095004",
        "GROUND_LEV": 28.308
      },
      "geometry": {
        "type": "Point",
        "coordinates": [
          277551.10199999996,
          2109038.966
        ]
      }
    },
    {
      "type": "Feature",
      "properties": {
        "OBJECTID": 27975,
        "NODE_ID": "2177095007",
        "GROUND_LEV": 28.008
      },
      "geometry": {
        "type": "Point",
        "coordinates": [
          277570.1105000004,
          2109079.041200001
        ]
      }
    },
    {
      "type": "Feature",
      "properties": {
        "OBJECTID": 27983,
        "NODE_ID": "2177096103",
        "GROUND_LEV": 28.358
      },
      "geometry": {
        "type": "Point",
        "coordinates": [
          277646.5471000001,
          2109171.3959999997
        ]
      }
    },
    {
      "type": "Feature",
      "properties": {
        "OBJECTID": 28160,
        "NODE_ID": "2177105013!",
        "GROUND_LEV": 28.609
      },
      "geometry": {
        "type": "Point",
        "coordinates": [
          277549.7000000002,
          2110092
        ]
      }
    },
    {
      "type": "Feature",
      "properties": {
        "OBJECTID": 28161,
        "NODE_ID": "2177105014",
        "GROUND_LEV": 28.6
      },
      "geometry": {
        "type": "Point",
        "coordinates": [
          277551.9000000004,
          2110062.0999999996
        ]
      }
    },
    {
      "type": "Feature",
      "properties": {
        "OBJECTID": 28162,
        "NODE_ID": "2177105014!",
        "GROUND_LEV": 28.6
      },
      "geometry": {
        "type": "Point",
        "coordinates": [
          277551.9000000004,
          2110062.0999999996
        ]
      }
    },
    {
      "type": "Feature",
      "properties": {
        "OBJECTID": 28167,
        "NODE_ID": "2177105017",
        "GROUND_LEV": 28.609
      },
      "geometry": {
        "type": "Point",
        "coordinates": [
          277559.5999999996,
          2110036.0999999996
        ]
      }
    },
    {
      "type": "Feature",
      "properties": {
        "OBJECTID": 28148,
        "NODE_ID": "2177105007!",
        "GROUND_LEV": 28.509
      },
      "geometry": {
        "type": "Point",
        "coordinates": [
          277570.02219999954,
          2110020.973099999
        ]
      }
    },
    {
      "type": "Feature",
      "properties": {
        "OBJECTID": 28150,
        "NODE_ID": "2177105008!",
        "GROUND_LEV": 28.55
      },
      "geometry": {
        "type": "Point",
        "coordinates": [
          277573.7999999998,
          2110016
        ]
      }
    },
    {
      "type": "Feature",
      "properties": {
        "OBJECTID": 28156,
        "NODE_ID": "2177105011!",
        "GROUND_LEV": 28.55
      },
      "geometry": {
        "type": "Point",
        "coordinates": [
          277579,
          2110009.5999999996
        ]
      }
    },
    {
      "type": "Feature",
      "properties": {
        "OBJECTID": 27978,
        "NODE_ID": "2177095901!",
        "GROUND_LEV": 28.55
      },
      "geometry": {
        "type": "Point",
        "coordinates": [
          277587.7999999998,
          2109998.1999999993
        ]
      }
    },
    {
      "type": "Feature",
      "properties": {
        "OBJECTID": 28000,
        "NODE_ID": "2177096902!",
        "GROUND_LEV": 29.009
      },
      "geometry": {
        "type": "Point",
        "coordinates": [
          277620.0385999996,
          2109957.2082
        ]
      }
    },
    {
      "type": "Feature",
      "properties": {
        "OBJECTID": 28173,
        "NODE_ID": "2177105103",
        "GROUND_LEV": 28.52
      },
      "geometry": {
        "type": "Point",
        "coordinates": [
          277547.2865000004,
          2110121.7826000005
        ]
      }
    },
    {
      "type": "Feature",
      "properties": {
        "OBJECTID": 28175,
        "NODE_ID": "2177105201",
        "GROUND_LEV": 29.26
      },
      "geometry": {
        "type": "Point",
        "coordinates": [
          277501.7000000002,
          2110288.4000000004
        ]
      }
    },
    {
      "type": "Feature",
      "properties": {
        "OBJECTID": 28197,
        "NODE_ID": "2177105309!",
        "GROUND_LEV": 30.001
      },
      "geometry": {
        "type": "Point",
        "coordinates": [
          277526.44909999985,
          2110394.1422000006
        ]
      }
    },
    {
      "type": "Feature",
      "properties": {
        "OBJECTID": 28203,
        "NODE_ID": "2177105312!",
        "GROUND_LEV": 29.8
      },
      "geometry": {
        "type": "Point",
        "coordinates": [
          277529.8322999999,
          2110352.8081
        ]
      }
    },
    {
      "type": "Feature",
      "properties": {
        "OBJECTID": 28200,
        "NODE_ID": "2177105311",
        "GROUND_LEV": 29.209
      },
      "geometry": {
        "type": "Point",
        "coordinates": [
          277529.8372999998,
          2110322.1361
        ]
      }
    },
    {
      "type": "Feature",
      "properties": {
        "OBJECTID": 28181,
        "NODE_ID": "2177105204!",
        "GROUND_LEV": 28.64
      },
      "geometry": {
        "type": "Point",
        "coordinates": [
          277533.5999999996,
          2110271.3000000007
        ]
      }
    },
    {
      "type": "Feature",
      "properties": {
        "OBJECTID": 28208,
        "NODE_ID": "2177105315",
        "GROUND_LEV": 29.609
      },
      "geometry": {
        "type": "Point",
        "coordinates": [
          277538.7000000002,
          2110345.5999999996
        ]
      }
    },
    {
      "type": "Feature",
      "properties": {
        "OBJECTID": 28215,
        "NODE_ID": "2177105318!",
        "GROUND_LEV": 28.8
      },
      "geometry": {
        "type": "Point",
        "coordinates": [
          277594.0999999996,
          2110389
        ]
      }
    },
    {
      "type": "Feature",
      "properties": {
        "OBJECTID": 28226,
        "NODE_ID": "2177105404",
        "GROUND_LEV": 30.201
      },
      "geometry": {
        "type": "Point",
        "coordinates": [
          277552.9096999997,
          2110438.6920999996
        ]
      }
    },
    {
      "type": "Feature",
      "properties": {
        "OBJECTID": 28336,
        "NODE_ID": "2177116201",
        "GROUND_LEV": 30.401
      },
      "geometry": {
        "type": "Point",
        "coordinates": [
          277623.9157999996,
          2111240.6896
        ]
      }
    },
    {
      "type": "Feature",
      "properties": {
        "OBJECTID": 27985,
        "NODE_ID": "2177096201",
        "GROUND_LEV": 28.448
      },
      "geometry": {
        "type": "Point",
        "coordinates": [
          277678.16309999954,
          2109222.065199999
        ]
      }
    },
    {
      "type": "Feature",
      "properties": {
        "OBJECTID": 28011,
        "NODE_ID": "2177097201",
        "GROUND_LEV": 28.368
      },
      "geometry": {
        "type": "Point",
        "coordinates": [
          277704.4840000002,
          2109276.0940000005
        ]
      }
    },
    {
      "type": "Feature",
      "properties": {
        "OBJECTID": 28012,
        "NODE_ID": "2177097301",
        "GROUND_LEV": 28.308
      },
      "geometry": {
        "type": "Point",
        "coordinates": [
          277718.33939999994,
          2109302.5161000006
        ]
      }
    },
    {
      "type": "Feature",
      "properties": {
        "OBJECTID": 28026,
        "NODE_ID": "2177097702",
        "GROUND_LEV": 28.808
      },
      "geometry": {
        "type": "Point",
        "coordinates": [
          277723.0939999996,
          2109763.4033000004
        ]
      }
    },
    {
      "type": "Feature",
      "properties": {
        "OBJECTID": 27996,
        "NODE_ID": "2177096805!",
        "GROUND_LEV": 28.81
      },
      "geometry": {
        "type": "Point",
        "coordinates": [
          277695.75,
          2109865.5057999995
        ]
      }
    },
    {
      "type": "Feature",
      "properties": {
        "OBJECTID": 28030,
        "NODE_ID": "2177097802",
        "GROUND_LEV": 28.409
      },
      "geometry": {
        "type": "Point",
        "coordinates": [
          277739.0122999996,
          2109843.623400001
        ]
      }
    },
    {
      "type": "Feature",
      "properties": {
        "OBJECTID": 28244,
        "NODE_ID": "2177106403",
        "GROUND_LEV": 28.799
      },
      "geometry": {
        "type": "Point",
        "coordinates": [
          277660.62310000043,
          2110444.7783000004
        ]
      }
    },
    {
      "type": "Feature",
      "properties": {
        "OBJECTID": 28247,
        "NODE_ID": "2177106404!",
        "GROUND_LEV": 28.829
      },
      "geometry": {
        "type": "Point",
        "coordinates": [
          277684.2193,
          2110463.5130000003
        ]
      }
    },
    {
      "type": "Feature",
      "properties": {
        "OBJECTID": 28248,
        "NODE_ID": "2177107401",
        "GROUND_LEV": 28.719
      },
      "geometry": {
        "type": "Point",
        "coordinates": [
          277707.81549999956,
          2110482.0241
        ]
      }
    },
    {
      "type": "Feature",
      "properties": {
        "OBJECTID": 28257,
        "NODE_ID": "2177108501!",
        "GROUND_LEV": 28.9
      },
      "geometry": {
        "type": "Point",
        "coordinates": [
          277800.2999999998,
          2110558.5
        ]
      }
    },
    {
      "type": "Feature",
      "properties": {
        "OBJECTID": 28354,
        "NODE_ID": "2177118101",
        "GROUND_LEV": 30.001
      },
      "geometry": {
        "type": "Point",
        "coordinates": [
          277809.52469999995,
          2111132.4804
        ]
      }
    },
    {
      "type": "Feature",
      "properties": {
        "OBJECTID": 28339,
        "NODE_ID": "2177116202!",
        "GROUND_LEV": 30.2
      },
      "geometry": {
        "type": "Point",
        "coordinates": [
          277689.5996000003,
          2111202.3696999997
        ]
      }
    },
    {
      "type": "Feature",
      "properties": {
        "OBJECTID": 28043,
        "NODE_ID": "2177098406",
        "GROUND_LEV": 27.84
      },
      "geometry": {
        "type": "Point",
        "coordinates": [
          277847.72950000037,
          2109462.8532
        ]
      }
    },
    {
      "type": "Feature",
      "properties": {
        "OBJECTID": 28062,
        "NODE_ID": "2177098902",
        "GROUND_LEV": 28.407
      },
      "geometry": {
        "type": "Point",
        "coordinates": [
          277843.3071999997,
          2109906.5945999995
        ]
      }
    },
    {
      "type": "Feature",
      "properties": {
        "OBJECTID": 28260,
        "NODE_ID": "2177108503",
        "GROUND_LEV": 28.9
      },
      "geometry": {
        "type": "Point",
        "coordinates": [
          277846.6235999996,
          2110596.7859000005
        ]
      }
    },
    {
      "type": "Feature",
      "properties": {
        "OBJECTID": 28848,
        "NODE_ID": "2178080701",
        "GROUND_LEV": 29.5
      },
      "geometry": {
        "type": "Point",
        "coordinates": [
          278004.9000000004,
          2108721.3000000007
        ]
      }
    },
    {
      "type": "Feature",
      "properties": {
        "OBJECTID": 28875,
        "NODE_ID": "2178090602",
        "GROUND_LEV": 28.52
      },
      "geometry": {
        "type": "Point",
        "coordinates": [
          278042.2814999996,
          2109664.9913999997
        ]
      }
    },
    {
      "type": "Feature",
      "properties": {
        "OBJECTID": 28969,
        "NODE_ID": "2178100701!",
        "GROUND_LEV": 29.119
      },
      "geometry": {
        "type": "Point",
        "coordinates": [
          278014.301,
          2110722.162799999
        ]
      }
    },
    {
      "type": "Feature",
      "properties": {
        "OBJECTID": 28987,
        "NODE_ID": "2178100801!",
        "GROUND_LEV": 29.601
      },
      "geometry": {
        "type": "Point",
        "coordinates": [
          278000.1946999999,
          2110805.1659999993
        ]
      }
    },
    {
      "type": "Feature",
      "properties": {
        "OBJECTID": 28974,
        "NODE_ID": "2178100704",
        "GROUND_LEV": 29.959
      },
      "geometry": {
        "type": "Point",
        "coordinates": [
          278041.04110000003,
          2110737.0014999993
        ]
      }
    },
    {
      "type": "Feature",
      "properties": {
        "OBJECTID": 28977,
        "NODE_ID": "2178100705!",
        "GROUND_LEV": 29.81
      },
      "geometry": {
        "type": "Point",
        "coordinates": [
          278049.5,
          2110741.4000000004
        ]
      }
    },
    {
      "type": "Feature",
      "properties": {
        "OBJECTID": 28989,
        "NODE_ID": "2178100802!",
        "GROUND_LEV": 29.498
      },
      "geometry": {
        "type": "Point",
        "coordinates": [
          278057.6102999998,
          2110817.5494
        ]
      }
    },
    {
      "type": "Feature",
      "properties": {
        "OBJECTID": 28994,
        "NODE_ID": "2178100901",
        "GROUND_LEV": 29.708
      },
      "geometry": {
        "type": "Point",
        "coordinates": [
          278060.86450000014,
          2110907.304300001
        ]
      }
    },
    {
      "type": "Feature",
      "properties": {
        "OBJECTID": 29120,
        "NODE_ID": "2178110102",
        "GROUND_LEV": 30.908
      },
      "geometry": {
        "type": "Point",
        "coordinates": [
          278052.55790000036,
          2111170.095899999
        ]
      }
    },
    {
      "type": "Feature",
      "properties": {
        "OBJECTID": 29127,
        "NODE_ID": "2178110105!",
        "GROUND_LEV": 30.44
      },
      "geometry": {
        "type": "Point",
        "coordinates": [
          278066.83249999955,
          2111103.1800999995
        ]
      }
    },
    {
      "type": "Feature",
      "properties": {
        "OBJECTID": 29129,
        "NODE_ID": "2178110201!",
        "GROUND_LEV": 32.578
      },
      "geometry": {
        "type": "Point",
        "coordinates": [
          278007.6796000004,
          2111296.4771999996
        ]
      }
    },
    {
      "type": "Feature",
      "properties": {
        "OBJECTID": 29134,
        "NODE_ID": "2178110204",
        "GROUND_LEV": 31.5
      },
      "geometry": {
        "type": "Point",
        "coordinates": [
          278043.4315999998,
          2111248.3861999996
        ]
      }
    },
    {
      "type": "Feature",
      "properties": {
        "OBJECTID": 29172,
        "NODE_ID": "2178111501",
        "GROUND_LEV": 35.9
      },
      "geometry": {
        "type": "Point",
        "coordinates": [
          278111.35529999994,
          2111508.8913000003
        ]
      }
    },
    {
      "type": "Feature",
      "properties": {
        "OBJECTID": 28850,
        "NODE_ID": "2178081801",
        "GROUND_LEV": 29.5
      },
      "geometry": {
        "type": "Point",
        "coordinates": [
          278183.9000000004,
          2108813.5
        ]
      }
    },
    {
      "type": "Feature",
      "properties": {
        "OBJECTID": 28878,
        "NODE_ID": "2178091302",
        "GROUND_LEV": 28.17
      },
      "geometry": {
        "type": "Point",
        "coordinates": [
          278129.3075000001,
          2109380.2454000004
        ]
      }
    },
    {
      "type": "Feature",
      "properties": {
        "OBJECTID": 28880,
        "NODE_ID": "2178091304",
        "GROUND_LEV": 27.949
      },
      "geometry": {
        "type": "Point",
        "coordinates": [
          278187.49679999985,
          2109364.721999999
        ]
      }
    },
    {
      "type": "Feature",
      "properties": {
        "OBJECTID": 28894,
        "NODE_ID": "2178092501",
        "GROUND_LEV": 28.249
      },
      "geometry": {
        "type": "Point",
        "coordinates": [
          278203.5999999996,
          2109583.5999999996
        ]
      }
    },
    {
      "type": "Feature",
      "properties": {
        "OBJECTID": 28888,
        "NODE_ID": "2178091602",
        "GROUND_LEV": 28.72
      },
      "geometry": {
        "type": "Point",
        "coordinates": [
          278131.9025999997,
          2109673.0846999995
        ]
      }
    },
    {
      "type": "Feature",
      "properties": {
        "OBJECTID": 28895,
        "NODE_ID": "2178092601",
        "GROUND_LEV": 28.82
      },
      "geometry": {
        "type": "Point",
        "coordinates": [
          278205.5,
          2109679.4000000004
        ]
      }
    },
    {
      "type": "Feature",
      "properties": {
        "OBJECTID": 29011,
        "NODE_ID": "2178101803!",
        "GROUND_LEV": 29.959
      },
      "geometry": {
        "type": "Point",
        "coordinates": [
          278170.52749999985,
          2110846.663899999
        ]
      }
    },
    {
      "type": "Feature",
      "properties": {
        "OBJECTID": 29012,
        "NODE_ID": "2178101804",
        "GROUND_LEV": 29.939
      },
      "geometry": {
        "type": "Point",
        "coordinates": [
          278193.3136999998,
          2110866.6100999992
        ]
      }
    },
    {
      "type": "Feature",
      "properties": {
        "OBJECTID": 29187,
        "NODE_ID": "2178112004!",
        "GROUND_LEV": 29.209
      },
      "geometry": {
        "type": "Point",
        "coordinates": [
          278240.4000000004,
          2111003.4000000004
        ]
      }
    },
    {
      "type": "Feature",
      "properties": {
        "OBJECTID": 29023,
        "NODE_ID": "2178102903!",
        "GROUND_LEV": 30.219
      },
      "geometry": {
        "type": "Point",
        "coordinates": [
          278259.0999999996,
          2110946.4000000004
        ]
      }
    },
    {
      "type": "Feature",
      "properties": {
        "OBJECTID": 29159,
        "NODE_ID": "2178111101!",
        "GROUND_LEV": 29.8
      },
      "geometry": {
        "type": "Point",
        "coordinates": [
          278187.5088999998,
          2111165.661800001
        ]
      }
    },
    {
      "type": "Feature",
      "properties": {
        "OBJECTID": 29181,
        "NODE_ID": "2178112001!",
        "GROUND_LEV": 29.209
      },
      "geometry": {
        "type": "Point",
        "coordinates": [
          278211.8680999996,
          2111089.563100001
        ]
      }
    },
    {
      "type": "Feature",
      "properties": {
        "OBJECTID": 29194,
        "NODE_ID": "2178112104",
        "GROUND_LEV": 29.136
      },
      "geometry": {
        "type": "Point",
        "coordinates": [
          278258.5647999998,
          2111161.1909
        ]
      }
    },
    {
      "type": "Feature",
      "properties": {
        "OBJECTID": 29196,
        "NODE_ID": "2178112105",
        "GROUND_LEV": 29.125
      },
      "geometry": {
        "type": "Point",
        "coordinates": [
          278273.5532999998,
          2111166.5297
        ]
      }
    },
    {
      "type": "Feature",
      "properties": {
        "OBJECTID": 29197,
        "NODE_ID": "2178112105!",
        "GROUND_LEV": 29.125
      },
      "geometry": {
        "type": "Point",
        "coordinates": [
          278273.5532999998,
          2111166.5297
        ]
      }
    },
    {
      "type": "Feature",
      "properties": {
        "OBJECTID": 29179,
        "NODE_ID": "2178111504!",
        "GROUND_LEV": 36.508
      },
      "geometry": {
        "type": "Point",
        "coordinates": [
          278199.16530000046,
          2111527.2982
        ]
      }
    },
    {
      "type": "Feature",
      "properties": {
        "OBJECTID": 29204,
        "NODE_ID": "2178112501",
        "GROUND_LEV": 36.858
      },
      "geometry": {
        "type": "Point",
        "coordinates": [
          278227.74760000035,
          2111536.0659
        ]
      }
    },
    {
      "type": "Feature",
      "properties": {
        "OBJECTID": 28924,
        "NODE_ID": "2178094102",
        "GROUND_LEV": 29.022
      },
      "geometry": {
        "type": "Point",
        "coordinates": [
          278431.6590999998,
          2109139.1855999995
        ]
      }
    },
    {
      "type": "Feature",
      "properties": {
        "OBJECTID": 28915,
        "NODE_ID": "2178093304",
        "GROUND_LEV": 28.15
      },
      "geometry": {
        "type": "Point",
        "coordinates": [
          278390.4000000004,
          2109310.5999999996
        ]
      }
    },
    {
      "type": "Feature",
      "properties": {
        "OBJECTID": 29014,
        "NODE_ID": "2178102201",
        "GROUND_LEV": 28.5
      },
      "geometry": {
        "type": "Point",
        "coordinates": [
          278287.2999999998,
          2110296.6999999993
        ]
      }
    },
    {
      "type": "Feature",
      "properties": {
        "OBJECTID": 29015,
        "NODE_ID": "2178102201!",
        "GROUND_LEV": 28.5
      },
      "geometry": {
        "type": "Point",
        "coordinates": [
          278287.2999999998,
          2110296.6999999993
        ]
      }
    },
    {
      "type": "Feature",
      "properties": {
        "OBJECTID": 29026,
        "NODE_ID": "2178104301",
        "GROUND_LEV": 28.3
      },
      "geometry": {
        "type": "Point",
        "coordinates": [
          278406.9000000004,
          2110387.6999999993
        ]
      }
    },
    {
      "type": "Feature",
      "properties": {
        "OBJECTID": 29213,
        "NODE_ID": "2178113102!",
        "GROUND_LEV": 29.249
      },
      "geometry": {
        "type": "Point",
        "coordinates": [
          278321.1377999997,
          2111182.3099000007
        ]
      }
    },
    {
      "type": "Feature",
      "properties": {
        "OBJECTID": 29221,
        "NODE_ID": "2178113503!",
        "GROUND_LEV": 36.608
      },
      "geometry": {
        "type": "Point",
        "coordinates": [
          278340.5437000003,
          2111577.095899999
        ]
      }
    },
    {
      "type": "Feature",
      "properties": {
        "OBJECTID": 29222,
        "NODE_ID": "2178113504",
        "GROUND_LEV": 36.328
      },
      "geometry": {
        "type": "Point",
        "coordinates": [
          278368.5745000001,
          2111587.599199999
        ]
      }
    },
    {
      "type": "Feature",
      "properties": {
        "OBJECTID": 28940,
        "NODE_ID": "2178095202",
        "GROUND_LEV": 29.0
      },
      "geometry": {
        "type": "Point",
        "coordinates": [
          278510.4000000004,
          2109257.6999999993
        ]
      }
    },
    {
      "type": "Feature",
      "properties": {
        "OBJECTID": 28936,
        "NODE_ID": "2178094804",
        "GROUND_LEV": 28.281
      },
      "geometry": {
        "type": "Point",
        "coordinates": [
          278476.0999999996,
          2109899.8000000007
        ]
      }
    },
    {
      "type": "Feature",
      "properties": {
        "OBJECTID": 28937,
        "NODE_ID": "2178094901",
        "GROUND_LEV": 28.114
      },
      "geometry": {
        "type": "Point",
        "coordinates": [
          278493.4000000004,
          2109924.9000000004
        ]
      }
    },
    {
      "type": "Feature",
      "properties": {
        "OBJECTID": 22203,
        "NODE_ID": "2174084901",
        "GROUND_LEV": 28.19
      },
      "geometry": {
        "type": "Point",
        "coordinates": [
          274432.9380999999,
          2108993.162799999
        ]
      }
    },
    {
      "type": "Feature",
      "properties": {
        "OBJECTID": 22251,
        "NODE_ID": "2174093002",
        "GROUND_LEV": 27.44
      },
      "geometry": {
        "type": "Point",
        "coordinates": [
          274387,
          2109070.5
        ]
      }
    },
    {
      "type": "Feature",
      "properties": {
        "OBJECTID": 22257,
        "NODE_ID": "2174094001",
        "GROUND_LEV": 27.42
      },
      "geometry": {
        "type": "Point",
        "coordinates": [
          274402.2999999998,
          2109044.6999999993
        ]
      }
    },
    {
      "type": "Feature",
      "properties": {
        "OBJECTID": 22260,
        "NODE_ID": "2174094402",
        "GROUND_LEV": 28.12
      },
      "geometry": {
        "type": "Point",
        "coordinates": [
          274466,
          2109413.5
        ]
      }
    },
    {
      "type": "Feature",
      "properties": {
        "OBJECTID": 22320,
        "NODE_ID": "2174105601",
        "GROUND_LEV": 30.06
      },
      "geometry": {
        "type": "Point",
        "coordinates": [
          274500.7999999998,
          2110693.5999999996
        ]
      }
    },
    {
      "type": "Feature",
      "properties": {
        "OBJECTID": 22265,
        "NODE_ID": "2174095903",
        "GROUND_LEV": 28.3
      },
      "geometry": {
        "type": "Point",
        "coordinates": [
          274553.7000000002,
          2109946.6999999993
        ]
      }
    },
    {
      "type": "Feature",
      "properties": {
        "OBJECTID": 22328,
        "NODE_ID": "2174106603",
        "GROUND_LEV": 32.0
      },
      "geometry": {
        "type": "Point",
        "coordinates": [
          274647.0999999996,
          2110676.0999999996
        ]
      }
    },
    {
      "type": "Feature",
      "properties": {
        "OBJECTID": 22269,
        "NODE_ID": "2174097101",
        "GROUND_LEV": 29.175
      },
      "geometry": {
        "type": "Point",
        "coordinates": [
          274734.2000000002,
          2109115.1999999993
        ]
      }
    },
    {
      "type": "Feature",
      "properties": {
        "OBJECTID": 22271,
        "NODE_ID": "2174097801",
        "GROUND_LEV": 28.9
      },
      "geometry": {
        "type": "Point",
        "coordinates": [
          274712.5,
          2109874.0999999996
        ]
      }
    },
    {
      "type": "Feature",
      "properties": {
        "OBJECTID": 22276,
        "NODE_ID": "2174099901",
        "GROUND_LEV": 29.65
      },
      "geometry": {
        "type": "Point",
        "coordinates": [
          274920.9000000004,
          2109911.5
        ]
      }
    },
    {
      "type": "Feature",
      "properties": {
        "OBJECTID": 24670,
        "NODE_ID": "2175092901",
        "GROUND_LEV": 28.25
      },
      "geometry": {
        "type": "Point",
        "coordinates": [
          275258.7578999996,
          2109920.9024
        ]
      }
    },
    {
      "type": "Feature",
      "properties": {
        "OBJECTID": 24691,
        "NODE_ID": "2175102204",
        "GROUND_LEV": 28.723
      },
      "geometry": {
        "type": "Point",
        "coordinates": [
          275282.9752000002,
          2110231.9623000007
        ]
      }
    },
    {
      "type": "Feature",
      "properties": {
        "OBJECTID": 24693,
        "NODE_ID": "2175102302",
        "GROUND_LEV": 28.816
      },
      "geometry": {
        "type": "Point",
        "coordinates": [
          275236.6952999998,
          2110389.9154000003
        ]
      }
    },
    {
      "type": "Feature",
      "properties": {
        "OBJECTID": 24697,
        "NODE_ID": "2175102701",
        "GROUND_LEV": 32.761
      },
      "geometry": {
        "type": "Point",
        "coordinates": [
          275202.85450000037,
          2110770.3211000003
        ]
      }
    },
    {
      "type": "Feature",
      "properties": {
        "OBJECTID": 24712,
        "NODE_ID": "2175103301",
        "GROUND_LEV": 28.7
      },
      "geometry": {
        "type": "Point",
        "coordinates": [
          275381.6648000004,
          2110301.2218999993
        ]
      }
    },
    {
      "type": "Feature",
      "properties": {
        "OBJECTID": 24714,
        "NODE_ID": "2175103401",
        "GROUND_LEV": 28.76
      },
      "geometry": {
        "type": "Point",
        "coordinates": [
          275393.32380000036,
          2110402.0775000006
        ]
      }
    },
    {
      "type": "Feature",
      "properties": {
        "OBJECTID": 24635,
        "NODE_ID": "2175085505",
        "GROUND_LEV": 27.9
      },
      "geometry": {
        "type": "Point",
        "coordinates": [
          275584.07650000043,
          2108572.5917000007
        ]
      }
    },
    {
      "type": "Feature",
      "properties": {
        "OBJECTID": 24717,
        "NODE_ID": "2175104003",
        "GROUND_LEV": 28.29
      },
      "geometry": {
        "type": "Point",
        "coordinates": [
          275495.69350000005,
          2110041.9617999997
        ]
      }
    },
    {
      "type": "Feature",
      "properties": {
        "OBJECTID": 24720,
        "NODE_ID": "2175106001",
        "GROUND_LEV": 28.13
      },
      "geometry": {
        "type": "Point",
        "coordinates": [
          275609.0840999996,
          2110073.687000001
        ]
      }
    },
    {
      "type": "Feature",
      "properties": {
        "OBJECTID": 24639,
        "NODE_ID": "2175086301",
        "GROUND_LEV": 29.54
      },
      "geometry": {
        "type": "Point",
        "coordinates": [
          275623.7999999998,
          2108335.5999999996
        ]
      }
    },
    {
      "type": "Feature",
      "properties": {
        "OBJECTID": 24645,
        "NODE_ID": "2175086802",
        "GROUND_LEV": 28.16
      },
      "geometry": {
        "type": "Point",
        "coordinates": [
          275651.55429999996,
          2108846.1285999995
        ]
      }
    },
    {
      "type": "Feature",
      "properties": {
        "OBJECTID": 24721,
        "NODE_ID": "2175106002",
        "GROUND_LEV": 28.16
      },
      "geometry": {
        "type": "Point",
        "coordinates": [
          275626.8909999998,
          2110082.3616000004
        ]
      }
    },
    {
      "type": "Feature",
      "properties": {
        "OBJECTID": 24733,
        "NODE_ID": "2175106603",
        "GROUND_LEV": 29.57
      },
      "geometry": {
        "type": "Point",
        "coordinates": [
          275669.29360000044,
          2110665.9232
        ]
      }
    },
    {
      "type": "Feature",
      "properties": {
        "OBJECTID": 24751,
        "NODE_ID": "2175107603",
        "GROUND_LEV": 29.03
      },
      "geometry": {
        "type": "Point",
        "coordinates": [
          275721.35560000036,
          2110607.3805
        ]
      }
    },
    {
      "type": "Feature",
      "properties": {
        "OBJECTID": 24745,
        "NODE_ID": "2175107505",
        "GROUND_LEV": 28.75
      },
      "geometry": {
        "type": "Point",
        "coordinates": [
          275745.8443999998,
          2110591.0825999994
        ]
      }
    },
    {
      "type": "Feature",
      "properties": {
        "OBJECTID": 24746,
        "NODE_ID": "2175107506",
        "GROUND_LEV": 28.72
      },
      "geometry": {
        "type": "Point",
        "coordinates": [
          275763.0044999998,
          2110580.5516
        ]
      }
    },
    {
      "type": "Feature",
      "properties": {
        "OBJECTID": 24654,
        "NODE_ID": "2175088303",
        "GROUND_LEV": 27.5
      },
      "geometry": {
        "type": "Point",
        "coordinates": [
          275867.0999999996,
          2108375.0999999996
        ]
      }
    },
    {
      "type": "Feature",
      "properties": {
        "OBJECTID": 24759,
        "NODE_ID": "2175108601",
        "GROUND_LEV": 28.68
      },
      "geometry": {
        "type": "Point",
        "coordinates": [
          275840.2273000004,
          2110609.8211000003
        ]
      }
    },
    {
      "type": "Feature",
      "properties": {
        "OBJECTID": 24761,
        "NODE_ID": "2175108603",
        "GROUND_LEV": 28.61
      },
      "geometry": {
        "type": "Point",
        "coordinates": [
          275852.35809999984,
          2110623.4022000004
        ]
      }
    },
    {
      "type": "Feature",
      "properties": {
        "OBJECTID": 24768,
        "NODE_ID": "2175109602",
        "GROUND_LEV": 28.22
      },
      "geometry": {
        "type": "Point",
        "coordinates": [
          275932.6206,
          2110626.6075
        ]
      }
    },
    {
      "type": "Feature",
      "properties": {
        "OBJECTID": 24773,
        "NODE_ID": "2175118201",
        "GROUND_LEV": 29.2
      },
      "geometry": {
        "type": "Point",
        "coordinates": [
          275805.4000000004,
          2111294.6999999993
        ]
      }
    },
    {
      "type": "Feature",
      "properties": {
        "OBJECTID": 26547,
        "NODE_ID": "2176080701",
        "GROUND_LEV": 28.5
      },
      "geometry": {
        "type": "Point",
        "coordinates": [
          276022.7000000002,
          2108732.5
        ]
      }
    },
    {
      "type": "Feature",
      "properties": {
        "OBJECTID": 26549,
        "NODE_ID": "2176080801",
        "GROUND_LEV": 28.0
      },
      "geometry": {
        "type": "Point",
        "coordinates": [
          276079.2999999998,
          2108890.8000000007
        ]
      }
    },
    {
      "type": "Feature",
      "properties": {
        "OBJECTID": 24771,
        "NODE_ID": "2175109605",
        "GROUND_LEV": 28.06
      },
      "geometry": {
        "type": "Point",
        "coordinates": [
          275987.6942999996,
          2110625.5615999997
        ]
      }
    },
    {
      "type": "Feature",
      "properties": {
        "OBJECTID": 26651,
        "NODE_ID": "2176100501",
        "GROUND_LEV": 28.04
      },
      "geometry": {
        "type": "Point",
        "coordinates": [
          276031.5999999996,
          2110580
        ]
      }
    },
    {
      "type": "Feature",
      "properties": {
        "OBJECTID": 26725,
        "NODE_ID": "2176110101",
        "GROUND_LEV": 29.55
      },
      "geometry": {
        "type": "Point",
        "coordinates": [
          276002,
          2111198.5999999996
        ]
      }
    },
    {
      "type": "Feature",
      "properties": {
        "OBJECTID": 26726,
        "NODE_ID": "2176110102",
        "GROUND_LEV": 29.093
      },
      "geometry": {
        "type": "Point",
        "coordinates": [
          276028.7000000002,
          2111185
        ]
      }
    },
    {
      "type": "Feature",
      "properties": {
        "OBJECTID": 26731,
        "NODE_ID": "2176110403",
        "GROUND_LEV": 30.0
      },
      "geometry": {
        "type": "Point",
        "coordinates": [
          276063.5999999996,
          2111407.5
        ]
      }
    },
    {
      "type": "Feature",
      "properties": {
        "OBJECTID": 26607,
        "NODE_ID": "2176091001",
        "GROUND_LEV": 28.228
      },
      "geometry": {
        "type": "Point",
        "coordinates": [
          276169.5,
          2109015
        ]
      }
    },
    {
      "type": "Feature",
      "properties": {
        "OBJECTID": 26733,
        "NODE_ID": "2176111102",
        "GROUND_LEV": 29.116
      },
      "geometry": {
        "type": "Point",
        "coordinates": [
          276135.8816999998,
          2111130.8192
        ]
      }
    },
    {
      "type": "Feature",
      "properties": {
        "OBJECTID": 26735,
        "NODE_ID": "2176111104",
        "GROUND_LEV": 29.128
      },
      "geometry": {
        "type": "Point",
        "coordinates": [
          276189.07070000004,
          2111103.5502000004
        ]
      }
    },
    {
      "type": "Feature",
      "properties": {
        "OBJECTID": 26619,
        "NODE_ID": "2176093301",
        "GROUND_LEV": 27.851
      },
      "geometry": {
        "type": "Point",
        "coordinates": [
          276347.2000000002,
          2109395.8000000007
        ]
      }
    },
    {
      "type": "Feature",
      "properties": {
        "OBJECTID": 26639,
        "NODE_ID": "2176095401",
        "GROUND_LEV": 28.42
      },
      "geometry": {
        "type": "Point",
        "coordinates": [
          276500.5,
          2109455.6999999993
        ]
      }
    },
    {
      "type": "Feature",
      "properties": {
        "OBJECTID": 26632,
        "NODE_ID": "2176094501",
        "GROUND_LEV": 28.784
      },
      "geometry": {
        "type": "Point",
        "coordinates": [
          276485,
          2109539.1999999993
        ]
      }
    },
    {
      "type": "Feature",
      "properties": {
        "OBJECTID": 26634,
        "NODE_ID": "2176094901",
        "GROUND_LEV": 28.3
      },
      "geometry": {
        "type": "Point",
        "coordinates": [
          276406.2000000002,
          2109941.5
        ]
      }
    },
    {
      "type": "Feature",
      "properties": {
        "OBJECTID": 26636,
        "NODE_ID": "2176094903",
        "GROUND_LEV": 28.3
      },
      "geometry": {
        "type": "Point",
        "coordinates": [
          276429.0999999996,
          2109961.9000000004
        ]
      }
    },
    {
      "type": "Feature",
      "properties": {
        "OBJECTID": 26677,
        "NODE_ID": "2176104302",
        "GROUND_LEV": 28.276
      },
      "geometry": {
        "type": "Point",
        "coordinates": [
          276485.7999999998,
          2110319.3000000007
        ]
      }
    },
    {
      "type": "Feature",
      "properties": {
        "OBJECTID": 26751,
        "NODE_ID": "2176114301",
        "GROUND_LEV": 32.63
      },
      "geometry": {
        "type": "Point",
        "coordinates": [
          276471.5,
          2111352
        ]
      }
    },
    {
      "type": "Feature",
      "properties": {
        "OBJECTID": 26759,
        "NODE_ID": "2176115601",
        "GROUND_LEV": 29.03
      },
      "geometry": {
        "type": "Point",
        "coordinates": [
          276552.0999999996,
          2111654.8000000007
        ]
      }
    },
    {
      "type": "Feature",
      "properties": {
        "OBJECTID": 26695,
        "NODE_ID": "2176106501",
        "GROUND_LEV": 29.012
      },
      "geometry": {
        "type": "Point",
        "coordinates": [
          276623.7000000002,
          2110550.6999999993
        ]
      }
    },
    {
      "type": "Feature",
      "properties": {
        "OBJECTID": 26697,
        "NODE_ID": "2176106602",
        "GROUND_LEV": 28.2
      },
      "geometry": {
        "type": "Point",
        "coordinates": [
          276681.5,
          2110612.5999999996
        ]
      }
    },
    {
      "type": "Feature",
      "properties": {
        "OBJECTID": 26758,
        "NODE_ID": "2176115503",
        "GROUND_LEV": 28.74
      },
      "geometry": {
        "type": "Point",
        "coordinates": [
          276594.5999999996,
          2111598.1999999993
        ]
      }
    },
    {
      "type": "Feature",
      "properties": {
        "OBJECTID": 26704,
        "NODE_ID": "2176107602",
        "GROUND_LEV": 28.4
      },
      "geometry": {
        "type": "Point",
        "coordinates": [
          276729.9000000004,
          2110678.5999999996
        ]
      }
    },
    {
      "type": "Feature",
      "properties": {
        "OBJECTID": 26706,
        "NODE_ID": "2176107702",
        "GROUND_LEV": 28.4
      },
      "geometry": {
        "type": "Point",
        "coordinates": [
          276769.5999999996,
          2110728.5999999996
        ]
      }
    },
    {
      "type": "Feature",
      "properties": {
        "OBJECTID": 26709,
        "NODE_ID": "2176107802",
        "GROUND_LEV": 28.2
      },
      "geometry": {
        "type": "Point",
        "coordinates": [
          276765.06439999957,
          2110816.867900001
        ]
      }
    },
    {
      "type": "Feature",
      "properties": {
        "OBJECTID": 26717,
        "NODE_ID": "2176108801",
        "GROUND_LEV": 28.321
      },
      "geometry": {
        "type": "Point",
        "coordinates": [
          276804.42349999957,
          2110804.6981000006
        ]
      }
    },
    {
      "type": "Feature",
      "properties": {
        "OBJECTID": 26771,
        "NODE_ID": "2176118001",
        "GROUND_LEV": 28.6
      },
      "geometry": {
        "type": "Point",
        "coordinates": [
          276842.2000000002,
          2111022.0999999996
        ]
      }
    },
    {
      "type": "Feature",
      "properties": {
        "OBJECTID": 26772,
        "NODE_ID": "2176118002",
        "GROUND_LEV": 28.6
      },
      "geometry": {
        "type": "Point",
        "coordinates": [
          276848.0999999996,
          2111023.6999999993
        ]
      }
    },
    {
      "type": "Feature",
      "properties": {
        "OBJECTID": 27829,
        "NODE_ID": "2177080501",
        "GROUND_LEV": 28.0
      },
      "geometry": {
        "type": "Point",
        "coordinates": [
          277001.94039999973,
          2108526.3307000007
        ]
      }
    },
    {
      "type": "Feature",
      "properties": {
        "OBJECTID": 26600,
        "NODE_ID": "2176089603",
        "GROUND_LEV": 28.533
      },
      "geometry": {
        "type": "Point",
        "coordinates": [
          276939.49450000003,
          2108685.5352
        ]
      }
    },
    {
      "type": "Feature",
      "properties": {
        "OBJECTID": 26716,
        "NODE_ID": "2176108704",
        "GROUND_LEV": 28.88
      },
      "geometry": {
        "type": "Point",
        "coordinates": [
          276882.95639999956,
          2110778.216
        ]
      }
    },
    {
      "type": "Feature",
      "properties": {
        "OBJECTID": 26782,
        "NODE_ID": "2176119101",
        "GROUND_LEV": 29.8
      },
      "geometry": {
        "type": "Point",
        "coordinates": [
          276980.5,
          2111170.8000000007
        ]
      }
    },
    {
      "type": "Feature",
      "properties": {
        "OBJECTID": 27821,
        "NODE_ID": "2177080301",
        "GROUND_LEV": 28.09
      },
      "geometry": {
        "type": "Point",
        "coordinates": [
          277053.9342,
          2108385.6482999995
        ]
      }
    },
    {
      "type": "Feature",
      "properties": {
        "OBJECTID": 27851,
        "NODE_ID": "2177081706",
        "GROUND_LEV": 27.821
      },
      "geometry": {
        "type": "Point",
        "coordinates": [
          277176.37760000024,
          2108769.387
        ]
      }
    },
    {
      "type": "Feature",
      "properties": {
        "OBJECTID": 27896,
        "NODE_ID": "2177091701",
        "GROUND_LEV": 29.15
      },
      "geometry": {
        "type": "Point",
        "coordinates": [
          277118.37040000036,
          2109767.4177
        ]
      }
    },
    {
      "type": "Feature",
      "properties": {
        "OBJECTID": 27902,
        "NODE_ID": "2177091707",
        "GROUND_LEV": 28.63
      },
      "geometry": {
        "type": "Point",
        "coordinates": [
          277180.7182,
          2109709.5615999997
        ]
      }
    },
    {
      "type": "Feature",
      "properties": {
        "OBJECTID": 28074,
        "NODE_ID": "2177100305",
        "GROUND_LEV": 30.009
      },
      "geometry": {
        "type": "Point",
        "coordinates": [
          277078.3953999998,
          2110305.7345000003
        ]
      }
    },
    {
      "type": "Feature",
      "properties": {
        "OBJECTID": 28081,
        "NODE_ID": "2177101203",
        "GROUND_LEV": 29.399
      },
      "geometry": {
        "type": "Point",
        "coordinates": [
          277166.6359000001,
          2110289.5415000003
        ]
      }
    },
    {
      "type": "Feature",
      "properties": {
        "OBJECTID": 28087,
        "NODE_ID": "2177101705",
        "GROUND_LEV": 28.64
      },
      "geometry": {
        "type": "Point",
        "coordinates": [
          277170.4000000004,
          2110726.3000000007
        ]
      }
    },
    {
      "type": "Feature",
      "properties": {
        "OBJECTID": 28076,
        "NODE_ID": "2177100702",
        "GROUND_LEV": 29.52
      },
      "geometry": {
        "type": "Point",
        "coordinates": [
          277044.49230000004,
          2110778.4230000004
        ]
      }
    },
    {
      "type": "Feature",
      "properties": {
        "OBJECTID": 28078,
        "NODE_ID": "2177100704",
        "GROUND_LEV": 29.3
      },
      "geometry": {
        "type": "Point",
        "coordinates": [
          277098.97020000033,
          2110766.1766
        ]
      }
    },
    {
      "type": "Feature",
      "properties": {
        "OBJECTID": 27857,
        "NODE_ID": "2177082801",
        "GROUND_LEV": 28.308
      },
      "geometry": {
        "type": "Point",
        "coordinates": [
          277225.2026000004,
          2108804.2490999997
        ]
      }
    },
    {
      "type": "Feature",
      "properties": {
        "OBJECTID": 27858,
        "NODE_ID": "2177082802",
        "GROUND_LEV": 28.008
      },
      "geometry": {
        "type": "Point",
        "coordinates": [
          277250.1255000001,
          2108820.8187000006
        ]
      }
    },
    {
      "type": "Feature",
      "properties": {
        "OBJECTID": 27860,
        "NODE_ID": "2177082804",
        "GROUND_LEV": 28.208
      },
      "geometry": {
        "type": "Point",
        "coordinates": [
          277262.66530000046,
          2108830.1636999995
        ]
      }
    },
    {
      "type": "Feature",
      "properties": {
        "OBJECTID": 27905,
        "NODE_ID": "2177092402",
        "GROUND_LEV": 28.66
      },
      "geometry": {
        "type": "Point",
        "coordinates": [
          277293.88379999995,
          2109443.5177999996
        ]
      }
    },
    {
      "type": "Feature",
      "properties": {
        "OBJECTID": 27907,
        "NODE_ID": "2177092501",
        "GROUND_LEV": 28.4
      },
      "geometry": {
        "type": "Point",
        "coordinates": [
          277225.6568999998,
          2109572.3686999995
        ]
      }
    },
    {
      "type": "Feature",
      "properties": {
        "OBJECTID": 27912,
        "NODE_ID": "2177092506",
        "GROUND_LEV": 28.2
      },
      "geometry": {
        "type": "Point",
        "coordinates": [
          277257.82100000046,
          2109531.1680999994
        ]
      }
    },
    {
      "type": "Feature",
      "properties": {
        "OBJECTID": 27913,
        "NODE_ID": "2177092507",
        "GROUND_LEV": 28.5
      },
      "geometry": {
        "type": "Point",
        "coordinates": [
          277262.49069999997,
          2109558.2479
        ]
      }
    },
    {
      "type": "Feature",
      "properties": {
        "OBJECTID": 27915,
        "NODE_ID": "2177092509",
        "GROUND_LEV": 28.21
      },
      "geometry": {
        "type": "Point",
        "coordinates": [
          277271.2773000002,
          2109538.275800001
        ]
      }
    },
    {
      "type": "Feature",
      "properties": {
        "OBJECTID": 27923,
        "NODE_ID": "2177092702",
        "GROUND_LEV": 28.639
      },
      "geometry": {
        "type": "Point",
        "coordinates": [
          277222.09279999975,
          2109774.7147000004
        ]
      }
    },
    {
      "type": "Feature",
      "properties": {
        "OBJECTID": 27924,
        "NODE_ID": "2177092703",
        "GROUND_LEV": 28.609
      },
      "geometry": {
        "type": "Point",
        "coordinates": [
          277242.4000000004,
          2109797
        ]
      }
    },
    {
      "type": "Feature",
      "properties": {
        "OBJECTID": 27926,
        "NODE_ID": "2177092802",
        "GROUND_LEV": 28.559
      },
      "geometry": {
        "type": "Point",
        "coordinates": [
          277284.6172000002,
          2109836.335000001
        ]
      }
    },
    {
      "type": "Feature",
      "properties": {
        "OBJECTID": 27943,
        "NODE_ID": "2177093801",
        "GROUND_LEV": 28.709
      },
      "geometry": {
        "type": "Point",
        "coordinates": [
          277310.2786999997,
          2109855.851
        ]
      }
    },
    {
      "type": "Feature",
      "properties": {
        "OBJECTID": 28110,
        "NODE_ID": "2177103203",
        "GROUND_LEV": 29.15
      },
      "geometry": {
        "type": "Point",
        "coordinates": [
          277330.5,
          2110201.4000000004
        ]
      }
    },
    {
      "type": "Feature",
      "properties": {
        "OBJECTID": 28089,
        "NODE_ID": "2177102202",
        "GROUND_LEV": 29.009
      },
      "geometry": {
        "type": "Point",
        "coordinates": [
          277255.9000000004,
          2110284.5999999996
        ]
      }
    },
    {
      "type": "Feature",
      "properties": {
        "OBJECTID": 28304,
        "NODE_ID": "2177112301",
        "GROUND_LEV": 30.4
      },
      "geometry": {
        "type": "Point",
        "coordinates": [
          277220.11099999957,
          2111391.6460999995
        ]
      }
    },
    {
      "type": "Feature",
      "properties": {
        "OBJECTID": 28310,
        "NODE_ID": "2177112406",
        "GROUND_LEV": 31.52
      },
      "geometry": {
        "type": "Point",
        "coordinates": [
          277295.3230999997,
          2111475.0946999993
        ]
      }
    },
    {
      "type": "Feature",
      "properties": {
        "OBJECTID": 28314,
        "NODE_ID": "2177113501",
        "GROUND_LEV": 31.8
      },
      "geometry": {
        "type": "Point",
        "coordinates": [
          277307.72389999963,
          2111530.5365999993
        ]
      }
    },
    {
      "type": "Feature",
      "properties": {
        "OBJECTID": 27871,
        "NODE_ID": "2177083902",
        "GROUND_LEV": 28.103
      },
      "geometry": {
        "type": "Point",
        "coordinates": [
          277381.0872999998,
          2108919.5547
        ]
      }
    },
    {
      "type": "Feature",
      "properties": {
        "OBJECTID": 27956,
        "NODE_ID": "2177094102",
        "GROUND_LEV": 28.8
      },
      "geometry": {
        "type": "Point",
        "coordinates": [
          277412.4299999997,
          2109149.967599999
        ]
      }
    },
    {
      "type": "Feature",
      "properties": {
        "OBJECTID": 27962,
        "NODE_ID": "2177094108",
        "GROUND_LEV": 28.44
      },
      "geometry": {
        "type": "Point",
        "coordinates": [
          277441.43730000034,
          2109127.637700001
        ]
      }
    },
    {
      "type": "Feature",
      "properties": {
        "OBJECTID": 27953,
        "NODE_ID": "2177094007",
        "GROUND_LEV": 28.13
      },
      "geometry": {
        "type": "Point",
        "coordinates": [
          277478.64940000046,
          2109037.6985
        ]
      }
    },
    {
      "type": "Feature",
      "properties": {
        "OBJECTID": 27929,
        "NODE_ID": "2177093203",
        "GROUND_LEV": 28.37
      },
      "geometry": {
        "type": "Point",
        "coordinates": [
          277376.0471000001,
          2109237.962099999
        ]
      }
    },
    {
      "type": "Feature",
      "properties": {
        "OBJECTID": 27932,
        "NODE_ID": "2177093206",
        "GROUND_LEV": 28.29
      },
      "geometry": {
        "type": "Point",
        "coordinates": [
          277392.82019999996,
          2109244.9579000007
        ]
      }
    },
    {
      "type": "Feature",
      "properties": {
        "OBJECTID": 27955,
        "NODE_ID": "2177094101",
        "GROUND_LEV": 28.43
      },
      "geometry": {
        "type": "Point",
        "coordinates": [
          277400.34109999985,
          2109179.181500001
        ]
      }
    },
    {
      "type": "Feature",
      "properties": {
        "OBJECTID": 27959,
        "NODE_ID": "2177094105",
        "GROUND_LEV": 28.9
      },
      "geometry": {
        "type": "Point",
        "coordinates": [
          277425.2315999996,
          2109168.0295
        ]
      }
    },
    {
      "type": "Feature",
      "properties": {
        "OBJECTID": 27968,
        "NODE_ID": "2177094905",
        "GROUND_LEV": 28.789
      },
      "geometry": {
        "type": "Point",
        "coordinates": [
          277493.2999999998,
          2109984.1999999993
        ]
      }
    },
    {
      "type": "Feature",
      "properties": {
        "OBJECTID": 28318,
        "NODE_ID": "2177113505",
        "GROUND_LEV": 31.902
      },
      "geometry": {
        "type": "Point",
        "coordinates": [
          277348.87600000016,
          2111526.6849000007
        ]
      }
    },
    {
      "type": "Feature",
      "properties": {
        "OBJECTID": 27982,
        "NODE_ID": "2177096102",
        "GROUND_LEV": 28.228
      },
      "geometry": {
        "type": "Point",
        "coordinates": [
          277627.7054000003,
          2109148.0130000003
        ]
      }
    },
    {
      "type": "Feature",
      "properties": {
        "OBJECTID": 28001,
        "NODE_ID": "2177096903",
        "GROUND_LEV": 28.809
      },
      "geometry": {
        "type": "Point",
        "coordinates": [
          277631.6326000001,
          2109940.0975
        ]
      }
    },
    {
      "type": "Feature",
      "properties": {
        "OBJECTID": 28168,
        "NODE_ID": "2177105017!",
        "GROUND_LEV": 28.609
      },
      "geometry": {
        "type": "Point",
        "coordinates": [
          277559.5999999996,
          2110036.0999999996
        ]
      }
    },
    {
      "type": "Feature",
      "properties": {
        "OBJECTID": 27997,
        "NODE_ID": "2177096901",
        "GROUND_LEV": 28.409
      },
      "geometry": {
        "type": "Point",
        "coordinates": [
          277604.3409000002,
          2109977.5593
        ]
      }
    },
    {
      "type": "Feature",
      "properties": {
        "OBJECTID": 28176,
        "NODE_ID": "2177105202",
        "GROUND_LEV": 28.6
      },
      "geometry": {
        "type": "Point",
        "coordinates": [
          277536.9000000004,
          2110241.4000000004
        ]
      }
    },
    {
      "type": "Feature",
      "properties": {
        "OBJECTID": 28170,
        "NODE_ID": "2177105101!",
        "GROUND_LEV": 28.609
      },
      "geometry": {
        "type": "Point",
        "coordinates": [
          277541.4397999998,
          2110181.659
        ]
      }
    },
    {
      "type": "Feature",
      "properties": {
        "OBJECTID": 28188,
        "NODE_ID": "2177105305",
        "GROUND_LEV": 29.001
      },
      "geometry": {
        "type": "Point",
        "coordinates": [
          277523.03839999996,
          2110335.940300001
        ]
      }
    },
    {
      "type": "Feature",
      "properties": {
        "OBJECTID": 28191,
        "NODE_ID": "2177105306!",
        "GROUND_LEV": 28.8
      },
      "geometry": {
        "type": "Point",
        "coordinates": [
          277523.03839999996,
          2110344.0341999996
        ]
      }
    },
    {
      "type": "Feature",
      "properties": {
        "OBJECTID": 28206,
        "NODE_ID": "2177105314",
        "GROUND_LEV": 28.809
      },
      "geometry": {
        "type": "Point",
        "coordinates": [
          277531.7873999998,
          2110301.2030999996
        ]
      }
    },
    {
      "type": "Feature",
      "properties": {
        "OBJECTID": 28211,
        "NODE_ID": "2177105316!",
        "GROUND_LEV": 29.809
      },
      "geometry": {
        "type": "Point",
        "coordinates": [
          277544.5617000004,
          2110354.2634999994
        ]
      }
    },
    {
      "type": "Feature",
      "properties": {
        "OBJECTID": 28335,
        "NODE_ID": "2177115502",
        "GROUND_LEV": 32.79
      },
      "geometry": {
        "type": "Point",
        "coordinates": [
          277596.11209999956,
          2111559.601
        ]
      }
    },
    {
      "type": "Feature",
      "properties": {
        "OBJECTID": 27984,
        "NODE_ID": "2177096104",
        "GROUND_LEV": 28.533
      },
      "geometry": {
        "type": "Point",
        "coordinates": [
          277664.0870000003,
          2109195.6503999997
        ]
      }
    },
    {
      "type": "Feature",
      "properties": {
        "OBJECTID": 28027,
        "NODE_ID": "2177097703",
        "GROUND_LEV": 28.908
      },
      "geometry": {
        "type": "Point",
        "coordinates": [
          277724.3957000002,
          2109715.4382000007
        ]
      }
    },
    {
      "type": "Feature",
      "properties": {
        "OBJECTID": 28022,
        "NODE_ID": "2177097605",
        "GROUND_LEV": 28.408
      },
      "geometry": {
        "type": "Point",
        "coordinates": [
          277772.0292999996,
          2109641.9298
        ]
      }
    },
    {
      "type": "Feature",
      "properties": {
        "OBJECTID": 27990,
        "NODE_ID": "2177096802!",
        "GROUND_LEV": 29.009
      },
      "geometry": {
        "type": "Point",
        "coordinates": [
          277665.4107999997,
          2109896.251700001
        ]
      }
    },
    {
      "type": "Feature",
      "properties": {
        "OBJECTID": 27993,
        "NODE_ID": "2177096804",
        "GROUND_LEV": 29.009
      },
      "geometry": {
        "type": "Point",
        "coordinates": [
          277689.54750000034,
          2109871.669500001
        ]
      }
    },
    {
      "type": "Feature",
      "properties": {
        "OBJECTID": 28035,
        "NODE_ID": "2177097806!",
        "GROUND_LEV": 28.809
      },
      "geometry": {
        "type": "Point",
        "coordinates": [
          277701.0999999996,
          2109861.1999999993
        ]
      }
    },
    {
      "type": "Feature",
      "properties": {
        "OBJECTID": 28033,
        "NODE_ID": "2177097805",
        "GROUND_LEV": 28.209
      },
      "geometry": {
        "type": "Point",
        "coordinates": [
          277775.27249999996,
          2109814.3928999994
        ]
      }
    },
    {
      "type": "Feature",
      "properties": {
        "OBJECTID": 28064,
        "NODE_ID": "2177099402",
        "GROUND_LEV": 27.84
      },
      "geometry": {
        "type": "Point",
        "coordinates": [
          277929.9000000004,
          2109441.1999999993
        ]
      }
    },
    {
      "type": "Feature",
      "properties": {
        "OBJECTID": 28040,
        "NODE_ID": "2177098403",
        "GROUND_LEV": 28.578
      },
      "geometry": {
        "type": "Point",
        "coordinates": [
          277812.75349999964,
          2109481.8665999994
        ]
      }
    },
    {
      "type": "Feature",
      "properties": {
        "OBJECTID": 28048,
        "NODE_ID": "2177098504",
        "GROUND_LEV": 28.69
      },
      "geometry": {
        "type": "Point",
        "coordinates": [
          277825.92870000005,
          2109585.1970000006
        ]
      }
    },
    {
      "type": "Feature",
      "properties": {
        "OBJECTID": 28052,
        "NODE_ID": "2177098508",
        "GROUND_LEV": 28.207
      },
      "geometry": {
        "type": "Point",
        "coordinates": [
          277855.3814000003,
          2109588.3652999997
        ]
      }
    },
    {
      "type": "Feature",
      "properties": {
        "OBJECTID": 28053,
        "NODE_ID": "2177098509",
        "GROUND_LEV": 28.198
      },
      "geometry": {
        "type": "Point",
        "coordinates": [
          277855.3814000003,
          2109599.087099999
        ]
      }
    },
    {
      "type": "Feature",
      "properties": {
        "OBJECTID": 28067,
        "NODE_ID": "2177099601",
        "GROUND_LEV": 28.59
      },
      "geometry": {
        "type": "Point",
        "coordinates": [
          277924.0739000002,
          2109664.8291999996
        ]
      }
    },
    {
      "type": "Feature",
      "properties": {
        "OBJECTID": 28266,
        "NODE_ID": "2177109601",
        "GROUND_LEV": 28.809
      },
      "geometry": {
        "type": "Point",
        "coordinates": [
          277916.9819,
          2110652.5429
        ]
      }
    },
    {
      "type": "Feature",
      "properties": {
        "OBJECTID": 28269,
        "NODE_ID": "2177109602!",
        "GROUND_LEV": 28.84
      },
      "geometry": {
        "type": "Point",
        "coordinates": [
          277940.4787999997,
          2110671.3818999995
        ]
      }
    },
    {
      "type": "Feature",
      "properties": {
        "OBJECTID": 28360,
        "NODE_ID": "2177119002!",
        "GROUND_LEV": 30.2
      },
      "geometry": {
        "type": "Point",
        "coordinates": [
          277953.65490000043,
          2111042.306
        ]
      }
    },
    {
      "type": "Feature",
      "properties": {
        "OBJECTID": 28986,
        "NODE_ID": "2178100801",
        "GROUND_LEV": 29.601
      },
      "geometry": {
        "type": "Point",
        "coordinates": [
          278000.1946999999,
          2110805.1659999993
        ]
      }
    },
    {
      "type": "Feature",
      "properties": {
        "OBJECTID": 28981,
        "NODE_ID": "2178100707!",
        "GROUND_LEV": 29.748
      },
      "geometry": {
        "type": "Point",
        "coordinates": [
          278055.5473999996,
          2110757.7847000007
        ]
      }
    },
    {
      "type": "Feature",
      "properties": {
        "OBJECTID": 29112,
        "NODE_ID": "2178110001",
        "GROUND_LEV": 30.258
      },
      "geometry": {
        "type": "Point",
        "coordinates": [
          278056.5401999997,
          2111025.5449
        ]
      }
    },
    {
      "type": "Feature",
      "properties": {
        "OBJECTID": 29114,
        "NODE_ID": "2178110002",
        "GROUND_LEV": 30.418
      },
      "geometry": {
        "type": "Point",
        "coordinates": [
          278058.4928000001,
          2111054.6636999995
        ]
      }
    },
    {
      "type": "Feature",
      "properties": {
        "OBJECTID": 29154,
        "NODE_ID": "2178110801",
        "GROUND_LEV": 45.53
      },
      "geometry": {
        "type": "Point",
        "coordinates": [
          278001.77579999994,
          2111866.2190000005
        ]
      }
    },
    {
      "type": "Feature",
      "properties": {
        "OBJECTID": 28879,
        "NODE_ID": "2178091303",
        "GROUND_LEV": 28.02
      },
      "geometry": {
        "type": "Point",
        "coordinates": [
          278158.75129999965,
          2109372.4836999997
        ]
      }
    },
    {
      "type": "Feature",
      "properties": {
        "OBJECTID": 29010,
        "NODE_ID": "2178101803",
        "GROUND_LEV": 29.959
      },
      "geometry": {
        "type": "Point",
        "coordinates": [
          278170.52749999985,
          2110846.663899999
        ]
      }
    },
    {
      "type": "Feature",
      "properties": {
        "OBJECTID": 29186,
        "NODE_ID": "2178112004",
        "GROUND_LEV": 29.209
      },
      "geometry": {
        "type": "Point",
        "coordinates": [
          278240.4000000004,
          2111003.4000000004
        ]
      }
    },
    {
      "type": "Feature",
      "properties": {
        "OBJECTID": 29161,
        "NODE_ID": "2178111102!",
        "GROUND_LEV": 29.801
      },
      "geometry": {
        "type": "Point",
        "coordinates": [
          278191.2496999996,
          2111177.4499999993
        ]
      }
    },
    {
      "type": "Feature",
      "properties": {
        "OBJECTID": 29163,
        "NODE_ID": "2178111103!",
        "GROUND_LEV": 29.15
      },
      "geometry": {
        "type": "Point",
        "coordinates": [
          278196.37650000025,
          2111139.8268
        ]
      }
    },
    {
      "type": "Feature",
      "properties": {
        "OBJECTID": 29193,
        "NODE_ID": "2178112103!",
        "GROUND_LEV": 29.288
      },
      "geometry": {
        "type": "Point",
        "coordinates": [
          278215.06400000025,
          2111147.9487999994
        ]
      }
    },
    {
      "type": "Feature",
      "properties": {
        "OBJECTID": 29176,
        "NODE_ID": "2178111503",
        "GROUND_LEV": 36.308
      },
      "geometry": {
        "type": "Point",
        "coordinates": [
          278170.4726,
          2111518.6348
        ]
      }
    },
    {
      "type": "Feature",
      "properties": {
        "OBJECTID": 29223,
        "NODE_ID": "2178113504!",
        "GROUND_LEV": 36.328
      },
      "geometry": {
        "type": "Point",
        "coordinates": [
          278368.5745000001,
          2111587.599199999
        ]
      }
    },
    {
      "type": "Feature",
      "properties": {
        "OBJECTID": 28946,
        "NODE_ID": "2178095902",
        "GROUND_LEV": 28.048
      },
      "geometry": {
        "type": "Point",
        "coordinates": [
          278525.9000000004,
          2109974
        ]
      }
    },
    {
      "type": "Feature",
      "properties": {
        "OBJECTID": 29029,
        "NODE_ID": "2178104401!",
        "GROUND_LEV": 28.372
      },
      "geometry": {
        "type": "Point",
        "coordinates": [
          278476.7000000002,
          2110444.8000000007
        ]
      }
    },
    {
      "type": "Feature",
      "properties": {
        "OBJECTID": 29039,
        "NODE_ID": "2178105401!",
        "GROUND_LEV": 28.4
      },
      "geometry": {
        "type": "Point",
        "coordinates": [
          278525.2000000002,
          2110484
        ]
      }
    },
    {
      "type": "Feature",
      "properties": {
        "OBJECTID": 29237,
        "NODE_ID": "2178115601!",
        "GROUND_LEV": 36.808
      },
      "geometry": {
        "type": "Point",
        "coordinates": [
          278510.50820000004,
          2111636.1098999996
        ]
      }
    },
    {
      "type": "Feature",
      "properties": {
        "OBJECTID": 22239,
        "NODE_ID": "2174092201",
        "GROUND_LEV": 28.3
      },
      "geometry": {
        "type": "Point",
        "coordinates": [
          274273.5,
          2109281.3000000007
        ]
      }
    },
    {
      "type": "Feature",
      "properties": {
        "OBJECTID": 22258,
        "NODE_ID": "2174094002",
        "GROUND_LEV": 27.48
      },
      "geometry": {
        "type": "Point",
        "coordinates": [
          274417.5999999996,
          2109019
        ]
      }
    },
    {
      "type": "Feature",
      "properties": {
        "OBJECTID": 22266,
        "NODE_ID": "2174095904",
        "GROUND_LEV": 28.3
      },
      "geometry": {
        "type": "Point",
        "coordinates": [
          274577.7000000002,
          2109925.1999999993
        ]
      }
    },
    {
      "type": "Feature",
      "properties": {
        "OBJECTID": 24676,
        "NODE_ID": "2175101501",
        "GROUND_LEV": 29.411
      },
      "geometry": {
        "type": "Point",
        "coordinates": [
          275107.32459999993,
          2110545.7865999993
        ]
      }
    },
    {
      "type": "Feature",
      "properties": {
        "OBJECTID": 24680,
        "NODE_ID": "2175101601",
        "GROUND_LEV": 30.611
      },
      "geometry": {
        "type": "Point",
        "coordinates": [
          275124.02660000045,
          2110617.0396
        ]
      }
    },
    {
      "type": "Feature",
      "properties": {
        "OBJECTID": 24682,
        "NODE_ID": "2175101603",
        "GROUND_LEV": 30.558
      },
      "geometry": {
        "type": "Point",
        "coordinates": [
          275128.4642000003,
          2110625.5197
        ]
      }
    },
    {
      "type": "Feature",
      "properties": {
        "OBJECTID": 24643,
        "NODE_ID": "2175086503",
        "GROUND_LEV": 27.9
      },
      "geometry": {
        "type": "Point",
        "coordinates": [
          275647.3119000001,
          2108573.7529000007
        ]
      }
    },
    {
      "type": "Feature",
      "properties": {
        "OBJECTID": 24651,
        "NODE_ID": "2175087802",
        "GROUND_LEV": 27.92
      },
      "geometry": {
        "type": "Point",
        "coordinates": [
          275727.2427000003,
          2108806.945699999
        ]
      }
    },
    {
      "type": "Feature",
      "properties": {
        "OBJECTID": 24738,
        "NODE_ID": "2175107002",
        "GROUND_LEV": 29.18
      },
      "geometry": {
        "type": "Point",
        "coordinates": [
          275721.05979999993,
          2110057.556399999
        ]
      }
    },
    {
      "type": "Feature",
      "properties": {
        "OBJECTID": 24739,
        "NODE_ID": "2175107003",
        "GROUND_LEV": 29.1
      },
      "geometry": {
        "type": "Point",
        "coordinates": [
          275745.02440000046,
          2110072.2444
        ]
      }
    },
    {
      "type": "Feature",
      "properties": {
        "OBJECTID": 24726,
        "NODE_ID": "2175106401",
        "GROUND_LEV": 28.401
      },
      "geometry": {
        "type": "Point",
        "coordinates": [
          275673.0999999996,
          2110425.0999999996
        ]
      }
    },
    {
      "type": "Feature",
      "properties": {
        "OBJECTID": 24655,
        "NODE_ID": "2175088304",
        "GROUND_LEV": 27.63
      },
      "geometry": {
        "type": "Point",
        "coordinates": [
          275876.2000000002,
          2108369.5
        ]
      }
    },
    {
      "type": "Feature",
      "properties": {
        "OBJECTID": 24661,
        "NODE_ID": "2175089401",
        "GROUND_LEV": 27.5
      },
      "geometry": {
        "type": "Point",
        "coordinates": [
          275919.9000000004,
          2108463.4000000004
        ]
      }
    },
    {
      "type": "Feature",
      "properties": {
        "OBJECTID": 24755,
        "NODE_ID": "2175108104",
        "GROUND_LEV": 28.56
      },
      "geometry": {
        "type": "Point",
        "coordinates": [
          275889.5845999997,
          2110153.4146
        ]
      }
    },
    {
      "type": "Feature",
      "properties": {
        "OBJECTID": 24765,
        "NODE_ID": "2175109102",
        "GROUND_LEV": 28.83
      },
      "geometry": {
        "type": "Point",
        "coordinates": [
          275924.37179999985,
          2110170.4217000008
        ]
      }
    },
    {
      "type": "Feature",
      "properties": {
        "OBJECTID": 24758,
        "NODE_ID": "2175108503",
        "GROUND_LEV": 28.721
      },
      "geometry": {
        "type": "Point",
        "coordinates": [
          275837.1506000003,
          2110597.3638000004
        ]
      }
    },
    {
      "type": "Feature",
      "properties": {
        "OBJECTID": 24760,
        "NODE_ID": "2175108602",
        "GROUND_LEV": 28.69
      },
      "geometry": {
        "type": "Point",
        "coordinates": [
          275842.5125000002,
          2110618.8562000003
        ]
      }
    },
    {
      "type": "Feature",
      "properties": {
        "OBJECTID": 24664,
        "NODE_ID": "2175089503",
        "GROUND_LEV": 27.5
      },
      "geometry": {
        "type": "Point",
        "coordinates": [
          275981.5999999996,
          2108550.3000000007
        ]
      }
    },
    {
      "type": "Feature",
      "properties": {
        "OBJECTID": 24665,
        "NODE_ID": "2175089601",
        "GROUND_LEV": 28.41
      },
      "geometry": {
        "type": "Point",
        "coordinates": [
          275983.7999999998,
          2108656.8000000007
        ]
      }
    },
    {
      "type": "Feature",
      "properties": {
        "OBJECTID": 24766,
        "NODE_ID": "2175109103",
        "GROUND_LEV": 28.72
      },
      "geometry": {
        "type": "Point",
        "coordinates": [
          275949.8825000003,
          2110178.9252000004
        ]
      }
    },
    {
      "type": "Feature",
      "properties": {
        "OBJECTID": 26728,
        "NODE_ID": "2176110104",
        "GROUND_LEV": 29.105
      },
      "geometry": {
        "type": "Point",
        "coordinates": [
          276082.5,
          2111157.9000000004
        ]
      }
    },
    {
      "type": "Feature",
      "properties": {
        "OBJECTID": 24782,
        "NODE_ID": "2175119202",
        "GROUND_LEV": 29.3
      },
      "geometry": {
        "type": "Point",
        "coordinates": [
          275946.7000000002,
          2111224.0999999996
        ]
      }
    },
    {
      "type": "Feature",
      "properties": {
        "OBJECTID": 26554,
        "NODE_ID": "2176081801",
        "GROUND_LEV": 27.8
      },
      "geometry": {
        "type": "Point",
        "coordinates": [
          276105.7000000002,
          2108881
        ]
      }
    },
    {
      "type": "Feature",
      "properties": {
        "OBJECTID": 26653,
        "NODE_ID": "2176101101",
        "GROUND_LEV": 28.32
      },
      "geometry": {
        "type": "Point",
        "coordinates": [
          276120.5558000002,
          2110151.093699999
        ]
      }
    },
    {
      "type": "Feature",
      "properties": {
        "OBJECTID": 26736,
        "NODE_ID": "2176111401",
        "GROUND_LEV": 28.85
      },
      "geometry": {
        "type": "Point",
        "coordinates": [
          276103.2999999998,
          2111422.8000000007
        ]
      }
    },
    {
      "type": "Feature",
      "properties": {
        "OBJECTID": 26737,
        "NODE_ID": "2176111601",
        "GROUND_LEV": 30.61
      },
      "geometry": {
        "type": "Point",
        "coordinates": [
          276179.5,
          2111654.9000000004
        ]
      }
    },
    {
      "type": "Feature",
      "properties": {
        "OBJECTID": 26744,
        "NODE_ID": "2176112601",
        "GROUND_LEV": 30.5
      },
      "geometry": {
        "type": "Point",
        "coordinates": [
          276226.5,
          2111629.0999999996
        ]
      }
    },
    {
      "type": "Feature",
      "properties": {
        "OBJECTID": 26558,
        "NODE_ID": "2176082801",
        "GROUND_LEV": 27.943
      },
      "geometry": {
        "type": "Point",
        "coordinates": [
          276252.0999999996,
          2108889
        ]
      }
    },
    {
      "type": "Feature",
      "properties": {
        "OBJECTID": 26560,
        "NODE_ID": "2176083901",
        "GROUND_LEV": 28.401
      },
      "geometry": {
        "type": "Point",
        "coordinates": [
          276305.7999999998,
          2108943.0999999996
        ]
      }
    },
    {
      "type": "Feature",
      "properties": {
        "OBJECTID": 26621,
        "NODE_ID": "2176093501",
        "GROUND_LEV": 28.0
      },
      "geometry": {
        "type": "Point",
        "coordinates": [
          276361.0999999996,
          2109536.3000000007
        ]
      }
    },
    {
      "type": "Feature",
      "properties": {
        "OBJECTID": 26666,
        "NODE_ID": "2176103101",
        "GROUND_LEV": 28.67
      },
      "geometry": {
        "type": "Point",
        "coordinates": [
          276309.5999999996,
          2110146.5999999996
        ]
      }
    },
    {
      "type": "Feature",
      "properties": {
        "OBJECTID": 26664,
        "NODE_ID": "2176102501",
        "GROUND_LEV": 29.199
      },
      "geometry": {
        "type": "Point",
        "coordinates": [
          276290.35589999985,
          2110563.3356
        ]
      }
    },
    {
      "type": "Feature",
      "properties": {
        "OBJECTID": 26740,
        "NODE_ID": "2176112003",
        "GROUND_LEV": 29.145
      },
      "geometry": {
        "type": "Point",
        "coordinates": [
          276269.5,
          2111062.9000000004
        ]
      }
    },
    {
      "type": "Feature",
      "properties": {
        "OBJECTID": 26742,
        "NODE_ID": "2176112101",
        "GROUND_LEV": 28.99
      },
      "geometry": {
        "type": "Point",
        "coordinates": [
          276292.0999999996,
          2111185.5999999996
        ]
      }
    },
    {
      "type": "Feature",
      "properties": {
        "OBJECTID": 26628,
        "NODE_ID": "2176094001",
        "GROUND_LEV": 29.2
      },
      "geometry": {
        "type": "Point",
        "coordinates": [
          276437.2000000002,
          2109059.4000000004
        ]
      }
    },
    {
      "type": "Feature",
      "properties": {
        "OBJECTID": 26633,
        "NODE_ID": "2176094502",
        "GROUND_LEV": 29.478
      },
      "geometry": {
        "type": "Point",
        "coordinates": [
          276486.7999999998,
          2109592.5
        ]
      }
    },
    {
      "type": "Feature",
      "properties": {
        "OBJECTID": 26635,
        "NODE_ID": "2176094902",
        "GROUND_LEV": 28.121
      },
      "geometry": {
        "type": "Point",
        "coordinates": [
          276428.9000000004,
          2109935.0999999996
        ]
      }
    },
    {
      "type": "Feature",
      "properties": {
        "OBJECTID": 26642,
        "NODE_ID": "2176095801",
        "GROUND_LEV": 30.022
      },
      "geometry": {
        "type": "Point",
        "coordinates": [
          276534.2000000002,
          2109889.4000000004
        ]
      }
    },
    {
      "type": "Feature",
      "properties": {
        "OBJECTID": 26637,
        "NODE_ID": "2176094904",
        "GROUND_LEV": 28.5
      },
      "geometry": {
        "type": "Point",
        "coordinates": [
          276431.7999999998,
          2109994.8000000007
        ]
      }
    },
    {
      "type": "Feature",
      "properties": {
        "OBJECTID": 26688,
        "NODE_ID": "2176105401",
        "GROUND_LEV": 28.917
      },
      "geometry": {
        "type": "Point",
        "coordinates": [
          276529.4000000004,
          2110424.9000000004
        ]
      }
    },
    {
      "type": "Feature",
      "properties": {
        "OBJECTID": 26690,
        "NODE_ID": "2176105901",
        "GROUND_LEV": 29.01
      },
      "geometry": {
        "type": "Point",
        "coordinates": [
          276523.0999999996,
          2110934.0999999996
        ]
      }
    },
    {
      "type": "Feature",
      "properties": {
        "OBJECTID": 26750,
        "NODE_ID": "2176114101",
        "GROUND_LEV": 31.46
      },
      "geometry": {
        "type": "Point",
        "coordinates": [
          276407.9000000004,
          2111116.6999999993
        ]
      }
    },
    {
      "type": "Feature",
      "properties": {
        "OBJECTID": 26760,
        "NODE_ID": "2176115801",
        "GROUND_LEV": 29.95
      },
      "geometry": {
        "type": "Point",
        "coordinates": [
          276528.2999999998,
          2111839
        ]
      }
    },
    {
      "type": "Feature",
      "properties": {
        "OBJECTID": 26574,
        "NODE_ID": "2176086302",
        "GROUND_LEV": 28.308
      },
      "geometry": {
        "type": "Point",
        "coordinates": [
          276645.61259999964,
          2108353.448000001
        ]
      }
    },
    {
      "type": "Feature",
      "properties": {
        "OBJECTID": 26640,
        "NODE_ID": "2176095402",
        "GROUND_LEV": 29.106
      },
      "geometry": {
        "type": "Point",
        "coordinates": [
          276584.9000000004,
          2109400.8000000007
        ]
      }
    },
    {
      "type": "Feature",
      "properties": {
        "OBJECTID": 26644,
        "NODE_ID": "2176096901",
        "GROUND_LEV": 34.482
      },
      "geometry": {
        "type": "Point",
        "coordinates": [
          276682.2999999998,
          2109972.5999999996
        ]
      }
    },
    {
      "type": "Feature",
      "properties": {
        "OBJECTID": 26698,
        "NODE_ID": "2176106603",
        "GROUND_LEV": 28.2
      },
      "geometry": {
        "type": "Point",
        "coordinates": [
          276694.7000000002,
          2110629.6999999993
        ]
      }
    },
    {
      "type": "Feature",
      "properties": {
        "OBJECTID": 26580,
        "NODE_ID": "2176087401",
        "GROUND_LEV": 27.778
      },
      "geometry": {
        "type": "Point",
        "coordinates": [
          276716.6327999998,
          2108447.2106
        ]
      }
    },
    {
      "type": "Feature",
      "properties": {
        "OBJECTID": 26701,
        "NODE_ID": "2176107201",
        "GROUND_LEV": 34.5
      },
      "geometry": {
        "type": "Point",
        "coordinates": [
          276777,
          2110228.6999999993
        ]
      }
    },
    {
      "type": "Feature",
      "properties": {
        "OBJECTID": 26710,
        "NODE_ID": "2176107803",
        "GROUND_LEV": 28.2
      },
      "geometry": {
        "type": "Point",
        "coordinates": [
          276786.7483999999,
          2110811.5792999994
        ]
      }
    },
    {
      "type": "Feature",
      "properties": {
        "OBJECTID": 26776,
        "NODE_ID": "2176118502",
        "GROUND_LEV": 31.1
      },
      "geometry": {
        "type": "Point",
        "coordinates": [
          276849.76850000024,
          2111573.0294000003
        ]
      }
    },
    {
      "type": "Feature",
      "properties": {
        "OBJECTID": 27825,
        "NODE_ID": "2177080401",
        "GROUND_LEV": 28.22
      },
      "geometry": {
        "type": "Point",
        "coordinates": [
          277008.89460000023,
          2108497.0810000002
        ]
      }
    },
    {
      "type": "Feature",
      "properties": {
        "OBJECTID": 26601,
        "NODE_ID": "2176089604",
        "GROUND_LEV": 28.417
      },
      "geometry": {
        "type": "Point",
        "coordinates": [
          276940.824,
          2108642.6469
        ]
      }
    },
    {
      "type": "Feature",
      "properties": {
        "OBJECTID": 26593,
        "NODE_ID": "2176088802",
        "GROUND_LEV": 28.655
      },
      "geometry": {
        "type": "Point",
        "coordinates": [
          276880.9923999999,
          2108837.6974
        ]
      }
    },
    {
      "type": "Feature",
      "properties": {
        "OBJECTID": 26720,
        "NODE_ID": "2176109701",
        "GROUND_LEV": 28.44
      },
      "geometry": {
        "type": "Point",
        "coordinates": [
          276909.3541000001,
          2110782.9696999993
        ]
      }
    },
    {
      "type": "Feature",
      "properties": {
        "OBJECTID": 26721,
        "NODE_ID": "2176109702",
        "GROUND_LEV": 28.69
      },
      "geometry": {
        "type": "Point",
        "coordinates": [
          276927.7287999997,
          2110761.7413999997
        ]
      }
    },
    {
      "type": "Feature",
      "properties": {
        "OBJECTID": 26724,
        "NODE_ID": "2176109705",
        "GROUND_LEV": 28.83
      },
      "geometry": {
        "type": "Point",
        "coordinates": [
          276984.6298000002,
          2110775.8989000004
        ]
      }
    },
    {
      "type": "Feature",
      "properties": {
        "OBJECTID": 26783,
        "NODE_ID": "2176119102",
        "GROUND_LEV": 30.2
      },
      "geometry": {
        "type": "Point",
        "coordinates": [
          276987.2999999998,
          2111178.1999999993
        ]
      }
    },
    {
      "type": "Feature",
      "properties": {
        "OBJECTID": 26781,
        "NODE_ID": "2176119003",
        "GROUND_LEV": 28.83
      },
      "geometry": {
        "type": "Point",
        "coordinates": [
          276987.5999999996,
          2111051.4000000004
        ]
      }
    },
    {
      "type": "Feature",
      "properties": {
        "OBJECTID": 28288,
        "NODE_ID": "2177110003",
        "GROUND_LEV": 28.65
      },
      "geometry": {
        "type": "Point",
        "coordinates": [
          277026.7000000002,
          2111094.5999999996
        ]
      }
    },
    {
      "type": "Feature",
      "properties": {
        "OBJECTID": 27846,
        "NODE_ID": "2177081701",
        "GROUND_LEV": 27.648
      },
      "geometry": {
        "type": "Point",
        "coordinates": [
          277102.98560000025,
          2108717.4662999995
        ]
      }
    },
    {
      "type": "Feature",
      "properties": {
        "OBJECTID": 27847,
        "NODE_ID": "2177081702",
        "GROUND_LEV": 27.608
      },
      "geometry": {
        "type": "Point",
        "coordinates": [
          277128.1171000004,
          2108733.400699999
        ]
      }
    },
    {
      "type": "Feature",
      "properties": {
        "OBJECTID": 27903,
        "NODE_ID": "2177091708",
        "GROUND_LEV": 29.149
      },
      "geometry": {
        "type": "Point",
        "coordinates": [
          277184.0999999996,
          2109733.5
        ]
      }
    },
    {
      "type": "Feature",
      "properties": {
        "OBJECTID": 28072,
        "NODE_ID": "2177100303",
        "GROUND_LEV": 29.479
      },
      "geometry": {
        "type": "Point",
        "coordinates": [
          277044.95249999966,
          2110326.2326999996
        ]
      }
    },
    {
      "type": "Feature",
      "properties": {
        "OBJECTID": 28289,
        "NODE_ID": "2177110101",
        "GROUND_LEV": 28.68
      },
      "geometry": {
        "type": "Point",
        "coordinates": [
          277044.7000000002,
          2111118.8000000007
        ]
      }
    },
    {
      "type": "Feature",
      "properties": {
        "OBJECTID": 28296,
        "NODE_ID": "2177111101",
        "GROUND_LEV": 29.2
      },
      "geometry": {
        "type": "Point",
        "coordinates": [
          277109,
          2111177.9000000004
        ]
      }
    },
    {
      "type": "Feature",
      "properties": {
        "OBJECTID": 28300,
        "NODE_ID": "2177111301",
        "GROUND_LEV": 29.527
      },
      "geometry": {
        "type": "Point",
        "coordinates": [
          277148.23929999955,
          2111300.944700001
        ]
      }
    },
    {
      "type": "Feature",
      "properties": {
        "OBJECTID": 27861,
        "NODE_ID": "2177082805",
        "GROUND_LEV": 28.208
      },
      "geometry": {
        "type": "Point",
        "coordinates": [
          277274.0164999999,
          2108838.6790999994
        ]
      }
    },
    {
      "type": "Feature",
      "properties": {
        "OBJECTID": 27904,
        "NODE_ID": "2177092401",
        "GROUND_LEV": 28.12
      },
      "geometry": {
        "type": "Point",
        "coordinates": [
          277281.8968000002,
          2109472.5078999996
        ]
      }
    },
    {
      "type": "Feature",
      "properties": {
        "OBJECTID": 27920,
        "NODE_ID": "2177092604",
        "GROUND_LEV": 28.5
      },
      "geometry": {
        "type": "Point",
        "coordinates": [
          277229.7889999999,
          2109611.1996
        ]
      }
    },
    {
      "type": "Feature",
      "properties": {
        "OBJECTID": 27922,
        "NODE_ID": "2177092701",
        "GROUND_LEV": 29.149
      },
      "geometry": {
        "type": "Point",
        "coordinates": [
          277205.7999999998,
          2109752.4000000004
        ]
      }
    },
    {
      "type": "Feature",
      "properties": {
        "OBJECTID": 27944,
        "NODE_ID": "2177093802",
        "GROUND_LEV": 28.809
      },
      "geometry": {
        "type": "Point",
        "coordinates": [
          277336.9874999998,
          2109875.2553000003
        ]
      }
    },
    {
      "type": "Feature",
      "properties": {
        "OBJECTID": 28102,
        "NODE_ID": "2177103101",
        "GROUND_LEV": 29.669
      },
      "geometry": {
        "type": "Point",
        "coordinates": [
          277336.05429999996,
          2110195.1942
        ]
      }
    },
    {
      "type": "Feature",
      "properties": {
        "OBJECTID": 28094,
        "NODE_ID": "2177102302",
        "GROUND_LEV": 29.0
      },
      "geometry": {
        "type": "Point",
        "coordinates": [
          277283.4000000004,
          2110346.4000000004
        ]
      }
    },
    {
      "type": "Feature",
      "properties": {
        "OBJECTID": 28303,
        "NODE_ID": "2177111304",
        "GROUND_LEV": 30.212
      },
      "geometry": {
        "type": "Point",
        "coordinates": [
          277189.1174999997,
          2111381.0603
        ]
      }
    },
    {
      "type": "Feature",
      "properties": {
        "OBJECTID": 28315,
        "NODE_ID": "2177113502",
        "GROUND_LEV": 31.81
      },
      "geometry": {
        "type": "Point",
        "coordinates": [
          277315.5,
          2111583.5
        ]
      }
    },
    {
      "type": "Feature",
      "properties": {
        "OBJECTID": 27879,
        "NODE_ID": "2177084902",
        "GROUND_LEV": 28.532
      },
      "geometry": {
        "type": "Point",
        "coordinates": [
          277440.84449999966,
          2108965.3521
        ]
      }
    },
    {
      "type": "Feature",
      "properties": {
        "OBJECTID": 27949,
        "NODE_ID": "2177094003",
        "GROUND_LEV": 28.3
      },
      "geometry": {
        "type": "Point",
        "coordinates": [
          277452.6096999999,
          2109098.6389000006
        ]
      }
    },
    {
      "type": "Feature",
      "properties": {
        "OBJECTID": 27927,
        "NODE_ID": "2177093201",
        "GROUND_LEV": 28.56
      },
      "geometry": {
        "type": "Point",
        "coordinates": [
          277351.2876000004,
          2109296.054300001
        ]
      }
    },
    {
      "type": "Feature",
      "properties": {
        "OBJECTID": 27939,
        "NODE_ID": "2177093307",
        "GROUND_LEV": 28.4
      },
      "geometry": {
        "type": "Point",
        "coordinates": [
          277368.84619999956,
          2109302.6973
        ]
      }
    },
    {
      "type": "Feature",
      "properties": {
        "OBJECTID": 27963,
        "NODE_ID": "2177094201",
        "GROUND_LEV": 28.28
      },
      "geometry": {
        "type": "Point",
        "coordinates": [
          277404.89439999964,
          2109215.2708
        ]
      }
    },
    {
      "type": "Feature",
      "properties": {
        "OBJECTID": 27964,
        "NODE_ID": "2177094901",
        "GROUND_LEV": 28.509
      },
      "geometry": {
        "type": "Point",
        "coordinates": [
          277410.81520000007,
          2109921.7049000002
        ]
      }
    },
    {
      "type": "Feature",
      "properties": {
        "OBJECTID": 28120,
        "NODE_ID": "2177104006",
        "GROUND_LEV": 29.25
      },
      "geometry": {
        "type": "Point",
        "coordinates": [
          277453.7999999998,
          2110030.1999999993
        ]
      }
    },
    {
      "type": "Feature",
      "properties": {
        "OBJECTID": 28103,
        "NODE_ID": "2177103102",
        "GROUND_LEV": 29.039
      },
      "geometry": {
        "type": "Point",
        "coordinates": [
          277345.5999999996,
          2110166.9000000004
        ]
      }
    },
    {
      "type": "Feature",
      "properties": {
        "OBJECTID": 28128,
        "NODE_ID": "2177104103",
        "GROUND_LEV": 29.39
      },
      "geometry": {
        "type": "Point",
        "coordinates": [
          277478.91949999984,
          2110136.6995
        ]
      }
    },
    {
      "type": "Feature",
      "properties": {
        "OBJECTID": 28130,
        "NODE_ID": "2177104105",
        "GROUND_LEV": 29.2
      },
      "geometry": {
        "type": "Point",
        "coordinates": [
          277483.3547,
          2110195.3595000003
        ]
      }
    },
    {
      "type": "Feature",
      "properties": {
        "OBJECTID": 28114,
        "NODE_ID": "2177103302!",
        "GROUND_LEV": 29.001
      },
      "geometry": {
        "type": "Point",
        "coordinates": [
          277395.6316999998,
          2110379.130000001
        ]
      }
    },
    {
      "type": "Feature",
      "properties": {
        "OBJECTID": 28137,
        "NODE_ID": "2177104301!",
        "GROUND_LEV": 29.0
      },
      "geometry": {
        "type": "Point",
        "coordinates": [
          277445.30709999986,
          2110367.812000001
        ]
      }
    },
    {
      "type": "Feature",
      "properties": {
        "OBJECTID": 28134,
        "NODE_ID": "2177104204",
        "GROUND_LEV": 29.25
      },
      "geometry": {
        "type": "Point",
        "coordinates": [
          277478.8147,
          2110269.4616
        ]
      }
    },
    {
      "type": "Feature",
      "properties": {
        "OBJECTID": 28331,
        "NODE_ID": "2177114501",
        "GROUND_LEV": 31.88
      },
      "geometry": {
        "type": "Point",
        "coordinates": [
          277449.6492999997,
          2111511.398499999
        ]
      }
    },
    {
      "type": "Feature",
      "properties": {
        "OBJECTID": 28322,
        "NODE_ID": "2177113604",
        "GROUND_LEV": 32.062
      },
      "geometry": {
        "type": "Point",
        "coordinates": [
          277345.8788999999,
          2111620.1414
        ]
      }
    },
    {
      "type": "Feature",
      "properties": {
        "OBJECTID": 28323,
        "NODE_ID": "2177113605",
        "GROUND_LEV": 32.2
      },
      "geometry": {
        "type": "Point",
        "coordinates": [
          277349.4000000004,
          2111655.8000000007
        ]
      }
    },
    {
      "type": "Feature",
      "properties": {
        "OBJECTID": 28327,
        "NODE_ID": "2177113801",
        "GROUND_LEV": 32.83
      },
      "geometry": {
        "type": "Point",
        "coordinates": [
          277368.2873999998,
          2111832.0250000004
        ]
      }
    },
    {
      "type": "Feature",
      "properties": {
        "OBJECTID": 28330,
        "NODE_ID": "2177113804",
        "GROUND_LEV": 32.6
      },
      "geometry": {
        "type": "Point",
        "coordinates": [
          277391.0999999996,
          2111891.5999999996
        ]
      }
    },
    {
      "type": "Feature",
      "properties": {
        "OBJECTID": 28140,
        "NODE_ID": "2177105001",
        "GROUND_LEV": 29.149
      },
      "geometry": {
        "type": "Point",
        "coordinates": [
          277500.58669999987,
          2110020.6362999994
        ]
      }
    },
    {
      "type": "Feature",
      "properties": {
        "OBJECTID": 28143,
        "NODE_ID": "2177105004",
        "GROUND_LEV": 28.8
      },
      "geometry": {
        "type": "Point",
        "coordinates": [
          277515.9000000004,
          2110014.9000000004
        ]
      }
    },
    {
      "type": "Feature",
      "properties": {
        "OBJECTID": 28159,
        "NODE_ID": "2177105013",
        "GROUND_LEV": 28.609
      },
      "geometry": {
        "type": "Point",
        "coordinates": [
          277549.7000000002,
          2110092
        ]
      }
    },
    {
      "type": "Feature",
      "properties": {
        "OBJECTID": 28164,
        "NODE_ID": "2177105015!",
        "GROUND_LEV": 28.5
      },
      "geometry": {
        "type": "Point",
        "coordinates": [
          277555.7000000002,
          2110044.5
        ]
      }
    },
    {
      "type": "Feature",
      "properties": {
        "OBJECTID": 28166,
        "NODE_ID": "2177105016!",
        "GROUND_LEV": 28.75
      },
      "geometry": {
        "type": "Point",
        "coordinates": [
          277564.2000000002,
          2110047.5999999996
        ]
      }
    },
    {
      "type": "Feature",
      "properties": {
        "OBJECTID": 28146,
        "NODE_ID": "2177105006!",
        "GROUND_LEV": 28.609
      },
      "geometry": {
        "type": "Point",
        "coordinates": [
          277565.7971999999,
          2110026.5002999995
        ]
      }
    },
    {
      "type": "Feature",
      "properties": {
        "OBJECTID": 27998,
        "NODE_ID": "2177096901!",
        "GROUND_LEV": 28.409
      },
      "geometry": {
        "type": "Point",
        "coordinates": [
          277604.3409000002,
          2109977.5593
        ]
      }
    },
    {
      "type": "Feature",
      "properties": {
        "OBJECTID": 28004,
        "NODE_ID": "2177096904!",
        "GROUND_LEV": 28.76
      },
      "geometry": {
        "type": "Point",
        "coordinates": [
          277642.7000000002,
          2109956.4000000004
        ]
      }
    },
    {
      "type": "Feature",
      "properties": {
        "OBJECTID": 28185,
        "NODE_ID": "2177105303!",
        "GROUND_LEV": 30.001
      },
      "geometry": {
        "type": "Point",
        "coordinates": [
          277521.2368000001,
          2110374.34
        ]
      }
    },
    {
      "type": "Feature",
      "properties": {
        "OBJECTID": 28183,
        "NODE_ID": "2177105302",
        "GROUND_LEV": 29.0
      },
      "geometry": {
        "type": "Point",
        "coordinates": [
          277522.44319999963,
          2110328.3198000006
        ]
      }
    },
    {
      "type": "Feature",
      "properties": {
        "OBJECTID": 28193,
        "NODE_ID": "2177105307!",
        "GROUND_LEV": 29.8
      },
      "geometry": {
        "type": "Point",
        "coordinates": [
          277523.23089999985,
          2110360.2387000006
        ]
      }
    },
    {
      "type": "Feature",
      "properties": {
        "OBJECTID": 28202,
        "NODE_ID": "2177105312",
        "GROUND_LEV": 29.8
      },
      "geometry": {
        "type": "Point",
        "coordinates": [
          277529.8322999999,
          2110352.8081
        ]
      }
    },
    {
      "type": "Feature",
      "properties": {
        "OBJECTID": 28220,
        "NODE_ID": "2177105401",
        "GROUND_LEV": 30.001
      },
      "geometry": {
        "type": "Point",
        "coordinates": [
          277536.70880000014,
          2110401.6987999994
        ]
      }
    },
    {
      "type": "Feature",
      "properties": {
        "OBJECTID": 28223,
        "NODE_ID": "2177105402!",
        "GROUND_LEV": 30.6
      },
      "geometry": {
        "type": "Point",
        "coordinates": [
          277547.24349999987,
          2110411.958799999
        ]
      }
    },
    {
      "type": "Feature",
      "properties": {
        "OBJECTID": 28224,
        "NODE_ID": "2177105403",
        "GROUND_LEV": 30.6
      },
      "geometry": {
        "type": "Point",
        "coordinates": [
          277549.6639999999,
          2110422.7562000006
        ]
      }
    },
    {
      "type": "Feature",
      "properties": {
        "OBJECTID": 28228,
        "NODE_ID": "2177105405",
        "GROUND_LEV": 30.201
      },
      "geometry": {
        "type": "Point",
        "coordinates": [
          277557.4885999998,
          2110454.8674
        ]
      }
    },
    {
      "type": "Feature",
      "properties": {
        "OBJECTID": 28243,
        "NODE_ID": "2177106402!",
        "GROUND_LEV": 29.009
      },
      "geometry": {
        "type": "Point",
        "coordinates": [
          277637.7000000002,
          2110425.5999999996
        ]
      }
    },
    {
      "type": "Feature",
      "properties": {
        "OBJECTID": 28020,
        "NODE_ID": "2177097603",
        "GROUND_LEV": 28.288
      },
      "geometry": {
        "type": "Point",
        "coordinates": [
          277750.7056,
          2109664.7764
        ]
      }
    },
    {
      "type": "Feature",
      "properties": {
        "OBJECTID": 27987,
        "NODE_ID": "2177096801",
        "GROUND_LEV": 29.009
      },
      "geometry": {
        "type": "Point",
        "coordinates": [
          277663.8883999996,
          2109897.7639000006
        ]
      }
    },
    {
      "type": "Feature",
      "properties": {
        "OBJECTID": 27994,
        "NODE_ID": "2177096804!",
        "GROUND_LEV": 29.009
      },
      "geometry": {
        "type": "Point",
        "coordinates": [
          277689.54750000034,
          2109871.669500001
        ]
      }
    },
    {
      "type": "Feature",
      "properties": {
        "OBJECTID": 28029,
        "NODE_ID": "2177097801",
        "GROUND_LEV": 28.809
      },
      "geometry": {
        "type": "Point",
        "coordinates": [
          277713.2000000002,
          2109856.5999999996
        ]
      }
    },
    {
      "type": "Feature",
      "properties": {
        "OBJECTID": 28032,
        "NODE_ID": "2177097804",
        "GROUND_LEV": 28.808
      },
      "geometry": {
        "type": "Point",
        "coordinates": [
          277766.8334999997,
          2109804.0012999997
        ]
      }
    },
    {
      "type": "Feature",
      "properties": {
        "OBJECTID": 28250,
        "NODE_ID": "2177107501",
        "GROUND_LEV": 28.809
      },
      "geometry": {
        "type": "Point",
        "coordinates": [
          277731.4227,
          2110500.5352999996
        ]
      }
    },
    {
      "type": "Feature",
      "properties": {
        "OBJECTID": 28346,
        "NODE_ID": "2177117101",
        "GROUND_LEV": 30.001
      },
      "geometry": {
        "type": "Point",
        "coordinates": [
          277752.4227,
          2111166.1992000006
        ]
      }
    },
    {
      "type": "Feature",
      "properties": {
        "OBJECTID": 28041,
        "NODE_ID": "2177098404",
        "GROUND_LEV": 28.408
      },
      "geometry": {
        "type": "Point",
        "coordinates": [
          277813.9000000004,
          2109491.6999999993
        ]
      }
    },
    {
      "type": "Feature",
      "properties": {
        "OBJECTID": 28056,
        "NODE_ID": "2177098603",
        "GROUND_LEV": 28.61
      },
      "geometry": {
        "type": "Point",
        "coordinates": [
          277895.2904000003,
          2109654.627699999
        ]
      }
    },
    {
      "type": "Feature",
      "properties": {
        "OBJECTID": 28068,
        "NODE_ID": "2177099602",
        "GROUND_LEV": 28.53
      },
      "geometry": {
        "type": "Point",
        "coordinates": [
          277953.5588999996,
          2109661.8079000004
        ]
      }
    },
    {
      "type": "Feature",
      "properties": {
        "OBJECTID": 28060,
        "NODE_ID": "2177098901",
        "GROUND_LEV": 28.3
      },
      "geometry": {
        "type": "Point",
        "coordinates": [
          277824.2000000002,
          2109948.1999999993
        ]
      }
    },
    {
      "type": "Feature",
      "properties": {
        "OBJECTID": 28277,
        "NODE_ID": "2177109802!",
        "GROUND_LEV": 29.8
      },
      "geometry": {
        "type": "Point",
        "coordinates": [
          277961.8662999999,
          2110884.7207999993
        ]
      }
    },
    {
      "type": "Feature",
      "properties": {
        "OBJECTID": 28359,
        "NODE_ID": "2177119002",
        "GROUND_LEV": 30.2
      },
      "geometry": {
        "type": "Point",
        "coordinates": [
          277953.65490000043,
          2111042.306
        ]
      }
    },
    {
      "type": "Feature",
      "properties": {
        "OBJECTID": 28274,
        "NODE_ID": "2177109801",
        "GROUND_LEV": 29.801
      },
      "geometry": {
        "type": "Point",
        "coordinates": [
          277959.15610000025,
          2110893.7282999996
        ]
      }
    },
    {
      "type": "Feature",
      "properties": {
        "OBJECTID": 28353,
        "NODE_ID": "2177118001!",
        "GROUND_LEV": 29.801
      },
      "geometry": {
        "type": "Point",
        "coordinates": [
          277872.67789999954,
          2111094.6977999993
        ]
      }
    },
    {
      "type": "Feature",
      "properties": {
        "OBJECTID": 28357,
        "NODE_ID": "2177119001",
        "GROUND_LEV": 29.8
      },
      "geometry": {
        "type": "Point",
        "coordinates": [
          277930.9901999999,
          2111057.9563999996
        ]
      }
    },
    {
      "type": "Feature",
      "properties": {
        "OBJECTID": 28873,
        "NODE_ID": "2178090402",
        "GROUND_LEV": 28.12
      },
      "geometry": {
        "type": "Point",
        "coordinates": [
          278043.78199999966,
          2109403.7732999995
        ]
      }
    },
    {
      "type": "Feature",
      "properties": {
        "OBJECTID": 28870,
        "NODE_ID": "2178090301",
        "GROUND_LEV": 28.1
      },
      "geometry": {
        "type": "Point",
        "coordinates": [
          278071,
          2109393.5999999996
        ]
      }
    },
    {
      "type": "Feature",
      "properties": {
        "OBJECTID": 28876,
        "NODE_ID": "2178090603",
        "GROUND_LEV": 28.58
      },
      "geometry": {
        "type": "Point",
        "coordinates": [
          278072.1798999999,
          2109667.5370000005
        ]
      }
    },
    {
      "type": "Feature",
      "properties": {
        "OBJECTID": 28967,
        "NODE_ID": "2178100001!",
        "GROUND_LEV": 28.3
      },
      "geometry": {
        "type": "Point",
        "coordinates": [
          278007.0999999996,
          2110066.4000000004
        ]
      }
    },
    {
      "type": "Feature",
      "properties": {
        "OBJECTID": 28970,
        "NODE_ID": "2178100702",
        "GROUND_LEV": 29.4
      },
      "geometry": {
        "type": "Point",
        "coordinates": [
          278019.61369999964,
          2110768.9955
        ]
      }
    },
    {
      "type": "Feature",
      "properties": {
        "OBJECTID": 28973,
        "NODE_ID": "2178100703!",
        "GROUND_LEV": 29.789
      },
      "geometry": {
        "type": "Point",
        "coordinates": [
          278032.38150000013,
          2110732.234099999
        ]
      }
    },
    {
      "type": "Feature",
      "properties": {
        "OBJECTID": 29005,
        "NODE_ID": "2178101701!",
        "GROUND_LEV": 29.819
      },
      "geometry": {
        "type": "Point",
        "coordinates": [
          278102.2876000004,
          2110788.400699999
        ]
      }
    },
    {
      "type": "Feature",
      "properties": {
        "OBJECTID": 29113,
        "NODE_ID": "2178110001!",
        "GROUND_LEV": 30.258
      },
      "geometry": {
        "type": "Point",
        "coordinates": [
          278056.5401999997,
          2111025.5449
        ]
      }
    },
    {
      "type": "Feature",
      "properties": {
        "OBJECTID": 28995,
        "NODE_ID": "2178100901!",
        "GROUND_LEV": 29.708
      },
      "geometry": {
        "type": "Point",
        "coordinates": [
          278060.86450000014,
          2110907.304300001
        ]
      }
    },
    {
      "type": "Feature",
      "properties": {
        "OBJECTID": 28996,
        "NODE_ID": "2178100902",
        "GROUND_LEV": 29.888
      },
      "geometry": {
        "type": "Point",
        "coordinates": [
          278062.5965,
          2110937.0786000006
        ]
      }
    },
    {
      "type": "Feature",
      "properties": {
        "OBJECTID": 28997,
        "NODE_ID": "2178100902!",
        "GROUND_LEV": 29.888
      },
      "geometry": {
        "type": "Point",
        "coordinates": [
          278062.5965,
          2110937.0786000006
        ]
      }
    },
    {
      "type": "Feature",
      "properties": {
        "OBJECTID": 28999,
        "NODE_ID": "2178100903!",
        "GROUND_LEV": 30.308
      },
      "geometry": {
        "type": "Point",
        "coordinates": [
          278064.1188000003,
          2110996.955
        ]
      }
    },
    {
      "type": "Feature",
      "properties": {
        "OBJECTID": 29118,
        "NODE_ID": "2178110101",
        "GROUND_LEV": 31.0
      },
      "geometry": {
        "type": "Point",
        "coordinates": [
          278033.4956,
          2111193.2628000006
        ]
      }
    },
    {
      "type": "Feature",
      "properties": {
        "OBJECTID": 29119,
        "NODE_ID": "2178110101!",
        "GROUND_LEV": 31.0
      },
      "geometry": {
        "type": "Point",
        "coordinates": [
          278033.4956,
          2111193.2628000006
        ]
      }
    },
    {
      "type": "Feature",
      "properties": {
        "OBJECTID": 29121,
        "NODE_ID": "2178110102!",
        "GROUND_LEV": 30.908
      },
      "geometry": {
        "type": "Point",
        "coordinates": [
          278052.55790000036,
          2111170.095899999
        ]
      }
    },
    {
      "type": "Feature",
      "properties": {
        "OBJECTID": 29136,
        "NODE_ID": "2178110301",
        "GROUND_LEV": 33.338
      },
      "geometry": {
        "type": "Point",
        "coordinates": [
          278005.30370000005,
          2111333.566299999
        ]
      }
    },
    {
      "type": "Feature",
      "properties": {
        "OBJECTID": 29128,
        "NODE_ID": "2178110201",
        "GROUND_LEV": 32.578
      },
      "geometry": {
        "type": "Point",
        "coordinates": [
          278007.6796000004,
          2111296.4771999996
        ]
      }
    },
    {
      "type": "Feature",
      "properties": {
        "OBJECTID": 29144,
        "NODE_ID": "2178110401",
        "GROUND_LEV": 33.268
      },
      "geometry": {
        "type": "Point",
        "coordinates": [
          278029.20440000016,
          2111423.0396999996
        ]
      }
    },
    {
      "type": "Feature",
      "properties": {
        "OBJECTID": 29149,
        "NODE_ID": "2178110403!",
        "GROUND_LEV": 33.808
      },
      "geometry": {
        "type": "Point",
        "coordinates": [
          278042.93850000016,
          2111481.3965000007
        ]
      }
    },
    {
      "type": "Feature",
      "properties": {
        "OBJECTID": 29153,
        "NODE_ID": "2178110502!",
        "GROUND_LEV": 35.008
      },
      "geometry": {
        "type": "Point",
        "coordinates": [
          278081.3718999997,
          2111508.8913000003
        ]
      }
    },
    {
      "type": "Feature",
      "properties": {
        "OBJECTID": 29173,
        "NODE_ID": "2178111501!",
        "GROUND_LEV": 35.9
      },
      "geometry": {
        "type": "Point",
        "coordinates": [
          278111.35529999994,
          2111508.8913000003
        ]
      }
    },
    {
      "type": "Feature",
      "properties": {
        "OBJECTID": 28886,
        "NODE_ID": "2178091503",
        "GROUND_LEV": 28.275
      },
      "geometry": {
        "type": "Point",
        "coordinates": [
          278186.7999999998,
          2109558
        ]
      }
    },
    {
      "type": "Feature",
      "properties": {
        "OBJECTID": 28896,
        "NODE_ID": "2178092601!",
        "GROUND_LEV": 28.223
      },
      "geometry": {
        "type": "Point",
        "coordinates": [
          278219.7999999998,
          2109608.5
        ]
      }
    },
    {
      "type": "Feature",
      "properties": {
        "OBJECTID": 28901,
        "NODE_ID": "2178092604",
        "GROUND_LEV": 28.143
      },
      "geometry": {
        "type": "Point",
        "coordinates": [
          278269.2999999998,
          2109683.5
        ]
      }
    },
    {
      "type": "Feature",
      "properties": {
        "OBJECTID": 29017,
        "NODE_ID": "2178102801!",
        "GROUND_LEV": 29.959
      },
      "geometry": {
        "type": "Point",
        "coordinates": [
          278216.46970000025,
          2110885.068499999
        ]
      }
    },
    {
      "type": "Feature",
      "properties": {
        "OBJECTID": 29020,
        "NODE_ID": "2178102902",
        "GROUND_LEV": 29.609
      },
      "geometry": {
        "type": "Point",
        "coordinates": [
          278249.62509999983,
          2110974.9724000003
        ]
      }
    },
    {
      "type": "Feature",
      "properties": {
        "OBJECTID": 29021,
        "NODE_ID": "2178102902!",
        "GROUND_LEV": 29.609
      },
      "geometry": {
        "type": "Point",
        "coordinates": [
          278249.62509999983,
          2110974.9724000003
        ]
      }
    },
    {
      "type": "Feature",
      "properties": {
        "OBJECTID": 29025,
        "NODE_ID": "2178102904!",
        "GROUND_LEV": 30.009
      },
      "geometry": {
        "type": "Point",
        "coordinates": [
          278263.12200000044,
          2110918.037900001
        ]
      }
    },
    {
      "type": "Feature",
      "properties": {
        "OBJECTID": 29162,
        "NODE_ID": "2178111103",
        "GROUND_LEV": 29.15
      },
      "geometry": {
        "type": "Point",
        "coordinates": [
          278196.37650000025,
          2111139.8268
        ]
      }
    },
    {
      "type": "Feature",
      "properties": {
        "OBJECTID": 29180,
        "NODE_ID": "2178112001",
        "GROUND_LEV": 29.209
      },
      "geometry": {
        "type": "Point",
        "coordinates": [
          278211.8680999996,
          2111089.563100001
        ]
      }
    },
    {
      "type": "Feature",
      "properties": {
        "OBJECTID": 29168,
        "NODE_ID": "2178111302",
        "GROUND_LEV": 31.329
      },
      "geometry": {
        "type": "Point",
        "coordinates": [
          278141.67059999984,
          2111318.0347000007
        ]
      }
    },
    {
      "type": "Feature",
      "properties": {
        "OBJECTID": 29164,
        "NODE_ID": "2178111201",
        "GROUND_LEV": 29.609
      },
      "geometry": {
        "type": "Point",
        "coordinates": [
          278179.4000000004,
          2111221.6999999993
        ]
      }
    },
    {
      "type": "Feature",
      "properties": {
        "OBJECTID": 29166,
        "NODE_ID": "2178111301",
        "GROUND_LEV": 31.209
      },
      "geometry": {
        "type": "Point",
        "coordinates": [
          278138.32859999966,
          2111359.9481000006
        ]
      }
    },
    {
      "type": "Feature",
      "properties": {
        "OBJECTID": 29167,
        "NODE_ID": "2178111301!",
        "GROUND_LEV": 31.209
      },
      "geometry": {
        "type": "Point",
        "coordinates": [
          278138.32859999966,
          2111359.9481000006
        ]
      }
    },
    {
      "type": "Feature",
      "properties": {
        "OBJECTID": 29178,
        "NODE_ID": "2178111504",
        "GROUND_LEV": 36.508
      },
      "geometry": {
        "type": "Point",
        "coordinates": [
          278199.16530000046,
          2111527.2982
        ]
      }
    },
    {
      "type": "Feature",
      "properties": {
        "OBJECTID": 29205,
        "NODE_ID": "2178112501!",
        "GROUND_LEV": 36.858
      },
      "geometry": {
        "type": "Point",
        "coordinates": [
          278227.74760000035,
          2111536.0659
        ]
      }
    },
    {
      "type": "Feature",
      "properties": {
        "OBJECTID": 28906,
        "NODE_ID": "2178093003",
        "GROUND_LEV": 28.991
      },
      "geometry": {
        "type": "Point",
        "coordinates": [
          278309.14159999974,
          2109067.0415000003
        ]
      }
    },
    {
      "type": "Feature",
      "properties": {
        "OBJECTID": 28910,
        "NODE_ID": "2178093007",
        "GROUND_LEV": 29.066
      },
      "geometry": {
        "type": "Point",
        "coordinates": [
          278373.96439999994,
          2109074.1147000007
        ]
      }
    },
    {
      "type": "Feature",
      "properties": {
        "OBJECTID": 28917,
        "NODE_ID": "2178093701",
        "GROUND_LEV": 28.321
      },
      "geometry": {
        "type": "Point",
        "coordinates": [
          278301.4000000004,
          2109706.4000000004
        ]
      }
    },
    {
      "type": "Feature",
      "properties": {
        "OBJECTID": 28933,
        "NODE_ID": "2178094801",
        "GROUND_LEV": 28.517
      },
      "geometry": {
        "type": "Point",
        "coordinates": [
          278426.7999999998,
          2109824.4000000004
        ]
      }
    },
    {
      "type": "Feature",
      "properties": {
        "OBJECTID": 29198,
        "NODE_ID": "2178112106",
        "GROUND_LEV": 29.2
      },
      "geometry": {
        "type": "Point",
        "coordinates": [
          278288.0999999996,
          2111171.5999999996
        ]
      }
    },
    {
      "type": "Feature",
      "properties": {
        "OBJECTID": 29214,
        "NODE_ID": "2178113103",
        "GROUND_LEV": 29.267
      },
      "geometry": {
        "type": "Point",
        "coordinates": [
          278332.3828999996,
          2111186.8434999995
        ]
      }
    },
    {
      "type": "Feature",
      "properties": {
        "OBJECTID": 28859,
        "NODE_ID": "2178085401",
        "GROUND_LEV": 35.5
      },
      "geometry": {
        "type": "Point",
        "coordinates": [
          278503.5999999996,
          2108429.4000000004
        ]
      }
    },
    {
      "type": "Feature",
      "properties": {
        "OBJECTID": 28928,
        "NODE_ID": "2178094202",
        "GROUND_LEV": 28.31
      },
      "geometry": {
        "type": "Point",
        "coordinates": [
          278477.80319999997,
          2109289.617799999
        ]
      }
    },
    {
      "type": "Feature",
      "properties": {
        "OBJECTID": 28943,
        "NODE_ID": "2178095205",
        "GROUND_LEV": 29.17
      },
      "geometry": {
        "type": "Point",
        "coordinates": [
          278516.35360000003,
          2109279.7908999994
        ]
      }
    },
    {
      "type": "Feature",
      "properties": {
        "OBJECTID": 28945,
        "NODE_ID": "2178095901",
        "GROUND_LEV": 28.055
      },
      "geometry": {
        "type": "Point",
        "coordinates": [
          278510.0999999996,
          2109950.6999999993
        ]
      }
    },
    {
      "type": "Feature",
      "properties": {
        "OBJECTID": 29228,
        "NODE_ID": "2178114502",
        "GROUND_LEV": 31.809
      },
      "geometry": {
        "type": "Point",
        "coordinates": [
          278437.8114,
          2111571.463199999
        ]
      }
    },
    {
      "type": "Feature",
      "properties": {
        "OBJECTID": 29234,
        "NODE_ID": "2178114603",
        "GROUND_LEV": 36.908
      },
      "geometry": {
        "type": "Point",
        "coordinates": [
          278481.9221999999,
          2111627.0052000005
        ]
      }
    },
    {
      "type": "Feature",
      "properties": {
        "OBJECTID": 22238,
        "NODE_ID": "2174092101",
        "GROUND_LEV": 28.36
      },
      "geometry": {
        "type": "Point",
        "coordinates": [
          274295.2999999998,
          2109138.3000000007
        ]
      }
    },
    {
      "type": "Feature",
      "properties": {
        "OBJECTID": 22255,
        "NODE_ID": "2174093104",
        "GROUND_LEV": 27.78
      },
      "geometry": {
        "type": "Point",
        "coordinates": [
          274358,
          2109123.0999999996
        ]
      }
    },
    {
      "type": "Feature",
      "properties": {
        "OBJECTID": 22240,
        "NODE_ID": "2174092202",
        "GROUND_LEV": 28.0
      },
      "geometry": {
        "type": "Point",
        "coordinates": [
          274286.4000000004,
          2109254.0999999996
        ]
      }
    },
    {
      "type": "Feature",
      "properties": {
        "OBJECTID": 22241,
        "NODE_ID": "2174092203",
        "GROUND_LEV": 28.54
      },
      "geometry": {
        "type": "Point",
        "coordinates": [
          274299,
          2109226.9000000004
        ]
      }
    },
    {
      "type": "Feature",
      "properties": {
        "OBJECTID": 22336,
        "NODE_ID": "2174112801",
        "GROUND_LEV": 30.51
      },
      "geometry": {
        "type": "Point",
        "coordinates": [
          274296.9000000004,
          2111819
        ]
      }
    },
    {
      "type": "Feature",
      "properties": {
        "OBJECTID": 22204,
        "NODE_ID": "2174084902",
        "GROUND_LEV": 28.12
      },
      "geometry": {
        "type": "Point",
        "coordinates": [
          274448.3471999997,
          2108967.3201
        ]
      }
    },
    {
      "type": "Feature",
      "properties": {
        "OBJECTID": 22206,
        "NODE_ID": "2174084904",
        "GROUND_LEV": 27.71
      },
      "geometry": {
        "type": "Point",
        "coordinates": [
          274479.1878000004,
          2108915.9383000005
        ]
      }
    },
    {
      "type": "Feature",
      "properties": {
        "OBJECTID": 34414,
        "NODE_ID": "3",
        "GROUND_LEV": 28.8
      },
      "geometry": {
        "type": "Point",
        "coordinates": [
          274426.5,
          2109239.3000000007
        ]
      }
    },
    {
      "type": "Feature",
      "properties": {
        "OBJECTID": 1,
        "NODE_ID": "1",
        "GROUND_LEV": 28.6
      },
      "geometry": {
        "type": "Point",
        "coordinates": [
          274470.2000000002,
          2109281.3000000007
        ]
      }
    },
    {
      "type": "Feature",
      "properties": {
        "OBJECTID": 22259,
        "NODE_ID": "2174094401",
        "GROUND_LEV": 28.28
      },
      "geometry": {
        "type": "Point",
        "coordinates": [
          274415.9000000004,
          2109492.1999999993
        ]
      }
    },
    {
      "type": "Feature",
      "properties": {
        "OBJECTID": 22324,
        "NODE_ID": "2174105701",
        "GROUND_LEV": 29.88
      },
      "geometry": {
        "type": "Point",
        "coordinates": [
          274508.5999999996,
          2110755.0999999996
        ]
      }
    },
    {
      "type": "Feature",
      "properties": {
        "OBJECTID": 22318,
        "NODE_ID": "2174104903",
        "GROUND_LEV": 30.6
      },
      "geometry": {
        "type": "Point",
        "coordinates": [
          274499.7999999998,
          2110922.4000000004
        ]
      }
    },
    {
      "type": "Feature",
      "properties": {
        "OBJECTID": 22263,
        "NODE_ID": "2174095901",
        "GROUND_LEV": 28.37
      },
      "geometry": {
        "type": "Point",
        "coordinates": [
          274542.7999999998,
          2109956.4000000004
        ]
      }
    },
    {
      "type": "Feature",
      "properties": {
        "OBJECTID": 22319,
        "NODE_ID": "2174105301",
        "GROUND_LEV": 29.42
      },
      "geometry": {
        "type": "Point",
        "coordinates": [
          274549.9000000004,
          2110394.0999999996
        ]
      }
    },
    {
      "type": "Feature",
      "properties": {
        "OBJECTID": 22327,
        "NODE_ID": "2174106602",
        "GROUND_LEV": 31.0
      },
      "geometry": {
        "type": "Point",
        "coordinates": [
          274623.4000000004,
          2110658.3000000007
        ]
      }
    },
    {
      "type": "Feature",
      "properties": {
        "OBJECTID": 22329,
        "NODE_ID": "2174106604",
        "GROUND_LEV": 32.6
      },
      "geometry": {
        "type": "Point",
        "coordinates": [
          274653.5999999996,
          2110698.4000000004
        ]
      }
    },
    {
      "type": "Feature",
      "properties": {
        "OBJECTID": 22330,
        "NODE_ID": "2174108401",
        "GROUND_LEV": 31.65
      },
      "geometry": {
        "type": "Point",
        "coordinates": [
          274839.7000000002,
          2110413.4000000004
        ]
      }
    },
    {
      "type": "Feature",
      "properties": {
        "OBJECTID": 22275,
        "NODE_ID": "2174098901",
        "GROUND_LEV": 29.68
      },
      "geometry": {
        "type": "Point",
        "coordinates": [
          274851.2000000002,
          2109948.1999999993
        ]
      }
    },
    {
      "type": "Feature",
      "properties": {
        "OBJECTID": 24677,
        "NODE_ID": "2175101502",
        "GROUND_LEV": 29.851
      },
      "geometry": {
        "type": "Point",
        "coordinates": [
          275117.2999999998,
          2110568
        ]
      }
    },
    {
      "type": "Feature",
      "properties": {
        "OBJECTID": 24669,
        "NODE_ID": "2175092801",
        "GROUND_LEV": 28.14
      },
      "geometry": {
        "type": "Point",
        "coordinates": [
          275284.21750000026,
          2109825.272
        ]
      }
    },
    {
      "type": "Feature",
      "properties": {
        "OBJECTID": 24690,
        "NODE_ID": "2175102203",
        "GROUND_LEV": 28.616
      },
      "geometry": {
        "type": "Point",
        "coordinates": [
          275261.1542999996,
          2110254.1832
        ]
      }
    },
    {
      "type": "Feature",
      "properties": {
        "OBJECTID": 24674,
        "NODE_ID": "2175101402",
        "GROUND_LEV": 28.87
      },
      "geometry": {
        "type": "Point",
        "coordinates": [
          275155.61369999964,
          2110459.1372999996
        ]
      }
    },
    {
      "type": "Feature",
      "properties": {
        "OBJECTID": 24702,
        "NODE_ID": "2175103004",
        "GROUND_LEV": 29.123
      },
      "geometry": {
        "type": "Point",
        "coordinates": [
          275396.9890999999,
          2110062.3807999995
        ]
      }
    },
    {
      "type": "Feature",
      "properties": {
        "OBJECTID": 24716,
        "NODE_ID": "2175104002",
        "GROUND_LEV": 28.5
      },
      "geometry": {
        "type": "Point",
        "coordinates": [
          275439.0999999996,
          2110037.1999999993
        ]
      }
    },
    {
      "type": "Feature",
      "properties": {
        "OBJECTID": 24723,
        "NODE_ID": "2175106004",
        "GROUND_LEV": 28.65
      },
      "geometry": {
        "type": "Point",
        "coordinates": [
          275668.5332000004,
          2110075.2402
        ]
      }
    },
    {
      "type": "Feature",
      "properties": {
        "OBJECTID": 24741,
        "NODE_ID": "2175107501",
        "GROUND_LEV": 28.6
      },
      "geometry": {
        "type": "Point",
        "coordinates": [
          275704.5401999997,
          2110544.6546
        ]
      }
    },
    {
      "type": "Feature",
      "properties": {
        "OBJECTID": 24744,
        "NODE_ID": "2175107504",
        "GROUND_LEV": 28.801
      },
      "geometry": {
        "type": "Point",
        "coordinates": [
          275738.86280000024,
          2110569.5418
        ]
      }
    },
    {
      "type": "Feature",
      "properties": {
        "OBJECTID": 24731,
        "NODE_ID": "2175106601",
        "GROUND_LEV": 29.57
      },
      "geometry": {
        "type": "Point",
        "coordinates": [
          275667.6562999999,
          2110677.958799999
        ]
      }
    },
    {
      "type": "Feature",
      "properties": {
        "OBJECTID": 24653,
        "NODE_ID": "2175088302",
        "GROUND_LEV": 27.5
      },
      "geometry": {
        "type": "Point",
        "coordinates": [
          275854.9000000004,
          2108381.9000000004
        ]
      }
    },
    {
      "type": "Feature",
      "properties": {
        "OBJECTID": 24757,
        "NODE_ID": "2175108502",
        "GROUND_LEV": 28.71
      },
      "geometry": {
        "type": "Point",
        "coordinates": [
          275832.2681999998,
          2110592.0418999996
        ]
      }
    },
    {
      "type": "Feature",
      "properties": {
        "OBJECTID": 24767,
        "NODE_ID": "2175109601",
        "GROUND_LEV": 28.4
      },
      "geometry": {
        "type": "Point",
        "coordinates": [
          275903.9274000004,
          2110635.331700001
        ]
      }
    },
    {
      "type": "Feature",
      "properties": {
        "OBJECTID": 26546,
        "NODE_ID": "2176080602",
        "GROUND_LEV": 27.606
      },
      "geometry": {
        "type": "Point",
        "coordinates": [
          276089.2999999998,
          2108689.9000000004
        ]
      }
    },
    {
      "type": "Feature",
      "properties": {
        "OBJECTID": 24667,
        "NODE_ID": "2175089901",
        "GROUND_LEV": 27.5
      },
      "geometry": {
        "type": "Point",
        "coordinates": [
          275955.7999999998,
          2108940.0999999996
        ]
      }
    },
    {
      "type": "Feature",
      "properties": {
        "OBJECTID": 24786,
        "NODE_ID": "2175119801",
        "GROUND_LEV": 30.7
      },
      "geometry": {
        "type": "Point",
        "coordinates": [
          275944.7999999998,
          2111889.5999999996
        ]
      }
    },
    {
      "type": "Feature",
      "properties": {
        "OBJECTID": 26557,
        "NODE_ID": "2176081804",
        "GROUND_LEV": 27.678
      },
      "geometry": {
        "type": "Point",
        "coordinates": [
          276179.4000000004,
          2108809.3000000007
        ]
      }
    },
    {
      "type": "Feature",
      "properties": {
        "OBJECTID": 26614,
        "NODE_ID": "2176093001",
        "GROUND_LEV": 29.148
      },
      "geometry": {
        "type": "Point",
        "coordinates": [
          276336.9000000004,
          2109045.9000000004
        ]
      }
    },
    {
      "type": "Feature",
      "properties": {
        "OBJECTID": 26617,
        "NODE_ID": "2176093102",
        "GROUND_LEV": 29.498
      },
      "geometry": {
        "type": "Point",
        "coordinates": [
          276364.5,
          2109113.6999999993
        ]
      }
    },
    {
      "type": "Feature",
      "properties": {
        "OBJECTID": 26622,
        "NODE_ID": "2176093502",
        "GROUND_LEV": 28.004
      },
      "geometry": {
        "type": "Point",
        "coordinates": [
          276365.7999999998,
          2109525.4000000004
        ]
      }
    },
    {
      "type": "Feature",
      "properties": {
        "OBJECTID": 26627,
        "NODE_ID": "2176093904",
        "GROUND_LEV": 28.8
      },
      "geometry": {
        "type": "Point",
        "coordinates": [
          276377.5,
          2109944.6999999993
        ]
      }
    },
    {
      "type": "Feature",
      "properties": {
        "OBJECTID": 26660,
        "NODE_ID": "2176102101",
        "GROUND_LEV": 28.0
      },
      "geometry": {
        "type": "Point",
        "coordinates": [
          276287,
          2110154
        ]
      }
    },
    {
      "type": "Feature",
      "properties": {
        "OBJECTID": 26748,
        "NODE_ID": "2176113101",
        "GROUND_LEV": 31.42
      },
      "geometry": {
        "type": "Point",
        "coordinates": [
          276332.2000000002,
          2111191.8000000007
        ]
      }
    },
    {
      "type": "Feature",
      "properties": {
        "OBJECTID": 26749,
        "NODE_ID": "2176113401",
        "GROUND_LEV": 30.11
      },
      "geometry": {
        "type": "Point",
        "coordinates": [
          276374.2000000002,
          2111484.1999999993
        ]
      }
    },
    {
      "type": "Feature",
      "properties": {
        "OBJECTID": 26675,
        "NODE_ID": "2176104201",
        "GROUND_LEV": 28.168
      },
      "geometry": {
        "type": "Point",
        "coordinates": [
          276473.7000000002,
          2110237.4000000004
        ]
      }
    },
    {
      "type": "Feature",
      "properties": {
        "OBJECTID": 26687,
        "NODE_ID": "2176105301",
        "GROUND_LEV": 28.725
      },
      "geometry": {
        "type": "Point",
        "coordinates": [
          276506.4000000004,
          2110385.8000000007
        ]
      }
    },
    {
      "type": "Feature",
      "properties": {
        "OBJECTID": 26680,
        "NODE_ID": "2176104902",
        "GROUND_LEV": 29.128
      },
      "geometry": {
        "type": "Point",
        "coordinates": [
          276429.8298000004,
          2110982.0216000006
        ]
      }
    },
    {
      "type": "Feature",
      "properties": {
        "OBJECTID": 26753,
        "NODE_ID": "2176114801",
        "GROUND_LEV": 29.98
      },
      "geometry": {
        "type": "Point",
        "coordinates": [
          276476,
          2111850.3000000007
        ]
      }
    },
    {
      "type": "Feature",
      "properties": {
        "OBJECTID": 26577,
        "NODE_ID": "2176086402",
        "GROUND_LEV": 28.078
      },
      "geometry": {
        "type": "Point",
        "coordinates": [
          276696.37909999955,
          2108425.1239
        ]
      }
    },
    {
      "type": "Feature",
      "properties": {
        "OBJECTID": 26699,
        "NODE_ID": "2176106801",
        "GROUND_LEV": 27.5
      },
      "geometry": {
        "type": "Point",
        "coordinates": [
          276689.7999999998,
          2110853.8000000007
        ]
      }
    },
    {
      "type": "Feature",
      "properties": {
        "OBJECTID": 26765,
        "NODE_ID": "2176116801",
        "GROUND_LEV": 30.21
      },
      "geometry": {
        "type": "Point",
        "coordinates": [
          276613.2999999998,
          2111817
        ]
      }
    },
    {
      "type": "Feature",
      "properties": {
        "OBJECTID": 26586,
        "NODE_ID": "2176088501",
        "GROUND_LEV": 27.898
      },
      "geometry": {
        "type": "Point",
        "coordinates": [
          276804.08970000036,
          2108527.5572999995
        ]
      }
    },
    {
      "type": "Feature",
      "properties": {
        "OBJECTID": 26588,
        "NODE_ID": "2176088503",
        "GROUND_LEV": 28.408
      },
      "geometry": {
        "type": "Point",
        "coordinates": [
          276851.4034000002,
          2108564.371099999
        ]
      }
    },
    {
      "type": "Feature",
      "properties": {
        "OBJECTID": 26707,
        "NODE_ID": "2176107703",
        "GROUND_LEV": 28.4
      },
      "geometry": {
        "type": "Point",
        "coordinates": [
          276792.5,
          2110760.1999999993
        ]
      }
    },
    {
      "type": "Feature",
      "properties": {
        "OBJECTID": 26778,
        "NODE_ID": "2176118801",
        "GROUND_LEV": 29.0
      },
      "geometry": {
        "type": "Point",
        "coordinates": [
          276816.7999999998,
          2111899.0999999996
        ]
      }
    },
    {
      "type": "Feature",
      "properties": {
        "OBJECTID": 26599,
        "NODE_ID": "2176089602",
        "GROUND_LEV": 27.951
      },
      "geometry": {
        "type": "Point",
        "coordinates": [
          276922.78890000004,
          2108631.8554
        ]
      }
    },
    {
      "type": "Feature",
      "properties": {
        "OBJECTID": 27830,
        "NODE_ID": "2177080601",
        "GROUND_LEV": 28.001
      },
      "geometry": {
        "type": "Point",
        "coordinates": [
          277025.4790000003,
          2108672.0933999997
        ]
      }
    },
    {
      "type": "Feature",
      "properties": {
        "OBJECTID": 26591,
        "NODE_ID": "2176088701",
        "GROUND_LEV": 28.617
      },
      "geometry": {
        "type": "Point",
        "coordinates": [
          276898.9012000002,
          2108790.0768999998
        ]
      }
    },
    {
      "type": "Feature",
      "properties": {
        "OBJECTID": 26606,
        "NODE_ID": "2176089701",
        "GROUND_LEV": 28.568
      },
      "geometry": {
        "type": "Point",
        "coordinates": [
          276922.2821000004,
          2108729.2027000003
        ]
      }
    },
    {
      "type": "Feature",
      "properties": {
        "OBJECTID": 27892,
        "NODE_ID": "2177090801",
        "GROUND_LEV": 29.8
      },
      "geometry": {
        "type": "Point",
        "coordinates": [
          277011.5639000004,
          2109883.8430000003
        ]
      }
    },
    {
      "type": "Feature",
      "properties": {
        "OBJECTID": 27891,
        "NODE_ID": "2177090701",
        "GROUND_LEV": 29.3
      },
      "geometry": {
        "type": "Point",
        "coordinates": [
          277096.2583999997,
          2109790.7028
        ]
      }
    },
    {
      "type": "Feature",
      "properties": {
        "OBJECTID": 27893,
        "NODE_ID": "2177090802",
        "GROUND_LEV": 29.52
      },
      "geometry": {
        "type": "Point",
        "coordinates": [
          277032.1047,
          2109860.3342000004
        ]
      }
    },
    {
      "type": "Feature",
      "properties": {
        "OBJECTID": 27894,
        "NODE_ID": "2177090803",
        "GROUND_LEV": 29.35
      },
      "geometry": {
        "type": "Point",
        "coordinates": [
          277053.3437999999,
          2109836.5845
        ]
      }
    },
    {
      "type": "Feature",
      "properties": {
        "OBJECTID": 28086,
        "NODE_ID": "2177101704",
        "GROUND_LEV": 28.83
      },
      "geometry": {
        "type": "Point",
        "coordinates": [
          277140.5521999998,
          2110724.6755999997
        ]
      }
    },
    {
      "type": "Feature",
      "properties": {
        "OBJECTID": 28085,
        "NODE_ID": "2177101703",
        "GROUND_LEV": 29.01
      },
      "geometry": {
        "type": "Point",
        "coordinates": [
          277131.3716000002,
          2110729.8512999993
        ]
      }
    },
    {
      "type": "Feature",
      "properties": {
        "OBJECTID": 28291,
        "NODE_ID": "2177110103",
        "GROUND_LEV": 28.86
      },
      "geometry": {
        "type": "Point",
        "coordinates": [
          277093.5999999996,
          2111193.9000000004
        ]
      }
    },
    {
      "type": "Feature",
      "properties": {
        "OBJECTID": 28298,
        "NODE_ID": "2177111202",
        "GROUND_LEV": 29.1
      },
      "geometry": {
        "type": "Point",
        "coordinates": [
          277121.2999999998,
          2111247.5
        ]
      }
    },
    {
      "type": "Feature",
      "properties": {
        "OBJECTID": 28302,
        "NODE_ID": "2177111303",
        "GROUND_LEV": 30.007
      },
      "geometry": {
        "type": "Point",
        "coordinates": [
          277175.5999999996,
          2111354.4000000004
        ]
      }
    },
    {
      "type": "Feature",
      "properties": {
        "OBJECTID": 28294,
        "NODE_ID": "2177110601",
        "GROUND_LEV": 34.14
      },
      "geometry": {
        "type": "Point",
        "coordinates": [
          277031.4643000001,
          2111656.3454
        ]
      }
    },
    {
      "type": "Feature",
      "properties": {
        "OBJECTID": 27941,
        "NODE_ID": "2177093402",
        "GROUND_LEV": 28.44
      },
      "geometry": {
        "type": "Point",
        "coordinates": [
          277307.5147000002,
          2109449.9285000004
        ]
      }
    },
    {
      "type": "Feature",
      "properties": {
        "OBJECTID": 27942,
        "NODE_ID": "2177093403",
        "GROUND_LEV": 28.55
      },
      "geometry": {
        "type": "Point",
        "coordinates": [
          277320.0544999996,
          2109420.0348000005
        ]
      }
    },
    {
      "type": "Feature",
      "properties": {
        "OBJECTID": 27908,
        "NODE_ID": "2177092502",
        "GROUND_LEV": 28.26
      },
      "geometry": {
        "type": "Point",
        "coordinates": [
          277237.61199999973,
          2109587.5803999994
        ]
      }
    },
    {
      "type": "Feature",
      "properties": {
        "OBJECTID": 27916,
        "NODE_ID": "2177092510",
        "GROUND_LEV": 28.53
      },
      "geometry": {
        "type": "Point",
        "coordinates": [
          277282.7988,
          2109508.494000001
        ]
      }
    },
    {
      "type": "Feature",
      "properties": {
        "OBJECTID": 28091,
        "NODE_ID": "2177102204",
        "GROUND_LEV": 29.3
      },
      "geometry": {
        "type": "Point",
        "coordinates": [
          277296.5,
          2110240.8000000007
        ]
      }
    },
    {
      "type": "Feature",
      "properties": {
        "OBJECTID": 28306,
        "NODE_ID": "2177112402",
        "GROUND_LEV": 30.935
      },
      "geometry": {
        "type": "Point",
        "coordinates": [
          277222.30200000014,
          2111431.0210999995
        ]
      }
    },
    {
      "type": "Feature",
      "properties": {
        "OBJECTID": 28316,
        "NODE_ID": "2177113503",
        "GROUND_LEV": 31.716
      },
      "geometry": {
        "type": "Point",
        "coordinates": [
          277339.5292999996,
          2111554.5710000005
        ]
      }
    },
    {
      "type": "Feature",
      "properties": {
        "OBJECTID": 27878,
        "NODE_ID": "2177084901",
        "GROUND_LEV": 28.419
      },
      "geometry": {
        "type": "Point",
        "coordinates": [
          277417.3476,
          2108946.8409
        ]
      }
    },
    {
      "type": "Feature",
      "properties": {
        "OBJECTID": 27952,
        "NODE_ID": "2177094006",
        "GROUND_LEV": 28.09
      },
      "geometry": {
        "type": "Point",
        "coordinates": [
          277472.65589999966,
          2109003.6141999997
        ]
      }
    },
    {
      "type": "Feature",
      "properties": {
        "OBJECTID": 27957,
        "NODE_ID": "2177094103",
        "GROUND_LEV": 28.36
      },
      "geometry": {
        "type": "Point",
        "coordinates": [
          277416.5614,
          2109185.3771
        ]
      }
    },
    {
      "type": "Feature",
      "properties": {
        "OBJECTID": 27966,
        "NODE_ID": "2177094903",
        "GROUND_LEV": 29.009
      },
      "geometry": {
        "type": "Point",
        "coordinates": [
          277458.71949999966,
          2109957.4242000002
        ]
      }
    },
    {
      "type": "Feature",
      "properties": {
        "OBJECTID": 28125,
        "NODE_ID": "2177104011",
        "GROUND_LEV": 29.149
      },
      "geometry": {
        "type": "Point",
        "coordinates": [
          277495.0005999999,
          2110016.876
        ]
      }
    },
    {
      "type": "Feature",
      "properties": {
        "OBJECTID": 28105,
        "NODE_ID": "2177103104",
        "GROUND_LEV": 28.809
      },
      "geometry": {
        "type": "Point",
        "coordinates": [
          277380.3161000004,
          2110118.5220999997
        ]
      }
    },
    {
      "type": "Feature",
      "properties": {
        "OBJECTID": 28112,
        "NODE_ID": "2177103301!",
        "GROUND_LEV": 29.0
      },
      "geometry": {
        "type": "Point",
        "coordinates": [
          277346.5064000003,
          2110392.0935999993
        ]
      }
    },
    {
      "type": "Feature",
      "properties": {
        "OBJECTID": 28132,
        "NODE_ID": "2177104202",
        "GROUND_LEV": 29.53
      },
      "geometry": {
        "type": "Point",
        "coordinates": [
          277466.78830000013,
          2110260.6041
        ]
      }
    },
    {
      "type": "Feature",
      "properties": {
        "OBJECTID": 28313,
        "NODE_ID": "2177113402",
        "GROUND_LEV": 31.789
      },
      "geometry": {
        "type": "Point",
        "coordinates": [
          277354.43759999983,
          2111498.1995
        ]
      }
    },
    {
      "type": "Feature",
      "properties": {
        "OBJECTID": 27971,
        "NODE_ID": "2177095003",
        "GROUND_LEV": 28.208
      },
      "geometry": {
        "type": "Point",
        "coordinates": [
          277548.1917000003,
          2109037.4860999994
        ]
      }
    },
    {
      "type": "Feature",
      "properties": {
        "OBJECTID": 27973,
        "NODE_ID": "2177095005",
        "GROUND_LEV": 28.508
      },
      "geometry": {
        "type": "Point",
        "coordinates": [
          277558.9068999998,
          2109054.2377000004
        ]
      }
    },
    {
      "type": "Feature",
      "properties": {
        "OBJECTID": 27974,
        "NODE_ID": "2177095006",
        "GROUND_LEV": 28.188
      },
      "geometry": {
        "type": "Point",
        "coordinates": [
          277559.2999999998,
          2109043.8000000007
        ]
      }
    },
    {
      "type": "Feature",
      "properties": {
        "OBJECTID": 27981,
        "NODE_ID": "2177096101",
        "GROUND_LEV": 28.338
      },
      "geometry": {
        "type": "Point",
        "coordinates": [
          277608.87480000034,
          2109124.6227
        ]
      }
    },
    {
      "type": "Feature",
      "properties": {
        "OBJECTID": 28141,
        "NODE_ID": "2177105002",
        "GROUND_LEV": 28.7
      },
      "geometry": {
        "type": "Point",
        "coordinates": [
          277509.5,
          2110001.3000000007
        ]
      }
    },
    {
      "type": "Feature",
      "properties": {
        "OBJECTID": 28165,
        "NODE_ID": "2177105016",
        "GROUND_LEV": 28.75
      },
      "geometry": {
        "type": "Point",
        "coordinates": [
          277564.2000000002,
          2110047.5999999996
        ]
      }
    },
    {
      "type": "Feature",
      "properties": {
        "OBJECTID": 28153,
        "NODE_ID": "2177105010",
        "GROUND_LEV": 28.55
      },
      "geometry": {
        "type": "Point",
        "coordinates": [
          277577.48029999994,
          2110011.5900999997
        ]
      }
    },
    {
      "type": "Feature",
      "properties": {
        "OBJECTID": 28178,
        "NODE_ID": "2177105203",
        "GROUND_LEV": 28.6
      },
      "geometry": {
        "type": "Point",
        "coordinates": [
          277538.9000000004,
          2110211.4000000004
        ]
      }
    },
    {
      "type": "Feature",
      "properties": {
        "OBJECTID": 28217,
        "NODE_ID": "2177105319!",
        "GROUND_LEV": 28.801
      },
      "geometry": {
        "type": "Point",
        "coordinates": [
          277517.0999999996,
          2110348.9000000004
        ]
      }
    },
    {
      "type": "Feature",
      "properties": {
        "OBJECTID": 28186,
        "NODE_ID": "2177105304",
        "GROUND_LEV": 30.0
      },
      "geometry": {
        "type": "Point",
        "coordinates": [
          277521.5049999999,
          2110388.3783
        ]
      }
    },
    {
      "type": "Feature",
      "properties": {
        "OBJECTID": 28194,
        "NODE_ID": "2177105308",
        "GROUND_LEV": 29.8
      },
      "geometry": {
        "type": "Point",
        "coordinates": [
          277525.34889999963,
          2110366.6448999997
        ]
      }
    },
    {
      "type": "Feature",
      "properties": {
        "OBJECTID": 28195,
        "NODE_ID": "2177105308!",
        "GROUND_LEV": 29.8
      },
      "geometry": {
        "type": "Point",
        "coordinates": [
          277525.34889999963,
          2110366.6448999997
        ]
      }
    },
    {
      "type": "Feature",
      "properties": {
        "OBJECTID": 28199,
        "NODE_ID": "2177105310!",
        "GROUND_LEV": 28.609
      },
      "geometry": {
        "type": "Point",
        "coordinates": [
          277528.4227999998,
          2110330.865700001
        ]
      }
    },
    {
      "type": "Feature",
      "properties": {
        "OBJECTID": 28209,
        "NODE_ID": "2177105315!",
        "GROUND_LEV": 29.609
      },
      "geometry": {
        "type": "Point",
        "coordinates": [
          277538.7000000002,
          2110345.5999999996
        ]
      }
    },
    {
      "type": "Feature",
      "properties": {
        "OBJECTID": 28212,
        "NODE_ID": "2177105317",
        "GROUND_LEV": 28.779
      },
      "geometry": {
        "type": "Point",
        "coordinates": [
          277569.92200000025,
          2110371.439099999
        ]
      }
    },
    {
      "type": "Feature",
      "properties": {
        "OBJECTID": 28213,
        "NODE_ID": "2177105317!",
        "GROUND_LEV": 28.779
      },
      "geometry": {
        "type": "Point",
        "coordinates": [
          277569.92200000025,
          2110371.439099999
        ]
      }
    },
    {
      "type": "Feature",
      "properties": {
        "OBJECTID": 28230,
        "NODE_ID": "2177105406",
        "GROUND_LEV": 30.2
      },
      "geometry": {
        "type": "Point",
        "coordinates": [
          277570.9809999997,
          2110472.4277
        ]
      }
    },
    {
      "type": "Feature",
      "properties": {
        "OBJECTID": 28232,
        "NODE_ID": "2177105407",
        "GROUND_LEV": 30.2
      },
      "geometry": {
        "type": "Point",
        "coordinates": [
          277581.51570000034,
          2110485.66
        ]
      }
    },
    {
      "type": "Feature",
      "properties": {
        "OBJECTID": 28235,
        "NODE_ID": "2177105408!",
        "GROUND_LEV": 29.6
      },
      "geometry": {
        "type": "Point",
        "coordinates": [
          277582.78890000004,
          2110484.4563999996
        ]
      }
    },
    {
      "type": "Feature",
      "properties": {
        "OBJECTID": 28337,
        "NODE_ID": "2177116201!",
        "GROUND_LEV": 30.401
      },
      "geometry": {
        "type": "Point",
        "coordinates": [
          277623.9157999996,
          2111240.6896
        ]
      }
    },
    {
      "type": "Feature",
      "properties": {
        "OBJECTID": 28334,
        "NODE_ID": "2177115501",
        "GROUND_LEV": 32.9
      },
      "geometry": {
        "type": "Point",
        "coordinates": [
          277588.2078999998,
          2111581.2565
        ]
      }
    },
    {
      "type": "Feature",
      "properties": {
        "OBJECTID": 28341,
        "NODE_ID": "2177116502",
        "GROUND_LEV": 33.73
      },
      "geometry": {
        "type": "Point",
        "coordinates": [
          277639.3838999998,
          2111597.8939999994
        ]
      }
    },
    {
      "type": "Feature",
      "properties": {
        "OBJECTID": 27885,
        "NODE_ID": "2177086302",
        "GROUND_LEV": 29.0
      },
      "geometry": {
        "type": "Point",
        "coordinates": [
          277668.40189999994,
          2108391.420600001
        ]
      }
    },
    {
      "type": "Feature",
      "properties": {
        "OBJECTID": 28016,
        "NODE_ID": "2177097401",
        "GROUND_LEV": 28.416
      },
      "geometry": {
        "type": "Point",
        "coordinates": [
          277775.9453999996,
          2109407.750499999
        ]
      }
    },
    {
      "type": "Feature",
      "properties": {
        "OBJECTID": 28017,
        "NODE_ID": "2177097402",
        "GROUND_LEV": 28.418
      },
      "geometry": {
        "type": "Point",
        "coordinates": [
          277789.70160000026,
          2109434.388699999
        ]
      }
    },
    {
      "type": "Feature",
      "properties": {
        "OBJECTID": 28021,
        "NODE_ID": "2177097604",
        "GROUND_LEV": 28.358
      },
      "geometry": {
        "type": "Point",
        "coordinates": [
          277753.6288999999,
          2109660.2249999996
        ]
      }
    },
    {
      "type": "Feature",
      "properties": {
        "OBJECTID": 28008,
        "NODE_ID": "2177096906!",
        "GROUND_LEV": 29.009
      },
      "geometry": {
        "type": "Point",
        "coordinates": [
          277659.12289999984,
          2109904.699100001
        ]
      }
    },
    {
      "type": "Feature",
      "properties": {
        "OBJECTID": 28009,
        "NODE_ID": "2177096907",
        "GROUND_LEV": 29.009
      },
      "geometry": {
        "type": "Point",
        "coordinates": [
          277660.85479999986,
          2109901.7715000007
        ]
      }
    },
    {
      "type": "Feature",
      "properties": {
        "OBJECTID": 27992,
        "NODE_ID": "2177096803!",
        "GROUND_LEV": 29.009
      },
      "geometry": {
        "type": "Point",
        "coordinates": [
          277668.3340999996,
          2109892.6761000007
        ]
      }
    },
    {
      "type": "Feature",
      "properties": {
        "OBJECTID": 28031,
        "NODE_ID": "2177097803",
        "GROUND_LEV": 28.209
      },
      "geometry": {
        "type": "Point",
        "coordinates": [
          277762.6085000001,
          2109825.3281999994
        ]
      }
    },
    {
      "type": "Feature",
      "properties": {
        "OBJECTID": 28057,
        "NODE_ID": "2177098801",
        "GROUND_LEV": 28.407
      },
      "geometry": {
        "type": "Point",
        "coordinates": [
          277803.53479999956,
          2109839.2520000003
        ]
      }
    },
    {
      "type": "Feature",
      "properties": {
        "OBJECTID": 28249,
        "NODE_ID": "2177107401!",
        "GROUND_LEV": 28.719
      },
      "geometry": {
        "type": "Point",
        "coordinates": [
          277707.81549999956,
          2110482.0241
        ]
      }
    },
    {
      "type": "Feature",
      "properties": {
        "OBJECTID": 28253,
        "NODE_ID": "2177107502!",
        "GROUND_LEV": 28.749
      },
      "geometry": {
        "type": "Point",
        "coordinates": [
          277754.6989000002,
          2110519.4784999993
        ]
      }
    },
    {
      "type": "Feature",
      "properties": {
        "OBJECTID": 28350,
        "NODE_ID": "2177117803",
        "GROUND_LEV": 35.8
      },
      "geometry": {
        "type": "Point",
        "coordinates": [
          277780.5527999997,
          2111808.9801000003
        ]
      }
    },
    {
      "type": "Feature",
      "properties": {
        "OBJECTID": 28351,
        "NODE_ID": "2177117804",
        "GROUND_LEV": 35.6
      },
      "geometry": {
        "type": "Point",
        "coordinates": [
          277783.3383999998,
          2111836.663899999
        ]
      }
    },
    {
      "type": "Feature",
      "properties": {
        "OBJECTID": 28049,
        "NODE_ID": "2177098505",
        "GROUND_LEV": 28.431
      },
      "geometry": {
        "type": "Point",
        "coordinates": [
          277826.86870000046,
          2109555.7181
        ]
      }
    },
    {
      "type": "Feature",
      "properties": {
        "OBJECTID": 28051,
        "NODE_ID": "2177098507",
        "GROUND_LEV": 28.488
      },
      "geometry": {
        "type": "Point",
        "coordinates": [
          277851.9774000002,
          2109580.603700001
        ]
      }
    },
    {
      "type": "Feature",
      "properties": {
        "OBJECTID": 28259,
        "NODE_ID": "2177108502!",
        "GROUND_LEV": 28.8
      },
      "geometry": {
        "type": "Point",
        "coordinates": [
          277822.9171000002,
          2110577.9470000006
        ]
      }
    },
    {
      "type": "Feature",
      "properties": {
        "OBJECTID": 28265,
        "NODE_ID": "2177108602!",
        "GROUND_LEV": 28.92
      },
      "geometry": {
        "type": "Point",
        "coordinates": [
          277893.5,
          2110634
        ]
      }
    },
    {
      "type": "Feature",
      "properties": {
        "OBJECTID": 28267,
        "NODE_ID": "2177109601!",
        "GROUND_LEV": 28.809
      },
      "geometry": {
        "type": "Point",
        "coordinates": [
          277916.9819,
          2110652.5429
        ]
      }
    },
    {
      "type": "Feature",
      "properties": {
        "OBJECTID": 28271,
        "NODE_ID": "2177109603!",
        "GROUND_LEV": 28.93
      },
      "geometry": {
        "type": "Point",
        "coordinates": [
          277963.9000000004,
          2110690
        ]
      }
    },
    {
      "type": "Feature",
      "properties": {
        "OBJECTID": 28282,
        "NODE_ID": "2177109901",
        "GROUND_LEV": 30.0
      },
      "geometry": {
        "type": "Point",
        "coordinates": [
          277948.26379999984,
          2110988.8730999995
        ]
      }
    },
    {
      "type": "Feature",
      "properties": {
        "OBJECTID": 28352,
        "NODE_ID": "2177118001",
        "GROUND_LEV": 29.801
      },
      "geometry": {
        "type": "Point",
        "coordinates": [
          277872.67789999954,
          2111094.6977999993
        ]
      }
    },
    {
      "type": "Feature",
      "properties": {
        "OBJECTID": 28066,
        "NODE_ID": "2177099404",
        "GROUND_LEV": 27.84
      },
      "geometry": {
        "type": "Point",
        "coordinates": [
          277988.0999999996,
          2109425
        ]
      }
    },
    {
      "type": "Feature",
      "properties": {
        "OBJECTID": 28975,
        "NODE_ID": "2178100704!",
        "GROUND_LEV": 29.959
      },
      "geometry": {
        "type": "Point",
        "coordinates": [
          278041.04110000003,
          2110737.0014999993
        ]
      }
    },
    {
      "type": "Feature",
      "properties": {
        "OBJECTID": 28978,
        "NODE_ID": "2178100706",
        "GROUND_LEV": 29.608
      },
      "geometry": {
        "type": "Point",
        "coordinates": [
          278055.12820000015,
          2110787.6633
        ]
      }
    },
    {
      "type": "Feature",
      "properties": {
        "OBJECTID": 28990,
        "NODE_ID": "2178100803",
        "GROUND_LEV": 29.678
      },
      "geometry": {
        "type": "Point",
        "coordinates": [
          278059.46360000037,
          2110877.306500001
        ]
      }
    },
    {
      "type": "Feature",
      "properties": {
        "OBJECTID": 28991,
        "NODE_ID": "2178100803!",
        "GROUND_LEV": 29.678
      },
      "geometry": {
        "type": "Point",
        "coordinates": [
          278059.46360000037,
          2110877.306500001
        ]
      }
    },
    {
      "type": "Feature",
      "properties": {
        "OBJECTID": 28984,
        "NODE_ID": "2178100709",
        "GROUND_LEV": 29.829
      },
      "geometry": {
        "type": "Point",
        "coordinates": [
          278079.1908,
          2110769.0145999994
        ]
      }
    },
    {
      "type": "Feature",
      "properties": {
        "OBJECTID": 29004,
        "NODE_ID": "2178101701",
        "GROUND_LEV": 29.819
      },
      "geometry": {
        "type": "Point",
        "coordinates": [
          278102.2876000004,
          2110788.400699999
        ]
      }
    },
    {
      "type": "Feature",
      "properties": {
        "OBJECTID": 29125,
        "NODE_ID": "2178110104!",
        "GROUND_LEV": 30.8
      },
      "geometry": {
        "type": "Point",
        "coordinates": [
          278064.7807,
          2111119.3149999995
        ]
      }
    },
    {
      "type": "Feature",
      "properties": {
        "OBJECTID": 29137,
        "NODE_ID": "2178110301!",
        "GROUND_LEV": 33.338
      },
      "geometry": {
        "type": "Point",
        "coordinates": [
          278005.30370000005,
          2111333.566299999
        ]
      }
    },
    {
      "type": "Feature",
      "properties": {
        "OBJECTID": 29130,
        "NODE_ID": "2178110202",
        "GROUND_LEV": 32.228
      },
      "geometry": {
        "type": "Point",
        "coordinates": [
          278021.7061999999,
          2111268.7290000003
        ]
      }
    },
    {
      "type": "Feature",
      "properties": {
        "OBJECTID": 29132,
        "NODE_ID": "2178110203",
        "GROUND_LEV": 31.2
      },
      "geometry": {
        "type": "Point",
        "coordinates": [
          278023.0048000002,
          2111220.340500001
        ]
      }
    },
    {
      "type": "Feature",
      "properties": {
        "OBJECTID": 29143,
        "NODE_ID": "2178110304!",
        "GROUND_LEV": 30.709
      },
      "geometry": {
        "type": "Point",
        "coordinates": [
          278087.42920000013,
          2111303.190300001
        ]
      }
    },
    {
      "type": "Feature",
      "properties": {
        "OBJECTID": 29148,
        "NODE_ID": "2178110403",
        "GROUND_LEV": 33.808
      },
      "geometry": {
        "type": "Point",
        "coordinates": [
          278042.93850000016,
          2111481.3965000007
        ]
      }
    },
    {
      "type": "Feature",
      "properties": {
        "OBJECTID": 28851,
        "NODE_ID": "2178081802",
        "GROUND_LEV": 29.4
      },
      "geometry": {
        "type": "Point",
        "coordinates": [
          278191.7000000002,
          2108879.5
        ]
      }
    },
    {
      "type": "Feature",
      "properties": {
        "OBJECTID": 28884,
        "NODE_ID": "2178091501",
        "GROUND_LEV": 28.331
      },
      "geometry": {
        "type": "Point",
        "coordinates": [
          278153.5999999996,
          2109508.3000000007
        ]
      }
    },
    {
      "type": "Feature",
      "properties": {
        "OBJECTID": 28897,
        "NODE_ID": "2178092602",
        "GROUND_LEV": 28.8
      },
      "geometry": {
        "type": "Point",
        "coordinates": [
          278212.5999999996,
          2109680.1999999993
        ]
      }
    },
    {
      "type": "Feature",
      "properties": {
        "OBJECTID": 29002,
        "NODE_ID": "2178101101",
        "GROUND_LEV": 28.3
      },
      "geometry": {
        "type": "Point",
        "coordinates": [
          278126.2000000002,
          2110162.9000000004
        ]
      }
    },
    {
      "type": "Feature",
      "properties": {
        "OBJECTID": 29006,
        "NODE_ID": "2178101801",
        "GROUND_LEV": 30.039
      },
      "geometry": {
        "type": "Point",
        "coordinates": [
          278124.68900000025,
          2110808.0143
        ]
      }
    },
    {
      "type": "Feature",
      "properties": {
        "OBJECTID": 29009,
        "NODE_ID": "2178101802!",
        "GROUND_LEV": 29.739
      },
      "geometry": {
        "type": "Point",
        "coordinates": [
          278147.5491000004,
          2110827.2865999993
        ]
      }
    },
    {
      "type": "Feature",
      "properties": {
        "OBJECTID": 29158,
        "NODE_ID": "2178111101",
        "GROUND_LEV": 29.8
      },
      "geometry": {
        "type": "Point",
        "coordinates": [
          278187.5088999998,
          2111165.661800001
        ]
      }
    },
    {
      "type": "Feature",
      "properties": {
        "OBJECTID": 29190,
        "NODE_ID": "2178112102",
        "GROUND_LEV": 29.26
      },
      "geometry": {
        "type": "Point",
        "coordinates": [
          278202.3689000001,
          2111118.8127999995
        ]
      }
    },
    {
      "type": "Feature",
      "properties": {
        "OBJECTID": 29192,
        "NODE_ID": "2178112103",
        "GROUND_LEV": 29.288
      },
      "geometry": {
        "type": "Point",
        "coordinates": [
          278215.06400000025,
          2111147.9487999994
        ]
      }
    },
    {
      "type": "Feature",
      "properties": {
        "OBJECTID": 29195,
        "NODE_ID": "2178112104!",
        "GROUND_LEV": 29.136
      },
      "geometry": {
        "type": "Point",
        "coordinates": [
          278258.5647999998,
          2111161.1909
        ]
      }
    },
    {
      "type": "Feature",
      "properties": {
        "OBJECTID": 29169,
        "NODE_ID": "2178111302!",
        "GROUND_LEV": 31.329
      },
      "geometry": {
        "type": "Point",
        "coordinates": [
          278141.67059999984,
          2111318.0347000007
        ]
      }
    },
    {
      "type": "Feature",
      "properties": {
        "OBJECTID": 29170,
        "NODE_ID": "2178111303",
        "GROUND_LEV": 31.309
      },
      "geometry": {
        "type": "Point",
        "coordinates": [
          278154.5020000003,
          2111308.0935999993
        ]
      }
    },
    {
      "type": "Feature",
      "properties": {
        "OBJECTID": 29171,
        "NODE_ID": "2178111303!",
        "GROUND_LEV": 31.309
      },
      "geometry": {
        "type": "Point",
        "coordinates": [
          278154.5020000003,
          2111308.0935999993
        ]
      }
    },
    {
      "type": "Feature",
      "properties": {
        "OBJECTID": 29202,
        "NODE_ID": "2178112402",
        "GROUND_LEV": 31.229
      },
      "geometry": {
        "type": "Point",
        "coordinates": [
          278254.9530999996,
          2111470.1052
        ]
      }
    },
    {
      "type": "Feature",
      "properties": {
        "OBJECTID": 28907,
        "NODE_ID": "2178093004",
        "GROUND_LEV": 29.137
      },
      "geometry": {
        "type": "Point",
        "coordinates": [
          278313.9422000004,
          2109074.803099999
        ]
      }
    },
    {
      "type": "Feature",
      "properties": {
        "OBJECTID": 28908,
        "NODE_ID": "2178093005",
        "GROUND_LEV": 28.98
      },
      "geometry": {
        "type": "Point",
        "coordinates": [
          278331.9846000001,
          2109076.0012
        ]
      }
    },
    {
      "type": "Feature",
      "properties": {
        "OBJECTID": 28913,
        "NODE_ID": "2178093302",
        "GROUND_LEV": 28.1
      },
      "geometry": {
        "type": "Point",
        "coordinates": [
          278332.2000000002,
          2109325.1999999993
        ]
      }
    },
    {
      "type": "Feature",
      "properties": {
        "OBJECTID": 28932,
        "NODE_ID": "2178094701",
        "GROUND_LEV": 28.588
      },
      "geometry": {
        "type": "Point",
        "coordinates": [
          278410.2999999998,
          2109799.3000000007
        ]
      }
    },
    {
      "type": "Feature",
      "properties": {
        "OBJECTID": 29199,
        "NODE_ID": "2178112106!",
        "GROUND_LEV": 29.2
      },
      "geometry": {
        "type": "Point",
        "coordinates": [
          278288.0999999996,
          2111171.5999999996
        ]
      }
    },
    {
      "type": "Feature",
      "properties": {
        "OBJECTID": 29215,
        "NODE_ID": "2178113103!",
        "GROUND_LEV": 29.267
      },
      "geometry": {
        "type": "Point",
        "coordinates": [
          278332.3828999996,
          2111186.8434999995
        ]
      }
    },
    {
      "type": "Feature",
      "properties": {
        "OBJECTID": 29218,
        "NODE_ID": "2178113502",
        "GROUND_LEV": 31.809
      },
      "geometry": {
        "type": "Point",
        "coordinates": [
          278337.03029999975,
          2111532.706700001
        ]
      }
    },
    {
      "type": "Feature",
      "properties": {
        "OBJECTID": 29219,
        "NODE_ID": "2178113502!",
        "GROUND_LEV": 31.809
      },
      "geometry": {
        "type": "Point",
        "coordinates": [
          278337.03029999975,
          2111532.706700001
        ]
      }
    },
    {
      "type": "Feature",
      "properties": {
        "OBJECTID": 29226,
        "NODE_ID": "2178114501",
        "GROUND_LEV": 32.809
      },
      "geometry": {
        "type": "Point",
        "coordinates": [
          278411.5159,
          2111565.1492999997
        ]
      }
    },
    {
      "type": "Feature",
      "properties": {
        "OBJECTID": 28922,
        "NODE_ID": "2178094001",
        "GROUND_LEV": 29.4
      },
      "geometry": {
        "type": "Point",
        "coordinates": [
          278468.0999999996,
          2109014.9000000004
        ]
      }
    },
    {
      "type": "Feature",
      "properties": {
        "OBJECTID": 28929,
        "NODE_ID": "2178094203",
        "GROUND_LEV": 28.832
      },
      "geometry": {
        "type": "Point",
        "coordinates": [
          278490.3139000004,
          2109200.8144000005
        ]
      }
    },
    {
      "type": "Feature",
      "properties": {
        "OBJECTID": 28930,
        "NODE_ID": "2178094204",
        "GROUND_LEV": 28.818
      },
      "geometry": {
        "type": "Point",
        "coordinates": [
          278498.7514000004,
          2109214.2726000007
        ]
      }
    },
    {
      "type": "Feature",
      "properties": {
        "OBJECTID": 28941,
        "NODE_ID": "2178095203",
        "GROUND_LEV": 29.14
      },
      "geometry": {
        "type": "Point",
        "coordinates": [
          278512.25129999965,
          2109282.0798000004
        ]
      }
    },
    {
      "type": "Feature",
      "properties": {
        "OBJECTID": 29233,
        "NODE_ID": "2178114602!",
        "GROUND_LEV": 36.708
      },
      "geometry": {
        "type": "Point",
        "coordinates": [
          278453.3399,
          2111617.4778000005
        ]
      }
    }
  ]
}