{
  "type": "FeatureCollection",
  "features": [
    {
      "type": "Feature",
      "id": "osm_way_22854472",
      "properties": {
        "osm_id": 22854472,
        "name": "Ramakrishna Chemburkar Marg",
        "highway": "secondary",
        "oneway": "yes",
        "surface": "asphalt",
        "lanes": "2"
      },
      "geometry": {
        "type": "LineString",
        "coordinates": [
          [
            72.8945737,
            19.054147
          ],
          [
            72.8946174,
            19.0543432
          ],
          [
            72.8947295,
            19.0548471
          ],
          [
            72.8948201,
            19.0552514
          ],
          [
            72.8948733,
            19.0554888
          ],
          [
            72.8949945,
            19.0560296
          ],
          [
            72.8950934,
            19.0564709
          ],
          [
            72.8951344,
            19.0566662
          ],
          [
            72.8952564,
            19.057356
          ],
          [
            72.8953288,
            19.0576979
          ],
          [
            72.8954036,
            19.0579213
          ],
          [
            72.8954443,
            19.0580035
          ],
          [
            72.8956018,
            19.058322
          ],
          [
            72.8959225,
            19.0588268
          ],
          [
            72.8961871,
            19.0592432
          ],
          [
            72.8964358,
            19.0596332
          ],
          [
            72.8966104,
            19.0598896
          ],
          [
            72.8968886,
            19.0602964
          ],
          [
            72.8969937,
            19.0604725
          ],
          [
            72.8970626,
            19.0605879
          ]
        ]
      }
    },
    {
      "type": "Feature",
      "id": "osm_way_22854756",
      "properties": {
        "osm_id": 22854756,
        "name": "Road No 10",
        "highway": "secondary",
        "oneway": "no",
        "surface": "asphalt",
        "lanes": "1"
      },
      "geometry": {
        "type": "LineString",
        "coordinates": [
          [
            72.8952415,
            19.056642
          ],
          [
            72.8958394,
            19.0565067
          ],
          [
            72.8964268,
            19.0563738
          ],
          [
            72.8974389,
            19.0561448
          ]
        ]
      }
    },
    {
      "type": "Feature",
      "id": "osm_way_22854860",
      "properties": {
        "osm_id": 22854860,
        "name": "S G Barve Marg (C S T Road)",
        "highway": "secondary",
        "oneway": "yes",
        "surface": "asphalt",
        "lanes": "1"
      },
      "geometry": {
        "type": "LineString",
        "coordinates": [
          [
            72.8859595,
            19.0586924
          ],
          [
            72.8858965,
            19.0587817
          ],
          [
            72.8855956,
            19.0592226
          ],
          [
            72.8855807,
            19.0592428
          ],
          [
            72.8850696,
            19.0599369
          ],
          [
            72.8844858,
            19.0607299
          ]
        ]
      }
    },
    {
      "type": "Feature",
      "id": "osm_way_22855453",
      "properties": {
        "osm_id": 22855453,
        "name": "Air India Road",
        "highway": "tertiary",
        "oneway": "no",
        "surface": "asphalt",
        "lanes": "1"
      },
      "geometry": {
        "type": "LineString",
        "coordinates": [
          [
            72.8599596,
            19.0849445
          ],
          [
            72.8607273,
            19.0850516
          ],
          [
            72.8608534,
            19.0850535
          ],
          [
            72.8609124,
            19.0850466
          ],
          [
            72.8609781,
            19.085025
          ],
          [
            72.8610237,
            19.0849578
          ],
          [
            72.8610679,
            19.0848805
          ],
          [
            72.8611873,
            19.0846245
          ],
          [
            72.8612356,
            19.0845333
          ],
          [
            72.8613,
            19.0844509
          ],
          [
            72.8613684,
            19.0844065
          ],
          [
            72.8614394,
            19.0843799
          ],
          [
            72.8618471,
            19.0843039
          ],
          [
            72.8622656,
            19.0842278
          ],
          [
            72.8624479,
            19.0842164
          ],
          [
            72.8626867,
            19.0842265
          ],
          [
            72.8634457,
            19.0842595
          ],
          [
            72.8636898,
            19.0842696
          ],
          [
            72.8638373,
            19.0842722
          ],
          [
            72.8640211,
            19.084243
          ],
          [
            72.8641123,
            19.0842151
          ],
          [
            72.8642948,
            19.0841197
          ],
          [
            72.8647922,
            19.0838882
          ],
          [
            72.8649317,
            19.0838197
          ],
          [
            72.8650054,
            19.0837576
          ],
          [
            72.8653598,
            19.0834068
          ],
          [
            72.8655711,
            19.0831887
          ],
          [
            72.866022,
            19.0827792
          ],
          [
            72.8662245,
            19.0826106
          ],
          [
            72.8663599,
            19.0825257
          ],
          [
            72.8664605,
            19.0824636
          ],
          [
            72.866592,
            19.082423
          ],
          [
            72.8668065,
            19.0823888
          ],
          [
            72.8672236,
            19.0823926
          ],
          [
            72.8678509,
            19.0824554
          ],
          [
            72.8682362,
            19.082494
          ],
          [
            72.8683729,
            19.0825003
          ],
          [
            72.8684923,
            19.0824978
          ],
          [
            72.8685808,
            19.0824864
          ],
          [
            72.8687149,
            19.0824408
          ],
          [
            72.870048,
            19.0818159
          ],
          [
            72.8703766,
            19.0816474
          ]
        ]
      }
    },
    {
      "type": "Feature",
      "id": "osm_way_22855576",
      "properties": {
        "osm_id": 22855576,
        "name": "S G Barve Marg",
        "highway": "tertiary",
        "oneway": "no",
        "surface": "asphalt",
        "lanes": "1"
      },
      "geometry": {
        "type": "LineString",
        "coordinates": [
          [
            72.877716,
            19.0668239
          ],
          [
            72.8787167,
            19.0661193
          ],
          [
            72.8790426,
            19.0658596
          ],
          [
            72.8794655,
            19.0665517
          ]
        ]
      }
    },
    {
      "type": "Feature",
      "id": "osm_way_22855577",
      "properties": {
        "osm_id": 22855577,
        "name": "Jawaharlal Nehru Road",
        "highway": "secondary",
        "oneway": "no",
        "surface": "asphalt",
        "lanes": "1"
      },
      "geometry": {
        "type": "LineString",
        "coordinates": [
          [
            72.8587181,
            19.0819093
          ],
          [
            72.8589528,
            19.0807976
          ],
          [
            72.8590308,
            19.080418
          ],
          [
            72.8591745,
            19.0800844
          ],
          [
            72.8592025,
            19.0800277
          ],
          [
            72.8594016,
            19.0797734
          ],
          [
            72.8602351,
            19.0790771
          ],
          [
            72.8604953,
            19.0789149
          ],
          [
            72.8610693,
            19.0787019
          ],
          [
            72.8611551,
            19.0786284
          ],
          [
            72.8611846,
            19.0784991
          ],
          [
            72.861198,
            19.0781468
          ],
          [
            72.8612436,
            19.078015
          ],
          [
            72.861359,
            19.0779364
          ],
          [
            72.8615043,
            19.0778821
          ],
          [
            72.8617557,
            19.0778561
          ],
          [
            72.8619437,
            19.0778604
          ],
          [
            72.8621972,
            19.077844
          ],
          [
            72.8622756,
            19.0778377
          ],
          [
            72.8624528,
            19.0778083
          ]
        ]
      }
    },
    {
      "type": "Feature",
      "id": "osm_way_22855579",
      "properties": {
        "osm_id": 22855579,
        "name": "Kalina Kurla Road",
        "highway": "tertiary",
        "oneway": "no",
        "surface": "asphalt",
        "lanes": "1"
      },
      "geometry": {
        "type": "LineString",
        "coordinates": [
          [
            72.8787234,
            19.0777927
          ],
          [
            72.8784089,
            19.0778984
          ],
          [
            72.8780912,
            19.0780124
          ],
          [
            72.8778828,
            19.0781017
          ],
          [
            72.8774777,
            19.0782685
          ],
          [
            72.8771731,
            19.078399
          ]
        ]
      }
    },
    {
      "type": "Feature",
      "id": "osm_way_22855651",
      "properties": {
        "osm_id": 22855651,
        "name": "Street 5",
        "highway": "tertiary",
        "oneway": "yes",
        "surface": "asphalt",
        "lanes": "2"
      },
      "geometry": {
        "type": "LineString",
        "coordinates": [
          [
            72.8622599,
            19.0652128
          ],
          [
            72.8625426,
            19.0649824
          ],
          [
            72.862555,
            19.0649715
          ],
          [
            72.8629199,
            19.0646518
          ],
          [
            72.8629412,
            19.0646331
          ],
          [
            72.863069,
            19.0645211
          ],
          [
            72.8634483,
            19.0641888
          ],
          [
            72.8634676,
            19.0641719
          ],
          [
            72.8635385,
            19.0641081
          ],
          [
            72.8636321,
            19.0640243
          ],
          [
            72.8641175,
            19.0636025
          ],
          [
            72.8641859,
            19.0635426
          ],
          [
            72.8644365,
            19.0633231
          ],
          [
            72.8645691,
            19.0632069
          ],
          [
            72.8649167,
            19.0629023
          ],
          [
            72.8650215,
            19.0628669
          ],
          [
            72.8651286,
            19.0628348
          ]
        ]
      }
    },
    {
      "type": "Feature",
      "id": "osm_way_22855805",
      "properties": {
        "osm_id": 22855805,
        "name": "Street 7",
        "highway": "secondary",
        "oneway": "yes",
        "surface": "concrete",
        "lanes": "2"
      },
      "geometry": {
        "type": "LineString",
        "coordinates": [
          [
            72.8652769,
            19.0672793
          ],
          [
            72.8653978,
            19.0671608
          ],
          [
            72.8657184,
            19.066865
          ],
          [
            72.866236,
            19.0663874
          ],
          [
            72.8664284,
            19.0662199
          ],
          [
            72.8664584,
            19.0661937
          ],
          [
            72.8664872,
            19.0661686
          ]
        ]
      }
    },
    {
      "type": "Feature",
      "id": "osm_way_22855806",
      "properties": {
        "osm_id": 22855806,
        "name": "Kanzul Iman Road",
        "highway": "tertiary",
        "oneway": "yes",
        "surface": "concrete",
        "lanes": "2"
      },
      "geometry": {
        "type": "LineString",
        "coordinates": [
          [
            72.8674929,
            19.0704014
          ],
          [
            72.8675393,
            19.0704779
          ],
          [
            72.8678721,
            19.0706993
          ],
          [
            72.8682824,
            19.0709723
          ],
          [
            72.8685231,
            19.0711325
          ],
          [
            72.8690092,
            19.0714231
          ],
          [
            72.8698506,
            19.0718899
          ],
          [
            72.8701933,
            19.0720412
          ],
          [
            72.8702595,
            19.0720434
          ]
        ]
      }
    },
    {
      "type": "Feature",
      "id": "osm_way_22855835",
      "properties": {
        "osm_id": 22855835,
        "name": "Street 7",
        "highway": "secondary",
        "oneway": "yes",
        "surface": "concrete",
        "lanes": "2"
      },
      "geometry": {
        "type": "LineString",
        "coordinates": [
          [
            72.8664307,
            19.0661162
          ],
          [
            72.866402,
            19.0661444
          ],
          [
            72.8661849,
            19.0663342
          ],
          [
            72.8657463,
            19.0667387
          ],
          [
            72.8656656,
            19.0668132
          ],
          [
            72.8653966,
            19.0670614
          ],
          [
            72.8653326,
            19.0671204
          ],
          [
            72.8651975,
            19.0672299
          ]
        ]
      }
    },
    {
      "type": "Feature",
      "id": "osm_way_22855841",
      "properties": {
        "osm_id": 22855841,
        "name": "Avenue 5",
        "highway": "tertiary",
        "oneway": "no",
        "surface": "asphalt",
        "lanes": "1"
      },
      "geometry": {
        "type": "LineString",
        "coordinates": [
          [
            72.8690073,
            19.0621606
          ],
          [
            72.8691455,
            19.0625078
          ],
          [
            72.8692947,
            19.0628789
          ],
          [
            72.8697265,
            19.063953
          ],
          [
            72.8701097,
            19.0649014
          ],
          [
            72.8701201,
            19.064923
          ],
          [
            72.8702312,
            19.0651551
          ],
          [
            72.8704655,
            19.0656853
          ],
          [
            72.8704711,
            19.0657801
          ]
        ]
      }
    },
    {
      "type": "Feature",
      "id": "osm_way_22855895",
      "properties": {
        "osm_id": 22855895,
        "name": "Bharat Nagar Road",
        "highway": "tertiary",
        "oneway": "yes",
        "surface": "concrete",
        "lanes": "2"
      },
      "geometry": {
        "type": "LineString",
        "coordinates": [
          [
            72.8620802,
            19.0652947
          ],
          [
            72.8618884,
            19.0654516
          ],
          [
            72.8617069,
            19.0656002
          ],
          [
            72.861675,
            19.0656216
          ],
          [
            72.8616034,
            19.0656697
          ],
          [
            72.8614931,
            19.0657148
          ],
          [
            72.86145,
            19.0657245
          ],
          [
            72.8613515,
            19.0657466
          ],
          [
            72.8612917,
            19.0657541
          ],
          [
            72.8612626,
            19.0657577
          ],
          [
            72.8612271,
            19.0657622
          ],
          [
            72.8611509,
            19.0657717
          ],
          [
            72.8608824,
            19.0658053
          ],
          [
            72.8605336,
            19.0658489
          ],
          [
            72.8603996,
            19.0658657
          ],
          [
            72.860134,
            19.0658989
          ],
          [
            72.8600438,
            19.0659102
          ],
          [
            72.8594995,
            19.0659783
          ],
          [
            72.8580266,
            19.0661628
          ],
          [
            72.8579576,
            19.0661711
          ],
          [
            72.8575573,
            19.0662212
          ],
          [
            72.8575284,
            19.0662248
          ],
          [
            72.857163,
            19.0662824
          ]
        ]
      }
    },
    {
      "type": "Feature",
      "id": "osm_way_22855897",
      "properties": {
        "osm_id": 22855897,
        "name": "Unnamed Street",
        "highway": "tertiary",
        "oneway": "no",
        "surface": "asphalt",
        "lanes": "1"
      },
      "geometry": {
        "type": "LineString",
        "coordinates": [
          [
            72.8595089,
            19.0660495
          ],
          [
            72.8594995,
            19.0659783
          ],
          [
            72.8594328,
            19.0654711
          ],
          [
            72.8594124,
            19.0653166
          ],
          [
            72.8593728,
            19.0650153
          ]
        ]
      }
    },
    {
      "type": "Feature",
      "id": "osm_way_22855921",
      "properties": {
        "osm_id": 22855921,
        "name": "Avenue 3",
        "highway": "tertiary",
        "oneway": "yes",
        "surface": "concrete",
        "lanes": "2"
      },
      "geometry": {
        "type": "LineString",
        "coordinates": [
          [
            72.8723,
            19.0710084
          ],
          [
            72.8724298,
            19.0707597
          ],
          [
            72.8724597,
            19.0706871
          ],
          [
            72.8724765,
            19.0706145
          ],
          [
            72.8724756,
            19.0702842
          ],
          [
            72.8724458,
            19.0701656
          ],
          [
            72.8720175,
            19.0689938
          ],
          [
            72.8719284,
            19.0689151
          ],
          [
            72.871356,
            19.0685648
          ],
          [
            72.8711522,
            19.0684363
          ],
          [
            72.8701673,
            19.067815
          ],
          [
            72.8697261,
            19.0675376
          ],
          [
            72.8696352,
            19.0674802
          ],
          [
            72.8696019,
            19.0674529
          ],
          [
            72.8695743,
            19.0674332
          ],
          [
            72.8694166,
            19.0673209
          ],
          [
            72.868924,
            19.0668192
          ],
          [
            72.8679244,
            19.0659614
          ],
          [
            72.8676733,
            19.0657295
          ]
        ]
      }
    },
    {
      "type": "Feature",
      "id": "osm_way_22859037",
      "properties": {
        "osm_id": 22859037,
        "name": "Ramakrishna Paramahansa Marg",
        "highway": "tertiary",
        "oneway": "yes",
        "surface": "asphalt",
        "lanes": "1"
      },
      "geometry": {
        "type": "LineString",
        "coordinates": [
          [
            72.8547095,
            19.0602565
          ],
          [
            72.8545874,
            19.0603954
          ],
          [
            72.8544588,
            19.0606019
          ],
          [
            72.8541851,
            19.0610413
          ],
          [
            72.8541625,
            19.0610963
          ],
          [
            72.8541489,
            19.061176
          ],
          [
            72.8541236,
            19.0612424
          ],
          [
            72.8541116,
            19.0612629
          ],
          [
            72.8540928,
            19.0612949
          ],
          [
            72.8540379,
            19.0613884
          ],
          [
            72.8539863,
            19.0614367
          ]
        ]
      }
    },
    {
      "type": "Feature",
      "id": "osm_way_22859144",
      "properties": {
        "osm_id": 22859144,
        "name": "Avenue 5",
        "highway": "tertiary",
        "oneway": "yes",
        "surface": "concrete",
        "lanes": "2"
      },
      "geometry": {
        "type": "LineString",
        "coordinates": [
          [
            72.868036,
            19.0597643
          ],
          [
            72.8679401,
            19.0596553
          ],
          [
            72.8679091,
            19.0595911
          ],
          [
            72.8675584,
            19.0588563
          ],
          [
            72.8674991,
            19.0587319
          ],
          [
            72.8674097,
            19.0586165
          ],
          [
            72.8672973,
            19.0585051
          ],
          [
            72.86716,
            19.0584111
          ],
          [
            72.8659841,
            19.0577613
          ],
          [
            72.8658667,
            19.0576964
          ],
          [
            72.8653543,
            19.0574592
          ],
          [
            72.8649043,
            19.0573209
          ],
          [
            72.8644612,
            19.0572801
          ],
          [
            72.8641612,
            19.0573173
          ],
          [
            72.8638573,
            19.0573636
          ],
          [
            72.8635565,
            19.0574228
          ],
          [
            72.8633104,
            19.0575011
          ],
          [
            72.8630757,
            19.0576026
          ],
          [
            72.8628739,
            19.0576992
          ],
          [
            72.8613697,
            19.0585339
          ],
          [
            72.8611434,
            19.0586712
          ]
        ]
      }
    },
    {
      "type": "Feature",
      "id": "osm_way_22859164",
      "properties": {
        "osm_id": 22859164,
        "name": "Unnamed Street",
        "highway": "tertiary",
        "oneway": "no",
        "surface": "asphalt",
        "lanes": "1"
      },
      "geometry": {
        "type": "LineString",
        "coordinates": [
          [
            72.857163,
            19.0662824
          ],
          [
            72.8570602,
            19.0656168
          ],
          [
            72.8570574,
            19.0655466
          ],
          [
            72.8570855,
            19.0654574
          ],
          [
            72.8572101,
            19.0653214
          ],
          [
            72.8572617,
            19.0652804
          ],
          [
            72.8573106,
            19.0652612
          ],
          [
            72.8573899,
            19.0652464
          ],
          [
            72.8574168,
            19.0652432
          ],
          [
            72.8585604,
            19.0651088
          ],
          [
            72.8589354,
            19.0650647
          ],
          [
            72.8593728,
            19.0650153
          ]
        ]
      }
    },
    {
      "type": "Feature",
      "id": "osm_way_22859189",
      "properties": {
        "osm_id": 22859189,
        "name": "Unnamed Street",
        "highway": "tertiary",
        "oneway": "yes",
        "surface": "asphalt",
        "lanes": "1"
      },
      "geometry": {
        "type": "LineString",
        "coordinates": [
          [
            72.8542532,
            19.0657047
          ],
          [
            72.8543451,
            19.0656559
          ],
          [
            72.8545067,
            19.0655057
          ],
          [
            72.8545762,
            19.0654411
          ],
          [
            72.8546053,
            19.0653921
          ],
          [
            72.8546763,
            19.0652725
          ],
          [
            72.8547882,
            19.0650771
          ],
          [
            72.8548647,
            19.0649435
          ],
          [
            72.8550435,
            19.0646461
          ],
          [
            72.8551552,
            19.0644484
          ],
          [
            72.8552641,
            19.0642556
          ],
          [
            72.8555012,
            19.0638357
          ],
          [
            72.855518,
            19.063805
          ],
          [
            72.8556553,
            19.0635538
          ],
          [
            72.8558106,
            19.0632696
          ],
          [
            72.8559622,
            19.06298
          ]
        ]
      }
    },
    {
      "type": "Feature",
      "id": "osm_way_22859210",
      "properties": {
        "osm_id": 22859210,
        "name": "Unnamed Street",
        "highway": "tertiary",
        "oneway": "yes",
        "surface": "asphalt",
        "lanes": "1"
      },
      "geometry": {
        "type": "LineString",
        "coordinates": [
          [
            72.8559622,
            19.06298
          ],
          [
            72.856076,
            19.0627705
          ],
          [
            72.8562288,
            19.0625301
          ],
          [
            72.8564121,
            19.0622417
          ],
          [
            72.8565799,
            19.0619923
          ],
          [
            72.8567379,
            19.0617575
          ]
        ]
      }
    },
    {
      "type": "Feature",
      "id": "osm_way_22859290",
      "properties": {
        "osm_id": 22859290,
        "name": "Unnamed Street",
        "highway": "tertiary",
        "oneway": "yes",
        "surface": "asphalt",
        "lanes": "1"
      },
      "geometry": {
        "type": "LineString",
        "coordinates": [
          [
            72.8567379,
            19.0617575
          ],
          [
            72.8572579,
            19.0609544
          ],
          [
            72.8573719,
            19.0608356
          ]
        ]
      }
    },
    {
      "type": "Feature",
      "id": "osm_way_27055934",
      "properties": {
        "osm_id": 27055934,
        "name": "Bandra Kurla Complex Road",
        "highway": "primary",
        "oneway": "yes",
        "surface": "asphalt",
        "lanes": "3"
      },
      "geometry": {
        "type": "LineString",
        "coordinates": [
          [
            72.8567907,
            19.0599864
          ],
          [
            72.8576193,
            19.0604139
          ]
        ]
      }
    },
    {
      "type": "Feature",
      "id": "osm_way_27055936",
      "properties": {
        "osm_id": 27055936,
        "name": "Bandra Kurla Complex Road",
        "highway": "primary",
        "oneway": "yes",
        "surface": "concrete",
        "lanes": "3"
      },
      "geometry": {
        "type": "LineString",
        "coordinates": [
          [
            72.8621463,
            19.0653357
          ],
          [
            72.8651975,
            19.0672299
          ],
          [
            72.8652769,
            19.0672793
          ],
          [
            72.8683414,
            19.0691817
          ],
          [
            72.868405,
            19.0692212
          ],
          [
            72.8695123,
            19.0699086
          ],
          [
            72.8705694,
            19.0705649
          ],
          [
            72.8708472,
            19.0707263
          ],
          [
            72.8711271,
            19.070861
          ],
          [
            72.8714176,
            19.0709735
          ],
          [
            72.8716827,
            19.0710411
          ],
          [
            72.8717995,
            19.0710692
          ]
        ]
      }
    },
    {
      "type": "Feature",
      "id": "osm_way_27055937",
      "properties": {
        "osm_id": 27055937,
        "name": "Bandra Kurla Complex Road",
        "highway": "primary",
        "oneway": "no",
        "surface": "asphalt",
        "lanes": "1"
      },
      "geometry": {
        "type": "LineString",
        "coordinates": [
          [
            72.8753551,
            19.0707566
          ],
          [
            72.8742347,
            19.0709006
          ]
        ]
      }
    },
    {
      "type": "Feature",
      "id": "osm_way_39743635",
      "properties": {
        "osm_id": 39743635,
        "name": "Street 3: Lane 1",
        "highway": "tertiary",
        "oneway": "no",
        "surface": "asphalt",
        "lanes": "1"
      },
      "geometry": {
        "type": "LineString",
        "coordinates": [
          [
            72.8606545,
            19.0621479
          ],
          [
            72.8607439,
            19.06232
          ],
          [
            72.8609355,
            19.0626887
          ],
          [
            72.8610286,
            19.0628679
          ],
          [
            72.8611082,
            19.0630211
          ],
          [
            72.8611812,
            19.0631187
          ],
          [
            72.8612012,
            19.0631455
          ],
          [
            72.8612929,
            19.0632278
          ],
          [
            72.8612988,
            19.0632325
          ],
          [
            72.8613312,
            19.0632579
          ],
          [
            72.8614372,
            19.0633413
          ],
          [
            72.8619462,
            19.0637419
          ],
          [
            72.8620115,
            19.0637932
          ],
          [
            72.8620581,
            19.0638299
          ],
          [
            72.8621561,
            19.0638619
          ],
          [
            72.8622237,
            19.0638545
          ],
          [
            72.8622541,
            19.0638512
          ],
          [
            72.8625528,
            19.0636132
          ],
          [
            72.8625778,
            19.0635933
          ],
          [
            72.862758,
            19.0634498
          ],
          [
            72.8628545,
            19.0633669
          ],
          [
            72.863061,
            19.0631893
          ],
          [
            72.8631634,
            19.0631013
          ],
          [
            72.8632829,
            19.0629986
          ],
          [
            72.8634213,
            19.0628796
          ],
          [
            72.8637116,
            19.0626301
          ],
          [
            72.8637304,
            19.0626139
          ],
          [
            72.8637743,
            19.0625438
          ],
          [
            72.8637931,
            19.0624728
          ],
          [
            72.8637891,
            19.0624018
          ],
          [
            72.8637736,
            19.0623314
          ],
          [
            72.8637052,
            19.0621527
          ],
          [
            72.8636271,
            19.0619488
          ],
          [
            72.8635393,
            19.0617197
          ],
          [
            72.8633344,
            19.0611846
          ]
        ]
      }
    },
    {
      "type": "Feature",
      "id": "osm_way_39743636",
      "properties": {
        "osm_id": 39743636,
        "name": "Unnamed Street",
        "highway": "tertiary",
        "oneway": "no",
        "surface": "asphalt",
        "lanes": "1"
      },
      "geometry": {
        "type": "LineString",
        "coordinates": [
          [
            72.862758,
            19.0634498
          ],
          [
            72.8628138,
            19.0635066
          ],
          [
            72.8633462,
            19.0640484
          ],
          [
            72.8633965,
            19.0640995
          ]
        ]
      }
    },
    {
      "type": "Feature",
      "id": "osm_way_49013036",
      "properties": {
        "osm_id": 49013036,
        "name": "Unnamed Street",
        "highway": "trunk_link",
        "oneway": "yes",
        "surface": "asphalt",
        "lanes": "1"
      },
      "geometry": {
        "type": "LineString",
        "coordinates": [
          [
            72.8600807,
            19.0745539
          ],
          [
            72.8601701,
            19.0745719
          ],
          [
            72.8602745,
            19.0746016
          ],
          [
            72.8603598,
            19.0746245
          ],
          [
            72.8604233,
            19.0746387
          ],
          [
            72.8604977,
            19.0746669
          ]
        ]
      }
    },
    {
      "type": "Feature",
      "id": "osm_way_49037280",
      "properties": {
        "osm_id": 49037280,
        "name": "Bandra Kurla Complex Road",
        "highway": "primary",
        "oneway": "yes",
        "surface": "asphalt",
        "lanes": "3"
      },
      "geometry": {
        "type": "LineString",
        "coordinates": [
          [
            72.8576975,
            19.0602701
          ],
          [
            72.8568633,
            19.0598396
          ]
        ]
      }
    },
    {
      "type": "Feature",
      "id": "osm_way_49682801",
      "properties": {
        "osm_id": 49682801,
        "name": "Avenue 3: Lane 2",
        "highway": "secondary",
        "oneway": "yes",
        "surface": "concrete",
        "lanes": "2"
      },
      "geometry": {
        "type": "LineString",
        "coordinates": [
          [
            72.8626426,
            19.0590308
          ],
          [
            72.8625926,
            19.0596665
          ],
          [
            72.8625848,
            19.0597653
          ],
          [
            72.8625767,
            19.0598678
          ],
          [
            72.8625476,
            19.0602374
          ],
          [
            72.8625269,
            19.0605162
          ],
          [
            72.8625163,
            19.0606354
          ],
          [
            72.8625126,
            19.0606826
          ],
          [
            72.8624978,
            19.0608696
          ],
          [
            72.8624842,
            19.0610426
          ],
          [
            72.8624831,
            19.0610575
          ],
          [
            72.8624755,
            19.0611611
          ],
          [
            72.8624726,
            19.0613011
          ],
          [
            72.862468,
            19.0614119
          ]
        ]
      }
    },
    {
      "type": "Feature",
      "id": "osm_way_49682803",
      "properties": {
        "osm_id": 49682803,
        "name": "Avenue 5",
        "highway": "tertiary",
        "oneway": "yes",
        "surface": "concrete",
        "lanes": "2"
      },
      "geometry": {
        "type": "LineString",
        "coordinates": [
          [
            72.8613506,
            19.0586595
          ],
          [
            72.8614123,
            19.0585936
          ],
          [
            72.8619167,
            19.0583137
          ],
          [
            72.8629104,
            19.0577623
          ],
          [
            72.8631087,
            19.0576674
          ],
          [
            72.8633384,
            19.057568
          ],
          [
            72.8635765,
            19.0574923
          ],
          [
            72.8638685,
            19.0574348
          ],
          [
            72.8641578,
            19.0574095
          ],
          [
            72.8644503,
            19.0574043
          ],
          [
            72.8648979,
            19.0574212
          ],
          [
            72.8653579,
            19.0575837
          ],
          [
            72.865799,
            19.0577808
          ],
          [
            72.8659164,
            19.0578371
          ],
          [
            72.8671399,
            19.0584837
          ],
          [
            72.867268,
            19.0585714
          ],
          [
            72.8673722,
            19.0586746
          ],
          [
            72.8674541,
            19.0587804
          ],
          [
            72.8675092,
            19.0588942
          ],
          [
            72.8678689,
            19.0596687
          ],
          [
            72.8679602,
            19.0598049
          ],
          [
            72.8680323,
            19.0598952
          ],
          [
            72.8681119,
            19.0599579
          ]
        ]
      }
    },
    {
      "type": "Feature",
      "id": "osm_way_49682806",
      "properties": {
        "osm_id": 49682806,
        "name": "Unnamed Street",
        "highway": "tertiary",
        "oneway": "no",
        "surface": "asphalt",
        "lanes": "1"
      },
      "geometry": {
        "type": "LineString",
        "coordinates": [
          [
            72.8701127,
            19.0678886
          ],
          [
            72.8701673,
            19.067815
          ],
          [
            72.870213,
            19.0676838
          ],
          [
            72.8702729,
            19.0672062
          ],
          [
            72.8702796,
            19.0671532
          ],
          [
            72.8704711,
            19.0657801
          ]
        ]
      }
    },
    {
      "type": "Feature",
      "id": "osm_way_49682807",
      "properties": {
        "osm_id": 49682807,
        "name": "Street 9: Lane 1",
        "highway": "tertiary",
        "oneway": "no",
        "surface": "concrete",
        "lanes": "2"
      },
      "geometry": {
        "type": "LineString",
        "coordinates": [
          [
            72.8690198,
            19.0683469
          ],
          [
            72.8692273,
            19.0684784
          ],
          [
            72.8695174,
            19.0686622
          ],
          [
            72.869603,
            19.0687182
          ],
          [
            72.8698471,
            19.068871
          ],
          [
            72.8700916,
            19.0690113
          ],
          [
            72.8704061,
            19.0691917
          ],
          [
            72.8704295,
            19.0692015
          ],
          [
            72.8704913,
            19.0692272
          ],
          [
            72.8705655,
            19.0692259
          ],
          [
            72.8706327,
            19.0691755
          ],
          [
            72.8707578,
            19.0689966
          ],
          [
            72.8709155,
            19.068771
          ],
          [
            72.8710938,
            19.068516
          ]
        ]
      }
    },
    {
      "type": "Feature",
      "id": "osm_way_49684311",
      "properties": {
        "osm_id": 49684311,
        "name": "Unnamed Street",
        "highway": "secondary",
        "oneway": "yes",
        "surface": "concrete",
        "lanes": "3"
      },
      "geometry": {
        "type": "LineString",
        "coordinates": [
          [
            72.8708827,
            19.07458
          ],
          [
            72.8709303,
            19.0745514
          ],
          [
            72.8710305,
            19.074335
          ]
        ]
      }
    },
    {
      "type": "Feature",
      "id": "osm_way_49684334",
      "properties": {
        "osm_id": 49684334,
        "name": "BKC Connector",
        "highway": "secondary",
        "oneway": "yes",
        "surface": "concrete",
        "lanes": "2"
      },
      "geometry": {
        "type": "LineString",
        "coordinates": [
          [
            72.8645378,
            19.0589758
          ],
          [
            72.8645519,
            19.058747
          ],
          [
            72.8645833,
            19.058455
          ]
        ]
      }
    },
    {
      "type": "Feature",
      "id": "osm_way_107213219",
      "properties": {
        "osm_id": 107213219,
        "name": "Eastern Express Highway",
        "highway": "trunk",
        "oneway": "yes",
        "surface": "asphalt",
        "lanes": "4"
      },
      "geometry": {
        "type": "LineString",
        "coordinates": [
          [
            72.8952743,
            19.062527
          ],
          [
            72.8943845,
            19.0618694
          ],
          [
            72.892888,
            19.0608186
          ],
          [
            72.8926534,
            19.0606539
          ],
          [
            72.8920848,
            19.0602403
          ]
        ]
      }
    },
    {
      "type": "Feature",
      "id": "osm_way_107213226",
      "properties": {
        "osm_id": 107213226,
        "name": "Unnamed Street",
        "highway": "tertiary",
        "oneway": "yes",
        "surface": "asphalt",
        "lanes": "1"
      },
      "geometry": {
        "type": "LineString",
        "coordinates": [
          [
            72.8903505,
            19.0681688
          ],
          [
            72.8906432,
            19.0681979
          ],
          [
            72.8915875,
            19.0682769
          ],
          [
            72.8918087,
            19.0683054
          ],
          [
            72.8918645,
            19.0683105
          ],
          [
            72.8921432,
            19.068375
          ],
          [
            72.8923342,
            19.0684585
          ]
        ]
      }
    },
    {
      "type": "Feature",
      "id": "osm_way_107213247",
      "properties": {
        "osm_id": 107213247,
        "name": "Somaiya College Road",
        "highway": "tertiary",
        "oneway": "no",
        "surface": "asphalt",
        "lanes": "1"
      },
      "geometry": {
        "type": "LineString",
        "coordinates": [
          [
            72.8995511,
            19.0771915
          ],
          [
            72.8995195,
            19.0771207
          ],
          [
            72.8987967,
            19.0761552
          ],
          [
            72.8970859,
            19.0737932
          ],
          [
            72.8970086,
            19.0736894
          ],
          [
            72.8963321,
            19.0727524
          ],
          [
            72.8961015,
            19.072434
          ],
          [
            72.8958957,
            19.0721559
          ],
          [
            72.8958537,
            19.0720918
          ],
          [
            72.8955604,
            19.0716869
          ],
          [
            72.8955124,
            19.0716205
          ],
          [
            72.8951743,
            19.0711539
          ],
          [
            72.8949799,
            19.0708854
          ]
        ]
      }
    },
    {
      "type": "Feature",
      "id": "osm_way_107213251",
      "properties": {
        "osm_id": 107213251,
        "name": "Chembur Flyover",
        "highway": "trunk",
        "oneway": "yes",
        "surface": "asphalt",
        "lanes": "4"
      },
      "geometry": {
        "type": "LineString",
        "coordinates": [
          [
            72.8951653,
            19.0625965
          ],
          [
            72.8976319,
            19.0643742
          ]
        ]
      }
    },
    {
      "type": "Feature",
      "id": "osm_way_122177866",
      "properties": {
        "osm_id": 122177866,
        "name": "A H Wadia Marg",
        "highway": "tertiary",
        "oneway": "no",
        "surface": "asphalt",
        "lanes": "1"
      },
      "geometry": {
        "type": "LineString",
        "coordinates": [
          [
            72.872411,
            19.0602051
          ],
          [
            72.8725097,
            19.0601731
          ],
          [
            72.8725719,
            19.0601576
          ],
          [
            72.8726189,
            19.0601481
          ],
          [
            72.8726672,
            19.0601531
          ],
          [
            72.8727128,
            19.0601798
          ],
          [
            72.8727743,
            19.0602285
          ],
          [
            72.8735547,
            19.0611
          ],
          [
            72.8737645,
            19.0613308
          ],
          [
            72.8744467,
            19.0619501
          ],
          [
            72.8745953,
            19.062167
          ],
          [
            72.8748037,
            19.0626347
          ],
          [
            72.8752004,
            19.0635251
          ],
          [
            72.8754719,
            19.0638088
          ],
          [
            72.8756719,
            19.0639988
          ],
          [
            72.8757856,
            19.0641068
          ],
          [
            72.8759782,
            19.0642322
          ],
          [
            72.876206,
            19.0644606
          ],
          [
            72.8763047,
            19.0645596
          ],
          [
            72.876468,
            19.0647233
          ],
          [
            72.8764884,
            19.0647485
          ],
          [
            72.8768831,
            19.0652261
          ]
        ]
      }
    },
    {
      "type": "Feature",
      "id": "osm_way_122177878",
      "properties": {
        "osm_id": 122177878,
        "name": "Magan Nathuram Road",
        "highway": "primary",
        "oneway": "yes",
        "surface": "asphalt",
        "lanes": "1"
      },
      "geometry": {
        "type": "LineString",
        "coordinates": [
          [
            72.8803765,
            19.0799401
          ],
          [
            72.8803831,
            19.0800434
          ],
          [
            72.8803903,
            19.0802416
          ],
          [
            72.880396,
            19.0803975
          ],
          [
            72.8804099,
            19.0807795
          ],
          [
            72.8804199,
            19.0810558
          ],
          [
            72.8804305,
            19.0813463
          ],
          [
            72.8804321,
            19.0813913
          ],
          [
            72.8804724,
            19.0823191
          ],
          [
            72.8805756,
            19.0831429
          ],
          [
            72.880644,
            19.0837741
          ],
          [
            72.8806833,
            19.0842043
          ],
          [
            72.8807546,
            19.0849852
          ],
          [
            72.8808224,
            19.0854795
          ],
          [
            72.8808543,
            19.0856151
          ]
        ]
      }
    },
    {
      "type": "Feature",
      "id": "osm_way_122177886",
      "properties": {
        "osm_id": 122177886,
        "name": "Unnamed Street",
        "highway": "tertiary",
        "oneway": "no",
        "surface": "asphalt",
        "lanes": "1"
      },
      "geometry": {
        "type": "LineString",
        "coordinates": [
          [
            72.8777099,
            19.0704157
          ],
          [
            72.8772521,
            19.0704473
          ],
          [
            72.8768454,
            19.0704903
          ],
          [
            72.8764514,
            19.070556
          ],
          [
            72.8754828,
            19.0707176
          ]
        ]
      }
    },
    {
      "type": "Feature",
      "id": "osm_way_122177888",
      "properties": {
        "osm_id": 122177888,
        "name": "Unnamed Street",
        "highway": "tertiary",
        "oneway": "no",
        "surface": "asphalt",
        "lanes": "1"
      },
      "geometry": {
        "type": "LineString",
        "coordinates": [
          [
            72.874655,
            19.0660476
          ],
          [
            72.8747716,
            19.0660298
          ],
          [
            72.8755368,
            19.0659319
          ],
          [
            72.8757378,
            19.065892
          ],
          [
            72.8760228,
            19.0657324
          ],
          [
            72.8768831,
            19.0652261
          ]
        ]
      }
    },
    {
      "type": "Feature",
      "id": "osm_way_122177889",
      "properties": {
        "osm_id": 122177889,
        "name": "Unnamed Street",
        "highway": "tertiary",
        "oneway": "no",
        "surface": "asphalt",
        "lanes": "1"
      },
      "geometry": {
        "type": "LineString",
        "coordinates": [
          [
            72.8794655,
            19.0665517
          ],
          [
            72.8794959,
            19.06665
          ]
        ]
      }
    },
    {
      "type": "Feature",
      "id": "osm_way_122183199",
      "properties": {
        "osm_id": 122183199,
        "name": "Mathuradas Vasanji Road (Andheri Kurla Road)",
        "highway": "primary",
        "oneway": "no",
        "surface": "asphalt",
        "lanes": "1"
      },
      "geometry": {
        "type": "LineString",
        "coordinates": [
          [
            72.8808543,
            19.0856151
          ],
          [
            72.8809198,
            19.0859287
          ],
          [
            72.8811466,
            19.0868535
          ],
          [
            72.8811955,
            19.0870528
          ],
          [
            72.8812382,
            19.0874901
          ],
          [
            72.8812405,
            19.0875648
          ],
          [
            72.8812505,
            19.0878816
          ],
          [
            72.881251,
            19.0880245
          ],
          [
            72.8812516,
            19.0881744
          ],
          [
            72.8812838,
            19.0883823
          ],
          [
            72.8813791,
            19.088688
          ],
          [
            72.8815547,
            19.0890793
          ],
          [
            72.8817961,
            19.0895483
          ],
          [
            72.88187,
            19.0897114
          ],
          [
            72.8820283,
            19.0900964
          ],
          [
            72.8820851,
            19.0902347
          ],
          [
            72.8822547,
            19.0906331
          ],
          [
            72.8823779,
            19.0910211
          ],
          [
            72.8826356,
            19.0921286
          ],
          [
            72.882662,
            19.0922754
          ],
          [
            72.8827268,
            19.0926355
          ],
          [
            72.8828078,
            19.0928776
          ],
          [
            72.8828325,
            19.0929502
          ]
        ]
      }
    },
    {
      "type": "Feature",
      "id": "osm_way_122183202",
      "properties": {
        "osm_id": 122183202,
        "name": "Father Peter Periera Road",
        "highway": "tertiary",
        "oneway": "no",
        "surface": "asphalt",
        "lanes": "1"
      },
      "geometry": {
        "type": "LineString",
        "coordinates": [
          [
            72.8849572,
            19.0844038
          ],
          [
            72.8850034,
            19.0840765
          ],
          [
            72.8850174,
            19.0839769
          ],
          [
            72.8850337,
            19.0838617
          ],
          [
            72.8850525,
            19.0837282
          ],
          [
            72.8851806,
            19.0828954
          ],
          [
            72.8852214,
            19.0827026
          ]
        ]
      }
    },
    {
      "type": "Feature",
      "id": "osm_way_122277851",
      "properties": {
        "osm_id": 122277851,
        "name": "Shell Colony Road",
        "highway": "tertiary",
        "oneway": "no",
        "surface": "asphalt",
        "lanes": "2"
      },
      "geometry": {
        "type": "LineString",
        "coordinates": [
          [
            72.8985532,
            19.0630759
          ],
          [
            72.8984966,
            19.0631479
          ],
          [
            72.898483,
            19.0632807
          ],
          [
            72.8983876,
            19.063349
          ],
          [
            72.8982374,
            19.063409
          ],
          [
            72.8971917,
            19.0636991
          ],
          [
            72.8966448,
            19.0638507
          ],
          [
            72.8949613,
            19.0642814
          ],
          [
            72.8945878,
            19.0643862
          ]
        ]
      }
    },
    {
      "type": "Feature",
      "id": "osm_way_122303797",
      "properties": {
        "osm_id": 122303797,
        "name": "Bhiva Bapu Magre Marg",
        "highway": "tertiary",
        "oneway": "yes",
        "surface": "asphalt",
        "lanes": "1"
      },
      "geometry": {
        "type": "LineString",
        "coordinates": [
          [
            72.8833503,
            19.0621117
          ],
          [
            72.8831966,
            19.0619992
          ],
          [
            72.8827159,
            19.0616472
          ],
          [
            72.882317,
            19.0613625
          ],
          [
            72.8816824,
            19.0608976
          ],
          [
            72.8814802,
            19.0608016
          ],
          [
            72.8813521,
            19.0607722
          ],
          [
            72.881162,
            19.0607412
          ],
          [
            72.8808966,
            19.0607208
          ],
          [
            72.8807457,
            19.0607404
          ],
          [
            72.8805261,
            19.0608067
          ],
          [
            72.8801524,
            19.0610654
          ],
          [
            72.8799802,
            19.0613505
          ],
          [
            72.8799026,
            19.0615022
          ],
          [
            72.879853,
            19.0616572
          ],
          [
            72.879831,
            19.0617338
          ],
          [
            72.8798368,
            19.0619457
          ],
          [
            72.8799702,
            19.0622609
          ],
          [
            72.8800736,
            19.0624159
          ],
          [
            72.8801518,
            19.0625272
          ],
          [
            72.8802261,
            19.0626363
          ],
          [
            72.8802927,
            19.0627026
          ],
          [
            72.8803912,
            19.0627876
          ],
          [
            72.8804885,
            19.062883
          ],
          [
            72.8805363,
            19.0629266
          ],
          [
            72.8806567,
            19.063045
          ],
          [
            72.8813217,
            19.0637776
          ],
          [
            72.8816116,
            19.0640316
          ]
        ]
      }
    },
    {
      "type": "Feature",
      "id": "osm_way_122303816",
      "properties": {
        "osm_id": 122303816,
        "name": "K N Gaiakwad Marg",
        "highway": "tertiary",
        "oneway": "no",
        "surface": "asphalt",
        "lanes": "1"
      },
      "geometry": {
        "type": "LineString",
        "coordinates": [
          [
            72.8903677,
            19.054155
          ],
          [
            72.8903505,
            19.0556843
          ],
          [
            72.8903245,
            19.0558542
          ],
          [
            72.8902234,
            19.0564022
          ],
          [
            72.8902149,
            19.0564513
          ]
        ]
      }
    },
    {
      "type": "Feature",
      "id": "osm_way_122303817",
      "properties": {
        "osm_id": 122303817,
        "name": "Kamgar Nagar Road",
        "highway": "tertiary",
        "oneway": "no",
        "surface": "asphalt",
        "lanes": "1"
      },
      "geometry": {
        "type": "LineString",
        "coordinates": [
          [
            72.890807,
            19.0652584
          ],
          [
            72.8906485,
            19.0653066
          ],
          [
            72.8904376,
            19.0654182
          ],
          [
            72.8901212,
            19.0654978
          ]
        ]
      }
    },
    {
      "type": "Feature",
      "id": "osm_way_122303818",
      "properties": {
        "osm_id": 122303818,
        "name": "Lal Bahadur Shastri Marg",
        "highway": "primary",
        "oneway": "yes",
        "surface": "asphalt",
        "lanes": "1"
      },
      "geometry": {
        "type": "LineString",
        "coordinates": [
          [
            72.8754828,
            19.0707176
          ],
          [
            72.87545,
            19.0704949
          ],
          [
            72.8754383,
            19.0704151
          ],
          [
            72.8753865,
            19.070063
          ],
          [
            72.8752191,
            19.0691511
          ],
          [
            72.875097,
            19.0681403
          ],
          [
            72.8750869,
            19.0680563
          ],
          [
            72.87507,
            19.067943
          ],
          [
            72.8750178,
            19.0675933
          ],
          [
            72.8749612,
            19.0672143
          ],
          [
            72.8749394,
            19.0670681
          ],
          [
            72.8749283,
            19.066994
          ],
          [
            72.8747716,
            19.0660298
          ],
          [
            72.874694,
            19.0655741
          ],
          [
            72.8746162,
            19.0651901
          ],
          [
            72.8745683,
            19.0649533
          ],
          [
            72.8745444,
            19.0648351
          ],
          [
            72.8744917,
            19.0647075
          ],
          [
            72.8743138,
            19.0643237
          ],
          [
            72.8740896,
            19.0638399
          ],
          [
            72.8740513,
            19.0637635
          ],
          [
            72.8739107,
            19.0634828
          ],
          [
            72.8736834,
            19.0630289
          ],
          [
            72.873345,
            19.0623535
          ],
          [
            72.8732002,
            19.0620644
          ],
          [
            72.8730418,
            19.0617482
          ],
          [
            72.8729925,
            19.0616498
          ],
          [
            72.8729488,
            19.0615162
          ],
          [
            72.8725097,
            19.0601731
          ],
          [
            72.872415,
            19.0599909
          ],
          [
            72.8722045,
            19.0596385
          ],
          [
            72.8715159,
            19.058724
          ],
          [
            72.871492,
            19.0586951
          ],
          [
            72.8713909,
            19.0585541
          ],
          [
            72.8712283,
            19.0583273
          ],
          [
            72.8708521,
            19.0578013
          ],
          [
            72.8705958,
            19.0574431
          ],
          [
            72.8700397,
            19.0566657
          ],
          [
            72.8692675,
            19.0554808
          ],
          [
            72.8691655,
            19.0553337
          ],
          [
            72.868849,
            19.0548723
          ],
          [
            72.8685138,
            19.0544337
          ],
          [
            72.8684016,
            19.05429
          ],
          [
            72.8681282,
            19.0539647
          ],
          [
            72.8680886,
            19.0539127
          ]
        ]
      }
    },
    {
      "type": "Feature",
      "id": "osm_way_122303819",
      "properties": {
        "osm_id": 122303819,
        "name": "Mother Dairy Road",
        "highway": "secondary",
        "oneway": "yes",
        "surface": "asphalt",
        "lanes": "1"
      },
      "geometry": {
        "type": "LineString",
        "coordinates": [
          [
            72.8834352,
            19.06202
          ],
          [
            72.8834939,
            19.0620616
          ],
          [
            72.8838912,
            19.0623588
          ],
          [
            72.8841303,
            19.0625372
          ],
          [
            72.8845338,
            19.0628712
          ],
          [
            72.8848245,
            19.063103
          ],
          [
            72.8848535,
            19.0631258
          ]
        ]
      }
    },
    {
      "type": "Feature",
      "id": "osm_way_122303828",
      "properties": {
        "osm_id": 122303828,
        "name": "Shell Colony Road",
        "highway": "tertiary",
        "oneway": "no",
        "surface": "asphalt",
        "lanes": "1"
      },
      "geometry": {
        "type": "LineString",
        "coordinates": [
          [
            72.8945878,
            19.0643862
          ],
          [
            72.8931755,
            19.0632249
          ],
          [
            72.8930443,
            19.063117
          ],
          [
            72.8927721,
            19.0629079
          ],
          [
            72.8926932,
            19.0628473
          ],
          [
            72.8925866,
            19.0627637
          ],
          [
            72.892349,
            19.0625814
          ],
          [
            72.8921187,
            19.062392
          ],
          [
            72.8918704,
            19.0621877
          ],
          [
            72.8917421,
            19.0620823
          ],
          [
            72.8917215,
            19.0620585
          ],
          [
            72.8915276,
            19.0618038
          ],
          [
            72.8912428,
            19.0615588
          ],
          [
            72.8911361,
            19.0614671
          ],
          [
            72.8906419,
            19.06103
          ],
          [
            72.889866,
            19.0604415
          ],
          [
            72.8892679,
            19.0600125
          ],
          [
            72.8887051,
            19.0597095
          ],
          [
            72.8881127,
            19.0593772
          ],
          [
            72.8874288,
            19.0589898
          ],
          [
            72.8873239,
            19.0589095
          ],
          [
            72.8868579,
            19.0585527
          ],
          [
            72.886437,
            19.0582139
          ]
        ]
      }
    },
    {
      "type": "Feature",
      "id": "osm_way_125344250",
      "properties": {
        "osm_id": 125344250,
        "name": "Premier Road",
        "highway": "tertiary",
        "oneway": "no",
        "surface": "asphalt",
        "lanes": "1"
      },
      "geometry": {
        "type": "LineString",
        "coordinates": [
          [
            72.8874091,
            19.075244
          ],
          [
            72.8868374,
            19.0759423
          ],
          [
            72.8866619,
            19.0761665
          ],
          [
            72.8864127,
            19.0764754
          ],
          [
            72.8863662,
            19.076533
          ],
          [
            72.8862871,
            19.0766321
          ],
          [
            72.8861152,
            19.0768428
          ],
          [
            72.8857358,
            19.0773079
          ],
          [
            72.8857244,
            19.0773734
          ],
          [
            72.8854943,
            19.0784297
          ],
          [
            72.8854447,
            19.0786575
          ],
          [
            72.88544,
            19.0787119
          ],
          [
            72.8854057,
            19.0791083
          ],
          [
            72.8853904,
            19.0792854
          ],
          [
            72.8853812,
            19.079522
          ],
          [
            72.885341,
            19.0806466
          ],
          [
            72.8853361,
            19.080675
          ],
          [
            72.8853163,
            19.0811258
          ],
          [
            72.8853139,
            19.0811795
          ],
          [
            72.8853078,
            19.0813
          ],
          [
            72.8852942,
            19.0816738
          ],
          [
            72.8852918,
            19.0818082
          ],
          [
            72.8852924,
            19.0819883
          ],
          [
            72.8852769,
            19.0823045
          ],
          [
            72.8852214,
            19.0827026
          ]
        ]
      }
    },
    {
      "type": "Feature",
      "id": "osm_way_125344251",
      "properties": {
        "osm_id": 125344251,
        "name": "Naupada Road",
        "highway": "tertiary",
        "oneway": "yes",
        "surface": "paving_stones",
        "lanes": "2"
      },
      "geometry": {
        "type": "LineString",
        "coordinates": [
          [
            72.8894159,
            19.0806502
          ],
          [
            72.889473,
            19.0808439
          ],
          [
            72.8895032,
            19.0809307
          ]
        ]
      }
    },
    {
      "type": "Feature",
      "id": "osm_way_126020246",
      "properties": {
        "osm_id": 126020246,
        "name": "Street 1",
        "highway": "tertiary",
        "oneway": "no",
        "surface": "asphalt",
        "lanes": "1"
      },
      "geometry": {
        "type": "LineString",
        "coordinates": [
          [
            72.8510362,
            19.0554597
          ],
          [
            72.8512703,
            19.055026
          ],
          [
            72.8513251,
            19.0549174
          ],
          [
            72.8514045,
            19.0547601
          ],
          [
            72.8514882,
            19.0545937
          ],
          [
            72.8515818,
            19.0544187
          ],
          [
            72.851598,
            19.0543897
          ],
          [
            72.8517822,
            19.0540592
          ],
          [
            72.8518499,
            19.0539378
          ],
          [
            72.8519128,
            19.0538248
          ],
          [
            72.8519841,
            19.0536969
          ],
          [
            72.8520629,
            19.0535554
          ],
          [
            72.852171,
            19.0535009
          ],
          [
            72.8522098,
            19.0534997
          ],
          [
            72.8522514,
            19.0534984
          ],
          [
            72.8523569,
            19.053545
          ],
          [
            72.8524146,
            19.0535959
          ],
          [
            72.8525671,
            19.0537303
          ],
          [
            72.8526667,
            19.0538182
          ],
          [
            72.8530171,
            19.0541271
          ],
          [
            72.8533534,
            19.0544237
          ],
          [
            72.8538329,
            19.0548465
          ],
          [
            72.8541612,
            19.0551359
          ],
          [
            72.8546304,
            19.0556812
          ],
          [
            72.8549074,
            19.0560689
          ],
          [
            72.8551044,
            19.0564134
          ],
          [
            72.8553059,
            19.0567693
          ],
          [
            72.8553561,
            19.0568836
          ],
          [
            72.8554128,
            19.0570128
          ],
          [
            72.8554839,
            19.0571746
          ],
          [
            72.855495,
            19.0574059
          ],
          [
            72.8555238,
            19.0577618
          ],
          [
            72.8555431,
            19.0580011
          ],
          [
            72.8555452,
            19.0580565
          ],
          [
            72.8555413,
            19.0586126
          ],
          [
            72.8555457,
            19.0587447
          ]
        ]
      }
    },
    {
      "type": "Feature",
      "id": "osm_way_151488617",
      "properties": {
        "osm_id": 151488617,
        "name": "Unnamed Street",
        "highway": "tertiary",
        "oneway": "no",
        "surface": "asphalt",
        "lanes": "1"
      },
      "geometry": {
        "type": "LineString",
        "coordinates": [
          [
            72.8964595,
            19.0700538
          ],
          [
            72.89568,
            19.0704919
          ],
          [
            72.8952671,
            19.070724
          ],
          [
            72.8949799,
            19.0708854
          ]
        ]
      }
    },
    {
      "type": "Feature",
      "id": "osm_way_151522850",
      "properties": {
        "osm_id": 151522850,
        "name": "C S M T Kurla Junction Flyover",
        "highway": "trunk",
        "oneway": "yes",
        "surface": "asphalt",
        "lanes": "3"
      },
      "geometry": {
        "type": "LineString",
        "coordinates": [
          [
            72.890141,
            19.058866
          ],
          [
            72.8852049,
            19.054929
          ]
        ]
      }
    },
    {
      "type": "Feature",
      "id": "osm_way_151522851",
      "properties": {
        "osm_id": 151522851,
        "name": "C S M T Kurla Junction Flyover",
        "highway": "trunk",
        "oneway": "yes",
        "surface": "asphalt",
        "lanes": "3"
      },
      "geometry": {
        "type": "LineString",
        "coordinates": [
          [
            72.8847666,
            19.0547843
          ],
          [
            72.8900686,
            19.0589391
          ]
        ]
      }
    },
    {
      "type": "Feature",
      "id": "osm_way_151522886",
      "properties": {
        "osm_id": 151522886,
        "name": "Unnamed Street",
        "highway": "tertiary",
        "oneway": "no",
        "surface": "asphalt",
        "lanes": "1"
      },
      "geometry": {
        "type": "LineString",
        "coordinates": [
          [
            72.887222,
            19.0569761
          ],
          [
            72.8873221,
            19.0570328
          ],
          [
            72.8901039,
            19.0591846
          ]
        ]
      }
    },
    {
      "type": "Feature",
      "id": "osm_way_151522888",
      "properties": {
        "osm_id": 151522888,
        "name": "Unnamed Street",
        "highway": "trunk_link",
        "oneway": "yes",
        "surface": "asphalt",
        "lanes": "2"
      },
      "geometry": {
        "type": "LineString",
        "coordinates": [
          [
            72.8874693,
            19.0566052
          ],
          [
            72.8863152,
            19.055711
          ],
          [
            72.885246,
            19.0548748
          ]
        ]
      }
    },
    {
      "type": "Feature",
      "id": "osm_way_151522889",
      "properties": {
        "osm_id": 151522889,
        "name": "Unnamed Street",
        "highway": "trunk_link",
        "oneway": "yes",
        "surface": "asphalt",
        "lanes": "2"
      },
      "geometry": {
        "type": "LineString",
        "coordinates": [
          [
            72.884657,
            19.0547729
          ],
          [
            72.884707,
            19.054856
          ],
          [
            72.8848162,
            19.0549338
          ],
          [
            72.8848869,
            19.0549907
          ],
          [
            72.8858391,
            19.0557566
          ],
          [
            72.8860948,
            19.0559603
          ],
          [
            72.8872739,
            19.056904
          ]
        ]
      }
    },
    {
      "type": "Feature",
      "id": "osm_way_151522891",
      "properties": {
        "osm_id": 151522891,
        "name": "Unnamed Street",
        "highway": "tertiary",
        "oneway": "no",
        "surface": "asphalt",
        "lanes": "1"
      },
      "geometry": {
        "type": "LineString",
        "coordinates": [
          [
            72.8921418,
            19.0600898
          ],
          [
            72.8912606,
            19.0594926
          ],
          [
            72.8910831,
            19.0593672
          ],
          [
            72.8907074,
            19.0590801
          ],
          [
            72.8905899,
            19.0589882
          ],
          [
            72.8903054,
            19.0587729
          ],
          [
            72.8896646,
            19.058254
          ],
          [
            72.8895949,
            19.0582007
          ],
          [
            72.8892472,
            19.0579349
          ],
          [
            72.8876202,
            19.0566401
          ]
        ]
      }
    },
    {
      "type": "Feature",
      "id": "osm_way_151586764",
      "properties": {
        "osm_id": 151586764,
        "name": "Shanta Jog Marg",
        "highway": "tertiary",
        "oneway": "no",
        "surface": "asphalt",
        "lanes": "1"
      },
      "geometry": {
        "type": "LineString",
        "coordinates": [
          [
            72.8945878,
            19.0643862
          ],
          [
            72.8925745,
            19.0649074
          ],
          [
            72.8923764,
            19.0649605
          ],
          [
            72.8917198,
            19.0651351
          ],
          [
            72.8915193,
            19.0651898
          ],
          [
            72.8913125,
            19.0652461
          ],
          [
            72.8910646,
            19.0652933
          ],
          [
            72.890807,
            19.0652584
          ]
        ]
      }
    },
    {
      "type": "Feature",
      "id": "osm_way_151889242",
      "properties": {
        "osm_id": 151889242,
        "name": "A H Wadia Marg",
        "highway": "tertiary",
        "oneway": "no",
        "surface": "asphalt",
        "lanes": "1"
      },
      "geometry": {
        "type": "LineString",
        "coordinates": [
          [
            72.879529,
            19.0744267
          ],
          [
            72.8796126,
            19.0745081
          ],
          [
            72.8798167,
            19.0747459
          ]
        ]
      }
    },
    {
      "type": "Feature",
      "id": "osm_way_151889243",
      "properties": {
        "osm_id": 151889243,
        "name": "A H Wadia Marg",
        "highway": "tertiary",
        "oneway": "no",
        "surface": "asphalt",
        "lanes": "1"
      },
      "geometry": {
        "type": "LineString",
        "coordinates": [
          [
            72.8798167,
            19.0747459
          ],
          [
            72.8799407,
            19.0749061
          ],
          [
            72.8800457,
            19.075219
          ],
          [
            72.880069,
            19.0756668
          ],
          [
            72.8800151,
            19.0759669
          ]
        ]
      }
    },
    {
      "type": "Feature",
      "id": "osm_way_151889249",
      "properties": {
        "osm_id": 151889249,
        "name": "Mathuradas Vasanji Road (Andheri Kurla Road)",
        "highway": "tertiary",
        "oneway": "no",
        "surface": "asphalt",
        "lanes": "1"
      },
      "geometry": {
        "type": "LineString",
        "coordinates": [
          [
            72.8794798,
            19.074938
          ],
          [
            72.8797842,
            19.0755371
          ],
          [
            72.8800151,
            19.0759669
          ]
        ]
      }
    },
    {
      "type": "Feature",
      "id": "osm_way_151889267",
      "properties": {
        "osm_id": 151889267,
        "name": "Unnamed Street",
        "highway": "tertiary",
        "oneway": "no",
        "surface": "asphalt",
        "lanes": "1"
      },
      "geometry": {
        "type": "LineString",
        "coordinates": [
          [
            72.8857358,
            19.0773079
          ],
          [
            72.8853445,
            19.0772008
          ],
          [
            72.8850352,
            19.0771281
          ],
          [
            72.8848886,
            19.0770922
          ],
          [
            72.8847978,
            19.0770749
          ],
          [
            72.8844201,
            19.0770031
          ],
          [
            72.8843123,
            19.0769639
          ]
        ]
      }
    },
    {
      "type": "Feature",
      "id": "osm_way_151938275",
      "properties": {
        "osm_id": 151938275,
        "name": "Bandra Kurla Complex Road",
        "highway": "primary",
        "oneway": "yes",
        "surface": "concrete",
        "lanes": "5"
      },
      "geometry": {
        "type": "LineString",
        "coordinates": [
          [
            72.850813,
            19.0557426
          ],
          [
            72.8509926,
            19.0558844
          ],
          [
            72.8522961,
            19.0571201
          ],
          [
            72.8524566,
            19.0572644
          ],
          [
            72.8536134,
            19.0583045
          ],
          [
            72.8540416,
            19.0586894
          ],
          [
            72.8548392,
            19.0594065
          ],
          [
            72.854931,
            19.0594869
          ],
          [
            72.8549621,
            19.0595141
          ],
          [
            72.8551186,
            19.0596178
          ]
        ]
      }
    },
    {
      "type": "Feature",
      "id": "osm_way_152629595",
      "properties": {
        "osm_id": 152629595,
        "name": "A H Wadia Marg",
        "highway": "tertiary",
        "oneway": "no",
        "surface": "asphalt",
        "lanes": "1"
      },
      "geometry": {
        "type": "LineString",
        "coordinates": [
          [
            72.8768831,
            19.0652261
          ],
          [
            72.87698,
            19.0654003
          ],
          [
            72.8773484,
            19.0660626
          ],
          [
            72.877491,
            19.0663189
          ],
          [
            72.8776742,
            19.0667301
          ],
          [
            72.877716,
            19.0668239
          ],
          [
            72.8778847,
            19.067402
          ],
          [
            72.8779781,
            19.0677221
          ],
          [
            72.8780147,
            19.068449
          ],
          [
            72.8779874,
            19.0686297
          ],
          [
            72.877793,
            19.0698806
          ],
          [
            72.8777099,
            19.0704157
          ],
          [
            72.8780892,
            19.0713264
          ],
          [
            72.8785938,
            19.0726632
          ],
          [
            72.8786153,
            19.0727202
          ],
          [
            72.8787321,
            19.073028
          ],
          [
            72.8788612,
            19.0733683
          ],
          [
            72.8790146,
            19.07381
          ],
          [
            72.8791224,
            19.0741205
          ]
        ]
      }
    },
    {
      "type": "Feature",
      "id": "osm_way_152629611",
      "properties": {
        "osm_id": 152629611,
        "name": "Unnamed Street",
        "highway": "tertiary",
        "oneway": "yes",
        "surface": "asphalt",
        "lanes": "1"
      },
      "geometry": {
        "type": "LineString",
        "coordinates": [
          [
            72.8835893,
            19.0566223
          ],
          [
            72.8835621,
            19.0566745
          ],
          [
            72.8829602,
            19.0580731
          ],
          [
            72.8826384,
            19.0588342
          ],
          [
            72.8825073,
            19.0591371
          ],
          [
            72.8824634,
            19.059226
          ],
          [
            72.8824386,
            19.0592961
          ],
          [
            72.8824281,
            19.0593237
          ],
          [
            72.8824685,
            19.0594182
          ],
          [
            72.8824855,
            19.0594291
          ],
          [
            72.8825013,
            19.0594407
          ],
          [
            72.8825495,
            19.0594532
          ]
        ]
      }
    },
    {
      "type": "Feature",
      "id": "osm_way_215242003",
      "properties": {
        "osm_id": 215242003,
        "name": "Kamgar Nagar Road",
        "highway": "tertiary",
        "oneway": "no",
        "surface": "asphalt",
        "lanes": "1"
      },
      "geometry": {
        "type": "LineString",
        "coordinates": [
          [
            72.8901212,
            19.0654978
          ],
          [
            72.8899656,
            19.0652859
          ],
          [
            72.8896916,
            19.0649141
          ],
          [
            72.8894971,
            19.0646046
          ],
          [
            72.8894757,
            19.0645705
          ],
          [
            72.8893439,
            19.0643607
          ],
          [
            72.8886654,
            19.0634725
          ],
          [
            72.8883398,
            19.0630462
          ],
          [
            72.8876159,
            19.062044
          ],
          [
            72.8875841,
            19.062
          ],
          [
            72.8875653,
            19.0619778
          ],
          [
            72.88737,
            19.061747
          ],
          [
            72.8873428,
            19.0617149
          ],
          [
            72.8869132,
            19.0613762
          ],
          [
            72.8866457,
            19.0611652
          ],
          [
            72.8862285,
            19.0608363
          ],
          [
            72.8859093,
            19.0605846
          ],
          [
            72.8857673,
            19.0604236
          ],
          [
            72.8855997,
            19.0603067
          ],
          [
            72.8851781,
            19.0600126
          ],
          [
            72.8850696,
            19.0599369
          ]
        ]
      }
    },
    {
      "type": "Feature",
      "id": "osm_way_215438463",
      "properties": {
        "osm_id": 215438463,
        "name": "St Vershaw Kakkaya Marg",
        "highway": "tertiary",
        "oneway": "no",
        "surface": "asphalt",
        "lanes": "1"
      },
      "geometry": {
        "type": "LineString",
        "coordinates": [
          [
            72.888318,
            19.0554248
          ],
          [
            72.8884363,
            19.0554917
          ],
          [
            72.8888953,
            19.0557545
          ],
          [
            72.8892532,
            19.0559575
          ],
          [
            72.8892791,
            19.0559732
          ]
        ]
      }
    },
    {
      "type": "Feature",
      "id": "osm_way_235856030",
      "properties": {
        "osm_id": 235856030,
        "name": "Lokmanya Tilak Terminus Road",
        "highway": "tertiary",
        "oneway": "yes",
        "surface": "asphalt",
        "lanes": "2"
      },
      "geometry": {
        "type": "LineString",
        "coordinates": [
          [
            72.891064,
            19.0681154
          ],
          [
            72.8919272,
            19.0681923
          ],
          [
            72.8920544,
            19.0682249
          ],
          [
            72.8921506,
            19.0682642
          ],
          [
            72.892238,
            19.0683417
          ]
        ]
      }
    },
    {
      "type": "Feature",
      "id": "osm_way_235864125",
      "properties": {
        "osm_id": 235864125,
        "name": "Kohinoor - Vidyavihar Road",
        "highway": "tertiary",
        "oneway": "no",
        "surface": "asphalt",
        "lanes": "2"
      },
      "geometry": {
        "type": "LineString",
        "coordinates": [
          [
            72.8852214,
            19.0827026
          ],
          [
            72.8855424,
            19.0825268
          ],
          [
            72.8863276,
            19.0821162
          ],
          [
            72.8865997,
            19.0819739
          ],
          [
            72.8867611,
            19.0818953
          ],
          [
            72.8872177,
            19.0816727
          ],
          [
            72.8876106,
            19.0814812
          ],
          [
            72.8876574,
            19.0814584
          ],
          [
            72.8885385,
            19.0810289
          ],
          [
            72.8888272,
            19.0808443
          ],
          [
            72.8891233,
            19.0806551
          ],
          [
            72.8891745,
            19.080637
          ]
        ]
      }
    },
    {
      "type": "Feature",
      "id": "osm_way_256569139",
      "properties": {
        "osm_id": 256569139,
        "name": "Lal Bahadur Shastri Marg",
        "highway": "primary",
        "oneway": "yes",
        "surface": "asphalt",
        "lanes": "1"
      },
      "geometry": {
        "type": "LineString",
        "coordinates": [
          [
            72.8680149,
            19.0539596
          ],
          [
            72.8680568,
            19.0540199
          ],
          [
            72.8683159,
            19.0543562
          ],
          [
            72.8684955,
            19.0545975
          ],
          [
            72.8686376,
            19.0547656
          ],
          [
            72.8691119,
            19.0554453
          ],
          [
            72.8697749,
            19.0564458
          ],
          [
            72.8698671,
            19.056585
          ],
          [
            72.8699542,
            19.0567165
          ],
          [
            72.8701179,
            19.0569414
          ],
          [
            72.8705149,
            19.0574868
          ],
          [
            72.8707791,
            19.0578498
          ],
          [
            72.8709069,
            19.0580253
          ],
          [
            72.8711541,
            19.0583706
          ],
          [
            72.8717002,
            19.0591442
          ],
          [
            72.8721057,
            19.0597012
          ],
          [
            72.8723376,
            19.0600242
          ],
          [
            72.872411,
            19.0602051
          ],
          [
            72.8724905,
            19.0604679
          ],
          [
            72.8726475,
            19.0609974
          ],
          [
            72.8728028,
            19.0615214
          ],
          [
            72.8728263,
            19.061569
          ],
          [
            72.8729378,
            19.0617955
          ],
          [
            72.8730928,
            19.0621103
          ],
          [
            72.8732307,
            19.0623904
          ],
          [
            72.8735302,
            19.0629985
          ],
          [
            72.8735626,
            19.0630641
          ],
          [
            72.873797,
            19.0635384
          ],
          [
            72.8743979,
            19.0647078
          ],
          [
            72.8745094,
            19.0650875
          ],
          [
            72.8745268,
            19.0652025
          ],
          [
            72.874655,
            19.0660476
          ],
          [
            72.8748019,
            19.0670165
          ],
          [
            72.8749478,
            19.0680224
          ],
          [
            72.8749541,
            19.0680616
          ],
          [
            72.8751322,
            19.0691588
          ],
          [
            72.8752569,
            19.0700834
          ],
          [
            72.875335,
            19.0706095
          ],
          [
            72.8753551,
            19.0707566
          ]
        ]
      }
    },
    {
      "type": "Feature",
      "id": "osm_way_257804750",
      "properties": {
        "osm_id": 257804750,
        "name": "Lal Bahadur Shastri Marg",
        "highway": "primary",
        "oneway": "yes",
        "surface": "asphalt",
        "lanes": "1"
      },
      "geometry": {
        "type": "LineString",
        "coordinates": [
          [
            72.8866785,
            19.0851006
          ],
          [
            72.8869415,
            19.0850862
          ],
          [
            72.8870134,
            19.0850819
          ],
          [
            72.8873264,
            19.0850593
          ],
          [
            72.8877053,
            19.0850225
          ],
          [
            72.8879222,
            19.0849948
          ],
          [
            72.8882094,
            19.0849568
          ],
          [
            72.8883316,
            19.0849427
          ],
          [
            72.888382,
            19.0849369
          ],
          [
            72.8885045,
            19.0849227
          ],
          [
            72.8895146,
            19.0848101
          ],
          [
            72.8895579,
            19.0848053
          ],
          [
            72.8900077,
            19.0847488
          ],
          [
            72.8904208,
            19.084701
          ]
        ]
      }
    },
    {
      "type": "Feature",
      "id": "osm_way_260786313",
      "properties": {
        "osm_id": 260786313,
        "name": "Bandra Kurla Complex Road",
        "highway": "primary",
        "oneway": "yes",
        "surface": "concrete",
        "lanes": "3"
      },
      "geometry": {
        "type": "LineString",
        "coordinates": [
          [
            72.8721745,
            19.070981
          ],
          [
            72.871974,
            19.0709401
          ],
          [
            72.8717242,
            19.0708842
          ],
          [
            72.8714725,
            19.07082
          ],
          [
            72.8711985,
            19.0707139
          ],
          [
            72.8709309,
            19.0705852
          ],
          [
            72.8706612,
            19.0704284
          ],
          [
            72.8687256,
            19.0692267
          ],
          [
            72.8684997,
            19.0690865
          ],
          [
            72.8684361,
            19.0690471
          ],
          [
            72.8682435,
            19.0689275
          ],
          [
            72.8678413,
            19.0686778
          ],
          [
            72.867758,
            19.0686261
          ],
          [
            72.8656783,
            19.0673349
          ],
          [
            72.8653978,
            19.0671608
          ],
          [
            72.8653326,
            19.0671204
          ],
          [
            72.8648113,
            19.0667968
          ],
          [
            72.8628022,
            19.0655495
          ],
          [
            72.8625202,
            19.0653744
          ],
          [
            72.8622599,
            19.0652128
          ],
          [
            72.8621953,
            19.0651727
          ],
          [
            72.8619752,
            19.065036
          ],
          [
            72.861206,
            19.0645585
          ],
          [
            72.8608888,
            19.0643616
          ],
          [
            72.8607576,
            19.0642712
          ],
          [
            72.8606755,
            19.0642146
          ],
          [
            72.8605335,
            19.0640999
          ],
          [
            72.8602808,
            19.06385
          ],
          [
            72.8601455,
            19.063688
          ],
          [
            72.8599815,
            19.0634638
          ],
          [
            72.8598723,
            19.0632925
          ],
          [
            72.8597931,
            19.0631296
          ],
          [
            72.8597078,
            19.0629396
          ],
          [
            72.8596534,
            19.0627635
          ],
          [
            72.8595962,
            19.0625283
          ]
        ]
      }
    },
    {
      "type": "Feature",
      "id": "osm_way_260786314",
      "properties": {
        "osm_id": 260786314,
        "name": "Bandra Kurla Complex Road",
        "highway": "primary",
        "oneway": "yes",
        "surface": "asphalt",
        "lanes": "3"
      },
      "geometry": {
        "type": "LineString",
        "coordinates": [
          [
            72.8739703,
            19.0708785
          ],
          [
            72.872835,
            19.0710154
          ]
        ]
      }
    },
    {
      "type": "Feature",
      "id": "osm_way_260786315",
      "properties": {
        "osm_id": 260786315,
        "name": "Bandra Kurla Complex Road",
        "highway": "primary",
        "oneway": "yes",
        "surface": "asphalt",
        "lanes": "3"
      },
      "geometry": {
        "type": "LineString",
        "coordinates": [
          [
            72.8728377,
            19.0711781
          ],
          [
            72.873986,
            19.0709951
          ]
        ]
      }
    },
    {
      "type": "Feature",
      "id": "osm_way_260786318",
      "properties": {
        "osm_id": 260786318,
        "name": "Santa Cruz \u2013 Chembur Link Road",
        "highway": "trunk",
        "oneway": "yes",
        "surface": "asphalt",
        "lanes": "3"
      },
      "geometry": {
        "type": "LineString",
        "coordinates": [
          [
            72.883864,
            19.0728779
          ],
          [
            72.8834079,
            19.0732064
          ],
          [
            72.8831127,
            19.0733586
          ],
          [
            72.8828517,
            19.0734442
          ],
          [
            72.8825011,
            19.0734981
          ]
        ]
      }
    },
    {
      "type": "Feature",
      "id": "osm_way_260786319",
      "properties": {
        "osm_id": 260786319,
        "name": "Lokmanya Tilak Terminus Road",
        "highway": "secondary",
        "oneway": "yes",
        "surface": "asphalt",
        "lanes": "2"
      },
      "geometry": {
        "type": "LineString",
        "coordinates": [
          [
            72.885956,
            19.0640711
          ],
          [
            72.8861416,
            19.0642443
          ],
          [
            72.886479,
            19.0646427
          ],
          [
            72.8867547,
            19.0650755
          ],
          [
            72.887004,
            19.065529
          ],
          [
            72.8871644,
            19.0657977
          ],
          [
            72.8873199,
            19.0660062
          ],
          [
            72.8875303,
            19.0662447
          ],
          [
            72.8882844,
            19.0670608
          ],
          [
            72.8883997,
            19.0671832
          ],
          [
            72.8886221,
            19.0674194
          ],
          [
            72.8888783,
            19.0676154
          ]
        ]
      }
    },
    {
      "type": "Feature",
      "id": "osm_way_260786326",
      "properties": {
        "osm_id": 260786326,
        "name": "Unnamed Street",
        "highway": "tertiary",
        "oneway": "no",
        "surface": "asphalt",
        "lanes": "1"
      },
      "geometry": {
        "type": "LineString",
        "coordinates": [
          [
            72.8843123,
            19.0769639
          ],
          [
            72.8841358,
            19.0766696
          ],
          [
            72.8838607,
            19.0764506
          ],
          [
            72.8836828,
            19.0763541
          ],
          [
            72.8835126,
            19.076301
          ],
          [
            72.8830665,
            19.0762453
          ],
          [
            72.8825456,
            19.0762088
          ]
        ]
      }
    },
    {
      "type": "Feature",
      "id": "osm_way_275761000",
      "properties": {
        "osm_id": 275761000,
        "name": "Santa Cruz \u2013 Chembur Link Road",
        "highway": "trunk",
        "oneway": "yes",
        "surface": "asphalt",
        "lanes": "3"
      },
      "geometry": {
        "type": "LineString",
        "coordinates": [
          [
            72.8839399,
            19.0729588
          ],
          [
            72.8842368,
            19.0726704
          ],
          [
            72.8849782,
            19.072014
          ],
          [
            72.8851466,
            19.0718495
          ],
          [
            72.8853051,
            19.0716576
          ],
          [
            72.8857043,
            19.0712006
          ],
          [
            72.8866994,
            19.0700283
          ]
        ]
      }
    },
    {
      "type": "Feature",
      "id": "osm_way_275761002",
      "properties": {
        "osm_id": 275761002,
        "name": "Santa Cruz \u2013 Chembur Link Road",
        "highway": "trunk",
        "oneway": "yes",
        "surface": "asphalt",
        "lanes": "2"
      },
      "geometry": {
        "type": "LineString",
        "coordinates": [
          [
            72.8930336,
            19.0654336
          ],
          [
            72.8917733,
            19.0657689
          ]
        ]
      }
    },
    {
      "type": "Feature",
      "id": "osm_way_275761324",
      "properties": {
        "osm_id": 275761324,
        "name": "Santa Cruz \u2013 Chembur Link Road",
        "highway": "trunk",
        "oneway": "yes",
        "surface": "asphalt",
        "lanes": "2"
      },
      "geometry": {
        "type": "LineString",
        "coordinates": [
          [
            72.8917942,
            19.0658481
          ],
          [
            72.8930531,
            19.065503
          ]
        ]
      }
    },
    {
      "type": "Feature",
      "id": "osm_way_275761325",
      "properties": {
        "osm_id": 275761325,
        "name": "Santa Cruz \u2013 Chembur Link Road",
        "highway": "trunk",
        "oneway": "yes",
        "surface": "asphalt",
        "lanes": "2"
      },
      "geometry": {
        "type": "LineString",
        "coordinates": [
          [
            72.8879333,
            19.0685673
          ],
          [
            72.8887045,
            19.0676524
          ],
          [
            72.889022,
            19.0673263
          ],
          [
            72.8894126,
            19.0669597
          ],
          [
            72.88983,
            19.066573
          ],
          [
            72.8900605,
            19.0664013
          ],
          [
            72.8902854,
            19.0662779
          ],
          [
            72.8905391,
            19.0661862
          ],
          [
            72.8907937,
            19.0661044
          ],
          [
            72.8917942,
            19.0658481
          ]
        ]
      }
    },
    {
      "type": "Feature",
      "id": "osm_way_275761327",
      "properties": {
        "osm_id": 275761327,
        "name": "Santa Cruz \u2013 Chembur Link Road",
        "highway": "trunk",
        "oneway": "yes",
        "surface": "asphalt",
        "lanes": "3"
      },
      "geometry": {
        "type": "LineString",
        "coordinates": [
          [
            72.8866101,
            19.0699612
          ],
          [
            72.8856157,
            19.0711327
          ],
          [
            72.8852161,
            19.0715902
          ],
          [
            72.8850604,
            19.0717786
          ],
          [
            72.8848982,
            19.0719371
          ],
          [
            72.8841569,
            19.0725934
          ],
          [
            72.883864,
            19.0728779
          ]
        ]
      }
    },
    {
      "type": "Feature",
      "id": "osm_way_275761814",
      "properties": {
        "osm_id": 275761814,
        "name": "Santa Cruz \u2013 Chembur Link Road",
        "highway": "trunk_link",
        "oneway": "yes",
        "surface": "asphalt",
        "lanes": "2"
      },
      "geometry": {
        "type": "LineString",
        "coordinates": [
          [
            72.888952,
            19.0675273
          ],
          [
            72.8892373,
            19.0672519
          ],
          [
            72.889477,
            19.0670168
          ],
          [
            72.8898811,
            19.0666454
          ],
          [
            72.8900817,
            19.06649
          ],
          [
            72.8902462,
            19.0663978
          ],
          [
            72.8904468,
            19.0663056
          ],
          [
            72.8908035,
            19.0661977
          ],
          [
            72.8918147,
            19.065926
          ]
        ]
      }
    },
    {
      "type": "Feature",
      "id": "osm_way_275761815",
      "properties": {
        "osm_id": 275761815,
        "name": "Santa Cruz \u2013 Chembur Link Road",
        "highway": "trunk_link",
        "oneway": "yes",
        "surface": "asphalt",
        "lanes": "2"
      },
      "geometry": {
        "type": "LineString",
        "coordinates": [
          [
            72.8917543,
            19.0656969
          ],
          [
            72.8907506,
            19.0659606
          ],
          [
            72.8903827,
            19.0660633
          ],
          [
            72.8901458,
            19.0661608
          ],
          [
            72.8899452,
            19.0662767
          ],
          [
            72.8897117,
            19.0664724
          ],
          [
            72.889321,
            19.0668201
          ],
          [
            72.8889123,
            19.0671885
          ],
          [
            72.8886976,
            19.0673455
          ]
        ]
      }
    },
    {
      "type": "Feature",
      "id": "osm_way_275766283",
      "properties": {
        "osm_id": 275766283,
        "name": "Lokmanya Tilak Terminus Road",
        "highway": "tertiary",
        "oneway": "yes",
        "surface": "asphalt",
        "lanes": "2"
      },
      "geometry": {
        "type": "LineString",
        "coordinates": [
          [
            72.8908902,
            19.0680651
          ],
          [
            72.8897721,
            19.0679436
          ],
          [
            72.8895627,
            19.067883
          ],
          [
            72.8892731,
            19.0677772
          ],
          [
            72.8891834,
            19.0676981
          ],
          [
            72.888952,
            19.0675273
          ]
        ]
      }
    },
    {
      "type": "Feature",
      "id": "osm_way_275766285",
      "properties": {
        "osm_id": 275766285,
        "name": "Unnamed Street",
        "highway": "tertiary",
        "oneway": "yes",
        "surface": "asphalt",
        "lanes": "1"
      },
      "geometry": {
        "type": "LineString",
        "coordinates": [
          [
            72.8933031,
            19.0685703
          ],
          [
            72.8932384,
            19.0686147
          ]
        ]
      }
    },
    {
      "type": "Feature",
      "id": "osm_way_275766286",
      "properties": {
        "osm_id": 275766286,
        "name": "Lokmanya Tilak Terminus Road",
        "highway": "tertiary",
        "oneway": "yes",
        "surface": "asphalt",
        "lanes": "1"
      },
      "geometry": {
        "type": "LineString",
        "coordinates": [
          [
            72.8927546,
            19.0686356
          ],
          [
            72.8924407,
            19.0683195
          ],
          [
            72.8923024,
            19.0682669
          ]
        ]
      }
    },
    {
      "type": "Feature",
      "id": "osm_way_275766287",
      "properties": {
        "osm_id": 275766287,
        "name": "Unnamed Street",
        "highway": "tertiary",
        "oneway": "yes",
        "surface": "asphalt",
        "lanes": "1"
      },
      "geometry": {
        "type": "LineString",
        "coordinates": [
          [
            72.8930286,
            19.0689488
          ],
          [
            72.8929801,
            19.068887
          ]
        ]
      }
    },
    {
      "type": "Feature",
      "id": "osm_way_275766288",
      "properties": {
        "osm_id": 275766288,
        "name": "Lokmanya Tilak Terminus Road",
        "highway": "tertiary",
        "oneway": "yes",
        "surface": "asphalt",
        "lanes": "2"
      },
      "geometry": {
        "type": "LineString",
        "coordinates": [
          [
            72.8888783,
            19.0676154
          ],
          [
            72.889156,
            19.0677592
          ],
          [
            72.889289,
            19.0678357
          ],
          [
            72.8894421,
            19.0679074
          ],
          [
            72.8896218,
            19.0679677
          ],
          [
            72.8898583,
            19.0680081
          ],
          [
            72.891064,
            19.0681154
          ]
        ]
      }
    },
    {
      "type": "Feature",
      "id": "osm_way_275769996",
      "properties": {
        "osm_id": 275769996,
        "name": "Santa Cruz \u2013 Chembur Link Road",
        "highway": "trunk_link",
        "oneway": "yes",
        "surface": "asphalt",
        "lanes": "2"
      },
      "geometry": {
        "type": "LineString",
        "coordinates": [
          [
            72.8886221,
            19.0674194
          ],
          [
            72.888447,
            19.067624
          ],
          [
            72.8868113,
            19.0696062
          ],
          [
            72.8866101,
            19.0699612
          ]
        ]
      }
    },
    {
      "type": "Feature",
      "id": "osm_way_275769998",
      "properties": {
        "osm_id": 275769998,
        "name": "Lokmanya Tilak Terminus Road",
        "highway": "secondary",
        "oneway": "yes",
        "surface": "asphalt",
        "lanes": "2"
      },
      "geometry": {
        "type": "LineString",
        "coordinates": [
          [
            72.8886976,
            19.0673455
          ],
          [
            72.8884493,
            19.067178
          ],
          [
            72.8883077,
            19.0670239
          ],
          [
            72.8875956,
            19.0661925
          ],
          [
            72.8873879,
            19.0659569
          ],
          [
            72.8872368,
            19.0657545
          ],
          [
            72.8870796,
            19.0654912
          ],
          [
            72.8868271,
            19.0650137
          ],
          [
            72.8866717,
            19.0647198
          ],
          [
            72.8863302,
            19.064295
          ],
          [
            72.8861957,
            19.0641461
          ],
          [
            72.8860205,
            19.0639856
          ]
        ]
      }
    },
    {
      "type": "Feature",
      "id": "osm_way_275771154",
      "properties": {
        "osm_id": 275771154,
        "name": "Santa Cruz \u2013 Chembur Link Road",
        "highway": "trunk_link",
        "oneway": "yes",
        "surface": "asphalt",
        "lanes": "1"
      },
      "geometry": {
        "type": "LineString",
        "coordinates": [
          [
            72.8889123,
            19.0671885
          ],
          [
            72.8887556,
            19.0672346
          ],
          [
            72.8886652,
            19.0672453
          ],
          [
            72.8885635,
            19.0672261
          ],
          [
            72.8884493,
            19.067178
          ]
        ]
      }
    },
    {
      "type": "Feature",
      "id": "osm_way_275771155",
      "properties": {
        "osm_id": 275771155,
        "name": "Santa Cruz \u2013 Chembur Link Road",
        "highway": "trunk_link",
        "oneway": "yes",
        "surface": "asphalt",
        "lanes": "1"
      },
      "geometry": {
        "type": "LineString",
        "coordinates": [
          [
            72.8887245,
            19.067791
          ],
          [
            72.8888225,
            19.0677506
          ],
          [
            72.8889355,
            19.0677314
          ],
          [
            72.889044,
            19.0677378
          ],
          [
            72.889156,
            19.0677592
          ]
        ]
      }
    },
    {
      "type": "Feature",
      "id": "osm_way_275771156",
      "properties": {
        "osm_id": 275771156,
        "name": "Santa Cruz \u2013 Chembur Link Road",
        "highway": "trunk_link",
        "oneway": "yes",
        "surface": "asphalt",
        "lanes": "1"
      },
      "geometry": {
        "type": "LineString",
        "coordinates": [
          [
            72.8883997,
            19.0671832
          ],
          [
            72.8884676,
            19.0673447
          ],
          [
            72.8884766,
            19.067428
          ],
          [
            72.8884699,
            19.067537
          ],
          [
            72.888447,
            19.067624
          ]
        ]
      }
    },
    {
      "type": "Feature",
      "id": "osm_way_275771157",
      "properties": {
        "osm_id": 275771157,
        "name": "Santa Cruz \u2013 Chembur Link Road",
        "highway": "trunk_link",
        "oneway": "yes",
        "surface": "asphalt",
        "lanes": "1"
      },
      "geometry": {
        "type": "LineString",
        "coordinates": [
          [
            72.8891834,
            19.0676981
          ],
          [
            72.8891169,
            19.0675985
          ],
          [
            72.8891024,
            19.0675168
          ],
          [
            72.8891153,
            19.0674355
          ],
          [
            72.8891567,
            19.0673569
          ],
          [
            72.8892373,
            19.0672519
          ]
        ]
      }
    },
    {
      "type": "Feature",
      "id": "osm_way_275771271",
      "properties": {
        "osm_id": 275771271,
        "name": "Santa Cruz \u2013 Chembur Link Road",
        "highway": "trunk_link",
        "oneway": "yes",
        "surface": "asphalt",
        "lanes": "2"
      },
      "geometry": {
        "type": "LineString",
        "coordinates": [
          [
            72.8866994,
            19.0700283
          ],
          [
            72.887019,
            19.0697614
          ],
          [
            72.8887245,
            19.067791
          ],
          [
            72.8888783,
            19.0676154
          ],
          [
            72.888952,
            19.0675273
          ]
        ]
      }
    },
    {
      "type": "Feature",
      "id": "osm_way_275773892",
      "properties": {
        "osm_id": 275773892,
        "name": "Santa Cruz \u2013 Chembur Link Road",
        "highway": "trunk",
        "oneway": "yes",
        "surface": "asphalt",
        "lanes": "3"
      },
      "geometry": {
        "type": "LineString",
        "coordinates": [
          [
            72.8709551,
            19.0743008
          ],
          [
            72.8700482,
            19.0739234
          ],
          [
            72.8699184,
            19.0738662
          ],
          [
            72.8691446,
            19.0735083
          ],
          [
            72.8690679,
            19.0734748
          ],
          [
            72.8685053,
            19.073227
          ],
          [
            72.86768,
            19.0728673
          ],
          [
            72.8671448,
            19.0726375
          ],
          [
            72.8668433,
            19.0725027
          ],
          [
            72.8662961,
            19.0722636
          ],
          [
            72.8658275,
            19.072059
          ],
          [
            72.8652298,
            19.0717977
          ],
          [
            72.8647605,
            19.0715926
          ],
          [
            72.8638826,
            19.0712045
          ],
          [
            72.8637048,
            19.071147
          ],
          [
            72.8635091,
            19.0710836
          ],
          [
            72.8632629,
            19.0710314
          ],
          [
            72.8630495,
            19.0710099
          ],
          [
            72.8628858,
            19.0710125
          ],
          [
            72.8626526,
            19.071028
          ],
          [
            72.8626089,
            19.0710351
          ],
          [
            72.8624352,
            19.0710631
          ],
          [
            72.8621381,
            19.0711487
          ],
          [
            72.8619271,
            19.0712409
          ],
          [
            72.8617058,
            19.0713722
          ],
          [
            72.8615566,
            19.0714938
          ],
          [
            72.8613486,
            19.0716959
          ],
          [
            72.8611528,
            19.0719855
          ],
          [
            72.8609237,
            19.0726807
          ],
          [
            72.8608601,
            19.0728738
          ]
        ]
      }
    },
    {
      "type": "Feature",
      "id": "osm_way_275776138",
      "properties": {
        "osm_id": 275776138,
        "name": "Santa Cruz \u2013 Chembur Link Road",
        "highway": "trunk",
        "oneway": "yes",
        "surface": "asphalt",
        "lanes": "3"
      },
      "geometry": {
        "type": "LineString",
        "coordinates": [
          [
            72.8952923,
            19.0647795
          ],
          [
            72.8932941,
            19.0653159
          ]
        ]
      }
    },
    {
      "type": "Feature",
      "id": "osm_way_275776139",
      "properties": {
        "osm_id": 275776139,
        "name": "Santa Cruz \u2013 Chembur Link Road",
        "highway": "trunk",
        "oneway": "yes",
        "surface": "asphalt",
        "lanes": "3"
      },
      "geometry": {
        "type": "LineString",
        "coordinates": [
          [
            72.8933438,
            19.06548
          ],
          [
            72.8936242,
            19.0654047
          ],
          [
            72.895342,
            19.0649436
          ]
        ]
      }
    },
    {
      "type": "Feature",
      "id": "osm_way_275777164",
      "properties": {
        "osm_id": 275777164,
        "name": "Santa Cruz \u2013 Chembur Link Road",
        "highway": "trunk",
        "oneway": "yes",
        "surface": "asphalt",
        "lanes": "2"
      },
      "geometry": {
        "type": "LineString",
        "coordinates": [
          [
            72.8772747,
            19.0759339
          ],
          [
            72.8770891,
            19.0760546
          ],
          [
            72.87696,
            19.0761353
          ],
          [
            72.8768246,
            19.0762109
          ],
          [
            72.8766844,
            19.0762784
          ],
          [
            72.8765455,
            19.0763376
          ],
          [
            72.8763981,
            19.0763867
          ],
          [
            72.8762767,
            19.0764089
          ],
          [
            72.8762594,
            19.076412
          ],
          [
            72.8762383,
            19.0764159
          ],
          [
            72.8760903,
            19.0764339
          ],
          [
            72.8759464,
            19.0764294
          ],
          [
            72.875796,
            19.076413
          ],
          [
            72.8756618,
            19.0763913
          ],
          [
            72.8755237,
            19.076361
          ],
          [
            72.8753848,
            19.0763126
          ],
          [
            72.8752246,
            19.0762484
          ],
          [
            72.8750127,
            19.0761447
          ]
        ]
      }
    },
    {
      "type": "Feature",
      "id": "osm_way_275777165",
      "properties": {
        "osm_id": 275777165,
        "name": "Santa Cruz \u2013 Chembur Link Road",
        "highway": "trunk",
        "oneway": "yes",
        "surface": "asphalt",
        "lanes": "3"
      },
      "geometry": {
        "type": "LineString",
        "coordinates": [
          [
            72.8743926,
            19.0760847
          ],
          [
            72.8748805,
            19.0763887
          ],
          [
            72.8751074,
            19.0764956
          ],
          [
            72.8752773,
            19.0765646
          ],
          [
            72.8753335,
            19.0765848
          ],
          [
            72.8754391,
            19.0766192
          ],
          [
            72.8755999,
            19.0766562
          ],
          [
            72.8757525,
            19.0766827
          ],
          [
            72.8759319,
            19.0767046
          ],
          [
            72.8761057,
            19.0767085
          ],
          [
            72.8762837,
            19.0766866
          ],
          [
            72.8763191,
            19.0766767
          ]
        ]
      }
    },
    {
      "type": "Feature",
      "id": "osm_way_275783913",
      "properties": {
        "osm_id": 275783913,
        "name": "Shahid Major Kaustubh Rane flyover",
        "highway": "trunk",
        "oneway": "yes",
        "surface": "asphalt",
        "lanes": "2"
      },
      "geometry": {
        "type": "LineString",
        "coordinates": [
          [
            72.8765734,
            19.0764073
          ],
          [
            72.8764173,
            19.0764591
          ],
          [
            72.8762502,
            19.0764896
          ],
          [
            72.8760947,
            19.0765083
          ],
          [
            72.8759427,
            19.0765039
          ],
          [
            72.8757847,
            19.0764868
          ],
          [
            72.875645,
            19.0764642
          ],
          [
            72.8755007,
            19.0764324
          ],
          [
            72.8753557,
            19.0763819
          ],
          [
            72.8751925,
            19.0763165
          ],
          [
            72.8749771,
            19.0762112
          ]
        ]
      }
    },
    {
      "type": "Feature",
      "id": "osm_way_275783915",
      "properties": {
        "osm_id": 275783915,
        "name": "Shahid Major Kaustubh Rane flyover",
        "highway": "trunk",
        "oneway": "yes",
        "surface": "asphalt",
        "lanes": "2"
      },
      "geometry": {
        "type": "LineString",
        "coordinates": [
          [
            72.8766069,
            19.0764911
          ],
          [
            72.8767609,
            19.0764257
          ],
          [
            72.8769096,
            19.076354
          ],
          [
            72.8770481,
            19.0762767
          ],
          [
            72.877188,
            19.0761917
          ],
          [
            72.8782407,
            19.0755028
          ],
          [
            72.8785263,
            19.0753259
          ],
          [
            72.8788236,
            19.0751658
          ],
          [
            72.8794429,
            19.07487
          ]
        ]
      }
    },
    {
      "type": "Feature",
      "id": "osm_way_275783919",
      "properties": {
        "osm_id": 275783919,
        "name": "Shahid Major Kaustubh Rane flyover",
        "highway": "trunk_link",
        "oneway": "yes",
        "surface": "asphalt",
        "lanes": "2"
      },
      "geometry": {
        "type": "LineString",
        "coordinates": [
          [
            72.8749342,
            19.0762911
          ],
          [
            72.875154,
            19.0763983
          ],
          [
            72.8753207,
            19.0764651
          ],
          [
            72.8754732,
            19.076518
          ],
          [
            72.8756248,
            19.0765516
          ],
          [
            72.8757712,
            19.0765754
          ],
          [
            72.8759383,
            19.0765933
          ],
          [
            72.8760998,
            19.0765977
          ],
          [
            72.8762644,
            19.0765781
          ],
          [
            72.8764404,
            19.0765459
          ],
          [
            72.8766069,
            19.0764911
          ]
        ]
      }
    },
    {
      "type": "Feature",
      "id": "osm_way_275784828",
      "properties": {
        "osm_id": 275784828,
        "name": "Unnamed Street",
        "highway": "trunk_link",
        "oneway": "yes",
        "surface": "asphalt",
        "lanes": "1"
      },
      "geometry": {
        "type": "LineString",
        "coordinates": [
          [
            72.8782065,
            19.0756179
          ],
          [
            72.8782872,
            19.0755654
          ],
          [
            72.8784455,
            19.0754706
          ],
          [
            72.8785694,
            19.0753906
          ],
          [
            72.8786837,
            19.0753313
          ],
          [
            72.8788636,
            19.0752323
          ],
          [
            72.8794798,
            19.074938
          ],
          [
            72.8796938,
            19.0747772
          ]
        ]
      }
    },
    {
      "type": "Feature",
      "id": "osm_way_275784832",
      "properties": {
        "osm_id": 275784832,
        "name": "Shahid Major Kaustubh Rane flyover",
        "highway": "trunk",
        "oneway": "yes",
        "surface": "asphalt",
        "lanes": "2"
      },
      "geometry": {
        "type": "LineString",
        "coordinates": [
          [
            72.8794017,
            19.0747894
          ],
          [
            72.8787789,
            19.0750869
          ],
          [
            72.8784778,
            19.0752491
          ],
          [
            72.8781883,
            19.0754283
          ],
          [
            72.8771356,
            19.0761172
          ],
          [
            72.877,
            19.0761995
          ],
          [
            72.8768633,
            19.0762759
          ],
          [
            72.8767192,
            19.0763453
          ],
          [
            72.8765734,
            19.0764073
          ]
        ]
      }
    },
    {
      "type": "Feature",
      "id": "osm_way_275784835",
      "properties": {
        "osm_id": 275784835,
        "name": "Santa Cruz \u2013 Chembur Link Road",
        "highway": "trunk",
        "oneway": "yes",
        "surface": "asphalt",
        "lanes": "3"
      },
      "geometry": {
        "type": "LineString",
        "coordinates": [
          [
            72.8821416,
            19.0734729
          ],
          [
            72.8818503,
            19.0734887
          ],
          [
            72.881612,
            19.0735159
          ],
          [
            72.8814043,
            19.0735674
          ],
          [
            72.8811906,
            19.0736334
          ],
          [
            72.8808597,
            19.0737909
          ],
          [
            72.880484,
            19.0740375
          ]
        ]
      }
    },
    {
      "type": "Feature",
      "id": "osm_way_275784838",
      "properties": {
        "osm_id": 275784838,
        "name": "Santa Cruz \u2013 Chembur Link Road",
        "highway": "trunk",
        "oneway": "yes",
        "surface": "asphalt",
        "lanes": "3"
      },
      "geometry": {
        "type": "LineString",
        "coordinates": [
          [
            72.8825194,
            19.0736045
          ],
          [
            72.8828798,
            19.0735491
          ],
          [
            72.883159,
            19.0734575
          ],
          [
            72.8834701,
            19.0732971
          ],
          [
            72.8839399,
            19.0729588
          ]
        ]
      }
    },
    {
      "type": "Feature",
      "id": "osm_way_275784840",
      "properties": {
        "osm_id": 275784840,
        "name": "Unnamed Street",
        "highway": "trunk_link",
        "oneway": "yes",
        "surface": "asphalt",
        "lanes": "1"
      },
      "geometry": {
        "type": "LineString",
        "coordinates": [
          [
            72.8796214,
            19.0746535
          ],
          [
            72.8793666,
            19.0747248
          ],
          [
            72.8787409,
            19.0750237
          ],
          [
            72.8784367,
            19.0751876
          ],
          [
            72.8781441,
            19.0753688
          ],
          [
            72.8780569,
            19.0754255
          ]
        ]
      }
    },
    {
      "type": "Feature",
      "id": "osm_way_275784842",
      "properties": {
        "osm_id": 275784842,
        "name": "Santa Cruz \u2013 Chembur Link Road",
        "highway": "trunk",
        "oneway": "yes",
        "surface": "asphalt",
        "lanes": "3"
      },
      "geometry": {
        "type": "LineString",
        "coordinates": [
          [
            72.8796938,
            19.0747772
          ],
          [
            72.8798534,
            19.0746707
          ],
          [
            72.8801501,
            19.0745018
          ],
          [
            72.8805388,
            19.0742379
          ],
          [
            72.8809583,
            19.0739569
          ],
          [
            72.8812507,
            19.0738162
          ],
          [
            72.8814534,
            19.0737542
          ],
          [
            72.8816591,
            19.0737059
          ],
          [
            72.8818712,
            19.0736742
          ],
          [
            72.8821504,
            19.0736468
          ]
        ]
      }
    },
    {
      "type": "Feature",
      "id": "osm_way_275785282",
      "properties": {
        "osm_id": 275785282,
        "name": "Unnamed Street",
        "highway": "tertiary",
        "oneway": "yes",
        "surface": "asphalt",
        "lanes": "1"
      },
      "geometry": {
        "type": "LineString",
        "coordinates": [
          [
            72.8812507,
            19.0738162
          ],
          [
            72.8812616,
            19.0738631
          ],
          [
            72.8813857,
            19.0738247
          ],
          [
            72.8818819,
            19.0737385
          ],
          [
            72.8821023,
            19.0737246
          ],
          [
            72.8824022,
            19.0737058
          ],
          [
            72.8825015,
            19.0736996
          ],
          [
            72.8826737,
            19.0736782
          ],
          [
            72.8828659,
            19.0736543
          ],
          [
            72.8830125,
            19.0736093
          ],
          [
            72.8831217,
            19.0735757
          ],
          [
            72.8833646,
            19.0734941
          ],
          [
            72.8836899,
            19.0733139
          ],
          [
            72.8837961,
            19.0732342
          ],
          [
            72.8841583,
            19.0728968
          ]
        ]
      }
    },
    {
      "type": "Feature",
      "id": "osm_way_275785283",
      "properties": {
        "osm_id": 275785283,
        "name": "Santa Cruz \u2013 Chembur Link Road",
        "highway": "trunk",
        "oneway": "yes",
        "surface": "asphalt",
        "lanes": "3"
      },
      "geometry": {
        "type": "LineString",
        "coordinates": [
          [
            72.8825011,
            19.0734981
          ],
          [
            72.8821416,
            19.0734729
          ]
        ]
      }
    },
    {
      "type": "Feature",
      "id": "osm_way_275786437",
      "properties": {
        "osm_id": 275786437,
        "name": "Mathuradas Vasanji Road (Andheri Kurla Road)",
        "highway": "tertiary",
        "oneway": "no",
        "surface": "asphalt",
        "lanes": "1"
      },
      "geometry": {
        "type": "LineString",
        "coordinates": [
          [
            72.8800151,
            19.0759669
          ],
          [
            72.8801212,
            19.0764125
          ],
          [
            72.8801553,
            19.0765557
          ],
          [
            72.8802068,
            19.0767717
          ],
          [
            72.8802187,
            19.0768216
          ],
          [
            72.8802391,
            19.076953
          ],
          [
            72.8802391,
            19.0771164
          ],
          [
            72.8802426,
            19.0774596
          ],
          [
            72.8802444,
            19.0776304
          ],
          [
            72.8802454,
            19.077731
          ],
          [
            72.8802537,
            19.0785395
          ],
          [
            72.8802945,
            19.0791837
          ],
          [
            72.8803115,
            19.0794521
          ],
          [
            72.8803181,
            19.0795559
          ],
          [
            72.8803239,
            19.0796532
          ]
        ]
      }
    },
    {
      "type": "Feature",
      "id": "osm_way_275787250",
      "properties": {
        "osm_id": 275787250,
        "name": "Santa Cruz \u2013 Chembur Link Road",
        "highway": "trunk",
        "oneway": "yes",
        "surface": "asphalt",
        "lanes": "3"
      },
      "geometry": {
        "type": "LineString",
        "coordinates": [
          [
            72.8821504,
            19.0736468
          ],
          [
            72.8823961,
            19.0736186
          ],
          [
            72.8825194,
            19.0736045
          ]
        ]
      }
    },
    {
      "type": "Feature",
      "id": "osm_way_275787642",
      "properties": {
        "osm_id": 275787642,
        "name": "Unnamed Street",
        "highway": "tertiary",
        "oneway": "yes",
        "surface": "asphalt",
        "lanes": "1"
      },
      "geometry": {
        "type": "LineString",
        "coordinates": [
          [
            72.8930286,
            19.0689488
          ],
          [
            72.8932735,
            19.0687851
          ]
        ]
      }
    },
    {
      "type": "Feature",
      "id": "osm_way_285611389",
      "properties": {
        "osm_id": 285611389,
        "name": "Lokmanya Tilak Terminus Road",
        "highway": "tertiary",
        "oneway": "yes",
        "surface": "asphalt",
        "lanes": "1"
      },
      "geometry": {
        "type": "LineString",
        "coordinates": [
          [
            72.892238,
            19.0683417
          ],
          [
            72.8923342,
            19.0684585
          ],
          [
            72.8926979,
            19.0687395
          ],
          [
            72.8927606,
            19.0688048
          ]
        ]
      }
    },
    {
      "type": "Feature",
      "id": "osm_way_285611391",
      "properties": {
        "osm_id": 285611391,
        "name": "Lokmanya Tilak Terminus Road",
        "highway": "tertiary",
        "oneway": "yes",
        "surface": "asphalt",
        "lanes": "2"
      },
      "geometry": {
        "type": "LineString",
        "coordinates": [
          [
            72.8923024,
            19.0682669
          ],
          [
            72.8921928,
            19.0681933
          ],
          [
            72.8920827,
            19.0681484
          ],
          [
            72.8919425,
            19.0681125
          ],
          [
            72.8908902,
            19.0680651
          ]
        ]
      }
    },
    {
      "type": "Feature",
      "id": "osm_way_285611393",
      "properties": {
        "osm_id": 285611393,
        "name": "Santa Cruz \u2013 Chembur Link Road",
        "highway": "trunk",
        "oneway": "yes",
        "surface": "asphalt",
        "lanes": "2"
      },
      "geometry": {
        "type": "LineString",
        "coordinates": [
          [
            72.8917733,
            19.0657689
          ],
          [
            72.8907712,
            19.0660357
          ],
          [
            72.8905133,
            19.0661186
          ],
          [
            72.8902525,
            19.0662128
          ],
          [
            72.8900176,
            19.0663417
          ],
          [
            72.8897797,
            19.066519
          ],
          [
            72.8893592,
            19.0669085
          ],
          [
            72.8889672,
            19.0672764
          ],
          [
            72.888647,
            19.0676054
          ],
          [
            72.8878737,
            19.0685228
          ]
        ]
      }
    },
    {
      "type": "Feature",
      "id": "osm_way_285611397",
      "properties": {
        "osm_id": 285611397,
        "name": "Santa Cruz \u2013 Chembur Link Road Flyover",
        "highway": "trunk",
        "oneway": "yes",
        "surface": "asphalt",
        "lanes": "2"
      },
      "geometry": {
        "type": "LineString",
        "coordinates": [
          [
            72.895342,
            19.0649436
          ],
          [
            72.8957289,
            19.0647926
          ]
        ]
      }
    },
    {
      "type": "Feature",
      "id": "osm_way_285611398",
      "properties": {
        "osm_id": 285611398,
        "name": "Santa Cruz \u2013 Chembur Link Road",
        "highway": "trunk",
        "oneway": "yes",
        "surface": "asphalt",
        "lanes": "2"
      },
      "geometry": {
        "type": "LineString",
        "coordinates": [
          [
            72.8930531,
            19.065503
          ],
          [
            72.8933438,
            19.06548
          ]
        ]
      }
    },
    {
      "type": "Feature",
      "id": "osm_way_285611399",
      "properties": {
        "osm_id": 285611399,
        "name": "Santa Cruz \u2013 Chembur Link Road",
        "highway": "trunk",
        "oneway": "yes",
        "surface": "asphalt",
        "lanes": "2"
      },
      "geometry": {
        "type": "LineString",
        "coordinates": [
          [
            72.8932941,
            19.0653159
          ],
          [
            72.8930336,
            19.0654336
          ]
        ]
      }
    },
    {
      "type": "Feature",
      "id": "osm_way_285611401",
      "properties": {
        "osm_id": 285611401,
        "name": "Santa Cruz \u2013 Chembur Link Road",
        "highway": "trunk",
        "oneway": "yes",
        "surface": "asphalt",
        "lanes": "2"
      },
      "geometry": {
        "type": "LineString",
        "coordinates": [
          [
            72.8866994,
            19.0700283
          ],
          [
            72.8879333,
            19.0685673
          ]
        ]
      }
    },
    {
      "type": "Feature",
      "id": "osm_way_285611402",
      "properties": {
        "osm_id": 285611402,
        "name": "Santa Cruz \u2013 Chembur Link Road",
        "highway": "trunk",
        "oneway": "yes",
        "surface": "asphalt",
        "lanes": "2"
      },
      "geometry": {
        "type": "LineString",
        "coordinates": [
          [
            72.8878737,
            19.0685228
          ],
          [
            72.8866101,
            19.0699612
          ]
        ]
      }
    },
    {
      "type": "Feature",
      "id": "osm_way_285611403",
      "properties": {
        "osm_id": 285611403,
        "name": "Santa Cruz \u2013 Chembur Link Road Flyover",
        "highway": "trunk",
        "oneway": "yes",
        "surface": "asphalt",
        "lanes": "2"
      },
      "geometry": {
        "type": "LineString",
        "coordinates": [
          [
            72.8957107,
            19.0647228
          ],
          [
            72.8952923,
            19.0647795
          ]
        ]
      }
    },
    {
      "type": "Feature",
      "id": "osm_way_285611404",
      "properties": {
        "osm_id": 285611404,
        "name": "Santa Cruz \u2013 Chembur Link Road",
        "highway": "trunk_link",
        "oneway": "yes",
        "surface": "asphalt",
        "lanes": "2"
      },
      "geometry": {
        "type": "LineString",
        "coordinates": [
          [
            72.8918147,
            19.065926
          ],
          [
            72.8930767,
            19.065587
          ]
        ]
      }
    },
    {
      "type": "Feature",
      "id": "osm_way_285611405",
      "properties": {
        "osm_id": 285611405,
        "name": "Santa Cruz \u2013 Chembur Link Road",
        "highway": "trunk_link",
        "oneway": "yes",
        "surface": "asphalt",
        "lanes": "2"
      },
      "geometry": {
        "type": "LineString",
        "coordinates": [
          [
            72.8932941,
            19.0653159
          ],
          [
            72.8931283,
            19.0653371
          ],
          [
            72.8930107,
            19.0653521
          ]
        ]
      }
    },
    {
      "type": "Feature",
      "id": "osm_way_285611409",
      "properties": {
        "osm_id": 285611409,
        "name": "Unnamed Street",
        "highway": "tertiary",
        "oneway": "no",
        "surface": "asphalt",
        "lanes": "1"
      },
      "geometry": {
        "type": "LineString",
        "coordinates": [
          [
            72.8857925,
            19.0711934
          ],
          [
            72.885532,
            19.0710167
          ]
        ]
      }
    },
    {
      "type": "Feature",
      "id": "osm_way_285611411",
      "properties": {
        "osm_id": 285611411,
        "name": "Unnamed Street",
        "highway": "trunk_link",
        "oneway": "yes",
        "surface": "asphalt",
        "lanes": "1"
      },
      "geometry": {
        "type": "LineString",
        "coordinates": [
          [
            72.895342,
            19.0649436
          ],
          [
            72.8955773,
            19.0649125
          ],
          [
            72.8960888,
            19.0647738
          ],
          [
            72.8963904,
            19.06471
          ],
          [
            72.8966412,
            19.0646643
          ],
          [
            72.8968394,
            19.0646491
          ],
          [
            72.8970985,
            19.0646737
          ]
        ]
      }
    },
    {
      "type": "Feature",
      "id": "osm_way_285611412",
      "properties": {
        "osm_id": 285611412,
        "name": "Unnamed Street",
        "highway": "trunk_link",
        "oneway": "yes",
        "surface": "asphalt",
        "lanes": "1"
      },
      "geometry": {
        "type": "LineString",
        "coordinates": [
          [
            72.8971696,
            19.0644504
          ],
          [
            72.8968013,
            19.0644341
          ],
          [
            72.8965885,
            19.0644533
          ],
          [
            72.8963402,
            19.0644907
          ],
          [
            72.8960375,
            19.0645578
          ],
          [
            72.8954906,
            19.0646853
          ],
          [
            72.8952923,
            19.0647795
          ]
        ]
      }
    },
    {
      "type": "Feature",
      "id": "osm_way_285611413",
      "properties": {
        "osm_id": 285611413,
        "name": "Unnamed Street",
        "highway": "tertiary",
        "oneway": "yes",
        "surface": "asphalt",
        "lanes": "1"
      },
      "geometry": {
        "type": "LineString",
        "coordinates": [
          [
            72.885532,
            19.0710167
          ],
          [
            72.8854718,
            19.0710771
          ],
          [
            72.8852497,
            19.0713196
          ],
          [
            72.8848233,
            19.0717807
          ],
          [
            72.8843556,
            19.0722305
          ],
          [
            72.8839046,
            19.07267
          ],
          [
            72.8837275,
            19.0728366
          ],
          [
            72.8832847,
            19.073192
          ],
          [
            72.8830673,
            19.0732977
          ],
          [
            72.8828404,
            19.0733582
          ],
          [
            72.8824885,
            19.0733959
          ],
          [
            72.8821416,
            19.0734729
          ]
        ]
      }
    },
    {
      "type": "Feature",
      "id": "osm_way_286066400",
      "properties": {
        "osm_id": 286066400,
        "name": "Bandra Kurla Complex Road",
        "highway": "primary",
        "oneway": "yes",
        "surface": "concrete",
        "lanes": "3"
      },
      "geometry": {
        "type": "LineString",
        "coordinates": [
          [
            72.8551186,
            19.0596178
          ],
          [
            72.8552177,
            19.0596667
          ],
          [
            72.8554649,
            19.0597887
          ],
          [
            72.8555604,
            19.0598365
          ],
          [
            72.8562969,
            19.0599213
          ],
          [
            72.856432,
            19.0599278
          ],
          [
            72.8566071,
            19.0599356
          ],
          [
            72.8566589,
            19.0599426
          ],
          [
            72.8567907,
            19.0599864
          ]
        ]
      }
    },
    {
      "type": "Feature",
      "id": "osm_way_286066401",
      "properties": {
        "osm_id": 286066401,
        "name": "Bandra Kurla Complex Road",
        "highway": "primary",
        "oneway": "yes",
        "surface": "concrete",
        "lanes": "3"
      },
      "geometry": {
        "type": "LineString",
        "coordinates": [
          [
            72.8559864,
            19.0597403
          ],
          [
            72.8556057,
            19.0597061
          ],
          [
            72.8553338,
            19.059555
          ],
          [
            72.8552661,
            19.0595173
          ],
          [
            72.8550205,
            19.0593761
          ]
        ]
      }
    },
    {
      "type": "Feature",
      "id": "osm_way_286066405",
      "properties": {
        "osm_id": 286066405,
        "name": "Unnamed Street",
        "highway": "secondary",
        "oneway": "yes",
        "surface": "concrete",
        "lanes": "3"
      },
      "geometry": {
        "type": "LineString",
        "coordinates": [
          [
            72.8718283,
            19.0719318
          ],
          [
            72.8717843,
            19.0720241
          ],
          [
            72.8716996,
            19.0721681
          ],
          [
            72.871507,
            19.0724825
          ],
          [
            72.8714466,
            19.072634
          ],
          [
            72.8713051,
            19.0730776
          ],
          [
            72.8712044,
            19.0733933
          ],
          [
            72.870985,
            19.074081
          ],
          [
            72.8709551,
            19.0743008
          ]
        ]
      }
    },
    {
      "type": "Feature",
      "id": "osm_way_286066406",
      "properties": {
        "osm_id": 286066406,
        "name": "Avenue 3: Lane 3",
        "highway": "secondary",
        "oneway": "yes",
        "surface": "concrete",
        "lanes": "2"
      },
      "geometry": {
        "type": "LineString",
        "coordinates": [
          [
            72.8664911,
            19.0660741
          ],
          [
            72.8664661,
            19.0660457
          ],
          [
            72.8664458,
            19.066013
          ],
          [
            72.8663634,
            19.0659105
          ],
          [
            72.8662869,
            19.0657877
          ],
          [
            72.8662647,
            19.0657314
          ],
          [
            72.8661908,
            19.0655444
          ],
          [
            72.8659481,
            19.0649297
          ],
          [
            72.8659032,
            19.064816
          ],
          [
            72.8658564,
            19.0646976
          ],
          [
            72.8657547,
            19.06444
          ],
          [
            72.8655586,
            19.0639434
          ],
          [
            72.8654464,
            19.0636594
          ],
          [
            72.8653731,
            19.0634738
          ],
          [
            72.8652874,
            19.0632567
          ],
          [
            72.8652564,
            19.0631786
          ],
          [
            72.8651286,
            19.0628348
          ],
          [
            72.8650923,
            19.0627423
          ],
          [
            72.8643987,
            19.060974
          ],
          [
            72.8643787,
            19.060923
          ],
          [
            72.8643741,
            19.0609085
          ],
          [
            72.8643302,
            19.0607692
          ]
        ]
      }
    },
    {
      "type": "Feature",
      "id": "osm_way_286066409",
      "properties": {
        "osm_id": 286066409,
        "name": "Avenue 3: Lane 1",
        "highway": "tertiary",
        "oneway": "yes",
        "surface": "asphalt",
        "lanes": "2"
      },
      "geometry": {
        "type": "LineString",
        "coordinates": [
          [
            72.8601337,
            19.0592858
          ],
          [
            72.8601984,
            19.0593746
          ],
          [
            72.8604698,
            19.0597931
          ],
          [
            72.8605641,
            19.0600098
          ],
          [
            72.8605721,
            19.0601211
          ],
          [
            72.8605785,
            19.0601502
          ],
          [
            72.8604583,
            19.0608924
          ],
          [
            72.8604066,
            19.0611689
          ],
          [
            72.8604027,
            19.061216
          ],
          [
            72.8604067,
            19.0612611
          ],
          [
            72.8604103,
            19.0612767
          ],
          [
            72.8604839,
            19.0616059
          ],
          [
            72.8604974,
            19.0616665
          ],
          [
            72.8605959,
            19.0620899
          ]
        ]
      }
    },
    {
      "type": "Feature",
      "id": "osm_way_286066414",
      "properties": {
        "osm_id": 286066414,
        "name": "Unnamed Street",
        "highway": "secondary",
        "oneway": "yes",
        "surface": "concrete",
        "lanes": "3"
      },
      "geometry": {
        "type": "LineString",
        "coordinates": [
          [
            72.8719097,
            19.0716946
          ],
          [
            72.8718283,
            19.0719318
          ]
        ]
      }
    },
    {
      "type": "Feature",
      "id": "osm_way_286066416",
      "properties": {
        "osm_id": 286066416,
        "name": "Unnamed Street",
        "highway": "secondary",
        "oneway": "yes",
        "surface": "concrete",
        "lanes": "3"
      },
      "geometry": {
        "type": "LineString",
        "coordinates": [
          [
            72.8719166,
            19.0719653
          ],
          [
            72.8719968,
            19.0717393
          ]
        ]
      }
    },
    {
      "type": "Feature",
      "id": "osm_way_286066417",
      "properties": {
        "osm_id": 286066417,
        "name": "Avenue 3",
        "highway": "secondary",
        "oneway": "yes",
        "surface": "concrete",
        "lanes": "2"
      },
      "geometry": {
        "type": "LineString",
        "coordinates": [
          [
            72.8601337,
            19.0592858
          ],
          [
            72.859957,
            19.0594026
          ],
          [
            72.8590232,
            19.0599249
          ],
          [
            72.8589655,
            19.0599586
          ],
          [
            72.8589106,
            19.0600092
          ]
        ]
      }
    },
    {
      "type": "Feature",
      "id": "osm_way_286066418",
      "properties": {
        "osm_id": 286066418,
        "name": "Kanzul Iman Road",
        "highway": "tertiary",
        "oneway": "yes",
        "surface": "concrete",
        "lanes": "2"
      },
      "geometry": {
        "type": "LineString",
        "coordinates": [
          [
            72.8702595,
            19.0720434
          ],
          [
            72.8702204,
            19.0719884
          ],
          [
            72.8698873,
            19.071827
          ],
          [
            72.869053,
            19.0713421
          ],
          [
            72.8679151,
            19.0706399
          ],
          [
            72.8675806,
            19.0704174
          ]
        ]
      }
    },
    {
      "type": "Feature",
      "id": "osm_way_286066419",
      "properties": {
        "osm_id": 286066419,
        "name": "Bharat Nagar Road",
        "highway": "tertiary",
        "oneway": "yes",
        "surface": "concrete",
        "lanes": "2"
      },
      "geometry": {
        "type": "LineString",
        "coordinates": [
          [
            72.8571782,
            19.0663543
          ],
          [
            72.8575399,
            19.0662959
          ],
          [
            72.8595089,
            19.0660495
          ],
          [
            72.860022,
            19.0659853
          ],
          [
            72.8601867,
            19.065969
          ],
          [
            72.8611498,
            19.0658444
          ],
          [
            72.861226,
            19.0658348
          ],
          [
            72.8613653,
            19.0658174
          ],
          [
            72.8614614,
            19.0657958
          ],
          [
            72.8615172,
            19.0657832
          ],
          [
            72.8616409,
            19.0657326
          ],
          [
            72.8617539,
            19.0656568
          ],
          [
            72.8621463,
            19.0653357
          ]
        ]
      }
    },
    {
      "type": "Feature",
      "id": "osm_way_286066425",
      "properties": {
        "osm_id": 286066425,
        "name": "Kanzul Iman Road",
        "highway": "tertiary",
        "oneway": "no",
        "surface": "asphalt",
        "lanes": "1"
      },
      "geometry": {
        "type": "LineString",
        "coordinates": [
          [
            72.8702743,
            19.0720508
          ],
          [
            72.8704534,
            19.0721284
          ],
          [
            72.8706796,
            19.0722302
          ],
          [
            72.8707695,
            19.0722576
          ],
          [
            72.8711963,
            19.0723877
          ],
          [
            72.871507,
            19.0724825
          ]
        ]
      }
    },
    {
      "type": "Feature",
      "id": "osm_way_286066428",
      "properties": {
        "osm_id": 286066428,
        "name": "Unnamed Street",
        "highway": "secondary",
        "oneway": "yes",
        "surface": "concrete",
        "lanes": "3"
      },
      "geometry": {
        "type": "LineString",
        "coordinates": [
          [
            72.8721025,
            19.0714596
          ],
          [
            72.8722123,
            19.0711547
          ],
          [
            72.8723,
            19.0710084
          ]
        ]
      }
    },
    {
      "type": "Feature",
      "id": "osm_way_286066430",
      "properties": {
        "osm_id": 286066430,
        "name": "Unnamed Street",
        "highway": "secondary",
        "oneway": "yes",
        "surface": "concrete",
        "lanes": "3"
      },
      "geometry": {
        "type": "LineString",
        "coordinates": [
          [
            72.8721745,
            19.070981
          ],
          [
            72.872119,
            19.071135
          ],
          [
            72.8720389,
            19.0713635
          ]
        ]
      }
    },
    {
      "type": "Feature",
      "id": "osm_way_286066431",
      "properties": {
        "osm_id": 286066431,
        "name": "Unnamed Street",
        "highway": "primary_link",
        "oneway": "yes",
        "surface": "asphalt",
        "lanes": "1"
      },
      "geometry": {
        "type": "LineString",
        "coordinates": [
          [
            72.8589985,
            19.060689
          ],
          [
            72.8589544,
            19.0605258
          ],
          [
            72.8589206,
            19.0603375
          ],
          [
            72.8589345,
            19.0601619
          ]
        ]
      }
    },
    {
      "type": "Feature",
      "id": "osm_way_286066434",
      "properties": {
        "osm_id": 286066434,
        "name": "Unnamed Street",
        "highway": "primary_link",
        "oneway": "yes",
        "surface": "asphalt",
        "lanes": "1"
      },
      "geometry": {
        "type": "LineString",
        "coordinates": [
          [
            72.8624265,
            19.0649493
          ],
          [
            72.8622162,
            19.0650097
          ],
          [
            72.8621097,
            19.0650303
          ],
          [
            72.8619752,
            19.065036
          ]
        ]
      }
    },
    {
      "type": "Feature",
      "id": "osm_way_286066436",
      "properties": {
        "osm_id": 286066436,
        "name": "Vidya Nagari Marg",
        "highway": "secondary",
        "oneway": "yes",
        "surface": "asphalt",
        "lanes": "1"
      },
      "geometry": {
        "type": "LineString",
        "coordinates": [
          [
            72.8605698,
            19.0747475
          ],
          [
            72.8605955,
            19.0747175
          ],
          [
            72.8605998,
            19.0744629
          ]
        ]
      }
    },
    {
      "type": "Feature",
      "id": "osm_way_286066438",
      "properties": {
        "osm_id": 286066438,
        "name": "Street 9",
        "highway": "tertiary",
        "oneway": "yes",
        "surface": "asphalt",
        "lanes": "2"
      },
      "geometry": {
        "type": "LineString",
        "coordinates": [
          [
            72.8695743,
            19.0674332
          ],
          [
            72.8695203,
            19.0675053
          ],
          [
            72.8694235,
            19.067643
          ],
          [
            72.8692968,
            19.0678231
          ],
          [
            72.8689565,
            19.068307
          ],
          [
            72.8688956,
            19.0683936
          ],
          [
            72.8686323,
            19.0687681
          ],
          [
            72.8684361,
            19.0690471
          ],
          [
            72.8683414,
            19.0691817
          ]
        ]
      }
    },
    {
      "type": "Feature",
      "id": "osm_way_286066439",
      "properties": {
        "osm_id": 286066439,
        "name": "Street 9",
        "highway": "tertiary",
        "oneway": "yes",
        "surface": "asphalt",
        "lanes": "2"
      },
      "geometry": {
        "type": "LineString",
        "coordinates": [
          [
            72.868405,
            19.0692212
          ],
          [
            72.8684997,
            19.0690865
          ],
          [
            72.868651,
            19.0688713
          ],
          [
            72.8690198,
            19.0683469
          ],
          [
            72.8694858,
            19.0676841
          ],
          [
            72.8695814,
            19.0675481
          ],
          [
            72.8696352,
            19.0674802
          ]
        ]
      }
    },
    {
      "type": "Feature",
      "id": "osm_way_286066440",
      "properties": {
        "osm_id": 286066440,
        "name": "Unnamed Street",
        "highway": "primary_link",
        "oneway": "yes",
        "surface": "asphalt",
        "lanes": "1"
      },
      "geometry": {
        "type": "LineString",
        "coordinates": [
          [
            72.8599894,
            19.0623085
          ],
          [
            72.8598451,
            19.0622991
          ],
          [
            72.8597253,
            19.062277
          ],
          [
            72.8596117,
            19.0622221
          ],
          [
            72.8595009,
            19.0621323
          ]
        ]
      }
    },
    {
      "type": "Feature",
      "id": "osm_way_286066441",
      "properties": {
        "osm_id": 286066441,
        "name": "Unnamed Street",
        "highway": "tertiary_link",
        "oneway": "yes",
        "surface": "asphalt",
        "lanes": "1"
      },
      "geometry": {
        "type": "LineString",
        "coordinates": [
          [
            72.8717946,
            19.0683232
          ],
          [
            72.8717309,
            19.0684066
          ],
          [
            72.8716654,
            19.068472
          ],
          [
            72.8715691,
            19.0685362
          ],
          [
            72.871474,
            19.0685753
          ],
          [
            72.871356,
            19.0685648
          ]
        ]
      }
    },
    {
      "type": "Feature",
      "id": "osm_way_286066443",
      "properties": {
        "osm_id": 286066443,
        "name": "Unnamed Street",
        "highway": "primary_link",
        "oneway": "yes",
        "surface": "asphalt",
        "lanes": "1"
      },
      "geometry": {
        "type": "LineString",
        "coordinates": [
          [
            72.8597078,
            19.0629396
          ],
          [
            72.8597352,
            19.0627684
          ],
          [
            72.8597624,
            19.0626727
          ],
          [
            72.8598019,
            19.062591
          ],
          [
            72.8598612,
            19.0625058
          ],
          [
            72.8599657,
            19.0623955
          ]
        ]
      }
    },
    {
      "type": "Feature",
      "id": "osm_way_286066444",
      "properties": {
        "osm_id": 286066444,
        "name": "Street 5",
        "highway": "tertiary",
        "oneway": "yes",
        "surface": "asphalt",
        "lanes": "2"
      },
      "geometry": {
        "type": "LineString",
        "coordinates": [
          [
            72.8649853,
            19.0627744
          ],
          [
            72.8648945,
            19.0628044
          ],
          [
            72.8648628,
            19.0628148
          ],
          [
            72.8647908,
            19.0628824
          ],
          [
            72.8638943,
            19.0636634
          ],
          [
            72.8634682,
            19.0640364
          ],
          [
            72.8633965,
            19.0640995
          ],
          [
            72.8633771,
            19.0641165
          ],
          [
            72.8627564,
            19.0646603
          ],
          [
            72.8624265,
            19.0649493
          ],
          [
            72.8621953,
            19.0651727
          ]
        ]
      }
    },
    {
      "type": "Feature",
      "id": "osm_way_286066445",
      "properties": {
        "osm_id": 286066445,
        "name": "Unnamed Street",
        "highway": "tertiary",
        "oneway": "no",
        "surface": "asphalt",
        "lanes": "1"
      },
      "geometry": {
        "type": "LineString",
        "coordinates": [
          [
            72.8679244,
            19.0659614
          ],
          [
            72.8679559,
            19.0659256
          ],
          [
            72.8680176,
            19.0658648
          ],
          [
            72.8680927,
            19.0658445
          ],
          [
            72.8684939,
            19.0658787
          ],
          [
            72.8687405,
            19.0658997
          ],
          [
            72.8687932,
            19.0659042
          ],
          [
            72.8689023,
            19.0659256
          ],
          [
            72.8689634,
            19.0659668
          ],
          [
            72.8691598,
            19.0661438
          ],
          [
            72.8698056,
            19.066726
          ],
          [
            72.8699876,
            19.06689
          ],
          [
            72.87013,
            19.0670184
          ],
          [
            72.8702796,
            19.0671532
          ]
        ]
      }
    },
    {
      "type": "Feature",
      "id": "osm_way_289771681",
      "properties": {
        "osm_id": 289771681,
        "name": "Kohinoor City Road",
        "highway": "tertiary",
        "oneway": "yes",
        "surface": "asphalt",
        "lanes": "1"
      },
      "geometry": {
        "type": "LineString",
        "coordinates": [
          [
            72.8844484,
            19.0726312
          ],
          [
            72.8845791,
            19.0727508
          ],
          [
            72.88489,
            19.073094
          ],
          [
            72.8853061,
            19.0735143
          ],
          [
            72.8855989,
            19.0737756
          ]
        ]
      }
    },
    {
      "type": "Feature",
      "id": "osm_way_315614620",
      "properties": {
        "osm_id": 315614620,
        "name": "Lal Bahadur Shastri Marg",
        "highway": "primary",
        "oneway": "yes",
        "surface": "concrete",
        "lanes": "1"
      },
      "geometry": {
        "type": "LineString",
        "coordinates": [
          [
            72.8849456,
            19.0844858
          ],
          [
            72.8845116,
            19.0843304
          ]
        ]
      }
    },
    {
      "type": "Feature",
      "id": "osm_way_315614622",
      "properties": {
        "osm_id": 315614622,
        "name": "Lal Bahadur Shastri Marg",
        "highway": "primary",
        "oneway": "yes",
        "surface": "asphalt",
        "lanes": "1"
      },
      "geometry": {
        "type": "LineString",
        "coordinates": [
          [
            72.9025709,
            19.0874382
          ],
          [
            72.9012152,
            19.0871462
          ],
          [
            72.9005635,
            19.0870186
          ],
          [
            72.9002048,
            19.0869593
          ],
          [
            72.8994933,
            19.0868417
          ],
          [
            72.898957,
            19.0867531
          ],
          [
            72.8979434,
            19.0865665
          ],
          [
            72.8968341,
            19.0863516
          ],
          [
            72.8963738,
            19.0862625
          ],
          [
            72.8963091,
            19.0862432
          ],
          [
            72.8954541,
            19.0859837
          ],
          [
            72.8945085,
            19.0856977
          ],
          [
            72.8935149,
            19.0853446
          ],
          [
            72.8925176,
            19.0849903
          ],
          [
            72.8922707,
            19.0849016
          ],
          [
            72.8918253,
            19.0847415
          ],
          [
            72.8909466,
            19.0846231
          ],
          [
            72.8904181,
            19.0846428
          ]
        ]
      }
    },
    {
      "type": "Feature",
      "id": "osm_way_376621411",
      "properties": {
        "osm_id": 376621411,
        "name": "S.G. Barve Marg",
        "highway": "secondary",
        "oneway": "yes",
        "surface": "asphalt",
        "lanes": "1"
      },
      "geometry": {
        "type": "LineString",
        "coordinates": [
          [
            72.8834352,
            19.06202
          ],
          [
            72.8833503,
            19.0621117
          ],
          [
            72.8832991,
            19.062169
          ],
          [
            72.8828361,
            19.0627099
          ],
          [
            72.8821146,
            19.0634743
          ],
          [
            72.8818914,
            19.0637252
          ],
          [
            72.8816482,
            19.0639829
          ],
          [
            72.8816116,
            19.0640316
          ],
          [
            72.8815455,
            19.0641315
          ],
          [
            72.8811204,
            19.0646269
          ],
          [
            72.8807789,
            19.0650249
          ],
          [
            72.8807541,
            19.0650538
          ]
        ]
      }
    },
    {
      "type": "Feature",
      "id": "osm_way_376621412",
      "properties": {
        "osm_id": 376621412,
        "name": "S G Barve Marg (C S T Road)",
        "highway": "secondary",
        "oneway": "yes",
        "surface": "asphalt",
        "lanes": "1"
      },
      "geometry": {
        "type": "LineString",
        "coordinates": [
          [
            72.8844729,
            19.0607458
          ],
          [
            72.884397,
            19.06084
          ],
          [
            72.8843104,
            19.0609475
          ]
        ]
      }
    },
    {
      "type": "Feature",
      "id": "osm_way_427199176",
      "properties": {
        "osm_id": 427199176,
        "name": "A H Wadia Marg",
        "highway": "tertiary",
        "oneway": "no",
        "surface": "asphalt",
        "lanes": "1"
      },
      "geometry": {
        "type": "LineString",
        "coordinates": [
          [
            72.8791224,
            19.0741205
          ],
          [
            72.879529,
            19.0744267
          ]
        ]
      }
    },
    {
      "type": "Feature",
      "id": "osm_way_427199177",
      "properties": {
        "osm_id": 427199177,
        "name": "S G Barve Marg",
        "highway": "tertiary",
        "oneway": "no",
        "surface": "paving_stones",
        "lanes": "1"
      },
      "geometry": {
        "type": "LineString",
        "coordinates": [
          [
            72.8794655,
            19.0665517
          ],
          [
            72.8796262,
            19.0663623
          ],
          [
            72.8797824,
            19.0661867
          ]
        ]
      }
    },
    {
      "type": "Feature",
      "id": "osm_way_427199178",
      "properties": {
        "osm_id": 427199178,
        "name": "S.G. Barve Marg",
        "highway": "secondary",
        "oneway": "yes",
        "surface": "asphalt",
        "lanes": "1"
      },
      "geometry": {
        "type": "LineString",
        "coordinates": [
          [
            72.8843002,
            19.0609601
          ],
          [
            72.8842034,
            19.0610782
          ],
          [
            72.8840496,
            19.0612658
          ],
          [
            72.8838235,
            19.0615416
          ],
          [
            72.883499,
            19.0619414
          ],
          [
            72.8834352,
            19.06202
          ]
        ]
      }
    },
    {
      "type": "Feature",
      "id": "osm_way_436370619",
      "properties": {
        "osm_id": 436370619,
        "name": "Air India Road",
        "highway": "tertiary",
        "oneway": "no",
        "surface": "asphalt",
        "lanes": "1"
      },
      "geometry": {
        "type": "LineString",
        "coordinates": [
          [
            72.8587128,
            19.0820038
          ],
          [
            72.8587425,
            19.0822557
          ],
          [
            72.8587747,
            19.0824205
          ],
          [
            72.8588659,
            19.0826436
          ],
          [
            72.8590214,
            19.0829351
          ],
          [
            72.8591971,
            19.0831733
          ],
          [
            72.8593272,
            19.0832887
          ],
          [
            72.8595082,
            19.0834395
          ],
          [
            72.8596779,
            19.0836131
          ],
          [
            72.8597731,
            19.0837538
          ],
          [
            72.859814,
            19.0838514
          ],
          [
            72.8598087,
            19.0839997
          ],
          [
            72.8597139,
            19.0846023
          ]
        ]
      }
    },
    {
      "type": "Feature",
      "id": "osm_way_436370620",
      "properties": {
        "osm_id": 436370620,
        "name": "Air India Road",
        "highway": "tertiary",
        "oneway": "no",
        "surface": "asphalt",
        "lanes": "1"
      },
      "geometry": {
        "type": "LineString",
        "coordinates": [
          [
            72.8596664,
            19.0848494
          ],
          [
            72.8596527,
            19.084871
          ],
          [
            72.859648,
            19.0848957
          ],
          [
            72.8596532,
            19.0849204
          ],
          [
            72.8596649,
            19.0849388
          ],
          [
            72.859682,
            19.084953
          ],
          [
            72.8597029,
            19.0849614
          ],
          [
            72.8597256,
            19.0849632
          ],
          [
            72.8597477,
            19.0849583
          ],
          [
            72.8597651,
            19.0849488
          ],
          [
            72.859779,
            19.0849351
          ],
          [
            72.8597884,
            19.0849183
          ],
          [
            72.8597926,
            19.0848997
          ],
          [
            72.8597912,
            19.0848808
          ],
          [
            72.8597843,
            19.0848629
          ],
          [
            72.8597725,
            19.0848475
          ],
          [
            72.859751,
            19.084833
          ],
          [
            72.8597288,
            19.0848271
          ],
          [
            72.8597058,
            19.084828
          ],
          [
            72.8596843,
            19.0848357
          ],
          [
            72.8596664,
            19.0848494
          ]
        ]
      }
    },
    {
      "type": "Feature",
      "id": "osm_way_436370623",
      "properties": {
        "osm_id": 436370623,
        "name": "Kalina Kurla Road",
        "highway": "tertiary",
        "oneway": "yes",
        "surface": "asphalt",
        "lanes": "1"
      },
      "geometry": {
        "type": "LineString",
        "coordinates": [
          [
            72.8766186,
            19.0786152
          ],
          [
            72.8758056,
            19.0790026
          ]
        ]
      }
    },
    {
      "type": "Feature",
      "id": "osm_way_436370624",
      "properties": {
        "osm_id": 436370624,
        "name": "Kalina Kurla Road",
        "highway": "tertiary",
        "oneway": "no",
        "surface": "asphalt",
        "lanes": "1"
      },
      "geometry": {
        "type": "LineString",
        "coordinates": [
          [
            72.8756234,
            19.0791357
          ],
          [
            72.8748889,
            19.0794784
          ],
          [
            72.8747289,
            19.0795531
          ],
          [
            72.8744345,
            19.0797167
          ],
          [
            72.8704892,
            19.0815865
          ],
          [
            72.8703766,
            19.0816474
          ]
        ]
      }
    },
    {
      "type": "Feature",
      "id": "osm_way_473614663",
      "properties": {
        "osm_id": 473614663,
        "name": "Lal Bahadur Shastri Marg",
        "highway": "primary",
        "oneway": "yes",
        "surface": "asphalt",
        "lanes": "1"
      },
      "geometry": {
        "type": "LineString",
        "coordinates": [
          [
            72.8904208,
            19.084701
          ],
          [
            72.8909395,
            19.0847071
          ],
          [
            72.8911916,
            19.08471
          ],
          [
            72.8914775,
            19.084758
          ],
          [
            72.8915918,
            19.0847772
          ],
          [
            72.8917408,
            19.0848022
          ],
          [
            72.8917896,
            19.0848182
          ],
          [
            72.8920345,
            19.0848982
          ],
          [
            72.892156,
            19.0849379
          ],
          [
            72.8922457,
            19.0849668
          ],
          [
            72.8924874,
            19.0850479
          ],
          [
            72.8929066,
            19.0851979
          ],
          [
            72.893492,
            19.0854089
          ],
          [
            72.8936664,
            19.0854699
          ],
          [
            72.8944852,
            19.085763
          ],
          [
            72.8946415,
            19.0858238
          ],
          [
            72.8949548,
            19.0859188
          ],
          [
            72.8951959,
            19.0859919
          ],
          [
            72.8954338,
            19.086064
          ],
          [
            72.8955473,
            19.0860981
          ],
          [
            72.8963581,
            19.0863417
          ],
          [
            72.8968108,
            19.0864329
          ],
          [
            72.8974377,
            19.0865591
          ],
          [
            72.8979415,
            19.0866464
          ],
          [
            72.8989476,
            19.0868296
          ],
          [
            72.8994722,
            19.0869286
          ],
          [
            72.8998017,
            19.0869908
          ],
          [
            72.9001851,
            19.0870591
          ],
          [
            72.9005621,
            19.0871263
          ],
          [
            72.9020964,
            19.0874242
          ],
          [
            72.9025598,
            19.0875124
          ],
          [
            72.9027269,
            19.0875352
          ],
          [
            72.903035,
            19.0875772
          ],
          [
            72.9031384,
            19.0875946
          ],
          [
            72.9034449,
            19.0876461
          ],
          [
            72.9041795,
            19.0877976
          ]
        ]
      }
    },
    {
      "type": "Feature",
      "id": "osm_way_542236629",
      "properties": {
        "osm_id": 542236629,
        "name": "Nathani Road",
        "highway": "tertiary",
        "oneway": "yes",
        "surface": "asphalt",
        "lanes": "1"
      },
      "geometry": {
        "type": "LineString",
        "coordinates": [
          [
            72.8874091,
            19.075244
          ],
          [
            72.88817,
            19.0758222
          ],
          [
            72.8888695,
            19.0763585
          ],
          [
            72.8896088,
            19.0769118
          ],
          [
            72.8898075,
            19.0770627
          ],
          [
            72.8903021,
            19.0774385
          ],
          [
            72.8904194,
            19.0775163
          ]
        ]
      }
    },
    {
      "type": "Feature",
      "id": "osm_way_553927063",
      "properties": {
        "osm_id": 553927063,
        "name": "Santa Cruz \u2013 Chembur Link Road",
        "highway": "trunk",
        "oneway": "yes",
        "surface": "asphalt",
        "lanes": "3"
      },
      "geometry": {
        "type": "LineString",
        "coordinates": [
          [
            72.8801552,
            19.0742913
          ],
          [
            72.8798648,
            19.074519
          ],
          [
            72.8796214,
            19.0746535
          ]
        ]
      }
    },
    {
      "type": "Feature",
      "id": "osm_way_554898799",
      "properties": {
        "osm_id": 554898799,
        "name": "Lal Bahadur Shastri Marg",
        "highway": "primary",
        "oneway": "yes",
        "surface": "concrete",
        "lanes": "1"
      },
      "geometry": {
        "type": "LineString",
        "coordinates": [
          [
            72.8804614,
            19.080047
          ],
          [
            72.8814219,
            19.0812562
          ],
          [
            72.8819951,
            19.0823112
          ],
          [
            72.8822255,
            19.0827354
          ],
          [
            72.8822761,
            19.0828286
          ],
          [
            72.8825229,
            19.0832828
          ],
          [
            72.8825766,
            19.0834019
          ],
          [
            72.8825847,
            19.0834118
          ]
        ]
      }
    },
    {
      "type": "Feature",
      "id": "osm_way_554898805",
      "properties": {
        "osm_id": 554898805,
        "name": "Pipeline Road",
        "highway": "tertiary",
        "oneway": "yes",
        "surface": "asphalt",
        "lanes": "1"
      },
      "geometry": {
        "type": "LineString",
        "coordinates": [
          [
            72.8853949,
            19.0935321
          ],
          [
            72.8853908,
            19.0934508
          ],
          [
            72.8853813,
            19.0933889
          ],
          [
            72.885367,
            19.0933359
          ],
          [
            72.8853009,
            19.0930997
          ],
          [
            72.8852512,
            19.0928564
          ],
          [
            72.8852116,
            19.0926624
          ],
          [
            72.8851615,
            19.0924173
          ],
          [
            72.8850269,
            19.0917549
          ],
          [
            72.8849169,
            19.0913504
          ],
          [
            72.8848572,
            19.0910766
          ],
          [
            72.8848209,
            19.090909
          ],
          [
            72.8848096,
            19.090856
          ],
          [
            72.884748,
            19.0905664
          ],
          [
            72.8847053,
            19.0903374
          ],
          [
            72.8845613,
            19.0896898
          ],
          [
            72.8844894,
            19.0893609
          ],
          [
            72.8844133,
            19.0889852
          ],
          [
            72.8843665,
            19.0887678
          ],
          [
            72.8842694,
            19.0883306
          ],
          [
            72.8841875,
            19.0879092
          ],
          [
            72.8841246,
            19.0875854
          ],
          [
            72.8840488,
            19.0871955
          ],
          [
            72.8838692,
            19.0863773
          ],
          [
            72.8837361,
            19.0856858
          ],
          [
            72.8837084,
            19.0855421
          ],
          [
            72.8836744,
            19.0854647
          ]
        ]
      }
    },
    {
      "type": "Feature",
      "id": "osm_way_570227374",
      "properties": {
        "osm_id": 570227374,
        "name": "Masrani Lane",
        "highway": "tertiary",
        "oneway": "no",
        "surface": "asphalt",
        "lanes": "1"
      },
      "geometry": {
        "type": "LineString",
        "coordinates": [
          [
            72.8800151,
            19.0759669
          ],
          [
            72.8803178,
            19.0760629
          ],
          [
            72.8808534,
            19.0760924
          ],
          [
            72.8814101,
            19.0761231
          ],
          [
            72.8816826,
            19.0761381
          ],
          [
            72.8821058,
            19.0761728
          ],
          [
            72.8825456,
            19.0762088
          ]
        ]
      }
    },
    {
      "type": "Feature",
      "id": "osm_way_611811717",
      "properties": {
        "osm_id": 611811717,
        "name": "C S T Kurla Junction Flyover",
        "highway": "trunk",
        "oneway": "yes",
        "surface": "asphalt",
        "lanes": "3"
      },
      "geometry": {
        "type": "LineString",
        "coordinates": [
          [
            72.8900686,
            19.0589391
          ],
          [
            72.8901831,
            19.0590868
          ]
        ]
      }
    },
    {
      "type": "Feature",
      "id": "osm_way_611811718",
      "properties": {
        "osm_id": 611811718,
        "name": "Vasantarao Naik Marg",
        "highway": "tertiary",
        "oneway": "no",
        "surface": "asphalt",
        "lanes": "1"
      },
      "geometry": {
        "type": "LineString",
        "coordinates": [
          [
            72.8835112,
            19.0562191
          ],
          [
            72.8832404,
            19.0559693
          ],
          [
            72.8829643,
            19.0556604
          ],
          [
            72.882831,
            19.0555079
          ],
          [
            72.8826367,
            19.0551914
          ],
          [
            72.8825561,
            19.0550983
          ],
          [
            72.8821421,
            19.054801
          ],
          [
            72.8816256,
            19.0544583
          ],
          [
            72.8814201,
            19.0542901
          ],
          [
            72.8813404,
            19.0542077
          ],
          [
            72.8812571,
            19.0541019
          ],
          [
            72.8811898,
            19.0539632
          ],
          [
            72.8811638,
            19.053897
          ],
          [
            72.881101,
            19.0537558
          ]
        ]
      }
    },
    {
      "type": "Feature",
      "id": "osm_way_618038082",
      "properties": {
        "osm_id": 618038082,
        "name": "BKC Connector",
        "highway": "secondary",
        "oneway": "yes",
        "surface": "asphalt",
        "lanes": "2"
      },
      "geometry": {
        "type": "LineString",
        "coordinates": [
          [
            72.8734572,
            19.050191
          ],
          [
            72.8717824,
            19.0495818
          ],
          [
            72.8715481,
            19.0495398
          ],
          [
            72.8713198,
            19.0495437
          ],
          [
            72.8711304,
            19.0496123
          ],
          [
            72.870957,
            19.0496986
          ],
          [
            72.8667582,
            19.0527588
          ],
          [
            72.8663224,
            19.0531266
          ],
          [
            72.8661613,
            19.0532508
          ],
          [
            72.8659741,
            19.0534487
          ],
          [
            72.8658292,
            19.0536693
          ],
          [
            72.8649328,
            19.0557468
          ],
          [
            72.8648268,
            19.0559952
          ],
          [
            72.8647169,
            19.0563186
          ],
          [
            72.8646692,
            19.0565593
          ],
          [
            72.8645763,
            19.0576205
          ]
        ]
      }
    },
    {
      "type": "Feature",
      "id": "osm_way_618748715",
      "properties": {
        "osm_id": 618748715,
        "name": "Eastern Express Highway",
        "highway": "trunk",
        "oneway": "yes",
        "surface": "asphalt",
        "lanes": "4"
      },
      "geometry": {
        "type": "LineString",
        "coordinates": [
          [
            72.8919728,
            19.0603577
          ],
          [
            72.8925618,
            19.0607752
          ],
          [
            72.8930527,
            19.0611185
          ],
          [
            72.8943077,
            19.061996
          ],
          [
            72.8950226,
            19.0624919
          ],
          [
            72.8951653,
            19.0625965
          ]
        ]
      }
    },
    {
      "type": "Feature",
      "id": "osm_way_618748719",
      "properties": {
        "osm_id": 618748719,
        "name": "C S T Kurla Junction Flyover",
        "highway": "trunk",
        "oneway": "yes",
        "surface": "asphalt",
        "lanes": "3"
      },
      "geometry": {
        "type": "LineString",
        "coordinates": [
          [
            72.8903137,
            19.058952
          ],
          [
            72.890141,
            19.058866
          ]
        ]
      }
    },
    {
      "type": "Feature",
      "id": "osm_way_618748722",
      "properties": {
        "osm_id": 618748722,
        "name": "Chembur Flyover",
        "highway": "trunk",
        "oneway": "yes",
        "surface": "asphalt",
        "lanes": "4"
      },
      "geometry": {
        "type": "LineString",
        "coordinates": [
          [
            72.8977483,
            19.0642315
          ],
          [
            72.8952743,
            19.062527
          ]
        ]
      }
    },
    {
      "type": "Feature",
      "id": "osm_way_642209610",
      "properties": {
        "osm_id": 642209610,
        "name": "Vidya Nagari Marg",
        "highway": "secondary",
        "oneway": "yes",
        "surface": "asphalt",
        "lanes": "1"
      },
      "geometry": {
        "type": "LineString",
        "coordinates": [
          [
            72.8604745,
            19.0744731
          ],
          [
            72.8604977,
            19.0746669
          ],
          [
            72.8605354,
            19.0747268
          ],
          [
            72.8605698,
            19.0747475
          ]
        ]
      }
    },
    {
      "type": "Feature",
      "id": "osm_way_642209614",
      "properties": {
        "osm_id": 642209614,
        "name": "Unnamed Street",
        "highway": "secondary",
        "oneway": "yes",
        "surface": "concrete",
        "lanes": "3"
      },
      "geometry": {
        "type": "LineString",
        "coordinates": [
          [
            72.8710305,
            19.074335
          ],
          [
            72.8711497,
            19.0738544
          ],
          [
            72.8712908,
            19.0734201
          ],
          [
            72.871536,
            19.0726649
          ],
          [
            72.8715946,
            19.0725279
          ],
          [
            72.8717834,
            19.0722141
          ],
          [
            72.8718722,
            19.0720681
          ],
          [
            72.8719166,
            19.0719653
          ]
        ]
      }
    },
    {
      "type": "Feature",
      "id": "osm_way_642209633",
      "properties": {
        "osm_id": 642209633,
        "name": "Santa Cruz \u2013 Chembur Link Road",
        "highway": "trunk_link",
        "oneway": "yes",
        "surface": "asphalt",
        "lanes": "2"
      },
      "geometry": {
        "type": "LineString",
        "coordinates": [
          [
            72.8930107,
            19.0653521
          ],
          [
            72.8917543,
            19.0656969
          ]
        ]
      }
    },
    {
      "type": "Feature",
      "id": "osm_way_642209636",
      "properties": {
        "osm_id": 642209636,
        "name": "Santa Cruz \u2013 Chembur Link Road",
        "highway": "trunk_link",
        "oneway": "yes",
        "surface": "asphalt",
        "lanes": "2"
      },
      "geometry": {
        "type": "LineString",
        "coordinates": [
          [
            72.8930767,
            19.065587
          ],
          [
            72.8933438,
            19.06548
          ]
        ]
      }
    },
    {
      "type": "Feature",
      "id": "osm_way_652574426",
      "properties": {
        "osm_id": 652574426,
        "name": "Unnamed Street",
        "highway": "tertiary_link",
        "oneway": "no",
        "surface": "asphalt",
        "lanes": "1"
      },
      "geometry": {
        "type": "LineString",
        "coordinates": [
          [
            72.8666577,
            19.0596247
          ],
          [
            72.866555,
            19.059672
          ]
        ]
      }
    },
    {
      "type": "Feature",
      "id": "osm_way_685948841",
      "properties": {
        "osm_id": 685948841,
        "name": "Unnamed Street",
        "highway": "secondary_link",
        "oneway": "yes",
        "surface": "asphalt",
        "lanes": "1"
      },
      "geometry": {
        "type": "LineString",
        "coordinates": [
          [
            72.8620654,
            19.0587156
          ],
          [
            72.8619937,
            19.0586522
          ],
          [
            72.8619504,
            19.0585889
          ],
          [
            72.8618941,
            19.0584089
          ],
          [
            72.8619167,
            19.0583137
          ]
        ]
      }
    },
    {
      "type": "Feature",
      "id": "osm_way_686000445",
      "properties": {
        "osm_id": 686000445,
        "name": "Unnamed Street",
        "highway": "primary_link",
        "oneway": "no",
        "surface": "asphalt",
        "lanes": "1"
      },
      "geometry": {
        "type": "LineString",
        "coordinates": [
          [
            72.8752569,
            19.0700834
          ],
          [
            72.8753865,
            19.070063
          ]
        ]
      }
    },
    {
      "type": "Feature",
      "id": "osm_way_686081961",
      "properties": {
        "osm_id": 686081961,
        "name": "Unnamed Street",
        "highway": "primary_link",
        "oneway": "no",
        "surface": "asphalt",
        "lanes": "1"
      },
      "geometry": {
        "type": "LineString",
        "coordinates": [
          [
            72.8712283,
            19.0583273
          ],
          [
            72.8711541,
            19.0583706
          ]
        ]
      }
    },
    {
      "type": "Feature",
      "id": "osm_way_686085633",
      "properties": {
        "osm_id": 686085633,
        "name": "Unnamed Street",
        "highway": "primary_link",
        "oneway": "no",
        "surface": "asphalt",
        "lanes": "1"
      },
      "geometry": {
        "type": "LineString",
        "coordinates": [
          [
            72.8751322,
            19.0691588
          ],
          [
            72.8752191,
            19.0691511
          ]
        ]
      }
    },
    {
      "type": "Feature",
      "id": "osm_way_686101421",
      "properties": {
        "osm_id": 686101421,
        "name": "Unnamed Street",
        "highway": "primary_link",
        "oneway": "yes",
        "surface": "asphalt",
        "lanes": "1"
      },
      "geometry": {
        "type": "LineString",
        "coordinates": [
          [
            72.8721025,
            19.0714596
          ],
          [
            72.8721803,
            19.0713886
          ],
          [
            72.8722651,
            19.0713114
          ],
          [
            72.8723386,
            19.0712682
          ],
          [
            72.8724405,
            19.0712378
          ],
          [
            72.8725951,
            19.071196
          ]
        ]
      }
    },
    {
      "type": "Feature",
      "id": "osm_way_686127175",
      "properties": {
        "osm_id": 686127175,
        "name": "Unnamed Street",
        "highway": "tertiary",
        "oneway": "yes",
        "surface": "asphalt",
        "lanes": "1"
      },
      "geometry": {
        "type": "LineString",
        "coordinates": [
          [
            72.880484,
            19.0740375
          ],
          [
            72.8804305,
            19.0739799
          ],
          [
            72.8803737,
            19.0739132
          ],
          [
            72.8803274,
            19.0738444
          ],
          [
            72.8803048,
            19.0738108
          ],
          [
            72.8802672,
            19.0737686
          ]
        ]
      }
    },
    {
      "type": "Feature",
      "id": "osm_way_691876411",
      "properties": {
        "osm_id": 691876411,
        "name": "Unnamed Street",
        "highway": "primary_link",
        "oneway": "no",
        "surface": "asphalt",
        "lanes": "1"
      },
      "geometry": {
        "type": "LineString",
        "coordinates": [
          [
            72.8692675,
            19.0554808
          ],
          [
            72.8691119,
            19.0554453
          ]
        ]
      }
    },
    {
      "type": "Feature",
      "id": "osm_way_691944419",
      "properties": {
        "osm_id": 691944419,
        "name": "Unnamed Street",
        "highway": "primary_link",
        "oneway": "no",
        "surface": "asphalt",
        "lanes": "1"
      },
      "geometry": {
        "type": "LineString",
        "coordinates": [
          [
            72.8699542,
            19.0567165
          ],
          [
            72.8700397,
            19.0566657
          ]
        ]
      }
    },
    {
      "type": "Feature",
      "id": "osm_way_691946445",
      "properties": {
        "osm_id": 691946445,
        "name": "Unnamed Street",
        "highway": "primary_link",
        "oneway": "no",
        "surface": "asphalt",
        "lanes": "1"
      },
      "geometry": {
        "type": "LineString",
        "coordinates": [
          [
            72.8707791,
            19.0578498
          ],
          [
            72.8708521,
            19.0578013
          ]
        ]
      }
    },
    {
      "type": "Feature",
      "id": "osm_way_691946446",
      "properties": {
        "osm_id": 691946446,
        "name": "Unnamed Street",
        "highway": "primary_link",
        "oneway": "no",
        "surface": "asphalt",
        "lanes": "1"
      },
      "geometry": {
        "type": "LineString",
        "coordinates": [
          [
            72.8705149,
            19.0574868
          ],
          [
            72.8705958,
            19.0574431
          ]
        ]
      }
    },
    {
      "type": "Feature",
      "id": "osm_way_691948326",
      "properties": {
        "osm_id": 691948326,
        "name": "Unnamed Street",
        "highway": "primary_link",
        "oneway": "no",
        "surface": "asphalt",
        "lanes": "1"
      },
      "geometry": {
        "type": "LineString",
        "coordinates": [
          [
            72.8723376,
            19.0600242
          ],
          [
            72.872415,
            19.0599909
          ]
        ]
      }
    },
    {
      "type": "Feature",
      "id": "osm_way_692171542",
      "properties": {
        "osm_id": 692171542,
        "name": "Unnamed Street",
        "highway": "primary_link",
        "oneway": "no",
        "surface": "asphalt",
        "lanes": "1"
      },
      "geometry": {
        "type": "LineString",
        "coordinates": [
          [
            72.8767259,
            19.0750587
          ],
          [
            72.8766583,
            19.0751095
          ]
        ]
      }
    },
    {
      "type": "Feature",
      "id": "osm_way_692175149",
      "properties": {
        "osm_id": 692175149,
        "name": "Unnamed Street",
        "highway": "tertiary",
        "oneway": "no",
        "surface": "asphalt",
        "lanes": "1"
      },
      "geometry": {
        "type": "LineString",
        "coordinates": [
          [
            72.8802945,
            19.0791837
          ],
          [
            72.880066,
            19.0793133
          ]
        ]
      }
    },
    {
      "type": "Feature",
      "id": "osm_way_697740275",
      "properties": {
        "osm_id": 697740275,
        "name": "Unnamed Street",
        "highway": "primary_link",
        "oneway": "yes",
        "surface": "asphalt",
        "lanes": "1"
      },
      "geometry": {
        "type": "LineString",
        "coordinates": [
          [
            72.8618647,
            19.0651609
          ],
          [
            72.8618934,
            19.0652405
          ],
          [
            72.8618999,
            19.0653032
          ],
          [
            72.8619021,
            19.0653248
          ],
          [
            72.8618884,
            19.0654516
          ]
        ]
      }
    },
    {
      "type": "Feature",
      "id": "osm_way_697749616",
      "properties": {
        "osm_id": 697749616,
        "name": "Unnamed Street",
        "highway": "primary_link",
        "oneway": "yes",
        "surface": "asphalt",
        "lanes": "1"
      },
      "geometry": {
        "type": "LineString",
        "coordinates": [
          [
            72.8724298,
            19.0707597
          ],
          [
            72.8724432,
            19.0708917
          ],
          [
            72.8724579,
            19.0709348
          ],
          [
            72.8724861,
            19.0709754
          ],
          [
            72.8725921,
            19.0710344
          ]
        ]
      }
    },
    {
      "type": "Feature",
      "id": "osm_way_697749617",
      "properties": {
        "osm_id": 697749617,
        "name": "Unnamed Street",
        "highway": "primary_link",
        "oneway": "yes",
        "surface": "asphalt",
        "lanes": "1"
      },
      "geometry": {
        "type": "LineString",
        "coordinates": [
          [
            72.872317,
            19.070729
          ],
          [
            72.8721817,
            19.0708385
          ],
          [
            72.8721314,
            19.0708746
          ],
          [
            72.8720871,
            19.0709012
          ],
          [
            72.871974,
            19.0709401
          ]
        ]
      }
    },
    {
      "type": "Feature",
      "id": "osm_way_697749618",
      "properties": {
        "osm_id": 697749618,
        "name": "Unnamed Street",
        "highway": "primary_link",
        "oneway": "yes",
        "surface": "asphalt",
        "lanes": "1"
      },
      "geometry": {
        "type": "LineString",
        "coordinates": [
          [
            72.8717995,
            19.0710692
          ],
          [
            72.8719094,
            19.0711174
          ],
          [
            72.8719953,
            19.0711769
          ],
          [
            72.8720207,
            19.07122
          ],
          [
            72.8720301,
            19.0712783
          ],
          [
            72.8720389,
            19.0713635
          ]
        ]
      }
    },
    {
      "type": "Feature",
      "id": "osm_way_700035799",
      "properties": {
        "osm_id": 700035799,
        "name": "Unnamed Street",
        "highway": "tertiary",
        "oneway": "no",
        "surface": "asphalt",
        "lanes": "1"
      },
      "geometry": {
        "type": "LineString",
        "coordinates": [
          [
            72.8929502,
            19.0612464
          ],
          [
            72.893406,
            19.0615451
          ],
          [
            72.8937777,
            19.0618097
          ],
          [
            72.8949164,
            19.0626203
          ],
          [
            72.8966448,
            19.0638507
          ]
        ]
      }
    },
    {
      "type": "Feature",
      "id": "osm_way_700035800",
      "properties": {
        "osm_id": 700035800,
        "name": "Unnamed Street",
        "highway": "tertiary",
        "oneway": "no",
        "surface": "asphalt",
        "lanes": "1"
      },
      "geometry": {
        "type": "LineString",
        "coordinates": [
          [
            72.8958332,
            19.0627241
          ],
          [
            72.8941432,
            19.0615112
          ],
          [
            72.894064,
            19.061457
          ],
          [
            72.8932787,
            19.0609082
          ],
          [
            72.8932619,
            19.0608961
          ],
          [
            72.8921418,
            19.0600898
          ]
        ]
      }
    },
    {
      "type": "Feature",
      "id": "osm_way_700035801",
      "properties": {
        "osm_id": 700035801,
        "name": "Unnamed Street",
        "highway": "trunk_link",
        "oneway": "yes",
        "surface": "asphalt",
        "lanes": "1"
      },
      "geometry": {
        "type": "LineString",
        "coordinates": [
          [
            72.892888,
            19.0608186
          ],
          [
            72.8928333,
            19.0606906
          ],
          [
            72.8926215,
            19.0605106
          ],
          [
            72.8921009,
            19.0601427
          ],
          [
            72.8918007,
            19.0599199
          ],
          [
            72.8916036,
            19.0597767
          ],
          [
            72.8913675,
            19.0596474
          ],
          [
            72.8911991,
            19.059596
          ]
        ]
      }
    },
    {
      "type": "Feature",
      "id": "osm_way_700329163",
      "properties": {
        "osm_id": 700329163,
        "name": "Unnamed Street",
        "highway": "primary_link",
        "oneway": "no",
        "surface": "asphalt",
        "lanes": "1"
      },
      "geometry": {
        "type": "LineString",
        "coordinates": [
          [
            72.8917896,
            19.0848182
          ],
          [
            72.8918253,
            19.0847415
          ]
        ]
      }
    },
    {
      "type": "Feature",
      "id": "osm_way_700990502",
      "properties": {
        "osm_id": 700990502,
        "name": "Unnamed Street",
        "highway": "primary_link",
        "oneway": "no",
        "surface": "asphalt",
        "lanes": "1"
      },
      "geometry": {
        "type": "LineString",
        "coordinates": [
          [
            72.8954338,
            19.086064
          ],
          [
            72.8954541,
            19.0859837
          ]
        ]
      }
    },
    {
      "type": "Feature",
      "id": "osm_way_745955256",
      "properties": {
        "osm_id": 745955256,
        "name": "Vidya Nagari Marg",
        "highway": "secondary",
        "oneway": "yes",
        "surface": "asphalt",
        "lanes": "1"
      },
      "geometry": {
        "type": "LineString",
        "coordinates": [
          [
            72.8625431,
            19.0778032
          ],
          [
            72.862461,
            19.0776822
          ],
          [
            72.8624153,
            19.0776011
          ],
          [
            72.8623288,
            19.0775529
          ]
        ]
      }
    },
    {
      "type": "Feature",
      "id": "osm_way_746615682",
      "properties": {
        "osm_id": 746615682,
        "name": "BKC Connector",
        "highway": "secondary",
        "oneway": "yes",
        "surface": "asphalt",
        "lanes": "2"
      },
      "geometry": {
        "type": "LineString",
        "coordinates": [
          [
            72.8646716,
            19.057634
          ],
          [
            72.8647761,
            19.0565793
          ],
          [
            72.864821,
            19.0563236
          ],
          [
            72.8648535,
            19.0562292
          ],
          [
            72.8649253,
            19.0560207
          ],
          [
            72.8650263,
            19.0557835
          ],
          [
            72.865917,
            19.0537051
          ],
          [
            72.8660409,
            19.0535069
          ],
          [
            72.86623,
            19.0532965
          ],
          [
            72.8663372,
            19.0532081
          ],
          [
            72.8668068,
            19.052821
          ],
          [
            72.8710041,
            19.0497683
          ],
          [
            72.8711625,
            19.0496861
          ],
          [
            72.871337,
            19.0496217
          ],
          [
            72.8715388,
            19.049619
          ],
          [
            72.8717528,
            19.0496536
          ],
          [
            72.8734277,
            19.0502644
          ]
        ]
      }
    },
    {
      "type": "Feature",
      "id": "osm_way_749341287",
      "properties": {
        "osm_id": 749341287,
        "name": "Kale Marg",
        "highway": "secondary",
        "oneway": "yes",
        "surface": "asphalt",
        "lanes": "1"
      },
      "geometry": {
        "type": "LineString",
        "coordinates": [
          [
            72.8860826,
            19.0850005
          ],
          [
            72.8861203,
            19.0849504
          ]
        ]
      }
    },
    {
      "type": "Feature",
      "id": "osm_way_749341288",
      "properties": {
        "osm_id": 749341288,
        "name": "Kale Marg",
        "highway": "secondary",
        "oneway": "yes",
        "surface": "asphalt",
        "lanes": "1"
      },
      "geometry": {
        "type": "LineString",
        "coordinates": [
          [
            72.8808543,
            19.0856151
          ],
          [
            72.8821642,
            19.0855013
          ],
          [
            72.8822118,
            19.0854968
          ],
          [
            72.8823878,
            19.085484
          ],
          [
            72.8830621,
            19.0854351
          ],
          [
            72.883665,
            19.0853784
          ],
          [
            72.8844486,
            19.0852814
          ],
          [
            72.8849135,
            19.085197
          ],
          [
            72.885121,
            19.0851678
          ],
          [
            72.885895,
            19.0850725
          ],
          [
            72.8860826,
            19.0850005
          ]
        ]
      }
    },
    {
      "type": "Feature",
      "id": "osm_way_787856690",
      "properties": {
        "osm_id": 787856690,
        "name": "Air India Road",
        "highway": "tertiary",
        "oneway": "yes",
        "surface": "asphalt",
        "lanes": "1"
      },
      "geometry": {
        "type": "LineString",
        "coordinates": [
          [
            72.859751,
            19.084833
          ],
          [
            72.8597139,
            19.0846023
          ]
        ]
      }
    },
    {
      "type": "Feature",
      "id": "osm_way_787856691",
      "properties": {
        "osm_id": 787856691,
        "name": "Air India Road",
        "highway": "tertiary",
        "oneway": "yes",
        "surface": "asphalt",
        "lanes": "1"
      },
      "geometry": {
        "type": "LineString",
        "coordinates": [
          [
            72.8597139,
            19.0846023
          ],
          [
            72.8596664,
            19.0848494
          ]
        ]
      }
    },
    {
      "type": "Feature",
      "id": "osm_way_787856692",
      "properties": {
        "osm_id": 787856692,
        "name": "Air India Road",
        "highway": "tertiary",
        "oneway": "yes",
        "surface": "asphalt",
        "lanes": "1"
      },
      "geometry": {
        "type": "LineString",
        "coordinates": [
          [
            72.8599596,
            19.0849445
          ],
          [
            72.8598518,
            19.0848906
          ],
          [
            72.8597725,
            19.0848475
          ]
        ]
      }
    },
    {
      "type": "Feature",
      "id": "osm_way_787856693",
      "properties": {
        "osm_id": 787856693,
        "name": "Air India Road",
        "highway": "tertiary",
        "oneway": "yes",
        "surface": "asphalt",
        "lanes": "1"
      },
      "geometry": {
        "type": "LineString",
        "coordinates": [
          [
            72.8597477,
            19.0849583
          ],
          [
            72.8598156,
            19.0849536
          ],
          [
            72.8599596,
            19.0849445
          ]
        ]
      }
    },
    {
      "type": "Feature",
      "id": "osm_way_789340523",
      "properties": {
        "osm_id": 789340523,
        "name": "Mother Dairy Road",
        "highway": "secondary",
        "oneway": "yes",
        "surface": "asphalt",
        "lanes": "1"
      },
      "geometry": {
        "type": "LineString",
        "coordinates": [
          [
            72.8848535,
            19.0631258
          ],
          [
            72.8849425,
            19.0631923
          ]
        ]
      }
    },
    {
      "type": "Feature",
      "id": "osm_way_789340524",
      "properties": {
        "osm_id": 789340524,
        "name": "Mother Dairy Road",
        "highway": "secondary",
        "oneway": "yes",
        "surface": "asphalt",
        "lanes": "1"
      },
      "geometry": {
        "type": "LineString",
        "coordinates": [
          [
            72.8849425,
            19.0631923
          ],
          [
            72.8849751,
            19.0632179
          ],
          [
            72.8850379,
            19.0632674
          ],
          [
            72.8850814,
            19.0633022
          ],
          [
            72.8852067,
            19.0634108
          ],
          [
            72.885327,
            19.0635119
          ],
          [
            72.8855441,
            19.063699
          ],
          [
            72.8855894,
            19.0637392
          ],
          [
            72.8858812,
            19.0639978
          ],
          [
            72.885956,
            19.0640711
          ]
        ]
      }
    },
    {
      "type": "Feature",
      "id": "osm_way_789757041",
      "properties": {
        "osm_id": 789757041,
        "name": "Kohinoor City Road",
        "highway": "tertiary",
        "oneway": "yes",
        "surface": "asphalt",
        "lanes": "1"
      },
      "geometry": {
        "type": "LineString",
        "coordinates": [
          [
            72.8855989,
            19.0737756
          ],
          [
            72.8857126,
            19.0738682
          ]
        ]
      }
    },
    {
      "type": "Feature",
      "id": "osm_way_789757042",
      "properties": {
        "osm_id": 789757042,
        "name": "Kohinoor City Road",
        "highway": "tertiary",
        "oneway": "yes",
        "surface": "asphalt",
        "lanes": "1"
      },
      "geometry": {
        "type": "LineString",
        "coordinates": [
          [
            72.8857126,
            19.0738682
          ],
          [
            72.8861068,
            19.0741877
          ],
          [
            72.8867821,
            19.0747525
          ],
          [
            72.8874091,
            19.075244
          ]
        ]
      }
    },
    {
      "type": "Feature",
      "id": "osm_way_789757056",
      "properties": {
        "osm_id": 789757056,
        "name": "Unnamed Street",
        "highway": "tertiary",
        "oneway": "yes",
        "surface": "asphalt",
        "lanes": "1"
      },
      "geometry": {
        "type": "LineString",
        "coordinates": [
          [
            72.8931736,
            19.068659
          ],
          [
            72.8929308,
            19.0688255
          ]
        ]
      }
    },
    {
      "type": "Feature",
      "id": "osm_way_789757057",
      "properties": {
        "osm_id": 789757057,
        "name": "Unnamed Street",
        "highway": "tertiary",
        "oneway": "yes",
        "surface": "asphalt",
        "lanes": "1"
      },
      "geometry": {
        "type": "LineString",
        "coordinates": [
          [
            72.8932384,
            19.0686147
          ],
          [
            72.8931736,
            19.068659
          ]
        ]
      }
    },
    {
      "type": "Feature",
      "id": "osm_way_789757058",
      "properties": {
        "osm_id": 789757058,
        "name": "Unnamed Street",
        "highway": "tertiary",
        "oneway": "yes",
        "surface": "asphalt",
        "lanes": "1"
      },
      "geometry": {
        "type": "LineString",
        "coordinates": [
          [
            72.8932735,
            19.0687851
          ],
          [
            72.8933373,
            19.0687453
          ]
        ]
      }
    },
    {
      "type": "Feature",
      "id": "osm_way_789757059",
      "properties": {
        "osm_id": 789757059,
        "name": "Unnamed Street",
        "highway": "tertiary",
        "oneway": "yes",
        "surface": "asphalt",
        "lanes": "1"
      },
      "geometry": {
        "type": "LineString",
        "coordinates": [
          [
            72.8933373,
            19.0687453
          ],
          [
            72.8934011,
            19.0687055
          ]
        ]
      }
    },
    {
      "type": "Feature",
      "id": "osm_way_789757060",
      "properties": {
        "osm_id": 789757060,
        "name": "Unnamed Street",
        "highway": "tertiary_link",
        "oneway": "yes",
        "surface": "asphalt",
        "lanes": "1"
      },
      "geometry": {
        "type": "LineString",
        "coordinates": [
          [
            72.8836394,
            19.0566541
          ],
          [
            72.8839,
            19.0565477
          ]
        ]
      }
    },
    {
      "type": "Feature",
      "id": "osm_way_789757061",
      "properties": {
        "osm_id": 789757061,
        "name": "Unnamed Street",
        "highway": "tertiary_link",
        "oneway": "yes",
        "surface": "asphalt",
        "lanes": "1"
      },
      "geometry": {
        "type": "LineString",
        "coordinates": [
          [
            72.8835112,
            19.0562191
          ],
          [
            72.8835893,
            19.0566223
          ]
        ]
      }
    },
    {
      "type": "Feature",
      "id": "osm_way_792051493",
      "properties": {
        "osm_id": 792051493,
        "name": "Vidya Nagari Marg",
        "highway": "secondary",
        "oneway": "yes",
        "surface": "asphalt",
        "lanes": "1"
      },
      "geometry": {
        "type": "LineString",
        "coordinates": [
          [
            72.8623288,
            19.0775529
          ],
          [
            72.8623497,
            19.0775861
          ],
          [
            72.8623709,
            19.0776251
          ],
          [
            72.8624528,
            19.0778083
          ]
        ]
      }
    },
    {
      "type": "Feature",
      "id": "osm_way_792051494",
      "properties": {
        "osm_id": 792051494,
        "name": "Vidya Nagari Marg",
        "highway": "secondary",
        "oneway": "no",
        "surface": "asphalt",
        "lanes": "1"
      },
      "geometry": {
        "type": "LineString",
        "coordinates": [
          [
            72.8605698,
            19.0747475
          ],
          [
            72.8605744,
            19.0747632
          ],
          [
            72.8605849,
            19.0747985
          ],
          [
            72.8607796,
            19.0754559
          ],
          [
            72.8608628,
            19.0756207
          ],
          [
            72.8609247,
            19.075721
          ],
          [
            72.8614053,
            19.0763185
          ],
          [
            72.8618114,
            19.0768603
          ]
        ]
      }
    },
    {
      "type": "Feature",
      "id": "osm_way_830251238",
      "properties": {
        "osm_id": 830251238,
        "name": "BKC - CST Link Road",
        "highway": "tertiary",
        "oneway": "yes",
        "surface": "asphalt",
        "lanes": "3"
      },
      "geometry": {
        "type": "LineString",
        "coordinates": [
          [
            72.860022,
            19.0659853
          ],
          [
            72.8604567,
            19.0669746
          ],
          [
            72.8605354,
            19.0671941
          ],
          [
            72.8606561,
            19.0675308
          ],
          [
            72.8607299,
            19.0677991
          ],
          [
            72.8607893,
            19.0680148
          ],
          [
            72.8608766,
            19.0684984
          ],
          [
            72.8610525,
            19.0697744
          ],
          [
            72.8611817,
            19.0706173
          ],
          [
            72.8613457,
            19.0715019
          ],
          [
            72.8613486,
            19.0716959
          ]
        ]
      }
    },
    {
      "type": "Feature",
      "id": "osm_way_830251239",
      "properties": {
        "osm_id": 830251239,
        "name": "BKC - CST Link Road",
        "highway": "tertiary",
        "oneway": "yes",
        "surface": "asphalt",
        "lanes": "3"
      },
      "geometry": {
        "type": "LineString",
        "coordinates": [
          [
            72.8615566,
            19.0714938
          ],
          [
            72.8615067,
            19.0714408
          ],
          [
            72.8614585,
            19.0713189
          ],
          [
            72.8613216,
            19.070599
          ],
          [
            72.8611907,
            19.0697667
          ],
          [
            72.861158,
            19.0695831
          ],
          [
            72.8610227,
            19.068473
          ],
          [
            72.8609111,
            19.0679535
          ],
          [
            72.8608585,
            19.0677676
          ],
          [
            72.8607259,
            19.0672994
          ],
          [
            72.8606658,
            19.0671512
          ],
          [
            72.8601867,
            19.065969
          ]
        ]
      }
    },
    {
      "type": "Feature",
      "id": "osm_way_830251247",
      "properties": {
        "osm_id": 830251247,
        "name": "Avenue 3",
        "highway": "tertiary",
        "oneway": "yes",
        "surface": "concrete",
        "lanes": "2"
      },
      "geometry": {
        "type": "LineString",
        "coordinates": [
          [
            72.8675642,
            19.0657648
          ],
          [
            72.8688529,
            19.0668792
          ],
          [
            72.8692332,
            19.0672658
          ],
          [
            72.8693552,
            19.0673898
          ],
          [
            72.8695203,
            19.0675053
          ],
          [
            72.8695814,
            19.0675481
          ],
          [
            72.8696715,
            19.0676111
          ],
          [
            72.8701127,
            19.0678886
          ],
          [
            72.8707486,
            19.0682945
          ],
          [
            72.8710938,
            19.068516
          ],
          [
            72.8712562,
            19.0686161
          ],
          [
            72.8713836,
            19.0686947
          ],
          [
            72.8718745,
            19.0689973
          ],
          [
            72.8719097,
            19.069019
          ],
          [
            72.8719365,
            19.0690443
          ],
          [
            72.8719497,
            19.0690755
          ],
          [
            72.8723544,
            19.0701906
          ],
          [
            72.8723806,
            19.0702948
          ],
          [
            72.8723626,
            19.0705949
          ],
          [
            72.8723444,
            19.0706573
          ],
          [
            72.872317,
            19.070729
          ],
          [
            72.8721745,
            19.070981
          ]
        ]
      }
    },
    {
      "type": "Feature",
      "id": "osm_way_830251248",
      "properties": {
        "osm_id": 830251248,
        "name": "Avenue 3: Lane 3",
        "highway": "secondary",
        "oneway": "yes",
        "surface": "concrete",
        "lanes": "2"
      },
      "geometry": {
        "type": "LineString",
        "coordinates": [
          [
            72.8649853,
            19.0627744
          ],
          [
            72.8650215,
            19.0628669
          ],
          [
            72.865397,
            19.0638253
          ],
          [
            72.8655339,
            19.0641746
          ],
          [
            72.8660514,
            19.0654952
          ],
          [
            72.8661815,
            19.0658272
          ],
          [
            72.8662922,
            19.065979
          ],
          [
            72.8663653,
            19.0660644
          ],
          [
            72.8663836,
            19.0660789
          ],
          [
            72.8664307,
            19.0661162
          ],
          [
            72.8664872,
            19.0661686
          ]
        ]
      }
    },
    {
      "type": "Feature",
      "id": "osm_way_830251249",
      "properties": {
        "osm_id": 830251249,
        "name": "Avenue 3",
        "highway": "secondary",
        "oneway": "yes",
        "surface": "concrete",
        "lanes": "2"
      },
      "geometry": {
        "type": "LineString",
        "coordinates": [
          [
            72.8642582,
            19.0589837
          ],
          [
            72.8641349,
            19.0589878
          ],
          [
            72.8634428,
            19.0589334
          ],
          [
            72.8628462,
            19.0588866
          ]
        ]
      }
    },
    {
      "type": "Feature",
      "id": "osm_way_909382842",
      "properties": {
        "osm_id": 909382842,
        "name": "Avenue 3",
        "highway": "secondary",
        "oneway": "yes",
        "surface": "concrete",
        "lanes": "1"
      },
      "geometry": {
        "type": "LineString",
        "coordinates": [
          [
            72.8628462,
            19.0588866
          ],
          [
            72.8627481,
            19.0589091
          ],
          [
            72.8626848,
            19.0589523
          ],
          [
            72.8626426,
            19.0590308
          ]
        ]
      }
    },
    {
      "type": "Feature",
      "id": "osm_way_909382843",
      "properties": {
        "osm_id": 909382843,
        "name": "Unnamed Street",
        "highway": "secondary_link",
        "oneway": "yes",
        "surface": "asphalt",
        "lanes": "1"
      },
      "geometry": {
        "type": "LineString",
        "coordinates": [
          [
            72.8644484,
            19.0587409
          ],
          [
            72.8644387,
            19.0588208
          ],
          [
            72.8644121,
            19.0588855
          ],
          [
            72.8643598,
            19.0589401
          ],
          [
            72.8642582,
            19.0589837
          ]
        ]
      }
    },
    {
      "type": "Feature",
      "id": "osm_way_909382844",
      "properties": {
        "osm_id": 909382844,
        "name": "BKC Connector",
        "highway": "secondary",
        "oneway": "yes",
        "surface": "asphalt",
        "lanes": "2"
      },
      "geometry": {
        "type": "LineString",
        "coordinates": [
          [
            72.8644823,
            19.058444
          ],
          [
            72.8644484,
            19.0587409
          ]
        ]
      }
    },
    {
      "type": "Feature",
      "id": "osm_way_909382845",
      "properties": {
        "osm_id": 909382845,
        "name": "BKC Connector",
        "highway": "secondary",
        "oneway": "yes",
        "surface": "asphalt",
        "lanes": "2"
      },
      "geometry": {
        "type": "LineString",
        "coordinates": [
          [
            72.8645833,
            19.058455
          ],
          [
            72.8646716,
            19.057634
          ]
        ]
      }
    },
    {
      "type": "Feature",
      "id": "osm_way_909382846",
      "properties": {
        "osm_id": 909382846,
        "name": "BKC Connector",
        "highway": "secondary",
        "oneway": "yes",
        "surface": "asphalt",
        "lanes": "2"
      },
      "geometry": {
        "type": "LineString",
        "coordinates": [
          [
            72.8645763,
            19.0576205
          ],
          [
            72.8644823,
            19.058444
          ]
        ]
      }
    },
    {
      "type": "Feature",
      "id": "osm_way_909382847",
      "properties": {
        "osm_id": 909382847,
        "name": "Street 3",
        "highway": "secondary",
        "oneway": "yes",
        "surface": "concrete",
        "lanes": "2"
      },
      "geometry": {
        "type": "LineString",
        "coordinates": [
          [
            72.8643302,
            19.0607692
          ],
          [
            72.8643789,
            19.0603915
          ],
          [
            72.8643862,
            19.0603401
          ],
          [
            72.8643904,
            19.0603109
          ],
          [
            72.8644094,
            19.0601769
          ],
          [
            72.8644239,
            19.0600526
          ],
          [
            72.8644361,
            19.0599539
          ],
          [
            72.8644394,
            19.0599206
          ],
          [
            72.8644445,
            19.0598769
          ],
          [
            72.8645153,
            19.0592719
          ]
        ]
      }
    },
    {
      "type": "Feature",
      "id": "osm_way_928008005",
      "properties": {
        "osm_id": 928008005,
        "name": "Avenue 3",
        "highway": "secondary",
        "oneway": "yes",
        "surface": "concrete",
        "lanes": "2"
      },
      "geometry": {
        "type": "LineString",
        "coordinates": [
          [
            72.8644484,
            19.0587409
          ],
          [
            72.8643969,
            19.0588059
          ],
          [
            72.8643352,
            19.0588517
          ],
          [
            72.8642469,
            19.0588732
          ],
          [
            72.8641445,
            19.0588784
          ],
          [
            72.8624966,
            19.0587493
          ],
          [
            72.8620654,
            19.0587156
          ],
          [
            72.8613506,
            19.0586595
          ],
          [
            72.8611434,
            19.0586712
          ],
          [
            72.860987,
            19.0587467
          ],
          [
            72.860328,
            19.0591573
          ],
          [
            72.8602038,
            19.0592395
          ],
          [
            72.8601337,
            19.0592858
          ]
        ]
      }
    },
    {
      "type": "Feature",
      "id": "osm_way_938635406",
      "properties": {
        "osm_id": 938635406,
        "name": "S G Barve Marg",
        "highway": "tertiary",
        "oneway": "no",
        "surface": "asphalt",
        "lanes": "1"
      },
      "geometry": {
        "type": "LineString",
        "coordinates": [
          [
            72.8794959,
            19.06665
          ],
          [
            72.8794171,
            19.0667881
          ],
          [
            72.8793507,
            19.0669102
          ],
          [
            72.8792859,
            19.0670293
          ],
          [
            72.8790464,
            19.0674369
          ],
          [
            72.878835,
            19.0678805
          ],
          [
            72.8787993,
            19.0680512
          ],
          [
            72.8787223,
            19.068419
          ],
          [
            72.8787393,
            19.068617
          ],
          [
            72.8787923,
            19.0692362
          ],
          [
            72.8791628,
            19.0700083
          ],
          [
            72.8791795,
            19.0700533
          ],
          [
            72.8795997,
            19.0711884
          ],
          [
            72.8797454,
            19.0715889
          ],
          [
            72.8801295,
            19.0726448
          ],
          [
            72.8802756,
            19.0730465
          ],
          [
            72.880315,
            19.0734687
          ],
          [
            72.8802672,
            19.0737686
          ]
        ]
      }
    },
    {
      "type": "Feature",
      "id": "osm_way_940275903",
      "properties": {
        "osm_id": 940275903,
        "name": "Pipeline Road",
        "highway": "tertiary",
        "oneway": "no",
        "surface": "asphalt",
        "lanes": "1"
      },
      "geometry": {
        "type": "LineString",
        "coordinates": [
          [
            72.8949799,
            19.0708854
          ],
          [
            72.8946197,
            19.070388
          ],
          [
            72.8934011,
            19.0687055
          ],
          [
            72.8933031,
            19.0685703
          ]
        ]
      }
    },
    {
      "type": "Feature",
      "id": "osm_way_961495736",
      "properties": {
        "osm_id": 961495736,
        "name": "Unnamed Street",
        "highway": "secondary",
        "oneway": "yes",
        "surface": "asphalt",
        "lanes": "2"
      },
      "geometry": {
        "type": "LineString",
        "coordinates": [
          [
            72.8643302,
            19.0607692
          ],
          [
            72.8642628,
            19.0606905
          ]
        ]
      }
    },
    {
      "type": "Feature",
      "id": "osm_way_963128208",
      "properties": {
        "osm_id": 963128208,
        "name": "Unnamed Street",
        "highway": "trunk_link",
        "oneway": "no",
        "surface": "asphalt",
        "lanes": "1"
      },
      "geometry": {
        "type": "LineString",
        "coordinates": [
          [
            72.8860948,
            19.0559603
          ],
          [
            72.8863152,
            19.055711
          ]
        ]
      }
    },
    {
      "type": "Feature",
      "id": "osm_way_1004456602",
      "properties": {
        "osm_id": 1004456602,
        "name": "Magan Nathuram Road",
        "highway": "primary",
        "oneway": "no",
        "surface": "concrete",
        "lanes": "1"
      },
      "geometry": {
        "type": "LineString",
        "coordinates": [
          [
            72.8803765,
            19.0799401
          ],
          [
            72.8804755,
            19.0798537
          ]
        ]
      }
    },
    {
      "type": "Feature",
      "id": "osm_way_1042713540",
      "properties": {
        "osm_id": 1042713540,
        "name": "Unnamed Street",
        "highway": "tertiary",
        "oneway": "no",
        "surface": "asphalt",
        "lanes": "1"
      },
      "geometry": {
        "type": "LineString",
        "coordinates": [
          [
            72.8601638,
            19.0649163
          ],
          [
            72.8599294,
            19.0649456
          ],
          [
            72.8597867,
            19.0649649
          ],
          [
            72.8593728,
            19.0650153
          ]
        ]
      }
    },
    {
      "type": "Feature",
      "id": "osm_way_1074761654",
      "properties": {
        "osm_id": 1074761654,
        "name": "Postal Colony Road",
        "highway": "tertiary",
        "oneway": "no",
        "surface": "asphalt",
        "lanes": "1"
      },
      "geometry": {
        "type": "LineString",
        "coordinates": [
          [
            72.8966104,
            19.0598896
          ],
          [
            72.8960497,
            19.060061
          ],
          [
            72.895035,
            19.0603711
          ],
          [
            72.8942402,
            19.0606113
          ],
          [
            72.8941412,
            19.0606412
          ],
          [
            72.8940134,
            19.0606825
          ],
          [
            72.8938967,
            19.0607151
          ],
          [
            72.8935649,
            19.0608078
          ],
          [
            72.8932787,
            19.0609082
          ]
        ]
      }
    },
    {
      "type": "Feature",
      "id": "osm_way_1088996398",
      "properties": {
        "osm_id": 1088996398,
        "name": "Jawaharlal Nehru Road",
        "highway": "secondary",
        "oneway": "yes",
        "surface": "asphalt",
        "lanes": "1"
      },
      "geometry": {
        "type": "LineString",
        "coordinates": [
          [
            72.8587181,
            19.0819093
          ],
          [
            72.8584908,
            19.0818804
          ],
          [
            72.8572808,
            19.0817343
          ],
          [
            72.8569816,
            19.0817083
          ],
          [
            72.8567519,
            19.0816946
          ]
        ]
      }
    },
    {
      "type": "Feature",
      "id": "osm_way_1090385364",
      "properties": {
        "osm_id": 1090385364,
        "name": "Father Peter Periera Road",
        "highway": "tertiary",
        "oneway": "no",
        "surface": "asphalt",
        "lanes": "1"
      },
      "geometry": {
        "type": "LineString",
        "coordinates": [
          [
            72.8849151,
            19.0851388
          ],
          [
            72.8849368,
            19.0846739
          ]
        ]
      }
    },
    {
      "type": "Feature",
      "id": "osm_way_1090385365",
      "properties": {
        "osm_id": 1090385365,
        "name": "Lal Bahadur Shastri Marg",
        "highway": "primary",
        "oneway": "yes",
        "surface": "concrete",
        "lanes": "1"
      },
      "geometry": {
        "type": "LineString",
        "coordinates": [
          [
            72.8850531,
            19.0846094
          ],
          [
            72.8859346,
            19.0849506
          ],
          [
            72.8860826,
            19.0850005
          ]
        ]
      }
    },
    {
      "type": "Feature",
      "id": "osm_way_1101687683",
      "properties": {
        "osm_id": 1101687683,
        "name": "Lal Bahadur Shastri Marg",
        "highway": "primary",
        "oneway": "yes",
        "surface": "concrete",
        "lanes": "1"
      },
      "geometry": {
        "type": "LineString",
        "coordinates": [
          [
            72.8884879,
            19.0848626
          ],
          [
            72.8870841,
            19.0850225
          ],
          [
            72.886978,
            19.0850346
          ],
          [
            72.8866555,
            19.085027
          ],
          [
            72.8866084,
            19.0850259
          ],
          [
            72.8862347,
            19.0849681
          ],
          [
            72.8861203,
            19.0849504
          ]
        ]
      }
    },
    {
      "type": "Feature",
      "id": "osm_way_1102591516",
      "properties": {
        "osm_id": 1102591516,
        "name": "Lal Bahadur Shastri Marg",
        "highway": "primary",
        "oneway": "yes",
        "surface": "concrete",
        "lanes": "1"
      },
      "geometry": {
        "type": "LineString",
        "coordinates": [
          [
            72.8860826,
            19.0850005
          ],
          [
            72.8862136,
            19.0850294
          ],
          [
            72.8863726,
            19.0850646
          ],
          [
            72.8866205,
            19.0850938
          ]
        ]
      }
    },
    {
      "type": "Feature",
      "id": "osm_way_1102782714",
      "properties": {
        "osm_id": 1102782714,
        "name": "Unnamed Street",
        "highway": "tertiary",
        "oneway": "-1",
        "surface": "asphalt",
        "lanes": "1"
      },
      "geometry": {
        "type": "LineString",
        "coordinates": [
          [
            72.8578863,
            19.06052
          ],
          [
            72.8577539,
            19.0606223
          ],
          [
            72.8576647,
            19.060679
          ],
          [
            72.8575183,
            19.0607573
          ],
          [
            72.8573719,
            19.0608356
          ]
        ]
      }
    },
    {
      "type": "Feature",
      "id": "osm_way_1102782715",
      "properties": {
        "osm_id": 1102782715,
        "name": "Unnamed Street",
        "highway": "tertiary",
        "oneway": "yes",
        "surface": "asphalt",
        "lanes": "1"
      },
      "geometry": {
        "type": "LineString",
        "coordinates": [
          [
            72.8558926,
            19.0629731
          ],
          [
            72.8557508,
            19.0632314
          ],
          [
            72.8555908,
            19.0635226
          ],
          [
            72.8554528,
            19.0637738
          ],
          [
            72.8554447,
            19.0637886
          ],
          [
            72.8551966,
            19.0642177
          ],
          [
            72.8551771,
            19.0642515
          ],
          [
            72.8550855,
            19.0644114
          ],
          [
            72.8547908,
            19.0649256
          ],
          [
            72.8547224,
            19.0650382
          ],
          [
            72.8545325,
            19.0653509
          ],
          [
            72.8545047,
            19.0653965
          ],
          [
            72.8544437,
            19.065468
          ],
          [
            72.8542995,
            19.0656369
          ],
          [
            72.8542532,
            19.0657047
          ]
        ]
      }
    },
    {
      "type": "Feature",
      "id": "osm_way_1102782716",
      "properties": {
        "osm_id": 1102782716,
        "name": "Unnamed Street",
        "highway": "tertiary",
        "oneway": "yes",
        "surface": "asphalt",
        "lanes": "1"
      },
      "geometry": {
        "type": "LineString",
        "coordinates": [
          [
            72.8578278,
            19.0604959
          ],
          [
            72.8576981,
            19.0606044
          ],
          [
            72.8575888,
            19.0606697
          ],
          [
            72.8573376,
            19.0607965
          ],
          [
            72.8572466,
            19.0608745
          ],
          [
            72.8571837,
            19.0609532
          ],
          [
            72.8566833,
            19.0617362
          ]
        ]
      }
    },
    {
      "type": "Feature",
      "id": "osm_way_1104888868",
      "properties": {
        "osm_id": 1104888868,
        "name": "Ramakrishna Paramahansa Marg",
        "highway": "tertiary",
        "oneway": "yes",
        "surface": "asphalt",
        "lanes": "1"
      },
      "geometry": {
        "type": "LineString",
        "coordinates": [
          [
            72.8551186,
            19.0596178
          ],
          [
            72.8550999,
            19.0596532
          ],
          [
            72.8550556,
            19.0597372
          ],
          [
            72.8548819,
            19.0599978
          ],
          [
            72.8547878,
            19.060139
          ],
          [
            72.8547095,
            19.0602565
          ]
        ]
      }
    },
    {
      "type": "Feature",
      "id": "osm_way_1105146210",
      "properties": {
        "osm_id": 1105146210,
        "name": "Santa Cruz \u2013 Chembur Link Road",
        "highway": "trunk",
        "oneway": "yes",
        "surface": "asphalt",
        "lanes": "3"
      },
      "geometry": {
        "type": "LineString",
        "coordinates": [
          [
            72.8548559,
            19.075314
          ],
          [
            72.855035,
            19.0754259
          ],
          [
            72.8552466,
            19.075463
          ],
          [
            72.8553766,
            19.0754793
          ],
          [
            72.8556456,
            19.0754633
          ],
          [
            72.8566335,
            19.0752898
          ],
          [
            72.8568519,
            19.0752486
          ],
          [
            72.8573001,
            19.075164
          ],
          [
            72.8574074,
            19.0751465
          ],
          [
            72.8580369,
            19.0750207
          ],
          [
            72.8581672,
            19.0749879
          ],
          [
            72.8586999,
            19.074879
          ],
          [
            72.8594727,
            19.0747303
          ],
          [
            72.8598101,
            19.0746516
          ],
          [
            72.8600807,
            19.0745539
          ],
          [
            72.8604745,
            19.0744731
          ]
        ]
      }
    },
    {
      "type": "Feature",
      "id": "osm_way_1115999785",
      "properties": {
        "osm_id": 1115999785,
        "name": "Ramdev Pir Road",
        "highway": "tertiary",
        "oneway": "yes",
        "surface": "asphalt",
        "lanes": "1"
      },
      "geometry": {
        "type": "LineString",
        "coordinates": [
          [
            72.8953322,
            19.080072
          ],
          [
            72.8951471,
            19.079996
          ],
          [
            72.8945576,
            19.079754
          ],
          [
            72.8940618,
            19.0795514
          ],
          [
            72.8939473,
            19.0795045
          ],
          [
            72.8939029,
            19.0794863
          ],
          [
            72.8927935,
            19.0790467
          ],
          [
            72.8926606,
            19.0789878
          ],
          [
            72.8918017,
            19.0785288
          ],
          [
            72.8917104,
            19.0784693
          ],
          [
            72.8915765,
            19.0783575
          ],
          [
            72.8909095,
            19.0778211
          ],
          [
            72.8905569,
            19.0775369
          ]
        ]
      }
    },
    {
      "type": "Feature",
      "id": "osm_way_1115999786",
      "properties": {
        "osm_id": 1115999786,
        "name": "Ramdev Pir Road",
        "highway": "tertiary",
        "oneway": "yes",
        "surface": "asphalt",
        "lanes": "1"
      },
      "geometry": {
        "type": "LineString",
        "coordinates": [
          [
            72.8849495,
            19.0730429
          ],
          [
            72.8845128,
            19.0725695
          ]
        ]
      }
    },
    {
      "type": "Feature",
      "id": "osm_way_1115999787",
      "properties": {
        "osm_id": 1115999787,
        "name": "Ramdev Pir Road",
        "highway": "tertiary",
        "oneway": "yes",
        "surface": "asphalt",
        "lanes": "1"
      },
      "geometry": {
        "type": "LineString",
        "coordinates": [
          [
            72.8961326,
            19.0804557
          ],
          [
            72.896028,
            19.0804056
          ],
          [
            72.8958841,
            19.0803304
          ],
          [
            72.8954443,
            19.0801249
          ],
          [
            72.8953947,
            19.0801011
          ],
          [
            72.8953567,
            19.0800841
          ],
          [
            72.8953322,
            19.080072
          ]
        ]
      }
    },
    {
      "type": "Feature",
      "id": "osm_way_1115999789",
      "properties": {
        "osm_id": 1115999789,
        "name": "Ramdev Pir Road",
        "highway": "tertiary",
        "oneway": "yes",
        "surface": "asphalt",
        "lanes": "1"
      },
      "geometry": {
        "type": "LineString",
        "coordinates": [
          [
            72.8856492,
            19.0737256
          ],
          [
            72.88538,
            19.0734961
          ],
          [
            72.8849495,
            19.0730429
          ]
        ]
      }
    },
    {
      "type": "Feature",
      "id": "osm_way_1115999790",
      "properties": {
        "osm_id": 1115999790,
        "name": "Ramdev Pir Road",
        "highway": "tertiary",
        "oneway": "yes",
        "surface": "asphalt",
        "lanes": "1"
      },
      "geometry": {
        "type": "LineString",
        "coordinates": [
          [
            72.8857649,
            19.0738254
          ],
          [
            72.8856492,
            19.0737256
          ]
        ]
      }
    },
    {
      "type": "Feature",
      "id": "osm_way_1116007408",
      "properties": {
        "osm_id": 1116007408,
        "name": "SG Barve Marg",
        "highway": "secondary",
        "oneway": "yes",
        "surface": "asphalt",
        "lanes": "1"
      },
      "geometry": {
        "type": "LineString",
        "coordinates": [
          [
            72.8833646,
            19.0622103
          ],
          [
            72.8834101,
            19.0621588
          ],
          [
            72.8834939,
            19.0620616
          ],
          [
            72.8835533,
            19.0619844
          ],
          [
            72.8839033,
            19.0616094
          ]
        ]
      }
    },
    {
      "type": "Feature",
      "id": "osm_way_1116007409",
      "properties": {
        "osm_id": 1116007409,
        "name": "SG Barve Marg",
        "highway": "secondary",
        "oneway": "yes",
        "surface": "asphalt",
        "lanes": "1"
      },
      "geometry": {
        "type": "LineString",
        "coordinates": [
          [
            72.8844079,
            19.0610381
          ],
          [
            72.8845038,
            19.0609148
          ],
          [
            72.8845808,
            19.0608376
          ]
        ]
      }
    },
    {
      "type": "Feature",
      "id": "osm_way_1116758439",
      "properties": {
        "osm_id": 1116758439,
        "name": "Lal Bahadur Shastri Marg",
        "highway": "primary",
        "oneway": "yes",
        "surface": "concrete",
        "lanes": "1"
      },
      "geometry": {
        "type": "LineString",
        "coordinates": [
          [
            72.8774466,
            19.0761061
          ],
          [
            72.8775305,
            19.0761881
          ],
          [
            72.8775894,
            19.0762654
          ],
          [
            72.8779177,
            19.0767031
          ],
          [
            72.8782403,
            19.0771405
          ],
          [
            72.8784048,
            19.0773626
          ],
          [
            72.8787234,
            19.0777927
          ]
        ]
      }
    },
    {
      "type": "Feature",
      "id": "osm_way_1116758440",
      "properties": {
        "osm_id": 1116758440,
        "name": "Santa Cruz \u2013 Chembur Link Road",
        "highway": "trunk_link",
        "oneway": "yes",
        "surface": "asphalt",
        "lanes": "2"
      },
      "geometry": {
        "type": "LineString",
        "coordinates": [
          [
            72.8773593,
            19.0758789
          ],
          [
            72.8772747,
            19.0759339
          ]
        ]
      }
    },
    {
      "type": "Feature",
      "id": "osm_way_1120064757",
      "properties": {
        "osm_id": 1120064757,
        "name": "Avenue 3",
        "highway": "secondary",
        "oneway": "yes",
        "surface": "concrete",
        "lanes": "2"
      },
      "geometry": {
        "type": "LineString",
        "coordinates": [
          [
            72.8589106,
            19.0600092
          ],
          [
            72.8587732,
            19.0601888
          ],
          [
            72.8586336,
            19.0604963
          ],
          [
            72.8585698,
            19.0606458
          ]
        ]
      }
    },
    {
      "type": "Feature",
      "id": "osm_way_1121152376",
      "properties": {
        "osm_id": 1121152376,
        "name": "Lal Bahadur Shastri Marg",
        "highway": "primary",
        "oneway": "yes",
        "surface": "concrete",
        "lanes": "1"
      },
      "geometry": {
        "type": "LineString",
        "coordinates": [
          [
            72.8753652,
            19.0708292
          ],
          [
            72.8754562,
            19.0714848
          ],
          [
            72.875717,
            19.0732695
          ],
          [
            72.8757564,
            19.0735452
          ],
          [
            72.8758803,
            19.0740325
          ],
          [
            72.8759252,
            19.0740971
          ],
          [
            72.876169,
            19.0744478
          ]
        ]
      }
    },
    {
      "type": "Feature",
      "id": "osm_way_1121152377",
      "properties": {
        "osm_id": 1121152377,
        "name": "Unnamed Street",
        "highway": "primary_link",
        "oneway": "no",
        "surface": "asphalt",
        "lanes": "1"
      },
      "geometry": {
        "type": "LineString",
        "coordinates": [
          [
            72.8750869,
            19.0680563
          ],
          [
            72.8749541,
            19.0680616
          ]
        ]
      }
    },
    {
      "type": "Feature",
      "id": "osm_way_1122224039",
      "properties": {
        "osm_id": 1122224039,
        "name": "Unnamed Street",
        "highway": "tertiary",
        "oneway": "yes",
        "surface": "asphalt",
        "lanes": "1"
      },
      "geometry": {
        "type": "LineString",
        "coordinates": [
          [
            72.8817172,
            19.064041
          ],
          [
            72.8816482,
            19.0639829
          ],
          [
            72.8813756,
            19.0637443
          ],
          [
            72.8807047,
            19.0629985
          ],
          [
            72.8805781,
            19.0628754
          ],
          [
            72.8805302,
            19.0628288
          ],
          [
            72.8802878,
            19.0625954
          ],
          [
            72.8800974,
            19.0623469
          ],
          [
            72.8799499,
            19.0620579
          ],
          [
            72.8798909,
            19.0618551
          ],
          [
            72.8798954,
            19.0617596
          ],
          [
            72.8799244,
            19.0616789
          ],
          [
            72.8800545,
            19.0613658
          ],
          [
            72.8801886,
            19.0611225
          ],
          [
            72.8805373,
            19.0608588
          ],
          [
            72.8807557,
            19.0607903
          ],
          [
            72.8809008,
            19.0607733
          ],
          [
            72.8811623,
            19.0607946
          ],
          [
            72.8813394,
            19.0608288
          ],
          [
            72.8814638,
            19.0608579
          ],
          [
            72.8816599,
            19.060943
          ],
          [
            72.8822738,
            19.0614191
          ],
          [
            72.8826509,
            19.0616954
          ],
          [
            72.8826634,
            19.0617052
          ],
          [
            72.8831486,
            19.0620592
          ],
          [
            72.8832991,
            19.062169
          ],
          [
            72.8833646,
            19.0622103
          ]
        ]
      }
    },
    {
      "type": "Feature",
      "id": "osm_way_1122224040",
      "properties": {
        "osm_id": 1122224040,
        "name": "Unnamed Street",
        "highway": "tertiary",
        "oneway": "yes",
        "surface": "asphalt",
        "lanes": "1"
      },
      "geometry": {
        "type": "LineString",
        "coordinates": [
          [
            72.8834101,
            19.0621588
          ],
          [
            72.8833503,
            19.0621117
          ]
        ]
      }
    },
    {
      "type": "Feature",
      "id": "osm_way_1122224041",
      "properties": {
        "osm_id": 1122224041,
        "name": "Unnamed Street",
        "highway": "tertiary",
        "oneway": "yes",
        "surface": "asphalt",
        "lanes": "1"
      },
      "geometry": {
        "type": "LineString",
        "coordinates": [
          [
            72.8816116,
            19.0640316
          ],
          [
            72.8816745,
            19.0640883
          ]
        ]
      }
    },
    {
      "type": "Feature",
      "id": "osm_way_1122421033",
      "properties": {
        "osm_id": 1122421033,
        "name": "SCLR Flyover",
        "highway": "trunk",
        "oneway": "yes",
        "surface": "asphalt",
        "lanes": "1"
      },
      "geometry": {
        "type": "LineString",
        "coordinates": [
          [
            72.8551472,
            19.0753698
          ],
          [
            72.8553307,
            19.0753989
          ],
          [
            72.8554997,
            19.0754014
          ],
          [
            72.855894,
            19.0753609
          ],
          [
            72.8593297,
            19.0747156
          ]
        ]
      }
    },
    {
      "type": "Feature",
      "id": "osm_way_1122421034",
      "properties": {
        "osm_id": 1122421034,
        "name": "Unnamed Street",
        "highway": "trunk",
        "oneway": "yes",
        "surface": "asphalt",
        "lanes": "2"
      },
      "geometry": {
        "type": "LineString",
        "coordinates": [
          [
            72.8728796,
            19.0752569
          ],
          [
            72.8724334,
            19.0750323
          ],
          [
            72.8723592,
            19.074995
          ],
          [
            72.8672098,
            19.072745
          ],
          [
            72.8664414,
            19.0724092
          ],
          [
            72.8659382,
            19.0721893
          ],
          [
            72.8640533,
            19.0713657
          ],
          [
            72.8635084,
            19.0711795
          ],
          [
            72.8632861,
            19.0711183
          ],
          [
            72.862946,
            19.0710814
          ],
          [
            72.8627037,
            19.0710894
          ],
          [
            72.8624648,
            19.0711292
          ],
          [
            72.8622376,
            19.0711973
          ],
          [
            72.8620014,
            19.0712824
          ],
          [
            72.8617228,
            19.0714606
          ],
          [
            72.8615043,
            19.0716538
          ],
          [
            72.861355,
            19.0718348
          ],
          [
            72.8612134,
            19.0720624
          ],
          [
            72.860753,
            19.0734849
          ],
          [
            72.8606254,
            19.073785
          ],
          [
            72.8604793,
            19.074008
          ],
          [
            72.8603086,
            19.0742006
          ],
          [
            72.8601151,
            19.074345
          ],
          [
            72.8598841,
            19.0744784
          ],
          [
            72.8596096,
            19.0745778
          ],
          [
            72.8593159,
            19.0746398
          ],
          [
            72.8558817,
            19.0752853
          ],
          [
            72.8554959,
            19.075325
          ],
          [
            72.8553364,
            19.0753226
          ],
          [
            72.8551575,
            19.0753012
          ],
          [
            72.8549927,
            19.0752544
          ],
          [
            72.8547299,
            19.0751479
          ],
          [
            72.8533807,
            19.0744046
          ],
          [
            72.8529686,
            19.0741892
          ],
          [
            72.8527103,
            19.0740735
          ],
          [
            72.8523777,
            19.0739627
          ],
          [
            72.8520127,
            19.0738875
          ],
          [
            72.8516467,
            19.0738664
          ],
          [
            72.8513463,
            19.0738659
          ],
          [
            72.8512201,
            19.0738728
          ]
        ]
      }
    },
    {
      "type": "Feature",
      "id": "osm_way_1122421036",
      "properties": {
        "osm_id": 1122421036,
        "name": "SCLR Flyover",
        "highway": "trunk",
        "oneway": "yes",
        "surface": "asphalt",
        "lanes": "2"
      },
      "geometry": {
        "type": "LineString",
        "coordinates": [
          [
            72.8664424,
            19.0725062
          ],
          [
            72.8723164,
            19.0750749
          ],
          [
            72.8728368,
            19.0753367
          ]
        ]
      }
    },
    {
      "type": "Feature",
      "id": "osm_way_1122440726",
      "properties": {
        "osm_id": 1122440726,
        "name": "BKC - SCLR Connector",
        "highway": "primary",
        "oneway": "yes",
        "surface": "asphalt",
        "lanes": "2"
      },
      "geometry": {
        "type": "LineString",
        "coordinates": [
          [
            72.8697474,
            19.0701069
          ],
          [
            72.8709985,
            19.0708998
          ],
          [
            72.8711699,
            19.0710396
          ],
          [
            72.8712873,
            19.0711934
          ],
          [
            72.8713886,
            19.0713564
          ],
          [
            72.8714592,
            19.0715194
          ],
          [
            72.8715051,
            19.0716901
          ],
          [
            72.8715352,
            19.0719177
          ],
          [
            72.8715316,
            19.0721027
          ],
          [
            72.8714937,
            19.0723179
          ],
          [
            72.8714047,
            19.072622
          ],
          [
            72.8710421,
            19.0738064
          ],
          [
            72.8710123,
            19.0740023
          ],
          [
            72.8710199,
            19.0741017
          ],
          [
            72.8710566,
            19.0742395
          ],
          [
            72.8711103,
            19.0743488
          ],
          [
            72.8711687,
            19.074421
          ],
          [
            72.8712329,
            19.0744877
          ],
          [
            72.8713355,
            19.0745733
          ],
          [
            72.8714491,
            19.0746467
          ],
          [
            72.8723378,
            19.075035
          ],
          [
            72.8728582,
            19.0752968
          ],
          [
            72.8744292,
            19.0760495
          ],
          [
            72.8748985,
            19.0763576
          ],
          [
            72.8751219,
            19.0764664
          ],
          [
            72.8752916,
            19.0765344
          ],
          [
            72.8754503,
            19.0765894
          ],
          [
            72.8756081,
            19.0766245
          ],
          [
            72.87576,
            19.0766492
          ],
          [
            72.8759346,
            19.0766678
          ],
          [
            72.8761042,
            19.0766721
          ],
          [
            72.8762763,
            19.0766518
          ],
          [
            72.87645,
            19.076582
          ],
          [
            72.8766069,
            19.0764911
          ]
        ]
      }
    },
    {
      "type": "Feature",
      "id": "osm_way_1122440727",
      "properties": {
        "osm_id": 1122440727,
        "name": "Unnamed Street",
        "highway": "tertiary_link",
        "oneway": "no",
        "surface": "asphalt",
        "lanes": "1"
      },
      "geometry": {
        "type": "LineString",
        "coordinates": [
          [
            72.8791224,
            19.0741205
          ],
          [
            72.8793666,
            19.0747248
          ]
        ]
      }
    },
    {
      "type": "Feature",
      "id": "osm_way_1122471449",
      "properties": {
        "osm_id": 1122471449,
        "name": "Unnamed Street",
        "highway": "tertiary",
        "oneway": "yes",
        "surface": "asphalt",
        "lanes": "1"
      },
      "geometry": {
        "type": "LineString",
        "coordinates": [
          [
            72.8866205,
            19.0850938
          ],
          [
            72.8866668,
            19.0853735
          ],
          [
            72.8866884,
            19.0855041
          ],
          [
            72.8866972,
            19.0855385
          ],
          [
            72.8867721,
            19.0858319
          ],
          [
            72.8867809,
            19.0858666
          ],
          [
            72.8869054,
            19.0861897
          ],
          [
            72.8869674,
            19.086352
          ],
          [
            72.8870896,
            19.0866135
          ],
          [
            72.8871149,
            19.0866409
          ],
          [
            72.8871475,
            19.0866439
          ]
        ]
      }
    },
    {
      "type": "Feature",
      "id": "osm_way_1122471450",
      "properties": {
        "osm_id": 1122471450,
        "name": "Unnamed Street",
        "highway": "tertiary",
        "oneway": "yes",
        "surface": "asphalt",
        "lanes": "1"
      },
      "geometry": {
        "type": "LineString",
        "coordinates": [
          [
            72.8871475,
            19.0866439
          ],
          [
            72.8871484,
            19.0866092
          ],
          [
            72.8870076,
            19.0863266
          ],
          [
            72.8869373,
            19.0861264
          ],
          [
            72.8868386,
            19.085845
          ],
          [
            72.8868312,
            19.0858173
          ],
          [
            72.8867532,
            19.0855244
          ],
          [
            72.8867456,
            19.0854957
          ],
          [
            72.8867166,
            19.0853663
          ],
          [
            72.8866785,
            19.0851006
          ]
        ]
      }
    },
    {
      "type": "Feature",
      "id": "osm_way_1122614520",
      "properties": {
        "osm_id": 1122614520,
        "name": "Unnamed Street",
        "highway": "tertiary",
        "oneway": "yes",
        "surface": "asphalt",
        "lanes": "1"
      },
      "geometry": {
        "type": "LineString",
        "coordinates": [
          [
            72.8929308,
            19.0688255
          ],
          [
            72.892814,
            19.0686998
          ],
          [
            72.8927546,
            19.0686356
          ]
        ]
      }
    },
    {
      "type": "Feature",
      "id": "osm_way_1124095104",
      "properties": {
        "osm_id": 1124095104,
        "name": "Unnamed Street",
        "highway": "primary_link",
        "oneway": "yes",
        "surface": "asphalt",
        "lanes": "1"
      },
      "geometry": {
        "type": "LineString",
        "coordinates": [
          [
            72.8687256,
            19.0692267
          ],
          [
            72.8686558,
            19.0690974
          ],
          [
            72.8686486,
            19.0689977
          ],
          [
            72.868651,
            19.0688713
          ]
        ]
      }
    },
    {
      "type": "Feature",
      "id": "osm_way_1124095105",
      "properties": {
        "osm_id": 1124095105,
        "name": "Unnamed Street",
        "highway": "primary_link",
        "oneway": "yes",
        "surface": "asphalt",
        "lanes": "1"
      },
      "geometry": {
        "type": "LineString",
        "coordinates": [
          [
            72.8656783,
            19.0673349
          ],
          [
            72.8656374,
            19.0672399
          ],
          [
            72.8656321,
            19.0671267
          ],
          [
            72.8656607,
            19.0670134
          ],
          [
            72.8657184,
            19.066865
          ]
        ]
      }
    },
    {
      "type": "Feature",
      "id": "osm_way_1124095107",
      "properties": {
        "osm_id": 1124095107,
        "name": "Vasantarao Naik Marg",
        "highway": "tertiary",
        "oneway": "yes",
        "surface": "asphalt",
        "lanes": "1"
      },
      "geometry": {
        "type": "LineString",
        "coordinates": [
          [
            72.8859595,
            19.0586924
          ],
          [
            72.8858064,
            19.0585028
          ],
          [
            72.8855522,
            19.058188
          ],
          [
            72.8854281,
            19.0580343
          ],
          [
            72.8851455,
            19.0576628
          ],
          [
            72.8849527,
            19.0574128
          ],
          [
            72.8848504,
            19.0572803
          ],
          [
            72.8846627,
            19.0570456
          ],
          [
            72.8845564,
            19.0569137
          ],
          [
            72.8844663,
            19.0568301
          ],
          [
            72.884396,
            19.0567771
          ],
          [
            72.8839591,
            19.0564743
          ],
          [
            72.883808,
            19.056373
          ],
          [
            72.8837233,
            19.0563775
          ]
        ]
      }
    },
    {
      "type": "Feature",
      "id": "osm_way_1124095108",
      "properties": {
        "osm_id": 1124095108,
        "name": "Unnamed Street",
        "highway": "tertiary",
        "oneway": "yes",
        "surface": "asphalt",
        "lanes": "1"
      },
      "geometry": {
        "type": "LineString",
        "coordinates": [
          [
            72.8848162,
            19.0549338
          ],
          [
            72.8847205,
            19.0550509
          ],
          [
            72.8839876,
            19.0559988
          ],
          [
            72.8839139,
            19.0561039
          ],
          [
            72.8837517,
            19.0563353
          ],
          [
            72.8837233,
            19.0563775
          ]
        ]
      }
    },
    {
      "type": "Feature",
      "id": "osm_way_1124095109",
      "properties": {
        "osm_id": 1124095109,
        "name": "Vasantarao Naik Marg",
        "highway": "tertiary",
        "oneway": "yes",
        "surface": "asphalt",
        "lanes": "1"
      },
      "geometry": {
        "type": "LineString",
        "coordinates": [
          [
            72.8837626,
            19.0564487
          ],
          [
            72.8839,
            19.0565477
          ],
          [
            72.8842027,
            19.0567365
          ],
          [
            72.8843467,
            19.0568365
          ],
          [
            72.884473,
            19.0569504
          ],
          [
            72.8845885,
            19.057099
          ],
          [
            72.8847711,
            19.0573334
          ],
          [
            72.8848741,
            19.057466
          ],
          [
            72.8850678,
            19.0577155
          ],
          [
            72.8851392,
            19.0578075
          ],
          [
            72.8853527,
            19.0580868
          ],
          [
            72.8854738,
            19.0582416
          ],
          [
            72.8857213,
            19.0585578
          ],
          [
            72.8858965,
            19.0587817
          ]
        ]
      }
    },
    {
      "type": "Feature",
      "id": "osm_way_1124095110",
      "properties": {
        "osm_id": 1124095110,
        "name": "Unnamed Street",
        "highway": "tertiary_link",
        "oneway": "yes",
        "surface": "asphalt",
        "lanes": "1"
      },
      "geometry": {
        "type": "LineString",
        "coordinates": [
          [
            72.8839591,
            19.0564743
          ],
          [
            72.8839208,
            19.0563899
          ],
          [
            72.8839154,
            19.0562979
          ],
          [
            72.8839185,
            19.0562104
          ]
        ]
      }
    },
    {
      "type": "Feature",
      "id": "osm_way_1124095111",
      "properties": {
        "osm_id": 1124095111,
        "name": "Unnamed Street",
        "highway": "tertiary_link",
        "oneway": "no",
        "surface": "asphalt",
        "lanes": "1"
      },
      "geometry": {
        "type": "LineString",
        "coordinates": [
          [
            72.8845885,
            19.057099
          ],
          [
            72.8846627,
            19.0570456
          ]
        ]
      }
    },
    {
      "type": "Feature",
      "id": "osm_way_1124095112",
      "properties": {
        "osm_id": 1124095112,
        "name": "Unnamed Street",
        "highway": "tertiary",
        "oneway": "yes",
        "surface": "asphalt",
        "lanes": "2"
      },
      "geometry": {
        "type": "LineString",
        "coordinates": [
          [
            72.8901974,
            19.0564441
          ],
          [
            72.8901783,
            19.0564424
          ],
          [
            72.8901597,
            19.0564464
          ],
          [
            72.8901433,
            19.0564556
          ],
          [
            72.8901298,
            19.0564706
          ],
          [
            72.8901225,
            19.056489
          ],
          [
            72.8901219,
            19.056507
          ],
          [
            72.8901272,
            19.0565243
          ],
          [
            72.890138,
            19.0565392
          ],
          [
            72.8901532,
            19.0565503
          ],
          [
            72.8901712,
            19.0565563
          ],
          [
            72.8901904,
            19.0565568
          ],
          [
            72.8902105,
            19.0565507
          ],
          [
            72.8902272,
            19.0565385
          ],
          [
            72.8902384,
            19.0565217
          ],
          [
            72.890243,
            19.0565022
          ],
          [
            72.8902402,
            19.0564825
          ],
          [
            72.8902305,
            19.0564648
          ],
          [
            72.8902149,
            19.0564513
          ],
          [
            72.8901974,
            19.0564441
          ]
        ]
      }
    },
    {
      "type": "Feature",
      "id": "osm_way_1124095114",
      "properties": {
        "osm_id": 1124095114,
        "name": "K N Gaiakwad Marg",
        "highway": "tertiary",
        "oneway": "yes",
        "surface": "asphalt",
        "lanes": "1"
      },
      "geometry": {
        "type": "LineString",
        "coordinates": [
          [
            72.8896646,
            19.058254
          ],
          [
            72.8897308,
            19.0580468
          ],
          [
            72.8898849,
            19.0575643
          ],
          [
            72.8899749,
            19.0572824
          ],
          [
            72.8901904,
            19.0565568
          ]
        ]
      }
    },
    {
      "type": "Feature",
      "id": "osm_way_1124095117",
      "properties": {
        "osm_id": 1124095117,
        "name": "St Vershaw Kakkaya Marg",
        "highway": "tertiary",
        "oneway": "yes",
        "surface": "asphalt",
        "lanes": "1"
      },
      "geometry": {
        "type": "LineString",
        "coordinates": [
          [
            72.8892791,
            19.0559732
          ],
          [
            72.889309,
            19.0560194
          ],
          [
            72.8894597,
            19.056106
          ],
          [
            72.8898557,
            19.0563371
          ],
          [
            72.8901225,
            19.056489
          ]
        ]
      }
    },
    {
      "type": "Feature",
      "id": "osm_way_1124095118",
      "properties": {
        "osm_id": 1124095118,
        "name": "St Vershaw Kakkaya Marg",
        "highway": "tertiary",
        "oneway": "yes",
        "surface": "asphalt",
        "lanes": "1"
      },
      "geometry": {
        "type": "LineString",
        "coordinates": [
          [
            72.8901433,
            19.0564556
          ],
          [
            72.8898849,
            19.056296
          ],
          [
            72.8894922,
            19.0560623
          ],
          [
            72.8893358,
            19.0559749
          ],
          [
            72.8892791,
            19.0559732
          ]
        ]
      }
    },
    {
      "type": "Feature",
      "id": "osm_way_1124095119",
      "properties": {
        "osm_id": 1124095119,
        "name": "K N Gaiakwad Marg",
        "highway": "tertiary",
        "oneway": "yes",
        "surface": "asphalt",
        "lanes": "1"
      },
      "geometry": {
        "type": "LineString",
        "coordinates": [
          [
            72.8901272,
            19.0565243
          ],
          [
            72.8899035,
            19.0572545
          ],
          [
            72.8898088,
            19.0575447
          ],
          [
            72.8896622,
            19.0579943
          ],
          [
            72.8895949,
            19.0582007
          ]
        ]
      }
    },
    {
      "type": "Feature",
      "id": "osm_way_1128423092",
      "properties": {
        "osm_id": 1128423092,
        "name": "S G Barve Marg",
        "highway": "tertiary",
        "oneway": "yes",
        "surface": "asphalt",
        "lanes": "1"
      },
      "geometry": {
        "type": "LineString",
        "coordinates": [
          [
            72.8802672,
            19.0737686
          ],
          [
            72.8802366,
            19.073961
          ],
          [
            72.8801552,
            19.0742913
          ]
        ]
      }
    },
    {
      "type": "Feature",
      "id": "osm_way_1129143532",
      "properties": {
        "osm_id": 1129143532,
        "name": "Unnamed Street",
        "highway": "trunk_link",
        "oneway": "no",
        "surface": "asphalt",
        "lanes": "1"
      },
      "geometry": {
        "type": "LineString",
        "coordinates": [
          [
            72.8598101,
            19.0746516
          ],
          [
            72.8597652,
            19.0744553
          ]
        ]
      }
    },
    {
      "type": "Feature",
      "id": "osm_way_1144611393",
      "properties": {
        "osm_id": 1144611393,
        "name": "Father Peter Periera Road",
        "highway": "tertiary",
        "oneway": "no",
        "surface": "concrete",
        "lanes": "1"
      },
      "geometry": {
        "type": "LineString",
        "coordinates": [
          [
            72.8849418,
            19.0845663
          ],
          [
            72.8849456,
            19.0844858
          ]
        ]
      }
    },
    {
      "type": "Feature",
      "id": "osm_way_1144611394",
      "properties": {
        "osm_id": 1144611394,
        "name": "Lal Bahadur Shastri Marg",
        "highway": "primary",
        "oneway": "yes",
        "surface": "concrete",
        "lanes": "1"
      },
      "geometry": {
        "type": "LineString",
        "coordinates": [
          [
            72.8861203,
            19.0849504
          ],
          [
            72.8850744,
            19.0845367
          ]
        ]
      }
    },
    {
      "type": "Feature",
      "id": "osm_way_1148113028",
      "properties": {
        "osm_id": 1148113028,
        "name": "Unnamed Street",
        "highway": "tertiary",
        "oneway": "yes",
        "surface": "asphalt",
        "lanes": "1"
      },
      "geometry": {
        "type": "LineString",
        "coordinates": [
          [
            72.8566833,
            19.0617362
          ],
          [
            72.8565305,
            19.0619636
          ],
          [
            72.8563661,
            19.0622197
          ],
          [
            72.8561876,
            19.0625037
          ],
          [
            72.8560308,
            19.0627532
          ],
          [
            72.8559074,
            19.0629495
          ],
          [
            72.8558926,
            19.0629731
          ]
        ]
      }
    },
    {
      "type": "Feature",
      "id": "osm_way_1149790010",
      "properties": {
        "osm_id": 1149790010,
        "name": "Unnamed Street",
        "highway": "tertiary",
        "oneway": "yes",
        "surface": "asphalt",
        "lanes": "1"
      },
      "geometry": {
        "type": "LineString",
        "coordinates": [
          [
            72.8922363,
            19.0680742
          ],
          [
            72.8920928,
            19.0680413
          ],
          [
            72.8917524,
            19.0679647
          ],
          [
            72.8904689,
            19.0678539
          ],
          [
            72.8903174,
            19.0678652
          ]
        ]
      }
    },
    {
      "type": "Feature",
      "id": "osm_way_1149790011",
      "properties": {
        "osm_id": 1149790011,
        "name": "Unnamed Street",
        "highway": "tertiary",
        "oneway": "yes",
        "surface": "asphalt",
        "lanes": "1"
      },
      "geometry": {
        "type": "LineString",
        "coordinates": [
          [
            72.8903174,
            19.0678652
          ],
          [
            72.8902393,
            19.0679166
          ],
          [
            72.8902045,
            19.0679833
          ],
          [
            72.8902149,
            19.0680793
          ],
          [
            72.8902721,
            19.0681369
          ],
          [
            72.8903505,
            19.0681688
          ]
        ]
      }
    },
    {
      "type": "Feature",
      "id": "osm_way_1149790763",
      "properties": {
        "osm_id": 1149790763,
        "name": "Jawaharlal Nehru Road",
        "highway": "secondary",
        "oneway": "yes",
        "surface": "asphalt",
        "lanes": "1"
      },
      "geometry": {
        "type": "LineString",
        "coordinates": [
          [
            72.8544549,
            19.0814295
          ],
          [
            72.8549592,
            19.0816271
          ],
          [
            72.8551496,
            19.0816855
          ],
          [
            72.8553025,
            19.0817134
          ],
          [
            72.8556689,
            19.0817273
          ],
          [
            72.8560289,
            19.0817409
          ],
          [
            72.8561608,
            19.0817497
          ],
          [
            72.8562109,
            19.081753
          ],
          [
            72.8564052,
            19.0817656
          ],
          [
            72.8565608,
            19.0817757
          ],
          [
            72.8567376,
            19.0817871
          ]
        ]
      }
    },
    {
      "type": "Feature",
      "id": "osm_way_1149792860",
      "properties": {
        "osm_id": 1149792860,
        "name": "Jawaharlal Nehru Road",
        "highway": "secondary",
        "oneway": "yes",
        "surface": "asphalt",
        "lanes": "1"
      },
      "geometry": {
        "type": "LineString",
        "coordinates": [
          [
            72.8567376,
            19.0817871
          ],
          [
            72.8580589,
            19.0819321
          ],
          [
            72.8587128,
            19.0820038
          ]
        ]
      }
    },
    {
      "type": "Feature",
      "id": "osm_way_1149792862",
      "properties": {
        "osm_id": 1149792862,
        "name": "Jawaharlal Nehru Road",
        "highway": "secondary",
        "oneway": "yes",
        "surface": "asphalt",
        "lanes": "1"
      },
      "geometry": {
        "type": "LineString",
        "coordinates": [
          [
            72.8567519,
            19.0816946
          ],
          [
            72.8560428,
            19.0816525
          ],
          [
            72.8553294,
            19.0816323
          ],
          [
            72.8549726,
            19.0815562
          ],
          [
            72.8544868,
            19.0813557
          ]
        ]
      }
    },
    {
      "type": "Feature",
      "id": "osm_way_1150792544",
      "properties": {
        "osm_id": 1150792544,
        "name": "Unnamed Street",
        "highway": "trunk_link",
        "oneway": "no",
        "surface": "asphalt",
        "lanes": "1"
      },
      "geometry": {
        "type": "LineString",
        "coordinates": [
          [
            72.862694,
            19.0712402
          ],
          [
            72.8626748,
            19.0711419
          ],
          [
            72.8626526,
            19.071028
          ]
        ]
      }
    },
    {
      "type": "Feature",
      "id": "osm_way_1153097726",
      "properties": {
        "osm_id": 1153097726,
        "name": "Street 3",
        "highway": "secondary",
        "oneway": "yes",
        "surface": "asphalt",
        "lanes": "2"
      },
      "geometry": {
        "type": "LineString",
        "coordinates": [
          [
            72.8594359,
            19.0625754
          ],
          [
            72.8595962,
            19.0625283
          ],
          [
            72.8599657,
            19.0623955
          ],
          [
            72.8606545,
            19.0621479
          ],
          [
            72.8612769,
            19.0619242
          ],
          [
            72.8619358,
            19.0616874
          ],
          [
            72.8620842,
            19.061634
          ],
          [
            72.8623521,
            19.0615377
          ],
          [
            72.8626375,
            19.0614351
          ],
          [
            72.8633344,
            19.0611846
          ],
          [
            72.8637673,
            19.0610044
          ],
          [
            72.8641204,
            19.0608575
          ],
          [
            72.8642378,
            19.0608087
          ],
          [
            72.8643302,
            19.0607692
          ]
        ]
      }
    },
    {
      "type": "Feature",
      "id": "osm_way_1153097727",
      "properties": {
        "osm_id": 1153097727,
        "name": "Avenue 3: Lane 1",
        "highway": "tertiary",
        "oneway": "yes",
        "surface": "asphalt",
        "lanes": "2"
      },
      "geometry": {
        "type": "LineString",
        "coordinates": [
          [
            72.8606761,
            19.062061
          ],
          [
            72.8604916,
            19.0612499
          ],
          [
            72.8604886,
            19.0612157
          ],
          [
            72.8604916,
            19.0611786
          ],
          [
            72.8605073,
            19.0610845
          ],
          [
            72.8605427,
            19.0608725
          ],
          [
            72.8606643,
            19.0601433
          ],
          [
            72.8606546,
            19.0600989
          ],
          [
            72.8604538,
            19.0595824
          ],
          [
            72.8604103,
            19.0595227
          ],
          [
            72.8602685,
            19.0593282
          ],
          [
            72.8602038,
            19.0592395
          ]
        ]
      }
    },
    {
      "type": "Feature",
      "id": "osm_way_1153117577",
      "properties": {
        "osm_id": 1153117577,
        "name": "S.G. Barve Marg",
        "highway": "secondary",
        "oneway": "no",
        "surface": "asphalt",
        "lanes": "1"
      },
      "geometry": {
        "type": "LineString",
        "coordinates": [
          [
            72.8807894,
            19.0650821
          ],
          [
            72.8807541,
            19.0650538
          ]
        ]
      }
    },
    {
      "type": "Feature",
      "id": "osm_way_1153123667",
      "properties": {
        "osm_id": 1153123667,
        "name": "Eastern Express Highway",
        "highway": "trunk",
        "oneway": "yes",
        "surface": "asphalt",
        "lanes": "4"
      },
      "geometry": {
        "type": "LineString",
        "coordinates": [
          [
            72.8901831,
            19.0590868
          ],
          [
            72.8902015,
            19.0591096
          ],
          [
            72.8918811,
            19.0602927
          ]
        ]
      }
    },
    {
      "type": "Feature",
      "id": "osm_way_1153123668",
      "properties": {
        "osm_id": 1153123668,
        "name": "Eastern Express Highway",
        "highway": "trunk",
        "oneway": "yes",
        "surface": "asphalt",
        "lanes": "4"
      },
      "geometry": {
        "type": "LineString",
        "coordinates": [
          [
            72.8918811,
            19.0602927
          ],
          [
            72.8919728,
            19.0603577
          ]
        ]
      }
    },
    {
      "type": "Feature",
      "id": "osm_way_1153123669",
      "properties": {
        "osm_id": 1153123669,
        "name": "Eastern Express Highway",
        "highway": "trunk",
        "oneway": "yes",
        "surface": "asphalt",
        "lanes": "4"
      },
      "geometry": {
        "type": "LineString",
        "coordinates": [
          [
            72.891994,
            19.0601742
          ],
          [
            72.8911991,
            19.059596
          ],
          [
            72.8903137,
            19.058952
          ]
        ]
      }
    },
    {
      "type": "Feature",
      "id": "osm_way_1153123670",
      "properties": {
        "osm_id": 1153123670,
        "name": "Eastern Express Highway",
        "highway": "trunk",
        "oneway": "yes",
        "surface": "asphalt",
        "lanes": "4"
      },
      "geometry": {
        "type": "LineString",
        "coordinates": [
          [
            72.8920848,
            19.0602403
          ],
          [
            72.891994,
            19.0601742
          ]
        ]
      }
    },
    {
      "type": "Feature",
      "id": "osm_way_1154760963",
      "properties": {
        "osm_id": 1154760963,
        "name": "Bandra Kurla Complex Road",
        "highway": "primary",
        "oneway": "yes",
        "surface": "concrete",
        "lanes": "5"
      },
      "geometry": {
        "type": "LineString",
        "coordinates": [
          [
            72.8548423,
            19.0592141
          ],
          [
            72.8537065,
            19.0582153
          ],
          [
            72.8531478,
            19.057708
          ],
          [
            72.8510077,
            19.0557645
          ]
        ]
      }
    },
    {
      "type": "Feature",
      "id": "osm_way_1154760964",
      "properties": {
        "osm_id": 1154760964,
        "name": "Bandra Kurla Complex Road",
        "highway": "primary",
        "oneway": "yes",
        "surface": "concrete",
        "lanes": "3"
      },
      "geometry": {
        "type": "LineString",
        "coordinates": [
          [
            72.872835,
            19.0710154
          ],
          [
            72.8726878,
            19.0710332
          ],
          [
            72.8725921,
            19.0710344
          ],
          [
            72.8724355,
            19.0710363
          ],
          [
            72.8723,
            19.0710084
          ]
        ]
      }
    },
    {
      "type": "Feature",
      "id": "osm_way_1156018605",
      "properties": {
        "osm_id": 1156018605,
        "name": "Unnamed Street",
        "highway": "tertiary",
        "oneway": "yes",
        "surface": "asphalt",
        "lanes": "1"
      },
      "geometry": {
        "type": "LineString",
        "coordinates": [
          [
            72.8858965,
            19.0587817
          ],
          [
            72.885972,
            19.0588664
          ]
        ]
      }
    },
    {
      "type": "Feature",
      "id": "osm_way_1156018606",
      "properties": {
        "osm_id": 1156018606,
        "name": "Unnamed Street",
        "highway": "tertiary",
        "oneway": "yes",
        "surface": "asphalt",
        "lanes": "1"
      },
      "geometry": {
        "type": "LineString",
        "coordinates": [
          [
            72.8860273,
            19.0587707
          ],
          [
            72.8859595,
            19.0586924
          ]
        ]
      }
    },
    {
      "type": "Feature",
      "id": "osm_way_1158161157",
      "properties": {
        "osm_id": 1158161157,
        "name": "Unnamed Street",
        "highway": "tertiary",
        "oneway": "no",
        "surface": "asphalt",
        "lanes": "1"
      },
      "geometry": {
        "type": "LineString",
        "coordinates": [
          [
            72.8803239,
            19.0796532
          ],
          [
            72.8802079,
            19.0797211
          ]
        ]
      }
    },
    {
      "type": "Feature",
      "id": "osm_way_1158399722",
      "properties": {
        "osm_id": 1158399722,
        "name": "Santa Cruz \u2013 Chembur Link Road",
        "highway": "trunk",
        "oneway": "yes",
        "surface": "asphalt",
        "lanes": "3"
      },
      "geometry": {
        "type": "LineString",
        "coordinates": [
          [
            72.8610943,
            19.0729136
          ],
          [
            72.8613978,
            19.0720611
          ],
          [
            72.8615377,
            19.0718476
          ],
          [
            72.8615781,
            19.0718055
          ],
          [
            72.8617374,
            19.0716395
          ],
          [
            72.8619625,
            19.0714771
          ],
          [
            72.8620051,
            19.0714576
          ],
          [
            72.8622474,
            19.0713469
          ],
          [
            72.8624673,
            19.0712811
          ],
          [
            72.862484,
            19.0712781
          ],
          [
            72.862694,
            19.0712402
          ],
          [
            72.8630046,
            19.0712164
          ],
          [
            72.8630731,
            19.0712161
          ],
          [
            72.8632474,
            19.0712477
          ],
          [
            72.8634946,
            19.0713041
          ],
          [
            72.8639747,
            19.071512
          ],
          [
            72.8643248,
            19.071665
          ],
          [
            72.8647437,
            19.071848
          ],
          [
            72.8655915,
            19.0722185
          ],
          [
            72.8666569,
            19.0727748
          ]
        ]
      }
    },
    {
      "type": "Feature",
      "id": "osm_way_1158399723",
      "properties": {
        "osm_id": 1158399723,
        "name": "Unnamed Street",
        "highway": "trunk",
        "oneway": "yes",
        "surface": "asphalt",
        "lanes": "1"
      },
      "geometry": {
        "type": "LineString",
        "coordinates": [
          [
            72.8593297,
            19.0747156
          ],
          [
            72.859633,
            19.0746511
          ],
          [
            72.85992,
            19.0745472
          ],
          [
            72.8601614,
            19.0744077
          ],
          [
            72.8603652,
            19.0742556
          ],
          [
            72.8605449,
            19.0740528
          ],
          [
            72.8606978,
            19.0738196
          ],
          [
            72.8608292,
            19.0735104
          ],
          [
            72.8612879,
            19.0720933
          ],
          [
            72.861422,
            19.0718779
          ],
          [
            72.8615642,
            19.0717055
          ],
          [
            72.8617734,
            19.0715204
          ],
          [
            72.8620389,
            19.0713506
          ],
          [
            72.8622642,
            19.0712695
          ],
          [
            72.8624842,
            19.0712035
          ],
          [
            72.8627121,
            19.0711655
          ],
          [
            72.8629428,
            19.0711579
          ],
          [
            72.86327,
            19.0711934
          ],
          [
            72.8634819,
            19.0712517
          ],
          [
            72.8640104,
            19.0714455
          ],
          [
            72.8664424,
            19.0725062
          ]
        ]
      }
    },
    {
      "type": "Feature",
      "id": "osm_way_1158399724",
      "properties": {
        "osm_id": 1158399724,
        "name": "Flyover",
        "highway": "trunk_link",
        "oneway": "yes",
        "surface": "asphalt",
        "lanes": "1"
      },
      "geometry": {
        "type": "LineString",
        "coordinates": [
          [
            72.8664424,
            19.0725062
          ],
          [
            72.8667719,
            19.0727128
          ],
          [
            72.8679046,
            19.0732184
          ]
        ]
      }
    },
    {
      "type": "Feature",
      "id": "osm_way_1158399726",
      "properties": {
        "osm_id": 1158399726,
        "name": "Shahid Major Kaustubh Rane flyover",
        "highway": "trunk",
        "oneway": "yes",
        "surface": "asphalt",
        "lanes": "2"
      },
      "geometry": {
        "type": "LineString",
        "coordinates": [
          [
            72.8749771,
            19.0762112
          ],
          [
            72.8744705,
            19.0759394
          ]
        ]
      }
    },
    {
      "type": "Feature",
      "id": "osm_way_1158399727",
      "properties": {
        "osm_id": 1158399727,
        "name": "Shahid Major Kaustubh Rane flyover",
        "highway": "trunk_link",
        "oneway": "yes",
        "surface": "asphalt",
        "lanes": "2"
      },
      "geometry": {
        "type": "LineString",
        "coordinates": [
          [
            72.8743926,
            19.0760847
          ],
          [
            72.8749342,
            19.0762911
          ]
        ]
      }
    },
    {
      "type": "Feature",
      "id": "osm_way_1158399728",
      "properties": {
        "osm_id": 1158399728,
        "name": "Flyover",
        "highway": "primary",
        "oneway": "yes",
        "surface": "asphalt",
        "lanes": "2"
      },
      "geometry": {
        "type": "LineString",
        "coordinates": [
          [
            72.8695123,
            19.0699086
          ],
          [
            72.8697474,
            19.0701069
          ]
        ]
      }
    },
    {
      "type": "Feature",
      "id": "osm_way_1158399729",
      "properties": {
        "osm_id": 1158399729,
        "name": "Shahid Major Kaustubh Rane flyover",
        "highway": "trunk",
        "oneway": "yes",
        "surface": "asphalt",
        "lanes": "2"
      },
      "geometry": {
        "type": "LineString",
        "coordinates": [
          [
            72.8796214,
            19.0746535
          ],
          [
            72.8794017,
            19.0747894
          ]
        ]
      }
    },
    {
      "type": "Feature",
      "id": "osm_way_1158399730",
      "properties": {
        "osm_id": 1158399730,
        "name": "Shahid Major Kaustubh Rane flyover",
        "highway": "trunk",
        "oneway": "yes",
        "surface": "asphalt",
        "lanes": "2"
      },
      "geometry": {
        "type": "LineString",
        "coordinates": [
          [
            72.8794429,
            19.07487
          ],
          [
            72.8796938,
            19.0747772
          ]
        ]
      }
    },
    {
      "type": "Feature",
      "id": "osm_way_1158399731",
      "properties": {
        "osm_id": 1158399731,
        "name": "Santa Cruz \u2013 Chembur Link Road",
        "highway": "trunk",
        "oneway": "yes",
        "surface": "asphalt",
        "lanes": "3"
      },
      "geometry": {
        "type": "LineString",
        "coordinates": [
          [
            72.8744705,
            19.0759394
          ],
          [
            72.8738429,
            19.0756853
          ],
          [
            72.8737182,
            19.0755914
          ],
          [
            72.8732792,
            19.0753857
          ],
          [
            72.8729153,
            19.0751903
          ],
          [
            72.8727013,
            19.0750827
          ],
          [
            72.8724618,
            19.0749621
          ],
          [
            72.8723949,
            19.0749285
          ],
          [
            72.8723356,
            19.0749017
          ],
          [
            72.8723171,
            19.0748637
          ],
          [
            72.8719813,
            19.0747101
          ],
          [
            72.8719295,
            19.0746908
          ]
        ]
      }
    },
    {
      "type": "Feature",
      "id": "osm_way_1158399732",
      "properties": {
        "osm_id": 1158399732,
        "name": "Santa Cruz \u2013 Chembur Link Road",
        "highway": "trunk",
        "oneway": "yes",
        "surface": "asphalt",
        "lanes": "3"
      },
      "geometry": {
        "type": "LineString",
        "coordinates": [
          [
            72.8719295,
            19.0746908
          ],
          [
            72.8714355,
            19.0744853
          ]
        ]
      }
    },
    {
      "type": "Feature",
      "id": "osm_way_1158399733",
      "properties": {
        "osm_id": 1158399733,
        "name": "Santa Cruz \u2013 Chembur Link Road",
        "highway": "trunk",
        "oneway": "yes",
        "surface": "asphalt",
        "lanes": "3"
      },
      "geometry": {
        "type": "LineString",
        "coordinates": [
          [
            72.8723387,
            19.0751706
          ],
          [
            72.872356,
            19.0751793
          ],
          [
            72.8728011,
            19.0754032
          ],
          [
            72.8733435,
            19.0756082
          ],
          [
            72.8742213,
            19.0760069
          ],
          [
            72.8743926,
            19.0760847
          ]
        ]
      }
    },
    {
      "type": "Feature",
      "id": "osm_way_1158399734",
      "properties": {
        "osm_id": 1158399734,
        "name": "Santa Cruz \u2013 Chembur Link Road",
        "highway": "trunk",
        "oneway": "yes",
        "surface": "asphalt",
        "lanes": "3"
      },
      "geometry": {
        "type": "LineString",
        "coordinates": [
          [
            72.8713758,
            19.0747464
          ],
          [
            72.8718127,
            19.0749315
          ]
        ]
      }
    },
    {
      "type": "Feature",
      "id": "osm_way_1171071441",
      "properties": {
        "osm_id": 1171071441,
        "name": "Mother Dairy Road",
        "highway": "secondary",
        "oneway": "yes",
        "surface": "asphalt",
        "lanes": "1"
      },
      "geometry": {
        "type": "LineString",
        "coordinates": [
          [
            72.8848784,
            19.0630425
          ],
          [
            72.8848591,
            19.0630269
          ],
          [
            72.8845667,
            19.0627894
          ],
          [
            72.8841866,
            19.0624734
          ],
          [
            72.883939,
            19.0622829
          ],
          [
            72.8835533,
            19.0619844
          ],
          [
            72.883499,
            19.0619414
          ]
        ]
      }
    },
    {
      "type": "Feature",
      "id": "osm_way_1171071442",
      "properties": {
        "osm_id": 1171071442,
        "name": "Mother Dairy Road",
        "highway": "secondary",
        "oneway": "yes",
        "surface": "asphalt",
        "lanes": "1"
      },
      "geometry": {
        "type": "LineString",
        "coordinates": [
          [
            72.8860205,
            19.0639856
          ],
          [
            72.8859556,
            19.0639301
          ],
          [
            72.885605,
            19.0636303
          ],
          [
            72.8851509,
            19.0632565
          ]
        ]
      }
    },
    {
      "type": "Feature",
      "id": "osm_way_1171071443",
      "properties": {
        "osm_id": 1171071443,
        "name": "Mother Dairy Road",
        "highway": "secondary",
        "oneway": "yes",
        "surface": "asphalt",
        "lanes": "1"
      },
      "geometry": {
        "type": "LineString",
        "coordinates": [
          [
            72.884979,
            19.0631191
          ],
          [
            72.8848784,
            19.0630425
          ]
        ]
      }
    },
    {
      "type": "Feature",
      "id": "osm_way_1174215995",
      "properties": {
        "osm_id": 1174215995,
        "name": "Unnamed Street",
        "highway": "tertiary",
        "oneway": "no",
        "surface": "asphalt",
        "lanes": "1"
      },
      "geometry": {
        "type": "LineString",
        "coordinates": [
          [
            72.8901039,
            19.0591846
          ],
          [
            72.8905459,
            19.0595277
          ],
          [
            72.8907069,
            19.0596522
          ],
          [
            72.8918167,
            19.0604409
          ],
          [
            72.8929502,
            19.0612464
          ]
        ]
      }
    },
    {
      "type": "Feature",
      "id": "osm_way_1175567942",
      "properties": {
        "osm_id": 1175567942,
        "name": "Jawaharlal Nehru Road",
        "highway": "tertiary",
        "oneway": "no",
        "surface": "asphalt",
        "lanes": "1"
      },
      "geometry": {
        "type": "LineString",
        "coordinates": [
          [
            72.8625431,
            19.0778032
          ],
          [
            72.8626074,
            19.0778047
          ],
          [
            72.8630098,
            19.0777399
          ],
          [
            72.8636329,
            19.0775082
          ],
          [
            72.863781,
            19.0774775
          ],
          [
            72.86383,
            19.0774788
          ],
          [
            72.8638716,
            19.0774786
          ],
          [
            72.8639354,
            19.0774785
          ],
          [
            72.8641538,
            19.0774781
          ],
          [
            72.8646054,
            19.0775935
          ],
          [
            72.8648606,
            19.0776421
          ],
          [
            72.8651677,
            19.0777006
          ],
          [
            72.8652256,
            19.0777163
          ],
          [
            72.8657095,
            19.0778476
          ],
          [
            72.8659221,
            19.0779373
          ],
          [
            72.8661547,
            19.0780833
          ],
          [
            72.8667219,
            19.0787747
          ],
          [
            72.8667931,
            19.0788615
          ]
        ]
      }
    },
    {
      "type": "Feature",
      "id": "osm_way_1175571492",
      "properties": {
        "osm_id": 1175571492,
        "name": "Unnamed Street",
        "highway": "tertiary",
        "oneway": "no",
        "surface": "paving_stones",
        "lanes": "1"
      },
      "geometry": {
        "type": "LineString",
        "coordinates": [
          [
            72.8790426,
            19.0658596
          ],
          [
            72.8791522,
            19.065798
          ],
          [
            72.8791991,
            19.0657916
          ],
          [
            72.8792897,
            19.0658471
          ],
          [
            72.8795579,
            19.0660309
          ],
          [
            72.8797824,
            19.0661867
          ]
        ]
      }
    },
    {
      "type": "Feature",
      "id": "osm_way_1177201672",
      "properties": {
        "osm_id": 1177201672,
        "name": "Nathani Road",
        "highway": "tertiary",
        "oneway": "yes",
        "surface": "asphalt",
        "lanes": "1"
      },
      "geometry": {
        "type": "LineString",
        "coordinates": [
          [
            72.8921511,
            19.0787705
          ],
          [
            72.892648,
            19.0790385
          ],
          [
            72.8927677,
            19.079094
          ],
          [
            72.8939241,
            19.0795612
          ],
          [
            72.8940369,
            19.0796077
          ],
          [
            72.894531,
            19.0798112
          ],
          [
            72.8951196,
            19.0800536
          ],
          [
            72.895306,
            19.0801304
          ],
          [
            72.8953311,
            19.0801427
          ]
        ]
      }
    },
    {
      "type": "Feature",
      "id": "osm_way_1177201673",
      "properties": {
        "osm_id": 1177201673,
        "name": "Nathani Road",
        "highway": "tertiary",
        "oneway": "yes",
        "surface": "asphalt",
        "lanes": "1"
      },
      "geometry": {
        "type": "LineString",
        "coordinates": [
          [
            72.8919679,
            19.0786768
          ],
          [
            72.8921511,
            19.0787705
          ]
        ]
      }
    },
    {
      "type": "Feature",
      "id": "osm_way_1177201674",
      "properties": {
        "osm_id": 1177201674,
        "name": "Nathani Road",
        "highway": "tertiary",
        "oneway": "yes",
        "surface": "asphalt",
        "lanes": "1"
      },
      "geometry": {
        "type": "LineString",
        "coordinates": [
          [
            72.8904719,
            19.0775564
          ],
          [
            72.8905256,
            19.0775957
          ],
          [
            72.89111,
            19.0780671
          ],
          [
            72.8916357,
            19.0785007
          ],
          [
            72.8918799,
            19.0786337
          ],
          [
            72.8919679,
            19.0786768
          ]
        ]
      }
    },
    {
      "type": "Feature",
      "id": "osm_way_1177201675",
      "properties": {
        "osm_id": 1177201675,
        "name": "Nathani Road",
        "highway": "tertiary",
        "oneway": "yes",
        "surface": "asphalt",
        "lanes": "1"
      },
      "geometry": {
        "type": "LineString",
        "coordinates": [
          [
            72.8904194,
            19.0775163
          ],
          [
            72.8904719,
            19.0775564
          ]
        ]
      }
    },
    {
      "type": "Feature",
      "id": "osm_way_1186816694",
      "properties": {
        "osm_id": 1186816694,
        "name": "Street 3",
        "highway": "secondary",
        "oneway": "yes",
        "surface": "concrete",
        "lanes": "2"
      },
      "geometry": {
        "type": "LineString",
        "coordinates": [
          [
            72.862468,
            19.0614119
          ],
          [
            72.8633108,
            19.061103
          ],
          [
            72.8635617,
            19.0610033
          ],
          [
            72.8641754,
            19.0607593
          ],
          [
            72.8642628,
            19.0606905
          ],
          [
            72.8642808,
            19.0604612
          ],
          [
            72.8642928,
            19.0603083
          ],
          [
            72.8643018,
            19.0601942
          ],
          [
            72.8643241,
            19.0600037
          ],
          [
            72.8643349,
            19.0599112
          ],
          [
            72.8643435,
            19.0598379
          ],
          [
            72.8644111,
            19.059261
          ],
          [
            72.8643958,
            19.0591739
          ],
          [
            72.8643412,
            19.0590933
          ],
          [
            72.8642538,
            19.0590352
          ],
          [
            72.8641349,
            19.0589878
          ]
        ]
      }
    },
    {
      "type": "Feature",
      "id": "osm_way_1190518202",
      "properties": {
        "osm_id": 1190518202,
        "name": "Unnamed Street",
        "highway": "trunk_link",
        "oneway": "no",
        "surface": "asphalt",
        "lanes": "1"
      },
      "geometry": {
        "type": "LineString",
        "coordinates": [
          [
            72.8782065,
            19.0756179
          ],
          [
            72.8780569,
            19.0754255
          ]
        ]
      }
    },
    {
      "type": "Feature",
      "id": "osm_way_1201368429",
      "properties": {
        "osm_id": 1201368429,
        "name": "Flyover",
        "highway": "trunk_link",
        "oneway": "yes",
        "surface": "asphalt",
        "lanes": "1"
      },
      "geometry": {
        "type": "LineString",
        "coordinates": [
          [
            72.8679046,
            19.0732184
          ],
          [
            72.8690373,
            19.0737241
          ],
          [
            72.8691528,
            19.0737746
          ],
          [
            72.8692471,
            19.0738158
          ]
        ]
      }
    },
    {
      "type": "Feature",
      "id": "osm_way_1201941254",
      "properties": {
        "osm_id": 1201941254,
        "name": "Unnamed Street",
        "highway": "tertiary",
        "oneway": "yes",
        "surface": "asphalt",
        "lanes": "1"
      },
      "geometry": {
        "type": "LineString",
        "coordinates": [
          [
            72.8825192,
            19.0592206
          ],
          [
            72.882569,
            19.0591351
          ],
          [
            72.8827867,
            19.0586669
          ],
          [
            72.883016,
            19.0580886
          ],
          [
            72.8830684,
            19.0579564
          ],
          [
            72.8834368,
            19.0571046
          ],
          [
            72.8836204,
            19.0566858
          ],
          [
            72.8836394,
            19.0566541
          ],
          [
            72.8837626,
            19.0564487
          ]
        ]
      }
    },
    {
      "type": "Feature",
      "id": "osm_way_1203018854",
      "properties": {
        "osm_id": 1203018854,
        "name": "Mother Dairy Road",
        "highway": "secondary",
        "oneway": "yes",
        "surface": "asphalt",
        "lanes": "1"
      },
      "geometry": {
        "type": "LineString",
        "coordinates": [
          [
            72.8851509,
            19.0632565
          ],
          [
            72.8850905,
            19.063208
          ],
          [
            72.8850212,
            19.0631528
          ],
          [
            72.884979,
            19.0631191
          ]
        ]
      }
    },
    {
      "type": "Feature",
      "id": "osm_way_1212219817",
      "properties": {
        "osm_id": 1212219817,
        "name": "Santa Cruz \u2013 Chembur Link Road",
        "highway": "trunk",
        "oneway": "yes",
        "surface": "asphalt",
        "lanes": "2"
      },
      "geometry": {
        "type": "LineString",
        "coordinates": [
          [
            72.8750127,
            19.0761447
          ],
          [
            72.8747725,
            19.0760688
          ],
          [
            72.8744705,
            19.0759394
          ]
        ]
      }
    },
    {
      "type": "Feature",
      "id": "osm_way_1212668214",
      "properties": {
        "osm_id": 1212668214,
        "name": "Unnamed Street",
        "highway": "tertiary",
        "oneway": "no",
        "surface": "asphalt",
        "lanes": "1"
      },
      "geometry": {
        "type": "LineString",
        "coordinates": [
          [
            72.8844858,
            19.0607299
          ],
          [
            72.8845983,
            19.0608133
          ]
        ]
      }
    },
    {
      "type": "Feature",
      "id": "osm_way_1212668215",
      "properties": {
        "osm_id": 1212668215,
        "name": "Unnamed Street",
        "highway": "tertiary",
        "oneway": "no",
        "surface": "asphalt",
        "lanes": "1"
      },
      "geometry": {
        "type": "LineString",
        "coordinates": [
          [
            72.8825495,
            19.0594532
          ],
          [
            72.8825682,
            19.0594715
          ],
          [
            72.8826099,
            19.0595032
          ],
          [
            72.8834533,
            19.0600308
          ],
          [
            72.8837863,
            19.0602563
          ],
          [
            72.8844858,
            19.0607299
          ]
        ]
      }
    },
    {
      "type": "Feature",
      "id": "osm_way_1213417802",
      "properties": {
        "osm_id": 1213417802,
        "name": "Nathani Road",
        "highway": "tertiary",
        "oneway": "yes",
        "surface": "asphalt",
        "lanes": "1"
      },
      "geometry": {
        "type": "LineString",
        "coordinates": [
          [
            72.8961844,
            19.0826227
          ],
          [
            72.8951453,
            19.0823184
          ],
          [
            72.8950542,
            19.0822886
          ],
          [
            72.8949354,
            19.0822497
          ],
          [
            72.8945577,
            19.0821261
          ],
          [
            72.8945211,
            19.0821141
          ],
          [
            72.8944327,
            19.0820852
          ],
          [
            72.8941069,
            19.0819762
          ],
          [
            72.8940613,
            19.081961
          ],
          [
            72.8938387,
            19.0818888
          ],
          [
            72.8936904,
            19.0818407
          ],
          [
            72.8936653,
            19.081834
          ],
          [
            72.893403,
            19.0817481
          ],
          [
            72.8933077,
            19.081714
          ]
        ]
      }
    },
    {
      "type": "Feature",
      "id": "osm_way_1221905139",
      "properties": {
        "osm_id": 1221905139,
        "name": "Unnamed Street",
        "highway": "tertiary",
        "oneway": "no",
        "surface": "asphalt",
        "lanes": "1"
      },
      "geometry": {
        "type": "LineString",
        "coordinates": [
          [
            72.8876202,
            19.0566401
          ],
          [
            72.8875106,
            19.0565528
          ]
        ]
      }
    },
    {
      "type": "Feature",
      "id": "osm_way_1221905140",
      "properties": {
        "osm_id": 1221905140,
        "name": "SG Barve Marg",
        "highway": "secondary",
        "oneway": "yes",
        "surface": "asphalt",
        "lanes": "1"
      },
      "geometry": {
        "type": "LineString",
        "coordinates": [
          [
            72.886437,
            19.0582139
          ],
          [
            72.8866909,
            19.0578525
          ],
          [
            72.8870832,
            19.0573852
          ],
          [
            72.8873221,
            19.0570328
          ],
          [
            72.887368,
            19.056974
          ]
        ]
      }
    },
    {
      "type": "Feature",
      "id": "osm_way_1228840027",
      "properties": {
        "osm_id": 1228840027,
        "name": "Unnamed Street",
        "highway": "tertiary",
        "oneway": "yes",
        "surface": "asphalt",
        "lanes": "1"
      },
      "geometry": {
        "type": "LineString",
        "coordinates": [
          [
            72.8894159,
            19.0806502
          ],
          [
            72.8894371,
            19.0806621
          ],
          [
            72.8894592,
            19.0806671
          ],
          [
            72.8894818,
            19.0806657
          ],
          [
            72.889503,
            19.080658
          ],
          [
            72.8895209,
            19.0806447
          ]
        ]
      }
    },
    {
      "type": "Feature",
      "id": "osm_way_1228840028",
      "properties": {
        "osm_id": 1228840028,
        "name": "Nathani Road",
        "highway": "tertiary",
        "oneway": "yes",
        "surface": "asphalt",
        "lanes": "1"
      },
      "geometry": {
        "type": "LineString",
        "coordinates": [
          [
            72.8895352,
            19.0806243
          ],
          [
            72.8897053,
            19.0806143
          ],
          [
            72.8898387,
            19.0806363
          ],
          [
            72.8899411,
            19.0806695
          ],
          [
            72.8902668,
            19.080775
          ],
          [
            72.89067,
            19.0808956
          ],
          [
            72.8911722,
            19.0810426
          ],
          [
            72.891508,
            19.0811548
          ],
          [
            72.8917994,
            19.0812539
          ],
          [
            72.8919733,
            19.0813131
          ],
          [
            72.8920304,
            19.0813293
          ],
          [
            72.8922793,
            19.0814095
          ],
          [
            72.8925425,
            19.0814924
          ],
          [
            72.8927042,
            19.0815433
          ],
          [
            72.8931482,
            19.0816904
          ],
          [
            72.8931905,
            19.0817044
          ],
          [
            72.8932984,
            19.0817402
          ],
          [
            72.8934376,
            19.0817863
          ],
          [
            72.8940461,
            19.0819942
          ],
          [
            72.8940925,
            19.0820102
          ],
          [
            72.8945393,
            19.0821644
          ],
          [
            72.8950549,
            19.0823424
          ],
          [
            72.8956651,
            19.0825584
          ],
          [
            72.8961728,
            19.0827133
          ],
          [
            72.8962922,
            19.0827366
          ]
        ]
      }
    },
    {
      "type": "Feature",
      "id": "osm_way_1228840029",
      "properties": {
        "osm_id": 1228840029,
        "name": "Unnamed Street",
        "highway": "tertiary",
        "oneway": "yes",
        "surface": "asphalt",
        "lanes": "1"
      },
      "geometry": {
        "type": "LineString",
        "coordinates": [
          [
            72.8895032,
            19.0809307
          ],
          [
            72.8895117,
            19.0808079
          ],
          [
            72.889513,
            19.0807345
          ],
          [
            72.8895209,
            19.0806447
          ]
        ]
      }
    },
    {
      "type": "Feature",
      "id": "osm_way_1229006306",
      "properties": {
        "osm_id": 1229006306,
        "name": "Unnamed Street",
        "highway": "tertiary",
        "oneway": "yes",
        "surface": "asphalt",
        "lanes": "1"
      },
      "geometry": {
        "type": "LineString",
        "coordinates": [
          [
            72.8894389,
            19.0805283
          ],
          [
            72.8894191,
            19.0805387
          ],
          [
            72.8894034,
            19.0805542
          ],
          [
            72.8893933,
            19.0805734
          ],
          [
            72.8893896,
            19.0805946
          ],
          [
            72.8893927,
            19.0806158
          ],
          [
            72.8894023,
            19.0806353
          ]
        ]
      }
    },
    {
      "type": "Feature",
      "id": "osm_way_1231005220",
      "properties": {
        "osm_id": 1231005220,
        "name": "Bandra Kurla Complex Road",
        "highway": "primary",
        "oneway": "yes",
        "surface": "concrete",
        "lanes": "3"
      },
      "geometry": {
        "type": "LineString",
        "coordinates": [
          [
            72.8568633,
            19.0598396
          ],
          [
            72.8567564,
            19.0597999
          ],
          [
            72.8566287,
            19.0597746
          ],
          [
            72.8564404,
            19.0597663
          ],
          [
            72.8563097,
            19.05976
          ],
          [
            72.8559864,
            19.0597403
          ]
        ]
      }
    },
    {
      "type": "Feature",
      "id": "osm_way_1231005221",
      "properties": {
        "osm_id": 1231005221,
        "name": "Bandra Kurla Complex Road",
        "highway": "primary",
        "oneway": "yes",
        "surface": "asphalt",
        "lanes": "5"
      },
      "geometry": {
        "type": "LineString",
        "coordinates": [
          [
            72.8550205,
            19.0593761
          ],
          [
            72.8548612,
            19.0592307
          ],
          [
            72.8548423,
            19.0592141
          ]
        ]
      }
    },
    {
      "type": "Feature",
      "id": "osm_way_1235473841",
      "properties": {
        "osm_id": 1235473841,
        "name": "Vasantarao Naik Marg",
        "highway": "tertiary",
        "oneway": "yes",
        "surface": "asphalt",
        "lanes": "1"
      },
      "geometry": {
        "type": "LineString",
        "coordinates": [
          [
            72.8837233,
            19.0563775
          ],
          [
            72.8837626,
            19.0564487
          ]
        ]
      }
    },
    {
      "type": "Feature",
      "id": "osm_way_1235473842",
      "properties": {
        "osm_id": 1235473842,
        "name": "Unnamed Street",
        "highway": "tertiary",
        "oneway": "yes",
        "surface": "asphalt",
        "lanes": "1"
      },
      "geometry": {
        "type": "LineString",
        "coordinates": [
          [
            72.8837626,
            19.0564487
          ],
          [
            72.883808,
            19.056373
          ],
          [
            72.8838429,
            19.0563148
          ],
          [
            72.8839185,
            19.0562104
          ],
          [
            72.8839783,
            19.0561277
          ],
          [
            72.8840296,
            19.0560569
          ],
          [
            72.8840887,
            19.0559751
          ],
          [
            72.8845864,
            19.0553334
          ],
          [
            72.8848869,
            19.0549907
          ]
        ]
      }
    },
    {
      "type": "Feature",
      "id": "osm_way_1235473843",
      "properties": {
        "osm_id": 1235473843,
        "name": "SG Barve Marg",
        "highway": "secondary",
        "oneway": "yes",
        "surface": "asphalt",
        "lanes": "1"
      },
      "geometry": {
        "type": "LineString",
        "coordinates": [
          [
            72.8817172,
            19.064041
          ],
          [
            72.8819638,
            19.0637829
          ],
          [
            72.882186,
            19.0635371
          ],
          [
            72.8828929,
            19.0627552
          ],
          [
            72.8833646,
            19.0622103
          ]
        ]
      }
    },
    {
      "type": "Feature",
      "id": "osm_way_1235473844",
      "properties": {
        "osm_id": 1235473844,
        "name": "SG Barve Marg",
        "highway": "secondary",
        "oneway": "yes",
        "surface": "asphalt",
        "lanes": "1"
      },
      "geometry": {
        "type": "LineString",
        "coordinates": [
          [
            72.8807894,
            19.0650821
          ],
          [
            72.8808564,
            19.0650054
          ],
          [
            72.8808752,
            19.0649846
          ],
          [
            72.8810681,
            19.0647719
          ],
          [
            72.8811667,
            19.0646632
          ],
          [
            72.88161,
            19.0641744
          ],
          [
            72.8816745,
            19.0640883
          ],
          [
            72.8817172,
            19.064041
          ]
        ]
      }
    },
    {
      "type": "Feature",
      "id": "osm_way_1235473845",
      "properties": {
        "osm_id": 1235473845,
        "name": "Unnamed Street",
        "highway": "tertiary",
        "oneway": "yes",
        "surface": "asphalt",
        "lanes": "1"
      },
      "geometry": {
        "type": "LineString",
        "coordinates": [
          [
            72.8837233,
            19.0563775
          ],
          [
            72.8835893,
            19.0566223
          ]
        ]
      }
    },
    {
      "type": "Feature",
      "id": "osm_way_1235473846",
      "properties": {
        "osm_id": 1235473846,
        "name": "Vasantarao Naik Marg",
        "highway": "tertiary",
        "oneway": "no",
        "surface": "asphalt",
        "lanes": "1"
      },
      "geometry": {
        "type": "LineString",
        "coordinates": [
          [
            72.8837233,
            19.0563775
          ],
          [
            72.8835112,
            19.0562191
          ]
        ]
      }
    },
    {
      "type": "Feature",
      "id": "osm_way_1235478374",
      "properties": {
        "osm_id": 1235478374,
        "name": "SG Barve Marg",
        "highway": "secondary",
        "oneway": "yes",
        "surface": "asphalt",
        "lanes": "1"
      },
      "geometry": {
        "type": "LineString",
        "coordinates": [
          [
            72.887368,
            19.056974
          ],
          [
            72.8875752,
            19.0566977
          ]
        ]
      }
    },
    {
      "type": "Feature",
      "id": "osm_way_1235478375",
      "properties": {
        "osm_id": 1235478375,
        "name": "Unnamed Street",
        "highway": "trunk_link",
        "oneway": "yes",
        "surface": "asphalt",
        "lanes": "2"
      },
      "geometry": {
        "type": "LineString",
        "coordinates": [
          [
            72.887368,
            19.056974
          ],
          [
            72.8900159,
            19.0590336
          ],
          [
            72.8901831,
            19.0590868
          ]
        ]
      }
    },
    {
      "type": "Feature",
      "id": "osm_way_1235781698",
      "properties": {
        "osm_id": 1235781698,
        "name": "SG Barve Marg",
        "highway": "secondary",
        "oneway": "yes",
        "surface": "asphalt",
        "lanes": "1"
      },
      "geometry": {
        "type": "LineString",
        "coordinates": [
          [
            72.8876202,
            19.0566401
          ],
          [
            72.8879869,
            19.0561707
          ],
          [
            72.8884363,
            19.0554917
          ],
          [
            72.88861,
            19.0552166
          ],
          [
            72.888692,
            19.0550868
          ],
          [
            72.889176,
            19.0543961
          ],
          [
            72.8893941,
            19.0540892
          ]
        ]
      }
    },
    {
      "type": "Feature",
      "id": "osm_way_1236088973",
      "properties": {
        "osm_id": 1236088973,
        "name": "Jawaharlal Nehru Road",
        "highway": "secondary",
        "oneway": "no",
        "surface": "asphalt",
        "lanes": "1"
      },
      "geometry": {
        "type": "LineString",
        "coordinates": [
          [
            72.8624528,
            19.0778083
          ],
          [
            72.8625431,
            19.0778032
          ]
        ]
      }
    },
    {
      "type": "Feature",
      "id": "osm_way_1236088974",
      "properties": {
        "osm_id": 1236088974,
        "name": "Santa Cruz \u2013 Chembur Link Road",
        "highway": "trunk",
        "oneway": "yes",
        "surface": "asphalt",
        "lanes": "3"
      },
      "geometry": {
        "type": "LineString",
        "coordinates": [
          [
            72.8604482,
            19.0743957
          ],
          [
            72.8603056,
            19.0744225
          ],
          [
            72.8600095,
            19.0744668
          ],
          [
            72.85979,
            19.0744481
          ],
          [
            72.8597652,
            19.0744553
          ],
          [
            72.8594409,
            19.0745514
          ],
          [
            72.8573595,
            19.0748972
          ],
          [
            72.8556446,
            19.0751721
          ],
          [
            72.8553562,
            19.0751872
          ],
          [
            72.8551362,
            19.0751835
          ],
          [
            72.8546282,
            19.0750145
          ],
          [
            72.8543557,
            19.0748747
          ],
          [
            72.8530567,
            19.0741646
          ],
          [
            72.8526796,
            19.0739863
          ]
        ]
      }
    },
    {
      "type": "Feature",
      "id": "osm_way_1236088975",
      "properties": {
        "osm_id": 1236088975,
        "name": "Santa Cruz \u2013 Chembur Link Road",
        "highway": "trunk",
        "oneway": "yes",
        "surface": "asphalt",
        "lanes": "3"
      },
      "geometry": {
        "type": "LineString",
        "coordinates": [
          [
            72.880484,
            19.0740375
          ],
          [
            72.8804281,
            19.0740867
          ],
          [
            72.8801552,
            19.0742913
          ]
        ]
      }
    },
    {
      "type": "Feature",
      "id": "osm_way_1236088976",
      "properties": {
        "osm_id": 1236088976,
        "name": "Santa Cruz \u2013 Chembur Link Road",
        "highway": "trunk_link",
        "oneway": "yes",
        "surface": "asphalt",
        "lanes": "2"
      },
      "geometry": {
        "type": "LineString",
        "coordinates": [
          [
            72.8886976,
            19.0673455
          ],
          [
            72.8886221,
            19.0674194
          ]
        ]
      }
    },
    {
      "type": "Feature",
      "id": "osm_way_1236088977",
      "properties": {
        "osm_id": 1236088977,
        "name": "Lokmanya Tilak Terminus Road",
        "highway": "secondary",
        "oneway": "yes",
        "surface": "asphalt",
        "lanes": "2"
      },
      "geometry": {
        "type": "LineString",
        "coordinates": [
          [
            72.888952,
            19.0675273
          ],
          [
            72.8886976,
            19.0673455
          ]
        ]
      }
    },
    {
      "type": "Feature",
      "id": "osm_way_1236088978",
      "properties": {
        "osm_id": 1236088978,
        "name": "Santa Cruz \u2013 Chembur Link Road",
        "highway": "trunk",
        "oneway": "yes",
        "surface": "asphalt",
        "lanes": "3"
      },
      "geometry": {
        "type": "LineString",
        "coordinates": [
          [
            72.8774466,
            19.0761061
          ],
          [
            72.8775314,
            19.0760493
          ]
        ]
      }
    },
    {
      "type": "Feature",
      "id": "osm_way_1236088980",
      "properties": {
        "osm_id": 1236088980,
        "name": "Jawaharlal Nehru Road",
        "highway": "secondary",
        "oneway": "no",
        "surface": "asphalt",
        "lanes": "1"
      },
      "geometry": {
        "type": "LineString",
        "coordinates": [
          [
            72.8587128,
            19.0820038
          ],
          [
            72.8587181,
            19.0819093
          ]
        ]
      }
    },
    {
      "type": "Feature",
      "id": "osm_way_1237735489",
      "properties": {
        "osm_id": 1237735489,
        "name": "Lal Bahadur Shastri Marg",
        "highway": "primary",
        "oneway": "yes",
        "surface": "concrete",
        "lanes": "1"
      },
      "geometry": {
        "type": "LineString",
        "coordinates": [
          [
            72.876169,
            19.0744478
          ],
          [
            72.8766583,
            19.0751095
          ],
          [
            72.8767455,
            19.0752308
          ],
          [
            72.8771945,
            19.0758299
          ],
          [
            72.8772134,
            19.0758551
          ],
          [
            72.8772747,
            19.0759339
          ]
        ]
      }
    },
    {
      "type": "Feature",
      "id": "osm_way_1238078198",
      "properties": {
        "osm_id": 1238078198,
        "name": "Unnamed Street",
        "highway": "trunk_link",
        "oneway": "yes",
        "surface": "asphalt",
        "lanes": "2"
      },
      "geometry": {
        "type": "LineString",
        "coordinates": [
          [
            72.8903137,
            19.058952
          ],
          [
            72.8901857,
            19.0587985
          ],
          [
            72.8875752,
            19.0566977
          ]
        ]
      }
    },
    {
      "type": "Feature",
      "id": "osm_way_1238078199",
      "properties": {
        "osm_id": 1238078199,
        "name": "SG Barve Marg",
        "highway": "secondary",
        "oneway": "yes",
        "surface": "asphalt",
        "lanes": "1"
      },
      "geometry": {
        "type": "LineString",
        "coordinates": [
          [
            72.8875752,
            19.0566977
          ],
          [
            72.8876202,
            19.0566401
          ]
        ]
      }
    },
    {
      "type": "Feature",
      "id": "osm_way_1238346017",
      "properties": {
        "osm_id": 1238346017,
        "name": "S G Barve Marg (C S T Road)",
        "highway": "secondary",
        "oneway": "yes",
        "surface": "asphalt",
        "lanes": "1"
      },
      "geometry": {
        "type": "LineString",
        "coordinates": [
          [
            72.8893813,
            19.0539471
          ],
          [
            72.8892738,
            19.0540824
          ],
          [
            72.8889344,
            19.0545438
          ],
          [
            72.88882,
            19.0547076
          ],
          [
            72.8885078,
            19.0551548
          ],
          [
            72.888452,
            19.0552329
          ],
          [
            72.888318,
            19.0554248
          ],
          [
            72.8878339,
            19.0560871
          ],
          [
            72.8875106,
            19.0565528
          ],
          [
            72.8874693,
            19.0566052
          ]
        ]
      }
    },
    {
      "type": "Feature",
      "id": "osm_way_1238346018",
      "properties": {
        "osm_id": 1238346018,
        "name": "Unnamed Street",
        "highway": "trunk_link",
        "oneway": "yes",
        "surface": "asphalt",
        "lanes": "2"
      },
      "geometry": {
        "type": "LineString",
        "coordinates": [
          [
            72.8872739,
            19.056904
          ],
          [
            72.887368,
            19.056974
          ]
        ]
      }
    },
    {
      "type": "Feature",
      "id": "osm_way_1238603169",
      "properties": {
        "osm_id": 1238603169,
        "name": "Lal Bahadur Shastri Marg",
        "highway": "primary",
        "oneway": "yes",
        "surface": "concrete",
        "lanes": "1"
      },
      "geometry": {
        "type": "LineString",
        "coordinates": [
          [
            72.8762291,
            19.0744165
          ],
          [
            72.875982,
            19.0740313
          ],
          [
            72.8759364,
            19.0739445
          ],
          [
            72.8758293,
            19.0733749
          ],
          [
            72.8758249,
            19.0733516
          ],
          [
            72.8758122,
            19.0732499
          ],
          [
            72.8755992,
            19.0715385
          ],
          [
            72.8755863,
            19.0714464
          ],
          [
            72.8755433,
            19.0711802
          ],
          [
            72.8754959,
            19.0708175
          ]
        ]
      }
    },
    {
      "type": "Feature",
      "id": "osm_way_1238603170",
      "properties": {
        "osm_id": 1238603170,
        "name": "Lal Bahadur Shastri Marg",
        "highway": "primary",
        "oneway": "yes",
        "surface": "concrete",
        "lanes": "1"
      },
      "geometry": {
        "type": "LineString",
        "coordinates": [
          [
            72.8773593,
            19.0758789
          ],
          [
            72.8772797,
            19.0757759
          ],
          [
            72.8767964,
            19.07515
          ],
          [
            72.8767259,
            19.0750587
          ],
          [
            72.8762291,
            19.0744165
          ]
        ]
      }
    },
    {
      "type": "Feature",
      "id": "osm_way_1238603171",
      "properties": {
        "osm_id": 1238603171,
        "name": "Lal Bahadur Shastri Marg",
        "highway": "primary",
        "oneway": "yes",
        "surface": "asphalt",
        "lanes": "1"
      },
      "geometry": {
        "type": "LineString",
        "coordinates": [
          [
            72.8772747,
            19.0759339
          ],
          [
            72.8773003,
            19.0759585
          ],
          [
            72.8774466,
            19.0761061
          ]
        ]
      }
    },
    {
      "type": "Feature",
      "id": "osm_way_1238603173",
      "properties": {
        "osm_id": 1238603173,
        "name": "Unnamed Street",
        "highway": "primary",
        "oneway": "no",
        "surface": "asphalt",
        "lanes": "1"
      },
      "geometry": {
        "type": "LineString",
        "coordinates": [
          [
            72.8753551,
            19.0707566
          ],
          [
            72.8754828,
            19.0707176
          ]
        ]
      }
    },
    {
      "type": "Feature",
      "id": "osm_way_1238603932",
      "properties": {
        "osm_id": 1238603932,
        "name": "Bandra Kurla Complex Road",
        "highway": "primary",
        "oneway": "yes",
        "surface": "concrete",
        "lanes": "3"
      },
      "geometry": {
        "type": "LineString",
        "coordinates": [
          [
            72.8595009,
            19.0621323
          ],
          [
            72.8592087,
            19.0610065
          ],
          [
            72.8591508,
            19.0608834
          ],
          [
            72.8590842,
            19.0607772
          ],
          [
            72.8589985,
            19.060689
          ],
          [
            72.8588944,
            19.0606032
          ],
          [
            72.8587225,
            19.0605139
          ],
          [
            72.8587076,
            19.06051
          ],
          [
            72.8586336,
            19.0604963
          ],
          [
            72.8585478,
            19.06047
          ],
          [
            72.8584195,
            19.0604524
          ],
          [
            72.8582791,
            19.0604524
          ],
          [
            72.8581675,
            19.060448
          ]
        ]
      }
    },
    {
      "type": "Feature",
      "id": "osm_way_1238603933",
      "properties": {
        "osm_id": 1238603933,
        "name": "Street 3",
        "highway": "secondary",
        "oneway": "yes",
        "surface": "asphalt",
        "lanes": "2"
      },
      "geometry": {
        "type": "LineString",
        "coordinates": [
          [
            72.8599894,
            19.0623085
          ],
          [
            72.8595787,
            19.0624565
          ],
          [
            72.8594183,
            19.0625151
          ]
        ]
      }
    },
    {
      "type": "Feature",
      "id": "osm_way_1238603934",
      "properties": {
        "osm_id": 1238603934,
        "name": "Avenue 3",
        "highway": "secondary",
        "oneway": "yes",
        "surface": "concrete",
        "lanes": "2"
      },
      "geometry": {
        "type": "LineString",
        "coordinates": [
          [
            72.8586331,
            19.0606606
          ],
          [
            72.8587076,
            19.06051
          ],
          [
            72.8588703,
            19.0602458
          ],
          [
            72.8589345,
            19.0601619
          ],
          [
            72.8589972,
            19.0600799
          ],
          [
            72.8590362,
            19.0600441
          ],
          [
            72.8590823,
            19.0600171
          ],
          [
            72.8600188,
            19.0594933
          ],
          [
            72.8601984,
            19.0593746
          ],
          [
            72.8602685,
            19.0593282
          ],
          [
            72.8603919,
            19.0592466
          ],
          [
            72.8610975,
            19.0588222
          ],
          [
            72.8612141,
            19.0587702
          ],
          [
            72.861341,
            19.0587684
          ],
          [
            72.8624832,
            19.0588581
          ],
          [
            72.8625704,
            19.058892
          ],
          [
            72.8626135,
            19.0589476
          ],
          [
            72.8626426,
            19.0590308
          ]
        ]
      }
    },
    {
      "type": "Feature",
      "id": "osm_way_1238603935",
      "properties": {
        "osm_id": 1238603935,
        "name": "Unnamed Street",
        "highway": "secondary_link",
        "oneway": "yes",
        "surface": "concrete",
        "lanes": "2"
      },
      "geometry": {
        "type": "LineString",
        "coordinates": [
          [
            72.8628462,
            19.0588866
          ],
          [
            72.8624966,
            19.0587493
          ]
        ]
      }
    },
    {
      "type": "Feature",
      "id": "osm_way_1238603936",
      "properties": {
        "osm_id": 1238603936,
        "name": "Unnamed Street",
        "highway": "tertiary_link",
        "oneway": "yes",
        "surface": "concrete",
        "lanes": "2"
      },
      "geometry": {
        "type": "LineString",
        "coordinates": [
          [
            72.8648575,
            19.0589598
          ],
          [
            72.8647359,
            19.0589122
          ],
          [
            72.8646616,
            19.0588818
          ],
          [
            72.8645996,
            19.0588245
          ],
          [
            72.8645519,
            19.058747
          ]
        ]
      }
    },
    {
      "type": "Feature",
      "id": "osm_way_1238603937",
      "properties": {
        "osm_id": 1238603937,
        "name": "Avenue 3",
        "highway": "tertiary",
        "oneway": "yes",
        "surface": "concrete",
        "lanes": "2"
      },
      "geometry": {
        "type": "LineString",
        "coordinates": [
          [
            72.8670497,
            19.0603051
          ],
          [
            72.8666577,
            19.0596247
          ],
          [
            72.8666111,
            19.0595439
          ],
          [
            72.8665125,
            19.0594077
          ],
          [
            72.8663642,
            19.0592606
          ],
          [
            72.8662049,
            19.059152
          ],
          [
            72.8659976,
            19.0590646
          ],
          [
            72.8657436,
            19.0590217
          ],
          [
            72.8656488,
            19.0590058
          ],
          [
            72.8655565,
            19.0590045
          ],
          [
            72.8648575,
            19.0589598
          ]
        ]
      }
    },
    {
      "type": "Feature",
      "id": "osm_way_1238603939",
      "properties": {
        "osm_id": 1238603939,
        "name": "Avenue 5",
        "highway": "tertiary",
        "oneway": "yes",
        "surface": "asphalt",
        "lanes": "2"
      },
      "geometry": {
        "type": "LineString",
        "coordinates": [
          [
            72.8681119,
            19.0599579
          ],
          [
            72.8681011,
            19.0598545
          ],
          [
            72.868036,
            19.0597643
          ]
        ]
      }
    },
    {
      "type": "Feature",
      "id": "osm_way_1238603940",
      "properties": {
        "osm_id": 1238603940,
        "name": "Avenue 5",
        "highway": "tertiary",
        "oneway": "no",
        "surface": "asphalt",
        "lanes": "1"
      },
      "geometry": {
        "type": "LineString",
        "coordinates": [
          [
            72.8681119,
            19.0599579
          ],
          [
            72.8681968,
            19.0600841
          ],
          [
            72.8683967,
            19.0604994
          ],
          [
            72.8686847,
            19.0613909
          ],
          [
            72.8689576,
            19.0620719
          ],
          [
            72.8690073,
            19.0621606
          ]
        ]
      }
    },
    {
      "type": "Feature",
      "id": "osm_way_1238603941",
      "properties": {
        "osm_id": 1238603941,
        "name": "Avenue 3",
        "highway": "tertiary",
        "oneway": "yes",
        "surface": "concrete",
        "lanes": "2"
      },
      "geometry": {
        "type": "LineString",
        "coordinates": [
          [
            72.8645153,
            19.0592719
          ],
          [
            72.8645638,
            19.0591779
          ],
          [
            72.864644,
            19.0591082
          ],
          [
            72.8647525,
            19.0590682
          ],
          [
            72.8648782,
            19.0590529
          ],
          [
            72.8655472,
            19.0591115
          ],
          [
            72.8656342,
            19.0591209
          ],
          [
            72.8659638,
            19.0591684
          ],
          [
            72.8661478,
            19.059246
          ],
          [
            72.8661819,
            19.0592692
          ],
          [
            72.8662889,
            19.0593422
          ],
          [
            72.8664236,
            19.0594757
          ],
          [
            72.8665137,
            19.0596003
          ],
          [
            72.866555,
            19.059672
          ],
          [
            72.8669497,
            19.060357
          ],
          [
            72.8669861,
            19.0604201
          ],
          [
            72.8677782,
            19.0617948
          ],
          [
            72.8678301,
            19.0619144
          ],
          [
            72.8678413,
            19.0619924
          ],
          [
            72.8678449,
            19.0620171
          ],
          [
            72.8678475,
            19.0620353
          ],
          [
            72.8678514,
            19.0621076
          ]
        ]
      }
    },
    {
      "type": "Feature",
      "id": "osm_way_1238603942",
      "properties": {
        "osm_id": 1238603942,
        "name": "Street 3",
        "highway": "secondary",
        "oneway": "yes",
        "surface": "concrete",
        "lanes": "2"
      },
      "geometry": {
        "type": "LineString",
        "coordinates": [
          [
            72.8645153,
            19.0592719
          ],
          [
            72.8645378,
            19.0589758
          ]
        ]
      }
    },
    {
      "type": "Feature",
      "id": "osm_way_1238603944",
      "properties": {
        "osm_id": 1238603944,
        "name": "Bandra Kurla Complex Road",
        "highway": "primary",
        "oneway": "yes",
        "surface": "concrete",
        "lanes": "3"
      },
      "geometry": {
        "type": "LineString",
        "coordinates": [
          [
            72.8578863,
            19.06052
          ],
          [
            72.8580245,
            19.0605801
          ],
          [
            72.8581423,
            19.0606089
          ],
          [
            72.8582755,
            19.0606141
          ],
          [
            72.8584071,
            19.0606141
          ],
          [
            72.8585134,
            19.0606287
          ],
          [
            72.8585698,
            19.0606458
          ],
          [
            72.8586331,
            19.0606606
          ],
          [
            72.8586584,
            19.0606651
          ],
          [
            72.8587959,
            19.0607365
          ],
          [
            72.8588789,
            19.060805
          ],
          [
            72.8589461,
            19.0608742
          ],
          [
            72.8589986,
            19.0609577
          ],
          [
            72.8590495,
            19.061066
          ],
          [
            72.8594183,
            19.0625151
          ]
        ]
      }
    },
    {
      "type": "Feature",
      "id": "osm_way_1238884945",
      "properties": {
        "osm_id": 1238884945,
        "name": "Naupada Road",
        "highway": "tertiary",
        "oneway": "yes",
        "surface": "paving_stones",
        "lanes": "2"
      },
      "geometry": {
        "type": "LineString",
        "coordinates": [
          [
            72.8894023,
            19.0806353
          ],
          [
            72.8894159,
            19.0806502
          ]
        ]
      }
    },
    {
      "type": "Feature",
      "id": "osm_way_1238884946",
      "properties": {
        "osm_id": 1238884946,
        "name": "Naupada Road",
        "highway": "tertiary",
        "oneway": "yes",
        "surface": "paving_stones",
        "lanes": "2"
      },
      "geometry": {
        "type": "LineString",
        "coordinates": [
          [
            72.8891745,
            19.080637
          ],
          [
            72.8894023,
            19.0806353
          ]
        ]
      }
    },
    {
      "type": "Feature",
      "id": "osm_way_1238884947",
      "properties": {
        "osm_id": 1238884947,
        "name": "Kirol Road",
        "highway": "tertiary",
        "oneway": "yes",
        "surface": "asphalt",
        "lanes": "1"
      },
      "geometry": {
        "type": "LineString",
        "coordinates": [
          [
            72.8894389,
            19.0805283
          ],
          [
            72.8893341,
            19.0805518
          ],
          [
            72.8891745,
            19.080637
          ]
        ]
      }
    },
    {
      "type": "Feature",
      "id": "osm_way_1238884948",
      "properties": {
        "osm_id": 1238884948,
        "name": "Kirol Road",
        "highway": "tertiary",
        "oneway": "yes",
        "surface": "asphalt",
        "lanes": "1"
      },
      "geometry": {
        "type": "LineString",
        "coordinates": [
          [
            72.889486,
            19.0805264
          ],
          [
            72.88946,
            19.0805239
          ],
          [
            72.8894389,
            19.0805283
          ]
        ]
      }
    },
    {
      "type": "Feature",
      "id": "osm_way_1238884952",
      "properties": {
        "osm_id": 1238884952,
        "name": "Unnamed Street",
        "highway": "tertiary",
        "oneway": "yes",
        "surface": "asphalt",
        "lanes": "1"
      },
      "geometry": {
        "type": "LineString",
        "coordinates": [
          [
            72.8895352,
            19.0806243
          ],
          [
            72.8895414,
            19.0806006
          ],
          [
            72.8895388,
            19.0805762
          ],
          [
            72.8895277,
            19.0805542
          ],
          [
            72.8895094,
            19.0805369
          ],
          [
            72.889486,
            19.0805264
          ]
        ]
      }
    },
    {
      "type": "Feature",
      "id": "osm_way_1238884953",
      "properties": {
        "osm_id": 1238884953,
        "name": "Unnamed Street",
        "highway": "tertiary",
        "oneway": "yes",
        "surface": "asphalt",
        "lanes": "1"
      },
      "geometry": {
        "type": "LineString",
        "coordinates": [
          [
            72.8895209,
            19.0806447
          ],
          [
            72.8895352,
            19.0806243
          ]
        ]
      }
    },
    {
      "type": "Feature",
      "id": "osm_way_1238884954",
      "properties": {
        "osm_id": 1238884954,
        "name": "Naupada Road",
        "highway": "tertiary",
        "oneway": "no",
        "surface": "paving_stones",
        "lanes": "2"
      },
      "geometry": {
        "type": "LineString",
        "coordinates": [
          [
            72.8895032,
            19.0809307
          ],
          [
            72.8895107,
            19.0809523
          ],
          [
            72.8901761,
            19.0835374
          ],
          [
            72.8904181,
            19.0846428
          ]
        ]
      }
    },
    {
      "type": "Feature",
      "id": "osm_way_1238884955",
      "properties": {
        "osm_id": 1238884955,
        "name": "Naupada Road",
        "highway": "tertiary",
        "oneway": "no",
        "surface": "paving_stones",
        "lanes": "2"
      },
      "geometry": {
        "type": "LineString",
        "coordinates": [
          [
            72.8904181,
            19.0846428
          ],
          [
            72.8904208,
            19.084701
          ]
        ]
      }
    },
    {
      "type": "Feature",
      "id": "osm_way_1240182691",
      "properties": {
        "osm_id": 1240182691,
        "name": "Ramakrishna Chemburkar Marg",
        "highway": "secondary",
        "oneway": "yes",
        "surface": "asphalt",
        "lanes": "2"
      },
      "geometry": {
        "type": "LineString",
        "coordinates": [
          [
            72.8952415,
            19.056642
          ],
          [
            72.8951112,
            19.0560089
          ],
          [
            72.8949997,
            19.0554672
          ],
          [
            72.894864,
            19.0548078
          ],
          [
            72.8947598,
            19.0543023
          ],
          [
            72.8947246,
            19.0541314
          ]
        ]
      }
    },
    {
      "type": "Feature",
      "id": "osm_way_1240182692",
      "properties": {
        "osm_id": 1240182692,
        "name": "Ramakrishna Chemburkar Marg",
        "highway": "secondary",
        "oneway": "yes",
        "surface": "asphalt",
        "lanes": "2"
      },
      "geometry": {
        "type": "LineString",
        "coordinates": [
          [
            72.8972015,
            19.0604841
          ],
          [
            72.8965668,
            19.0595798
          ],
          [
            72.8956726,
            19.0582033
          ],
          [
            72.8955675,
            19.0579754
          ],
          [
            72.8954944,
            19.0578168
          ],
          [
            72.8954405,
            19.0576513
          ],
          [
            72.8953607,
            19.0573634
          ],
          [
            72.8952415,
            19.056642
          ]
        ]
      }
    },
    {
      "type": "Feature",
      "id": "osm_way_1240182693",
      "properties": {
        "osm_id": 1240182693,
        "name": "Road No 10",
        "highway": "secondary",
        "oneway": "no",
        "surface": "asphalt",
        "lanes": "1"
      },
      "geometry": {
        "type": "LineString",
        "coordinates": [
          [
            72.8951344,
            19.0566662
          ],
          [
            72.8952415,
            19.056642
          ]
        ]
      }
    },
    {
      "type": "Feature",
      "id": "osm_way_1247508856",
      "properties": {
        "osm_id": 1247508856,
        "name": "Unnamed Street",
        "highway": "tertiary",
        "oneway": "no",
        "surface": "asphalt",
        "lanes": "1"
      },
      "geometry": {
        "type": "LineString",
        "coordinates": [
          [
            72.8874091,
            19.075244
          ],
          [
            72.887479,
            19.0751675
          ]
        ]
      }
    },
    {
      "type": "Feature",
      "id": "osm_way_1251127691",
      "properties": {
        "osm_id": 1251127691,
        "name": "Santa Cruz \u2013 Chembur Link Road",
        "highway": "trunk",
        "oneway": "yes",
        "surface": "asphalt",
        "lanes": "3"
      },
      "geometry": {
        "type": "LineString",
        "coordinates": [
          [
            72.870865,
            19.0745228
          ],
          [
            72.8709303,
            19.0745514
          ],
          [
            72.8713758,
            19.0747464
          ]
        ]
      }
    },
    {
      "type": "Feature",
      "id": "osm_way_1251127695",
      "properties": {
        "osm_id": 1251127695,
        "name": "Santa Cruz \u2013 Chembur Link Road",
        "highway": "trunk",
        "oneway": "yes",
        "surface": "asphalt",
        "lanes": "3"
      },
      "geometry": {
        "type": "LineString",
        "coordinates": [
          [
            72.8714355,
            19.0744853
          ],
          [
            72.8713575,
            19.0744759
          ],
          [
            72.8713334,
            19.0744649
          ],
          [
            72.8710305,
            19.074335
          ],
          [
            72.8709551,
            19.0743008
          ]
        ]
      }
    },
    {
      "type": "Feature",
      "id": "osm_way_1251127696",
      "properties": {
        "osm_id": 1251127696,
        "name": "Unnamed Street",
        "highway": "secondary",
        "oneway": "yes",
        "surface": "concrete",
        "lanes": "3"
      },
      "geometry": {
        "type": "LineString",
        "coordinates": [
          [
            72.8709551,
            19.0743008
          ],
          [
            72.870865,
            19.0745228
          ],
          [
            72.8708827,
            19.07458
          ]
        ]
      }
    },
    {
      "type": "Feature",
      "id": "osm_way_1251127697",
      "properties": {
        "osm_id": 1251127697,
        "name": "Unnamed Street",
        "highway": "secondary",
        "oneway": "yes",
        "surface": "concrete",
        "lanes": "3"
      },
      "geometry": {
        "type": "LineString",
        "coordinates": [
          [
            72.8720389,
            19.0713635
          ],
          [
            72.8719097,
            19.0716946
          ]
        ]
      }
    },
    {
      "type": "Feature",
      "id": "osm_way_1251127698",
      "properties": {
        "osm_id": 1251127698,
        "name": "Bandra Kurla Complex Road",
        "highway": "primary",
        "oneway": "yes",
        "surface": "concrete",
        "lanes": "3"
      },
      "geometry": {
        "type": "LineString",
        "coordinates": [
          [
            72.8717995,
            19.0710692
          ],
          [
            72.8719583,
            19.071101
          ],
          [
            72.872119,
            19.071135
          ],
          [
            72.8722123,
            19.0711547
          ],
          [
            72.8724177,
            19.0711982
          ],
          [
            72.8725951,
            19.071196
          ]
        ]
      }
    },
    {
      "type": "Feature",
      "id": "osm_way_1254524230",
      "properties": {
        "osm_id": 1254524230,
        "name": "Street 3",
        "highway": "secondary",
        "oneway": "yes",
        "surface": "asphalt",
        "lanes": "2"
      },
      "geometry": {
        "type": "LineString",
        "coordinates": [
          [
            72.862468,
            19.0614119
          ],
          [
            72.8622958,
            19.0614774
          ],
          [
            72.8617639,
            19.0616691
          ],
          [
            72.8616573,
            19.0617075
          ],
          [
            72.8613566,
            19.0618159
          ],
          [
            72.8612052,
            19.0618704
          ],
          [
            72.8610336,
            19.0619322
          ],
          [
            72.8606761,
            19.062061
          ]
        ]
      }
    },
    {
      "type": "Feature",
      "id": "osm_way_1255211314",
      "properties": {
        "osm_id": 1255211314,
        "name": "Santa Cruz \u2013 Chembur Link Road",
        "highway": "trunk",
        "oneway": "yes",
        "surface": "asphalt",
        "lanes": "3"
      },
      "geometry": {
        "type": "LineString",
        "coordinates": [
          [
            72.8718127,
            19.0749315
          ],
          [
            72.8722225,
            19.0751153
          ],
          [
            72.8722807,
            19.0751414
          ],
          [
            72.8723387,
            19.0751706
          ]
        ]
      }
    },
    {
      "type": "Feature",
      "id": "osm_way_1265532942",
      "properties": {
        "osm_id": 1265532942,
        "name": "Lal Bahadur Shastri Marg",
        "highway": "primary",
        "oneway": "yes",
        "surface": "concrete",
        "lanes": "1"
      },
      "geometry": {
        "type": "LineString",
        "coordinates": [
          [
            72.8804116,
            19.0797692
          ],
          [
            72.8803239,
            19.0796532
          ]
        ]
      }
    },
    {
      "type": "Feature",
      "id": "osm_way_1266513701",
      "properties": {
        "osm_id": 1266513701,
        "name": "Lal Bahadur Shastri Marg",
        "highway": "primary",
        "oneway": "yes",
        "surface": "concrete",
        "lanes": "1"
      },
      "geometry": {
        "type": "LineString",
        "coordinates": [
          [
            72.8788698,
            19.0777367
          ],
          [
            72.8784324,
            19.0771804
          ],
          [
            72.8781829,
            19.0768631
          ],
          [
            72.8778249,
            19.0763983
          ],
          [
            72.8775314,
            19.0760493
          ]
        ]
      }
    },
    {
      "type": "Feature",
      "id": "osm_way_1266513702",
      "properties": {
        "osm_id": 1266513702,
        "name": "Lal Bahadur Shastri Marg",
        "highway": "primary",
        "oneway": "yes",
        "surface": "asphalt",
        "lanes": "1"
      },
      "geometry": {
        "type": "LineString",
        "coordinates": [
          [
            72.8775314,
            19.0760493
          ],
          [
            72.8773593,
            19.0758789
          ]
        ]
      }
    },
    {
      "type": "Feature",
      "id": "osm_way_1266513703",
      "properties": {
        "osm_id": 1266513703,
        "name": "Kalina Kurla Road",
        "highway": "tertiary",
        "oneway": "no",
        "surface": "concrete",
        "lanes": "1"
      },
      "geometry": {
        "type": "LineString",
        "coordinates": [
          [
            72.8788698,
            19.0777367
          ],
          [
            72.8787234,
            19.0777927
          ]
        ]
      }
    },
    {
      "type": "Feature",
      "id": "osm_way_1266513704",
      "properties": {
        "osm_id": 1266513704,
        "name": "Lal Bahadur Shastri Marg",
        "highway": "primary",
        "oneway": "yes",
        "surface": "concrete",
        "lanes": "1"
      },
      "geometry": {
        "type": "LineString",
        "coordinates": [
          [
            72.8787234,
            19.0777927
          ],
          [
            72.8791368,
            19.0783337
          ],
          [
            72.8802079,
            19.0797211
          ],
          [
            72.8803052,
            19.0798475
          ]
        ]
      }
    },
    {
      "type": "Feature",
      "id": "osm_way_1266523671",
      "properties": {
        "osm_id": 1266523671,
        "name": "Bandra Kurla Complex Road",
        "highway": "primary",
        "oneway": "yes",
        "surface": "concrete",
        "lanes": "3"
      },
      "geometry": {
        "type": "LineString",
        "coordinates": [
          [
            72.8725951,
            19.071196
          ],
          [
            72.8726999,
            19.0711947
          ],
          [
            72.8728377,
            19.0711781
          ]
        ]
      }
    },
    {
      "type": "Feature",
      "id": "osm_way_1266523672",
      "properties": {
        "osm_id": 1266523672,
        "name": "Unnamed Street",
        "highway": "secondary",
        "oneway": "yes",
        "surface": "concrete",
        "lanes": "3"
      },
      "geometry": {
        "type": "LineString",
        "coordinates": [
          [
            72.8719968,
            19.0717393
          ],
          [
            72.8721025,
            19.0714596
          ]
        ]
      }
    },
    {
      "type": "Feature",
      "id": "osm_way_1266523683",
      "properties": {
        "osm_id": 1266523683,
        "name": "Bandra Kurla Complex Road",
        "highway": "primary",
        "oneway": "yes",
        "surface": "concrete",
        "lanes": "3"
      },
      "geometry": {
        "type": "LineString",
        "coordinates": [
          [
            72.8723,
            19.0710084
          ],
          [
            72.8721745,
            19.070981
          ]
        ]
      }
    },
    {
      "type": "Feature",
      "id": "osm_way_1266798834",
      "properties": {
        "osm_id": 1266798834,
        "name": "Santa Cruz \u2013 Chembur Link Road",
        "highway": "trunk",
        "oneway": "yes",
        "surface": "asphalt",
        "lanes": "3"
      },
      "geometry": {
        "type": "LineString",
        "coordinates": [
          [
            72.8605998,
            19.0744629
          ],
          [
            72.8606101,
            19.0743562
          ],
          [
            72.8606318,
            19.0742648
          ],
          [
            72.8607027,
            19.0740327
          ],
          [
            72.8607228,
            19.0739378
          ],
          [
            72.8607836,
            19.0737703
          ],
          [
            72.8608453,
            19.0735999
          ],
          [
            72.8609614,
            19.0732799
          ],
          [
            72.8610943,
            19.0729136
          ]
        ]
      }
    },
    {
      "type": "Feature",
      "id": "osm_way_1266798838",
      "properties": {
        "osm_id": 1266798838,
        "name": "Santa Cruz \u2013 Chembur Link Road",
        "highway": "trunk",
        "oneway": "yes",
        "surface": "asphalt",
        "lanes": "3"
      },
      "geometry": {
        "type": "LineString",
        "coordinates": [
          [
            72.8525216,
            19.0740908
          ],
          [
            72.8529879,
            19.0742698
          ],
          [
            72.8531347,
            19.0743522
          ],
          [
            72.8545282,
            19.0751699
          ]
        ]
      }
    },
    {
      "type": "Feature",
      "id": "osm_way_1266798847",
      "properties": {
        "osm_id": 1266798847,
        "name": "Santa Cruz \u2013 Chembur Link Road",
        "highway": "trunk",
        "oneway": "yes",
        "surface": "asphalt",
        "lanes": "3"
      },
      "geometry": {
        "type": "LineString",
        "coordinates": [
          [
            72.8608601,
            19.0728738
          ],
          [
            72.8606495,
            19.0736118
          ],
          [
            72.8605825,
            19.0739793
          ],
          [
            72.8604812,
            19.0743754
          ],
          [
            72.8604482,
            19.0743957
          ]
        ]
      }
    },
    {
      "type": "Feature",
      "id": "osm_way_1267846979",
      "properties": {
        "osm_id": 1267846979,
        "name": "S G Barve Marg (C S T Road)",
        "highway": "secondary",
        "oneway": "yes",
        "surface": "asphalt",
        "lanes": "1"
      },
      "geometry": {
        "type": "LineString",
        "coordinates": [
          [
            72.8874693,
            19.0566052
          ],
          [
            72.8872739,
            19.056904
          ]
        ]
      }
    },
    {
      "type": "Feature",
      "id": "osm_way_1267846980",
      "properties": {
        "osm_id": 1267846980,
        "name": "Unnamed Street",
        "highway": "trunk",
        "oneway": "yes",
        "surface": "asphalt",
        "lanes": "2"
      },
      "geometry": {
        "type": "LineString",
        "coordinates": [
          [
            72.8875752,
            19.0566977
          ],
          [
            72.8874693,
            19.0566052
          ]
        ]
      }
    },
    {
      "type": "Feature",
      "id": "osm_way_1267855606",
      "properties": {
        "osm_id": 1267855606,
        "name": "S G Barve Marg (C S T Road)",
        "highway": "secondary",
        "oneway": "yes",
        "surface": "asphalt",
        "lanes": "1"
      },
      "geometry": {
        "type": "LineString",
        "coordinates": [
          [
            72.886357,
            19.0581506
          ],
          [
            72.8861027,
            19.0584892
          ],
          [
            72.8859595,
            19.0586924
          ]
        ]
      }
    },
    {
      "type": "Feature",
      "id": "osm_way_1267855607",
      "properties": {
        "osm_id": 1267855607,
        "name": "S G Barve Marg (C S T Road)",
        "highway": "secondary",
        "oneway": "yes",
        "surface": "asphalt",
        "lanes": "1"
      },
      "geometry": {
        "type": "LineString",
        "coordinates": [
          [
            72.8872739,
            19.056904
          ],
          [
            72.887222,
            19.0569761
          ],
          [
            72.8869918,
            19.0573215
          ],
          [
            72.8865503,
            19.0578861
          ],
          [
            72.886357,
            19.0581506
          ]
        ]
      }
    },
    {
      "type": "Feature",
      "id": "osm_way_1267855608",
      "properties": {
        "osm_id": 1267855608,
        "name": "Shell Colony Road",
        "highway": "tertiary",
        "oneway": "no",
        "surface": "asphalt",
        "lanes": "1"
      },
      "geometry": {
        "type": "LineString",
        "coordinates": [
          [
            72.886437,
            19.0582139
          ],
          [
            72.886357,
            19.0581506
          ]
        ]
      }
    },
    {
      "type": "Feature",
      "id": "osm_way_1267893609",
      "properties": {
        "osm_id": 1267893609,
        "name": "SG Barve Marg",
        "highway": "secondary",
        "oneway": "yes",
        "surface": "asphalt",
        "lanes": "1"
      },
      "geometry": {
        "type": "LineString",
        "coordinates": [
          [
            72.885972,
            19.0588664
          ],
          [
            72.8860273,
            19.0587707
          ],
          [
            72.8861882,
            19.058547
          ],
          [
            72.886437,
            19.0582139
          ]
        ]
      }
    },
    {
      "type": "Feature",
      "id": "osm_way_1267893610",
      "properties": {
        "osm_id": 1267893610,
        "name": "SG Barve Marg",
        "highway": "secondary",
        "oneway": "yes",
        "surface": "asphalt",
        "lanes": "1"
      },
      "geometry": {
        "type": "LineString",
        "coordinates": [
          [
            72.8845983,
            19.0608133
          ],
          [
            72.8846578,
            19.0607308
          ],
          [
            72.8851781,
            19.0600126
          ],
          [
            72.8858076,
            19.0591505
          ],
          [
            72.885972,
            19.0588664
          ]
        ]
      }
    },
    {
      "type": "Feature",
      "id": "osm_way_1279831552",
      "properties": {
        "osm_id": 1279831552,
        "name": "Jawaharlal Nehru Road",
        "highway": "tertiary",
        "oneway": "no",
        "surface": "asphalt",
        "lanes": "1"
      },
      "geometry": {
        "type": "LineString",
        "coordinates": [
          [
            72.8667931,
            19.0788615
          ],
          [
            72.8669943,
            19.0790973
          ],
          [
            72.8671744,
            19.0792447
          ],
          [
            72.8671941,
            19.0792556
          ],
          [
            72.8678707,
            19.0796304
          ],
          [
            72.8682937,
            19.0798199
          ],
          [
            72.8684839,
            19.0799816
          ],
          [
            72.8689864,
            19.0804848
          ],
          [
            72.8693299,
            19.08081
          ],
          [
            72.8696368,
            19.0810855
          ],
          [
            72.8697822,
            19.081212
          ],
          [
            72.8699727,
            19.0813191
          ],
          [
            72.8702193,
            19.0814689
          ],
          [
            72.8703122,
            19.0815475
          ],
          [
            72.8703766,
            19.0816474
          ]
        ]
      }
    },
    {
      "type": "Feature",
      "id": "osm_way_1280123751",
      "properties": {
        "osm_id": 1280123751,
        "name": "Kanzul Iman Road",
        "highway": "tertiary",
        "oneway": "yes",
        "surface": "concrete",
        "lanes": "2"
      },
      "geometry": {
        "type": "LineString",
        "coordinates": [
          [
            72.8675806,
            19.0704174
          ],
          [
            72.8674929,
            19.0704014
          ]
        ]
      }
    },
    {
      "type": "Feature",
      "id": "osm_way_1291881353",
      "properties": {
        "osm_id": 1291881353,
        "name": "Avenue 3",
        "highway": "tertiary",
        "oneway": "yes",
        "surface": "concrete",
        "lanes": "2"
      },
      "geometry": {
        "type": "LineString",
        "coordinates": [
          [
            72.8676733,
            19.0657295
          ],
          [
            72.8676625,
            19.0656388
          ],
          [
            72.8678134,
            19.0638628
          ],
          [
            72.86796,
            19.0622323
          ],
          [
            72.8679652,
            19.0621157
          ],
          [
            72.8679638,
            19.0620436
          ],
          [
            72.8679601,
            19.062018
          ],
          [
            72.8679412,
            19.0618863
          ],
          [
            72.8678813,
            19.0617484
          ],
          [
            72.867086,
            19.0603682
          ],
          [
            72.8670497,
            19.0603051
          ]
        ]
      }
    },
    {
      "type": "Feature",
      "id": "osm_way_1291881354",
      "properties": {
        "osm_id": 1291881354,
        "name": "Avenue 3",
        "highway": "tertiary",
        "oneway": "yes",
        "surface": "concrete",
        "lanes": "2"
      },
      "geometry": {
        "type": "LineString",
        "coordinates": [
          [
            72.8678514,
            19.0621076
          ],
          [
            72.8678472,
            19.0622021
          ],
          [
            72.8678462,
            19.0622255
          ],
          [
            72.8678352,
            19.0623475
          ],
          [
            72.8678116,
            19.0626102
          ],
          [
            72.8677364,
            19.0634472
          ],
          [
            72.8676998,
            19.0638537
          ],
          [
            72.867681,
            19.0640829
          ],
          [
            72.8676449,
            19.0645231
          ],
          [
            72.867581,
            19.0653011
          ],
          [
            72.86755,
            19.0656789
          ],
          [
            72.8675642,
            19.0657648
          ]
        ]
      }
    },
    {
      "type": "Feature",
      "id": "osm_way_1291883373",
      "properties": {
        "osm_id": 1291883373,
        "name": "Street 7",
        "highway": "tertiary",
        "oneway": "yes",
        "surface": "concrete",
        "lanes": "2"
      },
      "geometry": {
        "type": "LineString",
        "coordinates": [
          [
            72.8665507,
            19.0661347
          ],
          [
            72.8667864,
            19.0660091
          ],
          [
            72.866911,
            19.0659688
          ],
          [
            72.8675642,
            19.0657648
          ],
          [
            72.8676733,
            19.0657295
          ]
        ]
      }
    },
    {
      "type": "Feature",
      "id": "osm_way_1291883374",
      "properties": {
        "osm_id": 1291883374,
        "name": "Street 7",
        "highway": "tertiary",
        "oneway": "yes",
        "surface": "concrete",
        "lanes": "2"
      },
      "geometry": {
        "type": "LineString",
        "coordinates": [
          [
            72.8676625,
            19.0656388
          ],
          [
            72.86755,
            19.0656789
          ],
          [
            72.8672611,
            19.0657754
          ],
          [
            72.8670871,
            19.0658336
          ],
          [
            72.8668703,
            19.065906
          ],
          [
            72.8667586,
            19.0659421
          ],
          [
            72.8665871,
            19.0660141
          ],
          [
            72.8664911,
            19.0660741
          ]
        ]
      }
    },
    {
      "type": "Feature",
      "id": "osm_way_1293075423",
      "properties": {
        "osm_id": 1293075423,
        "name": "Bandra Kurla Complex Road",
        "highway": "primary",
        "oneway": "no",
        "surface": "asphalt",
        "lanes": "1"
      },
      "geometry": {
        "type": "LineString",
        "coordinates": [
          [
            72.8742347,
            19.0709006
          ],
          [
            72.8740839,
            19.0709216
          ]
        ]
      }
    },
    {
      "type": "Feature",
      "id": "osm_way_1297296349",
      "properties": {
        "osm_id": 1297296349,
        "name": "Street 3",
        "highway": "secondary",
        "oneway": "yes",
        "surface": "asphalt",
        "lanes": "2"
      },
      "geometry": {
        "type": "LineString",
        "coordinates": [
          [
            72.8605959,
            19.0620899
          ],
          [
            72.8599894,
            19.0623085
          ]
        ]
      }
    },
    {
      "type": "Feature",
      "id": "osm_way_1303629611",
      "properties": {
        "osm_id": 1303629611,
        "name": "Unnamed Street",
        "highway": "trunk_link",
        "oneway": "no",
        "surface": "asphalt",
        "lanes": "1"
      },
      "geometry": {
        "type": "LineString",
        "coordinates": [
          [
            72.8763191,
            19.0766767
          ],
          [
            72.8762594,
            19.076412
          ]
        ]
      }
    },
    {
      "type": "Feature",
      "id": "osm_way_1304773940",
      "properties": {
        "osm_id": 1304773940,
        "name": "Street 7",
        "highway": "secondary",
        "oneway": "yes",
        "surface": "concrete",
        "lanes": "2"
      },
      "geometry": {
        "type": "LineString",
        "coordinates": [
          [
            72.8664872,
            19.0661686
          ],
          [
            72.8665507,
            19.0661347
          ]
        ]
      }
    },
    {
      "type": "Feature",
      "id": "osm_way_1304773941",
      "properties": {
        "osm_id": 1304773941,
        "name": "Street 7",
        "highway": "secondary",
        "oneway": "yes",
        "surface": "concrete",
        "lanes": "2"
      },
      "geometry": {
        "type": "LineString",
        "coordinates": [
          [
            72.8664911,
            19.0660741
          ],
          [
            72.8664545,
            19.0660996
          ],
          [
            72.8664307,
            19.0661162
          ]
        ]
      }
    },
    {
      "type": "Feature",
      "id": "osm_way_1304773942",
      "properties": {
        "osm_id": 1304773942,
        "name": "Avenue 3: Lane 3",
        "highway": "secondary",
        "oneway": "yes",
        "surface": "concrete",
        "lanes": "2"
      },
      "geometry": {
        "type": "LineString",
        "coordinates": [
          [
            72.8665507,
            19.0661347
          ],
          [
            72.8664911,
            19.0660741
          ]
        ]
      }
    },
    {
      "type": "Feature",
      "id": "osm_way_1307276913",
      "properties": {
        "osm_id": 1307276913,
        "name": "Lal Bahadur Shastri Marg",
        "highway": "primary",
        "oneway": "yes",
        "surface": "concrete",
        "lanes": "1"
      },
      "geometry": {
        "type": "LineString",
        "coordinates": [
          [
            72.8866205,
            19.0850938
          ],
          [
            72.8866785,
            19.0851006
          ]
        ]
      }
    },
    {
      "type": "Feature",
      "id": "osm_way_1310993880",
      "properties": {
        "osm_id": 1310993880,
        "name": "Flyover",
        "highway": "trunk",
        "oneway": "yes",
        "surface": "asphalt",
        "lanes": "2"
      },
      "geometry": {
        "type": "LineString",
        "coordinates": [
          [
            72.8728368,
            19.0753367
          ],
          [
            72.8733435,
            19.0756082
          ]
        ]
      }
    },
    {
      "type": "Feature",
      "id": "osm_way_1310993881",
      "properties": {
        "osm_id": 1310993881,
        "name": "Flyover",
        "highway": "trunk",
        "oneway": "yes",
        "surface": "asphalt",
        "lanes": "2"
      },
      "geometry": {
        "type": "LineString",
        "coordinates": [
          [
            72.8738429,
            19.0756853
          ],
          [
            72.8728796,
            19.0752569
          ]
        ]
      }
    },
    {
      "type": "Feature",
      "id": "osm_way_1333243989",
      "properties": {
        "osm_id": 1333243989,
        "name": "Unnamed Street",
        "highway": "trunk_link",
        "oneway": "yes",
        "surface": "asphalt",
        "lanes": "1"
      },
      "geometry": {
        "type": "LineString",
        "coordinates": [
          [
            72.8664414,
            19.0724092
          ],
          [
            72.8664353,
            19.0723759
          ],
          [
            72.8664273,
            19.0723565
          ],
          [
            72.8661207,
            19.0722155
          ],
          [
            72.865672,
            19.0720267
          ],
          [
            72.865437,
            19.0719281
          ],
          [
            72.8650712,
            19.071762
          ],
          [
            72.8646828,
            19.0715978
          ],
          [
            72.8642782,
            19.0714201
          ],
          [
            72.8640628,
            19.0713281
          ]
        ]
      }
    },
    {
      "type": "Feature",
      "id": "osm_way_1335032872",
      "properties": {
        "osm_id": 1335032872,
        "name": "Unnamed Street",
        "highway": "tertiary",
        "oneway": "no",
        "surface": "asphalt",
        "lanes": "1"
      },
      "geometry": {
        "type": "LineString",
        "coordinates": [
          [
            72.8710938,
            19.068516
          ],
          [
            72.8711522,
            19.0684363
          ]
        ]
      }
    },
    {
      "type": "Feature",
      "id": "osm_way_1341170783",
      "properties": {
        "osm_id": 1341170783,
        "name": "Unnamed Street",
        "highway": "trunk_link",
        "oneway": "no",
        "surface": "asphalt",
        "lanes": "1"
      },
      "geometry": {
        "type": "LineString",
        "coordinates": [
          [
            72.8574074,
            19.0751465
          ],
          [
            72.8573595,
            19.0748972
          ]
        ]
      }
    },
    {
      "type": "Feature",
      "id": "osm_way_1341201075",
      "properties": {
        "osm_id": 1341201075,
        "name": "Santa Cruz \u2013 Chembur Link Road",
        "highway": "trunk",
        "oneway": "yes",
        "surface": "asphalt",
        "lanes": "3"
      },
      "geometry": {
        "type": "LineString",
        "coordinates": [
          [
            72.8604745,
            19.0744731
          ],
          [
            72.8605998,
            19.0744629
          ]
        ]
      }
    },
    {
      "type": "Feature",
      "id": "osm_way_1341201076",
      "properties": {
        "osm_id": 1341201076,
        "name": "Unnamed Street",
        "highway": "trunk",
        "oneway": "yes",
        "surface": "asphalt",
        "lanes": "1"
      },
      "geometry": {
        "type": "LineString",
        "coordinates": [
          [
            72.8606101,
            19.0743562
          ],
          [
            72.8604812,
            19.0743754
          ]
        ]
      }
    },
    {
      "type": "Feature",
      "id": "osm_way_1341201077",
      "properties": {
        "osm_id": 1341201077,
        "name": "Unnamed Street",
        "highway": "trunk",
        "oneway": "yes",
        "surface": "asphalt",
        "lanes": "1"
      },
      "geometry": {
        "type": "LineString",
        "coordinates": [
          [
            72.8604812,
            19.0743754
          ],
          [
            72.8604745,
            19.0744731
          ]
        ]
      }
    },
    {
      "type": "Feature",
      "id": "osm_way_1341201078",
      "properties": {
        "osm_id": 1341201078,
        "name": "Unnamed Street",
        "highway": "trunk_link",
        "oneway": "yes",
        "surface": "asphalt",
        "lanes": "1"
      },
      "geometry": {
        "type": "LineString",
        "coordinates": [
          [
            72.8605825,
            19.0739793
          ],
          [
            72.8605549,
            19.0740609
          ],
          [
            72.8604958,
            19.0741947
          ],
          [
            72.8603943,
            19.0743018
          ],
          [
            72.8602661,
            19.0743948
          ],
          [
            72.8600095,
            19.0744668
          ]
        ]
      }
    },
    {
      "type": "Feature",
      "id": "osm_way_1341201079",
      "properties": {
        "osm_id": 1341201079,
        "name": "Unnamed Street",
        "highway": "trunk_link",
        "oneway": "yes",
        "surface": "asphalt",
        "lanes": "1"
      },
      "geometry": {
        "type": "LineString",
        "coordinates": [
          [
            72.8606495,
            19.0736118
          ],
          [
            72.8605426,
            19.0738355
          ],
          [
            72.860387,
            19.0740446
          ],
          [
            72.8601659,
            19.0742621
          ],
          [
            72.8599233,
            19.0744002
          ],
          [
            72.85979,
            19.0744481
          ]
        ]
      }
    },
    {
      "type": "Feature",
      "id": "osm_way_1343412104",
      "properties": {
        "osm_id": 1343412104,
        "name": "Unnamed Street",
        "highway": "trunk_link",
        "oneway": "no",
        "surface": "asphalt",
        "lanes": "1"
      },
      "geometry": {
        "type": "LineString",
        "coordinates": [
          [
            72.8824022,
            19.0737058
          ],
          [
            72.8823961,
            19.0736186
          ]
        ]
      }
    },
    {
      "type": "Feature",
      "id": "osm_way_1343773630",
      "properties": {
        "osm_id": 1343773630,
        "name": "Unnamed Street",
        "highway": "trunk_link",
        "oneway": "yes",
        "surface": "asphalt",
        "lanes": "1"
      },
      "geometry": {
        "type": "LineString",
        "coordinates": [
          [
            72.8775314,
            19.0760493
          ],
          [
            72.8781267,
            19.0756698
          ],
          [
            72.8781596,
            19.0756484
          ]
        ]
      }
    },
    {
      "type": "Feature",
      "id": "osm_way_1343773631",
      "properties": {
        "osm_id": 1343773631,
        "name": "Unnamed Street",
        "highway": "trunk_link",
        "oneway": "yes",
        "surface": "asphalt",
        "lanes": "1"
      },
      "geometry": {
        "type": "LineString",
        "coordinates": [
          [
            72.8781596,
            19.0756484
          ],
          [
            72.8782065,
            19.0756179
          ]
        ]
      }
    },
    {
      "type": "Feature",
      "id": "osm_way_1343773632",
      "properties": {
        "osm_id": 1343773632,
        "name": "Unnamed Street",
        "highway": "trunk_link",
        "oneway": "yes",
        "surface": "asphalt",
        "lanes": "1"
      },
      "geometry": {
        "type": "LineString",
        "coordinates": [
          [
            72.8780105,
            19.0754557
          ],
          [
            72.877953,
            19.075493
          ],
          [
            72.8773593,
            19.0758789
          ]
        ]
      }
    },
    {
      "type": "Feature",
      "id": "osm_way_1343773633",
      "properties": {
        "osm_id": 1343773633,
        "name": "Unnamed Street",
        "highway": "trunk_link",
        "oneway": "yes",
        "surface": "asphalt",
        "lanes": "1"
      },
      "geometry": {
        "type": "LineString",
        "coordinates": [
          [
            72.8780569,
            19.0754255
          ],
          [
            72.8780105,
            19.0754557
          ]
        ]
      }
    },
    {
      "type": "Feature",
      "id": "osm_way_1350668853",
      "properties": {
        "osm_id": 1350668853,
        "name": "Unnamed Street",
        "highway": "tertiary_link",
        "oneway": "no",
        "surface": "asphalt",
        "lanes": "1"
      },
      "geometry": {
        "type": "LineString",
        "coordinates": [
          [
            72.8644612,
            19.0572801
          ],
          [
            72.8644503,
            19.0574043
          ]
        ]
      }
    },
    {
      "type": "Feature",
      "id": "osm_way_1353492610",
      "properties": {
        "osm_id": 1353492610,
        "name": "Avenue 3: Lane 3",
        "highway": "secondary",
        "oneway": "yes",
        "surface": "concrete",
        "lanes": "2"
      },
      "geometry": {
        "type": "LineString",
        "coordinates": [
          [
            72.8641204,
            19.0608575
          ],
          [
            72.8641857,
            19.0608845
          ],
          [
            72.864236,
            19.0609303
          ],
          [
            72.8642762,
            19.0609789
          ],
          [
            72.864419,
            19.0613405
          ],
          [
            72.8647124,
            19.0620946
          ],
          [
            72.8648174,
            19.0623646
          ],
          [
            72.8649853,
            19.0627744
          ]
        ]
      }
    },
    {
      "type": "Feature",
      "id": "osm_way_1353492611",
      "properties": {
        "osm_id": 1353492611,
        "name": "Street 5",
        "highway": "tertiary",
        "oneway": "yes",
        "surface": "asphalt",
        "lanes": "2"
      },
      "geometry": {
        "type": "LineString",
        "coordinates": [
          [
            72.8650923,
            19.0627423
          ],
          [
            72.8649853,
            19.0627744
          ]
        ]
      }
    },
    {
      "type": "Feature",
      "id": "osm_way_1354969525",
      "properties": {
        "osm_id": 1354969525,
        "name": "Street 3",
        "highway": "secondary",
        "oneway": "yes",
        "surface": "asphalt",
        "lanes": "2"
      },
      "geometry": {
        "type": "LineString",
        "coordinates": [
          [
            72.8606761,
            19.062061
          ],
          [
            72.8605959,
            19.0620899
          ]
        ]
      }
    },
    {
      "type": "Feature",
      "id": "osm_way_1356570595",
      "properties": {
        "osm_id": 1356570595,
        "name": "Unnamed Street",
        "highway": "trunk_link",
        "oneway": "yes",
        "surface": "asphalt",
        "lanes": "1"
      },
      "geometry": {
        "type": "LineString",
        "coordinates": [
          [
            72.8640628,
            19.0713281
          ],
          [
            72.86388,
            19.0712501
          ],
          [
            72.8637182,
            19.0711938
          ],
          [
            72.8637048,
            19.071147
          ]
        ]
      }
    },
    {
      "type": "Feature",
      "id": "osm_way_1356570742",
      "properties": {
        "osm_id": 1356570742,
        "name": "Flyover",
        "highway": "trunk",
        "oneway": "yes",
        "surface": "asphalt",
        "lanes": "1"
      },
      "geometry": {
        "type": "LineString",
        "coordinates": [
          [
            72.8548559,
            19.075314
          ],
          [
            72.8550147,
            19.0753336
          ],
          [
            72.8551472,
            19.0753698
          ]
        ]
      }
    },
    {
      "type": "Feature",
      "id": "osm_way_1356879643",
      "properties": {
        "osm_id": 1356879643,
        "name": "Kanzul Iman Road",
        "highway": "tertiary",
        "oneway": "no",
        "surface": "concrete",
        "lanes": "2"
      },
      "geometry": {
        "type": "LineString",
        "coordinates": [
          [
            72.8702743,
            19.0720508
          ],
          [
            72.8702595,
            19.0720434
          ]
        ]
      }
    },
    {
      "type": "Feature",
      "id": "osm_way_1357131228",
      "properties": {
        "osm_id": 1357131228,
        "name": "Avenue 3",
        "highway": "tertiary",
        "oneway": "yes",
        "surface": "asphalt",
        "lanes": "1"
      },
      "geometry": {
        "type": "LineString",
        "coordinates": [
          [
            72.8648575,
            19.0589598
          ],
          [
            72.8645378,
            19.0589758
          ],
          [
            72.8642582,
            19.0589837
          ]
        ]
      }
    },
    {
      "type": "Feature",
      "id": "osm_way_1357686056",
      "properties": {
        "osm_id": 1357686056,
        "name": "Santa Cruz \u2013 Chembur Link Road",
        "highway": "trunk",
        "oneway": "yes",
        "surface": "asphalt",
        "lanes": "3"
      },
      "geometry": {
        "type": "LineString",
        "coordinates": [
          [
            72.8545282,
            19.0751699
          ],
          [
            72.8546783,
            19.0752415
          ],
          [
            72.8548559,
            19.075314
          ]
        ]
      }
    },
    {
      "type": "Feature",
      "id": "osm_way_1367652853",
      "properties": {
        "osm_id": 1367652853,
        "name": "Ramdev Pir Road",
        "highway": "tertiary",
        "oneway": "yes",
        "surface": "asphalt",
        "lanes": "1"
      },
      "geometry": {
        "type": "LineString",
        "coordinates": [
          [
            72.8885193,
            19.075971
          ],
          [
            72.8882324,
            19.0757504
          ],
          [
            72.887479,
            19.0751675
          ],
          [
            72.8868433,
            19.0746635
          ],
          [
            72.8866752,
            19.0745399
          ],
          [
            72.8865836,
            19.0744651
          ],
          [
            72.8857649,
            19.0738254
          ]
        ]
      }
    },
    {
      "type": "Feature",
      "id": "osm_way_1367652854",
      "properties": {
        "osm_id": 1367652854,
        "name": "Ramdev Pir Road",
        "highway": "tertiary",
        "oneway": "yes",
        "surface": "asphalt",
        "lanes": "1"
      },
      "geometry": {
        "type": "LineString",
        "coordinates": [
          [
            72.8888933,
            19.0762432
          ],
          [
            72.8885193,
            19.075971
          ]
        ]
      }
    },
    {
      "type": "Feature",
      "id": "osm_way_1367652855",
      "properties": {
        "osm_id": 1367652855,
        "name": "Ramdev Pir Road",
        "highway": "tertiary",
        "oneway": "yes",
        "surface": "asphalt",
        "lanes": "1"
      },
      "geometry": {
        "type": "LineString",
        "coordinates": [
          [
            72.8904508,
            19.0774626
          ],
          [
            72.8896505,
            19.0768677
          ],
          [
            72.889538,
            19.0767841
          ],
          [
            72.8889384,
            19.076281
          ],
          [
            72.8888933,
            19.0762432
          ]
        ]
      }
    },
    {
      "type": "Feature",
      "id": "osm_way_1367652856",
      "properties": {
        "osm_id": 1367652856,
        "name": "Ramdev Pir Road",
        "highway": "tertiary",
        "oneway": "yes",
        "surface": "asphalt",
        "lanes": "1"
      },
      "geometry": {
        "type": "LineString",
        "coordinates": [
          [
            72.8905053,
            19.077497
          ],
          [
            72.8904508,
            19.0774626
          ]
        ]
      }
    },
    {
      "type": "Feature",
      "id": "osm_way_1367652857",
      "properties": {
        "osm_id": 1367652857,
        "name": "Ramdev Pir Road",
        "highway": "tertiary",
        "oneway": "yes",
        "surface": "asphalt",
        "lanes": "1"
      },
      "geometry": {
        "type": "LineString",
        "coordinates": [
          [
            72.8905569,
            19.0775369
          ],
          [
            72.8905053,
            19.077497
          ]
        ]
      }
    },
    {
      "type": "Feature",
      "id": "osm_way_1391772004",
      "properties": {
        "osm_id": 1391772004,
        "name": "Lal Bahadur Shastri Marg",
        "highway": "primary",
        "oneway": "yes",
        "surface": "concrete",
        "lanes": "1"
      },
      "geometry": {
        "type": "LineString",
        "coordinates": [
          [
            72.8849418,
            19.0845663
          ],
          [
            72.8850531,
            19.0846094
          ]
        ]
      }
    },
    {
      "type": "Feature",
      "id": "osm_way_1391772005",
      "properties": {
        "osm_id": 1391772005,
        "name": "Lal Bahadur Shastri Marg",
        "highway": "primary",
        "oneway": "yes",
        "surface": "concrete",
        "lanes": "1"
      },
      "geometry": {
        "type": "LineString",
        "coordinates": [
          [
            72.8850744,
            19.0845367
          ],
          [
            72.8849456,
            19.0844858
          ]
        ]
      }
    },
    {
      "type": "Feature",
      "id": "osm_way_1392365555",
      "properties": {
        "osm_id": 1392365555,
        "name": "Santa Cruz \u2013 Chembur Link Road",
        "highway": "trunk",
        "oneway": "yes",
        "surface": "asphalt",
        "lanes": "3"
      },
      "geometry": {
        "type": "LineString",
        "coordinates": [
          [
            72.8766348,
            19.0765608
          ],
          [
            72.8767956,
            19.0764927
          ],
          [
            72.8769483,
            19.076419
          ],
          [
            72.8770881,
            19.0763409
          ],
          [
            72.8772322,
            19.0762512
          ],
          [
            72.8774466,
            19.0761061
          ]
        ]
      }
    },
    {
      "type": "Feature",
      "id": "osm_way_1415533241",
      "properties": {
        "osm_id": 1415533241,
        "name": "Lal Bahadur Shastri Marg",
        "highway": "primary",
        "oneway": "yes",
        "surface": "concrete",
        "lanes": "1"
      },
      "geometry": {
        "type": "LineString",
        "coordinates": [
          [
            72.8803239,
            19.0796532
          ],
          [
            72.880066,
            19.0793133
          ],
          [
            72.8792692,
            19.0782631
          ],
          [
            72.8790805,
            19.0780145
          ],
          [
            72.8788698,
            19.0777367
          ]
        ]
      }
    },
    {
      "type": "Feature",
      "id": "osm_way_1415533242",
      "properties": {
        "osm_id": 1415533242,
        "name": "Lal Bahadur Shastri Marg",
        "highway": "primary",
        "oneway": "yes",
        "surface": "concrete",
        "lanes": "1"
      },
      "geometry": {
        "type": "LineString",
        "coordinates": [
          [
            72.8805069,
            19.0798947
          ],
          [
            72.8804755,
            19.0798537
          ]
        ]
      }
    },
    {
      "type": "Feature",
      "id": "osm_way_1416677644",
      "properties": {
        "osm_id": 1416677644,
        "name": "Lal Bahadur Shastri Marg",
        "highway": "primary",
        "oneway": "yes",
        "surface": "concrete",
        "lanes": "1"
      },
      "geometry": {
        "type": "LineString",
        "coordinates": [
          [
            72.8803765,
            19.0799401
          ],
          [
            72.8804614,
            19.080047
          ]
        ]
      }
    },
    {
      "type": "Feature",
      "id": "osm_way_1420672046",
      "properties": {
        "osm_id": 1420672046,
        "name": "Lal Bahadur Shastri Marg",
        "highway": "primary",
        "oneway": "yes",
        "surface": "concrete",
        "lanes": "1"
      },
      "geometry": {
        "type": "LineString",
        "coordinates": [
          [
            72.8845012,
            19.08442
          ],
          [
            72.8847692,
            19.084518
          ]
        ]
      }
    },
    {
      "type": "Feature",
      "id": "osm_way_1420672047",
      "properties": {
        "osm_id": 1420672047,
        "name": "Lal Bahadur Shastri Marg",
        "highway": "primary",
        "oneway": "yes",
        "surface": "concrete",
        "lanes": "1"
      },
      "geometry": {
        "type": "LineString",
        "coordinates": [
          [
            72.8826535,
            19.0833812
          ],
          [
            72.8826387,
            19.0833539
          ],
          [
            72.8821436,
            19.0824035
          ],
          [
            72.8821228,
            19.0823635
          ],
          [
            72.88154,
            19.0812446
          ],
          [
            72.8812352,
            19.0808464
          ],
          [
            72.8809003,
            19.0804088
          ],
          [
            72.8805069,
            19.0798947
          ]
        ]
      }
    },
    {
      "type": "Feature",
      "id": "osm_way_1420672048",
      "properties": {
        "osm_id": 1420672048,
        "name": "Lal Bahadur Shastri Marg",
        "highway": "primary",
        "oneway": "yes",
        "surface": "concrete",
        "lanes": "1"
      },
      "geometry": {
        "type": "LineString",
        "coordinates": [
          [
            72.8847692,
            19.084518
          ],
          [
            72.8849418,
            19.0845663
          ]
        ]
      }
    },
    {
      "type": "Feature",
      "id": "osm_way_1420672049",
      "properties": {
        "osm_id": 1420672049,
        "name": "Father Peter Periera Road",
        "highway": "tertiary",
        "oneway": "no",
        "surface": "concrete",
        "lanes": "1"
      },
      "geometry": {
        "type": "LineString",
        "coordinates": [
          [
            72.8849368,
            19.0846739
          ],
          [
            72.8849418,
            19.0845663
          ]
        ]
      }
    },
    {
      "type": "Feature",
      "id": "osm_way_1420710271",
      "properties": {
        "osm_id": 1420710271,
        "name": "Unnamed Street",
        "highway": "trunk_link",
        "oneway": "no",
        "surface": "asphalt",
        "lanes": "1"
      },
      "geometry": {
        "type": "LineString",
        "coordinates": [
          [
            72.8949164,
            19.0626203
          ],
          [
            72.8950226,
            19.0624919
          ]
        ]
      }
    },
    {
      "type": "Feature",
      "id": "osm_way_1425229482",
      "properties": {
        "osm_id": 1425229482,
        "name": "Father Peter Periera Road",
        "highway": "tertiary",
        "oneway": "no",
        "surface": "asphalt",
        "lanes": "1"
      },
      "geometry": {
        "type": "LineString",
        "coordinates": [
          [
            72.8849135,
            19.085197
          ],
          [
            72.8849146,
            19.0851569
          ],
          [
            72.8849151,
            19.0851388
          ]
        ]
      }
    },
    {
      "type": "Feature",
      "id": "osm_way_1429909242",
      "properties": {
        "osm_id": 1429909242,
        "name": "Unnamed Street",
        "highway": "tertiary",
        "oneway": "yes",
        "surface": "asphalt",
        "lanes": "1"
      },
      "geometry": {
        "type": "LineString",
        "coordinates": [
          [
            72.8924407,
            19.0683195
          ],
          [
            72.8923762,
            19.0682084
          ],
          [
            72.8923401,
            19.0681463
          ],
          [
            72.8922363,
            19.0680742
          ]
        ]
      }
    },
    {
      "type": "Feature",
      "id": "osm_way_1430215061",
      "properties": {
        "osm_id": 1430215061,
        "name": "Bandra Kurla Complex Road",
        "highway": "primary",
        "oneway": "yes",
        "surface": "concrete",
        "lanes": "3"
      },
      "geometry": {
        "type": "LineString",
        "coordinates": [
          [
            72.8594359,
            19.0625754
          ],
          [
            72.8594877,
            19.0628042
          ],
          [
            72.859515,
            19.0628925
          ]
        ]
      }
    },
    {
      "type": "Feature",
      "id": "osm_way_1430215062",
      "properties": {
        "osm_id": 1430215062,
        "name": "Street 5",
        "highway": "tertiary",
        "oneway": "yes",
        "surface": "concrete",
        "lanes": "2"
      },
      "geometry": {
        "type": "LineString",
        "coordinates": [
          [
            72.8621463,
            19.0653357
          ],
          [
            72.8622599,
            19.0652128
          ]
        ]
      }
    },
    {
      "type": "Feature",
      "id": "osm_way_1430215063",
      "properties": {
        "osm_id": 1430215063,
        "name": "Street 5",
        "highway": "tertiary",
        "oneway": "yes",
        "surface": "concrete",
        "lanes": "2"
      },
      "geometry": {
        "type": "LineString",
        "coordinates": [
          [
            72.8621953,
            19.0651727
          ],
          [
            72.8620802,
            19.0652947
          ]
        ]
      }
    },
    {
      "type": "Feature",
      "id": "osm_way_1430215064",
      "properties": {
        "osm_id": 1430215064,
        "name": "Bandra Kurla Complex Road",
        "highway": "primary",
        "oneway": "yes",
        "surface": "concrete",
        "lanes": "3"
      },
      "geometry": {
        "type": "LineString",
        "coordinates": [
          [
            72.8620802,
            19.0652947
          ],
          [
            72.8621463,
            19.0653357
          ]
        ]
      }
    },
    {
      "type": "Feature",
      "id": "osm_way_1430215065",
      "properties": {
        "osm_id": 1430215065,
        "name": "Unnamed Street",
        "highway": "tertiary",
        "oneway": "yes",
        "surface": "concrete",
        "lanes": "2"
      },
      "geometry": {
        "type": "LineString",
        "coordinates": [
          [
            72.857163,
            19.0662824
          ],
          [
            72.856597,
            19.0663899
          ],
          [
            72.8563074,
            19.0664545
          ],
          [
            72.8562593,
            19.0664621
          ],
          [
            72.8560847,
            19.0664896
          ],
          [
            72.8560059,
            19.066502
          ],
          [
            72.8554889,
            19.0665553
          ],
          [
            72.8553511,
            19.0665744
          ],
          [
            72.8552352,
            19.0666057
          ],
          [
            72.8551267,
            19.0666419
          ],
          [
            72.8550382,
            19.0666849
          ],
          [
            72.8549232,
            19.0667595
          ],
          [
            72.8541274,
            19.0673731
          ],
          [
            72.8539105,
            19.0675216
          ],
          [
            72.8537992,
            19.0675742
          ],
          [
            72.8536612,
            19.0676196
          ],
          [
            72.8535345,
            19.0676489
          ],
          [
            72.8534071,
            19.0676529
          ],
          [
            72.8532741,
            19.0676412
          ],
          [
            72.853115,
            19.0675993
          ],
          [
            72.8527756,
            19.0674861
          ],
          [
            72.8527612,
            19.0674813
          ]
        ]
      }
    },
    {
      "type": "Feature",
      "id": "osm_way_1430215066",
      "properties": {
        "osm_id": 1430215066,
        "name": "Unnamed Street",
        "highway": "tertiary",
        "oneway": "no",
        "surface": "asphalt",
        "lanes": "1"
      },
      "geometry": {
        "type": "LineString",
        "coordinates": [
          [
            72.8571782,
            19.0663543
          ],
          [
            72.857163,
            19.0662824
          ]
        ]
      }
    },
    {
      "type": "Feature",
      "id": "osm_way_1430215067",
      "properties": {
        "osm_id": 1430215067,
        "name": "Unnamed Street",
        "highway": "tertiary",
        "oneway": "yes",
        "surface": "concrete",
        "lanes": "2"
      },
      "geometry": {
        "type": "LineString",
        "coordinates": [
          [
            72.8547914,
            19.0669537
          ],
          [
            72.8549469,
            19.0668337
          ],
          [
            72.8549686,
            19.0668172
          ],
          [
            72.8550773,
            19.0667468
          ],
          [
            72.8551568,
            19.0667081
          ],
          [
            72.8552583,
            19.0666742
          ],
          [
            72.8553671,
            19.0666448
          ],
          [
            72.8554986,
            19.0666266
          ],
          [
            72.8560162,
            19.0665733
          ],
          [
            72.8561001,
            19.06656
          ],
          [
            72.8562835,
            19.0665311
          ],
          [
            72.8563225,
            19.066525
          ],
          [
            72.8564887,
            19.0664869
          ],
          [
            72.8566183,
            19.0664624
          ],
          [
            72.8571782,
            19.0663543
          ]
        ]
      }
    },
    {
      "type": "Feature",
      "id": "osm_way_1430217914",
      "properties": {
        "osm_id": 1430217914,
        "name": "Santa Cruz \u2013 Chembur Link Road",
        "highway": "trunk",
        "oneway": "yes",
        "surface": "asphalt",
        "lanes": "3"
      },
      "geometry": {
        "type": "LineString",
        "coordinates": [
          [
            72.8666569,
            19.0727748
          ],
          [
            72.8670625,
            19.0729521
          ],
          [
            72.867289,
            19.073051
          ],
          [
            72.8674791,
            19.0731341
          ],
          [
            72.8675242,
            19.0731538
          ],
          [
            72.8677964,
            19.0732769
          ],
          [
            72.8681467,
            19.0734258
          ],
          [
            72.8683516,
            19.0735154
          ],
          [
            72.8687851,
            19.0737006
          ],
          [
            72.8690001,
            19.0737989
          ],
          [
            72.8691898,
            19.0738413
          ],
          [
            72.8692471,
            19.0738158
          ],
          [
            72.8698496,
            19.0740791
          ],
          [
            72.870865,
            19.0745228
          ]
        ]
      }
    },
    {
      "type": "Feature",
      "id": "osm_way_1441508700",
      "properties": {
        "osm_id": 1441508700,
        "name": "Unnamed Street",
        "highway": "tertiary",
        "oneway": "yes",
        "surface": "concrete",
        "lanes": "2"
      },
      "geometry": {
        "type": "LineString",
        "coordinates": [
          [
            72.8526879,
            19.0675414
          ],
          [
            72.8530785,
            19.0676609
          ],
          [
            72.8532321,
            19.0677064
          ],
          [
            72.8534147,
            19.0677332
          ],
          [
            72.8535477,
            19.0677199
          ],
          [
            72.8536828,
            19.0676885
          ],
          [
            72.8538289,
            19.0676405
          ],
          [
            72.8539498,
            19.0675834
          ],
          [
            72.8541734,
            19.0674304
          ],
          [
            72.8547914,
            19.0669537
          ]
        ]
      }
    },
    {
      "type": "Feature",
      "id": "osm_way_1442035917",
      "properties": {
        "osm_id": 1442035917,
        "name": "Unnamed Street",
        "highway": "tertiary",
        "oneway": "no",
        "surface": "asphalt",
        "lanes": "1"
      },
      "geometry": {
        "type": "LineString",
        "coordinates": [
          [
            72.8633965,
            19.0640995
          ],
          [
            72.8634676,
            19.0641719
          ]
        ]
      }
    },
    {
      "type": "Feature",
      "id": "osm_way_1445689642",
      "properties": {
        "osm_id": 1445689642,
        "name": "SG Barve Marg",
        "highway": "secondary",
        "oneway": "yes",
        "surface": "asphalt",
        "lanes": "1"
      },
      "geometry": {
        "type": "LineString",
        "coordinates": [
          [
            72.8839033,
            19.0616094
          ],
          [
            72.8841334,
            19.0613381
          ],
          [
            72.8843048,
            19.0611523
          ]
        ]
      }
    },
    {
      "type": "Feature",
      "id": "osm_way_1445689644",
      "properties": {
        "osm_id": 1445689644,
        "name": "SG Barve Marg",
        "highway": "secondary",
        "oneway": "yes",
        "surface": "asphalt",
        "lanes": "1"
      },
      "geometry": {
        "type": "LineString",
        "coordinates": [
          [
            72.8843048,
            19.0611523
          ],
          [
            72.8844079,
            19.0610381
          ]
        ]
      }
    },
    {
      "type": "Feature",
      "id": "osm_way_1453512379",
      "properties": {
        "osm_id": 1453512379,
        "name": "Unnamed Street",
        "highway": "tertiary",
        "oneway": "yes",
        "surface": "asphalt",
        "lanes": "1"
      },
      "geometry": {
        "type": "LineString",
        "coordinates": [
          [
            72.8836744,
            19.0854647
          ],
          [
            72.8836563,
            19.0855561
          ],
          [
            72.8836814,
            19.0856941
          ],
          [
            72.8837154,
            19.0858808
          ],
          [
            72.8838105,
            19.0863094
          ],
          [
            72.8838762,
            19.0866157
          ],
          [
            72.8840126,
            19.0871969
          ],
          [
            72.8840929,
            19.0875929
          ],
          [
            72.8841576,
            19.0879126
          ],
          [
            72.8842429,
            19.0883332
          ],
          [
            72.8843333,
            19.0887748
          ],
          [
            72.8843689,
            19.088949
          ],
          [
            72.8843778,
            19.0889895
          ],
          [
            72.884461,
            19.0893669
          ],
          [
            72.8844829,
            19.0894665
          ],
          [
            72.8844888,
            19.0895138
          ],
          [
            72.8845289,
            19.0896946
          ],
          [
            72.8846507,
            19.0902446
          ],
          [
            72.8846749,
            19.0903434
          ],
          [
            72.884725,
            19.090571
          ],
          [
            72.884741,
            19.090638
          ],
          [
            72.8847866,
            19.0908588
          ],
          [
            72.8847988,
            19.0909125
          ],
          [
            72.884811,
            19.0909729
          ],
          [
            72.8848296,
            19.0910805
          ],
          [
            72.8848874,
            19.0913543
          ],
          [
            72.8848898,
            19.0913657
          ],
          [
            72.8849461,
            19.0916157
          ],
          [
            72.8849681,
            19.0917012
          ],
          [
            72.8849824,
            19.0917624
          ],
          [
            72.884992,
            19.0917937
          ],
          [
            72.8850024,
            19.0918474
          ],
          [
            72.8850451,
            19.0920379
          ],
          [
            72.8851015,
            19.0923127
          ],
          [
            72.8851737,
            19.0926704
          ],
          [
            72.8852189,
            19.0928632
          ],
          [
            72.8852567,
            19.0930246
          ],
          [
            72.8852741,
            19.0931048
          ],
          [
            72.8853346,
            19.093383
          ],
          [
            72.8853546,
            19.0935304
          ]
        ]
      }
    },
    {
      "type": "Feature",
      "id": "osm_way_1453512380",
      "properties": {
        "osm_id": 1453512380,
        "name": "Pipeline Road",
        "highway": "tertiary",
        "oneway": "no",
        "surface": "asphalt",
        "lanes": "1"
      },
      "geometry": {
        "type": "LineString",
        "coordinates": [
          [
            72.883665,
            19.0853784
          ],
          [
            72.8836744,
            19.0854647
          ]
        ]
      }
    },
    {
      "type": "Feature",
      "id": "osm_way_1455689769",
      "properties": {
        "osm_id": 1455689769,
        "name": "Bandra Kurla Complex Road",
        "highway": "primary",
        "oneway": "yes",
        "surface": "concrete",
        "lanes": "3"
      },
      "geometry": {
        "type": "LineString",
        "coordinates": [
          [
            72.8576193,
            19.0604139
          ],
          [
            72.8578278,
            19.0604959
          ],
          [
            72.8578863,
            19.06052
          ]
        ]
      }
    },
    {
      "type": "Feature",
      "id": "osm_way_1455689770",
      "properties": {
        "osm_id": 1455689770,
        "name": "Bandra Kurla Complex Road",
        "highway": "primary",
        "oneway": "yes",
        "surface": "concrete",
        "lanes": "3"
      },
      "geometry": {
        "type": "LineString",
        "coordinates": [
          [
            72.8581675,
            19.060448
          ],
          [
            72.8580744,
            19.0604253
          ],
          [
            72.8579379,
            19.0603798
          ],
          [
            72.8576975,
            19.0602701
          ]
        ]
      }
    },
    {
      "type": "Feature",
      "id": "osm_way_1455746779",
      "properties": {
        "osm_id": 1455746779,
        "name": "Unnamed Street",
        "highway": "trunk_link",
        "oneway": "yes",
        "surface": "asphalt",
        "lanes": "1"
      },
      "geometry": {
        "type": "LineString",
        "coordinates": [
          [
            72.8713334,
            19.0744649
          ],
          [
            72.8712667,
            19.074391
          ],
          [
            72.871197,
            19.0742778
          ],
          [
            72.8711702,
            19.0741798
          ],
          [
            72.8711577,
            19.0740716
          ],
          [
            72.8711497,
            19.0738544
          ]
        ]
      }
    },
    {
      "type": "Feature",
      "id": "osm_way_1457128270",
      "properties": {
        "osm_id": 1457128270,
        "name": "Unnamed Street",
        "highway": "tertiary",
        "oneway": "yes",
        "surface": "asphalt",
        "lanes": "1"
      },
      "geometry": {
        "type": "LineString",
        "coordinates": [
          [
            72.8841583,
            19.0728968
          ],
          [
            72.8843042,
            19.0727571
          ],
          [
            72.8844484,
            19.0726312
          ],
          [
            72.8845128,
            19.0725695
          ],
          [
            72.8850983,
            19.071985
          ],
          [
            72.8852038,
            19.0718709
          ],
          [
            72.8854612,
            19.0715979
          ],
          [
            72.8855059,
            19.0715455
          ],
          [
            72.8857925,
            19.0711934
          ]
        ]
      }
    },
    {
      "type": "Feature",
      "id": "osm_way_1457767594",
      "properties": {
        "osm_id": 1457767594,
        "name": "Street 1",
        "highway": "tertiary",
        "oneway": "no",
        "surface": "asphalt",
        "lanes": "1"
      },
      "geometry": {
        "type": "LineString",
        "coordinates": [
          [
            72.8554235,
            19.0592966
          ],
          [
            72.8554618,
            19.0592161
          ],
          [
            72.8554885,
            19.0591524
          ],
          [
            72.855535,
            19.0589566
          ],
          [
            72.8555457,
            19.0587447
          ]
        ]
      }
    },
    {
      "type": "Feature",
      "id": "osm_way_1460401983",
      "properties": {
        "osm_id": 1460401983,
        "name": "Santa Cruz \u2013 Chembur Link Road",
        "highway": "trunk",
        "oneway": "yes",
        "surface": "asphalt",
        "lanes": "3"
      },
      "geometry": {
        "type": "LineString",
        "coordinates": [
          [
            72.8763191,
            19.0766767
          ],
          [
            72.8764643,
            19.0766361
          ],
          [
            72.8766348,
            19.0765608
          ]
        ]
      }
    },
    {
      "type": "Feature",
      "id": "osm_way_1460410128",
      "properties": {
        "osm_id": 1460410128,
        "name": "Lal Bahadur Shastri Marg",
        "highway": "primary",
        "oneway": "yes",
        "surface": "asphalt",
        "lanes": "1"
      },
      "geometry": {
        "type": "LineString",
        "coordinates": [
          [
            72.8754959,
            19.0708175
          ],
          [
            72.8754828,
            19.0707176
          ]
        ]
      }
    },
    {
      "type": "Feature",
      "id": "osm_way_1460410129",
      "properties": {
        "osm_id": 1460410129,
        "name": "Lal Bahadur Shastri Marg",
        "highway": "primary",
        "oneway": "yes",
        "surface": "asphalt",
        "lanes": "1"
      },
      "geometry": {
        "type": "LineString",
        "coordinates": [
          [
            72.8753551,
            19.0707566
          ],
          [
            72.8753652,
            19.0708292
          ]
        ]
      }
    },
    {
      "type": "Feature",
      "id": "osm_way_1460498345",
      "properties": {
        "osm_id": 1460498345,
        "name": "Father Peter Periera Road",
        "highway": "tertiary",
        "oneway": "no",
        "surface": "concrete",
        "lanes": "1"
      },
      "geometry": {
        "type": "LineString",
        "coordinates": [
          [
            72.8849456,
            19.0844858
          ],
          [
            72.8849572,
            19.0844038
          ]
        ]
      }
    },
    {
      "type": "Feature",
      "id": "osm_way_1460804062",
      "properties": {
        "osm_id": 1460804062,
        "name": "Unnamed Street",
        "highway": "tertiary_link",
        "oneway": "no",
        "surface": "asphalt",
        "lanes": "1"
      },
      "geometry": {
        "type": "LineString",
        "coordinates": [
          [
            72.8610525,
            19.0697744
          ],
          [
            72.8611907,
            19.0697667
          ]
        ]
      }
    },
    {
      "type": "Feature",
      "id": "osm_way_1469865142",
      "properties": {
        "osm_id": 1469865142,
        "name": "SCLR - LBS Marg Connector",
        "highway": "primary",
        "oneway": "yes",
        "surface": "asphalt",
        "lanes": "1"
      },
      "geometry": {
        "type": "LineString",
        "coordinates": [
          [
            72.8766069,
            19.0764911
          ],
          [
            72.8768662,
            19.0764337
          ],
          [
            72.8773613,
            19.0761263
          ],
          [
            72.8774259,
            19.0761081
          ],
          [
            72.8775173,
            19.0761156
          ],
          [
            72.8776191,
            19.0762235
          ],
          [
            72.8783299,
            19.0771795
          ],
          [
            72.8784048,
            19.0773626
          ]
        ]
      }
    },
    {
      "type": "Feature",
      "id": "osm_way_1472186233",
      "properties": {
        "osm_id": 1472186233,
        "name": "Unnamed Street",
        "highway": "tertiary",
        "oneway": "yes",
        "surface": "asphalt",
        "lanes": "1"
      },
      "geometry": {
        "type": "LineString",
        "coordinates": [
          [
            72.8825495,
            19.0594532
          ],
          [
            72.8825217,
            19.0594155
          ],
          [
            72.8824928,
            19.0593893
          ],
          [
            72.8824725,
            19.0593365
          ],
          [
            72.8824871,
            19.0592851
          ],
          [
            72.8825192,
            19.0592206
          ]
        ]
      }
    },
    {
      "type": "Feature",
      "id": "osm_way_1474693248",
      "properties": {
        "osm_id": 1474693248,
        "name": "Lal Bahadur Shastri Marg",
        "highway": "primary",
        "oneway": "yes",
        "surface": "concrete",
        "lanes": "1"
      },
      "geometry": {
        "type": "LineString",
        "coordinates": [
          [
            72.8803052,
            19.0798475
          ],
          [
            72.8803765,
            19.0799401
          ]
        ]
      }
    },
    {
      "type": "Feature",
      "id": "osm_way_1474693249",
      "properties": {
        "osm_id": 1474693249,
        "name": "Lal Bahadur Shastri Marg",
        "highway": "primary",
        "oneway": "yes",
        "surface": "concrete",
        "lanes": "1"
      },
      "geometry": {
        "type": "LineString",
        "coordinates": [
          [
            72.8804755,
            19.0798537
          ],
          [
            72.8804116,
            19.0797692
          ]
        ]
      }
    },
    {
      "type": "Feature",
      "id": "osm_way_1485033038",
      "properties": {
        "osm_id": 1485033038,
        "name": "Bandra Kurla Complex Road",
        "highway": "primary",
        "oneway": "yes",
        "surface": "asphalt",
        "lanes": "1"
      },
      "geometry": {
        "type": "LineString",
        "coordinates": [
          [
            72.873986,
            19.0709951
          ],
          [
            72.8740839,
            19.0709216
          ]
        ]
      }
    },
    {
      "type": "Feature",
      "id": "osm_way_1485033039",
      "properties": {
        "osm_id": 1485033039,
        "name": "Bandra Kurla Complex Road",
        "highway": "primary",
        "oneway": "yes",
        "surface": "asphalt",
        "lanes": "1"
      },
      "geometry": {
        "type": "LineString",
        "coordinates": [
          [
            72.8740839,
            19.0709216
          ],
          [
            72.8739703,
            19.0708785
          ]
        ]
      }
    },
    {
      "type": "Feature",
      "id": "osm_way_1485040771",
      "properties": {
        "osm_id": 1485040771,
        "name": "Unnamed Street",
        "highway": "tertiary_link",
        "oneway": "no",
        "surface": "asphalt",
        "lanes": "1"
      },
      "geometry": {
        "type": "LineString",
        "coordinates": [
          [
            72.8611817,
            19.0706173
          ],
          [
            72.8613216,
            19.070599
          ]
        ]
      }
    },
    {
      "type": "Feature",
      "id": "osm_way_1485040772",
      "properties": {
        "osm_id": 1485040772,
        "name": "Unnamed Street",
        "highway": "tertiary_link",
        "oneway": "no",
        "surface": "asphalt",
        "lanes": "1"
      },
      "geometry": {
        "type": "LineString",
        "coordinates": [
          [
            72.8607299,
            19.0677991
          ],
          [
            72.8608585,
            19.0677676
          ]
        ]
      }
    },
    {
      "type": "Feature",
      "id": "osm_way_1485040773",
      "properties": {
        "osm_id": 1485040773,
        "name": "Unnamed Street",
        "highway": "tertiary_link",
        "oneway": "no",
        "surface": "asphalt",
        "lanes": "1"
      },
      "geometry": {
        "type": "LineString",
        "coordinates": [
          [
            72.8605354,
            19.0671941
          ],
          [
            72.8606658,
            19.0671512
          ]
        ]
      }
    },
    {
      "type": "Feature",
      "id": "osm_way_1485180038",
      "properties": {
        "osm_id": 1485180038,
        "name": "Unnamed Street",
        "highway": "tertiary_link",
        "oneway": "no",
        "surface": "asphalt",
        "lanes": "1"
      },
      "geometry": {
        "type": "LineString",
        "coordinates": [
          [
            72.8565799,
            19.0619923
          ],
          [
            72.8565305,
            19.0619636
          ]
        ]
      }
    },
    {
      "type": "Feature",
      "id": "osm_way_1485266119",
      "properties": {
        "osm_id": 1485266119,
        "name": "Unnamed Street",
        "highway": "tertiary_link",
        "oneway": "no",
        "surface": "asphalt",
        "lanes": "1"
      },
      "geometry": {
        "type": "LineString",
        "coordinates": [
          [
            72.8561001,
            19.06656
          ],
          [
            72.8560847,
            19.0664896
          ]
        ]
      }
    },
    {
      "type": "Feature",
      "id": "osm_way_1485276657",
      "properties": {
        "osm_id": 1485276657,
        "name": "Unnamed Street",
        "highway": "tertiary_link",
        "oneway": "no",
        "surface": "asphalt",
        "lanes": "1"
      },
      "geometry": {
        "type": "LineString",
        "coordinates": [
          [
            72.8544437,
            19.065468
          ],
          [
            72.8545067,
            19.0655057
          ]
        ]
      }
    },
    {
      "type": "Feature",
      "id": "osm_way_1485276658",
      "properties": {
        "osm_id": 1485276658,
        "name": "Unnamed Street",
        "highway": "tertiary_link",
        "oneway": "no",
        "surface": "asphalt",
        "lanes": "1"
      },
      "geometry": {
        "type": "LineString",
        "coordinates": [
          [
            72.8547224,
            19.0650382
          ],
          [
            72.8547882,
            19.0650771
          ]
        ]
      }
    },
    {
      "type": "Feature",
      "id": "osm_way_1485276659",
      "properties": {
        "osm_id": 1485276659,
        "name": "Unnamed Street",
        "highway": "tertiary_link",
        "oneway": "no",
        "surface": "asphalt",
        "lanes": "1"
      },
      "geometry": {
        "type": "LineString",
        "coordinates": [
          [
            72.8551552,
            19.0644484
          ],
          [
            72.8550855,
            19.0644114
          ]
        ]
      }
    },
    {
      "type": "Feature",
      "id": "osm_way_1485276660",
      "properties": {
        "osm_id": 1485276660,
        "name": "Unnamed Street",
        "highway": "tertiary_link",
        "oneway": "no",
        "surface": "asphalt",
        "lanes": "1"
      },
      "geometry": {
        "type": "LineString",
        "coordinates": [
          [
            72.8552641,
            19.0642556
          ],
          [
            72.8551966,
            19.0642177
          ]
        ]
      }
    },
    {
      "type": "Feature",
      "id": "osm_way_1485276661",
      "properties": {
        "osm_id": 1485276661,
        "name": "Unnamed Street",
        "highway": "tertiary_link",
        "oneway": "no",
        "surface": "asphalt",
        "lanes": "1"
      },
      "geometry": {
        "type": "LineString",
        "coordinates": [
          [
            72.8556553,
            19.0635538
          ],
          [
            72.8555908,
            19.0635226
          ]
        ]
      }
    },
    {
      "type": "Feature",
      "id": "osm_way_1485276662",
      "properties": {
        "osm_id": 1485276662,
        "name": "Unnamed Street",
        "highway": "tertiary_link",
        "oneway": "no",
        "surface": "asphalt",
        "lanes": "1"
      },
      "geometry": {
        "type": "LineString",
        "coordinates": [
          [
            72.8562288,
            19.0625301
          ],
          [
            72.8561876,
            19.0625037
          ]
        ]
      }
    },
    {
      "type": "Feature",
      "id": "osm_way_1485276663",
      "properties": {
        "osm_id": 1485276663,
        "name": "Unnamed Street",
        "highway": "tertiary_link",
        "oneway": "no",
        "surface": "asphalt",
        "lanes": "1"
      },
      "geometry": {
        "type": "LineString",
        "coordinates": [
          [
            72.8559622,
            19.06298
          ],
          [
            72.8559074,
            19.0629495
          ]
        ]
      }
    },
    {
      "type": "Feature",
      "id": "osm_way_1485276664",
      "properties": {
        "osm_id": 1485276664,
        "name": "Unnamed Street",
        "highway": "primary_link",
        "oneway": "yes",
        "surface": "concrete",
        "lanes": "2"
      },
      "geometry": {
        "type": "LineString",
        "coordinates": [
          [
            72.8589106,
            19.0600092
          ],
          [
            72.8581675,
            19.060448
          ]
        ]
      }
    },
    {
      "type": "Feature",
      "id": "osm_way_1485346473",
      "properties": {
        "osm_id": 1485346473,
        "name": "Unnamed Street",
        "highway": "tertiary",
        "oneway": "yes",
        "surface": "asphalt",
        "lanes": "1"
      },
      "geometry": {
        "type": "LineString",
        "coordinates": [
          [
            72.8540236,
            19.0615077
          ],
          [
            72.8541201,
            19.0613906
          ],
          [
            72.8541597,
            19.0613284
          ],
          [
            72.8545785,
            19.0606706
          ],
          [
            72.8547113,
            19.0604621
          ]
        ]
      }
    },
    {
      "type": "Feature",
      "id": "osm_way_1485346474",
      "properties": {
        "osm_id": 1485346474,
        "name": "Unnamed Street",
        "highway": "tertiary",
        "oneway": "yes",
        "surface": "asphalt",
        "lanes": "1"
      },
      "geometry": {
        "type": "LineString",
        "coordinates": [
          [
            72.8547113,
            19.0604621
          ],
          [
            72.8551923,
            19.0597066
          ],
          [
            72.8552177,
            19.0596667
          ]
        ]
      }
    },
    {
      "type": "Feature",
      "id": "osm_way_1485577894",
      "properties": {
        "osm_id": 1485577894,
        "name": "Unnamed Street",
        "highway": "secondary",
        "oneway": "no",
        "surface": "asphalt",
        "lanes": "1"
      },
      "geometry": {
        "type": "LineString",
        "coordinates": [
          [
            72.8618114,
            19.0768603
          ],
          [
            72.8623288,
            19.0775529
          ]
        ]
      }
    },
    {
      "type": "Feature",
      "id": "osm_way_1485577895",
      "properties": {
        "osm_id": 1485577895,
        "name": "Unnamed Street",
        "highway": "secondary_link",
        "oneway": "yes",
        "surface": "asphalt",
        "lanes": "1"
      },
      "geometry": {
        "type": "LineString",
        "coordinates": [
          [
            72.8623497,
            19.0775861
          ],
          [
            72.8623319,
            19.0776799
          ],
          [
            72.8623197,
            19.0777444
          ],
          [
            72.8623116,
            19.0777763
          ],
          [
            72.8622756,
            19.0778377
          ]
        ]
      }
    },
    {
      "type": "Feature",
      "id": "osm_way_1486761832",
      "properties": {
        "osm_id": 1486761832,
        "name": "Street 1",
        "highway": "tertiary",
        "oneway": "yes",
        "surface": "asphalt",
        "lanes": "1"
      },
      "geometry": {
        "type": "LineString",
        "coordinates": [
          [
            72.8553338,
            19.059555
          ],
          [
            72.8554223,
            19.0593608
          ],
          [
            72.8554235,
            19.0592966
          ]
        ]
      }
    },
    {
      "type": "Feature",
      "id": "osm_way_1486761833",
      "properties": {
        "osm_id": 1486761833,
        "name": "Street 1",
        "highway": "tertiary",
        "oneway": "yes",
        "surface": "asphalt",
        "lanes": "1"
      },
      "geometry": {
        "type": "LineString",
        "coordinates": [
          [
            72.8554235,
            19.0592966
          ],
          [
            72.8553718,
            19.0593442
          ],
          [
            72.8552661,
            19.0595173
          ]
        ]
      }
    },
    {
      "type": "Feature",
      "id": "osm_way_1487079384",
      "properties": {
        "osm_id": 1487079384,
        "name": "Unnamed Street",
        "highway": "tertiary_link",
        "oneway": "no",
        "surface": "asphalt",
        "lanes": "1"
      },
      "geometry": {
        "type": "LineString",
        "coordinates": [
          [
            72.8573719,
            19.0608356
          ],
          [
            72.8573376,
            19.0607965
          ]
        ]
      }
    },
    {
      "type": "Feature",
      "id": "osm_way_1492516280",
      "properties": {
        "osm_id": 1492516280,
        "name": "Unnamed Street",
        "highway": "secondary_link",
        "oneway": "no",
        "surface": "asphalt",
        "lanes": "1"
      },
      "geometry": {
        "type": "LineString",
        "coordinates": [
          [
            72.8861882,
            19.058547
          ],
          [
            72.8861027,
            19.0584892
          ]
        ]
      }
    },
    {
      "type": "Feature",
      "id": "osm_way_1492516282",
      "properties": {
        "osm_id": 1492516282,
        "name": "Unnamed Street",
        "highway": "secondary_link",
        "oneway": "no",
        "surface": "asphalt",
        "lanes": "1"
      },
      "geometry": {
        "type": "LineString",
        "coordinates": [
          [
            72.8951112,
            19.0560089
          ],
          [
            72.8949945,
            19.0560296
          ]
        ]
      }
    },
    {
      "type": "Feature",
      "id": "osm_way_1492631616",
      "properties": {
        "osm_id": 1492631616,
        "name": "Lal Bahadur Shastri Marg",
        "highway": "primary",
        "oneway": "yes",
        "surface": "concrete",
        "lanes": "1"
      },
      "geometry": {
        "type": "LineString",
        "coordinates": [
          [
            72.8845116,
            19.0843304
          ],
          [
            72.8839941,
            19.0841451
          ],
          [
            72.8833565,
            19.0839169
          ],
          [
            72.8831052,
            19.0837774
          ],
          [
            72.8829235,
            19.0836536
          ],
          [
            72.8826938,
            19.0834459
          ]
        ]
      }
    },
    {
      "type": "Feature",
      "id": "osm_way_1492631617",
      "properties": {
        "osm_id": 1492631617,
        "name": "Lal Bahadur Shastri Marg",
        "highway": "primary",
        "oneway": "yes",
        "surface": "concrete",
        "lanes": "1"
      },
      "geometry": {
        "type": "LineString",
        "coordinates": [
          [
            72.8826938,
            19.0834459
          ],
          [
            72.8826535,
            19.0833812
          ]
        ]
      }
    },
    {
      "type": "Feature",
      "id": "osm_way_1492631618",
      "properties": {
        "osm_id": 1492631618,
        "name": "Lal Bahadur Shastri Marg",
        "highway": "primary",
        "oneway": "yes",
        "surface": "concrete",
        "lanes": "1"
      },
      "geometry": {
        "type": "LineString",
        "coordinates": [
          [
            72.8826477,
            19.0834973
          ],
          [
            72.8827775,
            19.0836324
          ],
          [
            72.8828623,
            19.0837249
          ],
          [
            72.8829143,
            19.0837553
          ],
          [
            72.8833798,
            19.0840276
          ],
          [
            72.8841461,
            19.0842919
          ],
          [
            72.8845012,
            19.08442
          ]
        ]
      }
    },
    {
      "type": "Feature",
      "id": "osm_way_1492631619",
      "properties": {
        "osm_id": 1492631619,
        "name": "Lal Bahadur Shastri Marg",
        "highway": "primary",
        "oneway": "yes",
        "surface": "concrete",
        "lanes": "1"
      },
      "geometry": {
        "type": "LineString",
        "coordinates": [
          [
            72.8825847,
            19.0834118
          ],
          [
            72.8826477,
            19.0834973
          ]
        ]
      }
    },
    {
      "type": "Feature",
      "id": "osm_way_1493006135",
      "properties": {
        "osm_id": 1493006135,
        "name": "Unnamed Street",
        "highway": "secondary_link",
        "oneway": "no",
        "surface": "asphalt",
        "lanes": "1"
      },
      "geometry": {
        "type": "LineString",
        "coordinates": [
          [
            72.8841334,
            19.0613381
          ],
          [
            72.8840496,
            19.0612658
          ]
        ]
      }
    },
    {
      "type": "Feature",
      "id": "osm_way_1493006138",
      "properties": {
        "osm_id": 1493006138,
        "name": "Unnamed Street",
        "highway": "secondary_link",
        "oneway": "no",
        "surface": "asphalt",
        "lanes": "1"
      },
      "geometry": {
        "type": "LineString",
        "coordinates": [
          [
            72.8818914,
            19.0637252
          ],
          [
            72.8819638,
            19.0637829
          ]
        ]
      }
    },
    {
      "type": "Feature",
      "id": "osm_way_1493808390",
      "properties": {
        "osm_id": 1493808390,
        "name": "Unnamed Street",
        "highway": "tertiary_link",
        "oneway": "no",
        "surface": "asphalt",
        "lanes": "1"
      },
      "geometry": {
        "type": "LineString",
        "coordinates": [
          [
            72.8839,
            19.0565477
          ],
          [
            72.8839591,
            19.0564743
          ]
        ]
      }
    },
    {
      "type": "Feature",
      "id": "osm_way_1493808391",
      "properties": {
        "osm_id": 1493808391,
        "name": "Unnamed Street",
        "highway": "tertiary_link",
        "oneway": "no",
        "surface": "asphalt",
        "lanes": "1"
      },
      "geometry": {
        "type": "LineString",
        "coordinates": [
          [
            72.884396,
            19.0567771
          ],
          [
            72.8843467,
            19.0568365
          ]
        ]
      }
    },
    {
      "type": "Feature",
      "id": "osm_way_1493808392",
      "properties": {
        "osm_id": 1493808392,
        "name": "Unnamed Street",
        "highway": "tertiary_link",
        "oneway": "no",
        "surface": "asphalt",
        "lanes": "1"
      },
      "geometry": {
        "type": "LineString",
        "coordinates": [
          [
            72.8847711,
            19.0573334
          ],
          [
            72.8848504,
            19.0572803
          ]
        ]
      }
    },
    {
      "type": "Feature",
      "id": "osm_way_1493808393",
      "properties": {
        "osm_id": 1493808393,
        "name": "Unnamed Street",
        "highway": "tertiary_link",
        "oneway": "no",
        "surface": "asphalt",
        "lanes": "1"
      },
      "geometry": {
        "type": "LineString",
        "coordinates": [
          [
            72.8848741,
            19.057466
          ],
          [
            72.8849527,
            19.0574128
          ]
        ]
      }
    },
    {
      "type": "Feature",
      "id": "osm_way_1493808394",
      "properties": {
        "osm_id": 1493808394,
        "name": "Unnamed Street",
        "highway": "tertiary_link",
        "oneway": "no",
        "surface": "asphalt",
        "lanes": "1"
      },
      "geometry": {
        "type": "LineString",
        "coordinates": [
          [
            72.8850678,
            19.0577155
          ],
          [
            72.8851455,
            19.0576628
          ]
        ]
      }
    },
    {
      "type": "Feature",
      "id": "osm_way_1493808395",
      "properties": {
        "osm_id": 1493808395,
        "name": "Unnamed Street",
        "highway": "tertiary_link",
        "oneway": "no",
        "surface": "asphalt",
        "lanes": "1"
      },
      "geometry": {
        "type": "LineString",
        "coordinates": [
          [
            72.8853527,
            19.0580868
          ],
          [
            72.8854281,
            19.0580343
          ]
        ]
      }
    },
    {
      "type": "Feature",
      "id": "osm_way_1493808396",
      "properties": {
        "osm_id": 1493808396,
        "name": "Unnamed Street",
        "highway": "tertiary_link",
        "oneway": "no",
        "surface": "asphalt",
        "lanes": "1"
      },
      "geometry": {
        "type": "LineString",
        "coordinates": [
          [
            72.8854738,
            19.0582416
          ],
          [
            72.8855522,
            19.058188
          ]
        ]
      }
    },
    {
      "type": "Feature",
      "id": "osm_way_1493808397",
      "properties": {
        "osm_id": 1493808397,
        "name": "Unnamed Street",
        "highway": "tertiary_link",
        "oneway": "no",
        "surface": "asphalt",
        "lanes": "1"
      },
      "geometry": {
        "type": "LineString",
        "coordinates": [
          [
            72.8857213,
            19.0585578
          ],
          [
            72.8858064,
            19.0585028
          ]
        ]
      }
    },
    {
      "type": "Feature",
      "id": "osm_way_1497913369",
      "properties": {
        "osm_id": 1497913369,
        "name": "Lal Bahadur Shastri Marg",
        "highway": "primary",
        "oneway": "yes",
        "surface": "concrete",
        "lanes": "1"
      },
      "geometry": {
        "type": "LineString",
        "coordinates": [
          [
            72.8904181,
            19.0846428
          ],
          [
            72.8894356,
            19.0847547
          ],
          [
            72.8884879,
            19.0848626
          ]
        ]
      }
    },
    {
      "type": "Feature",
      "id": "osm_way_1497928387",
      "properties": {
        "osm_id": 1497928387,
        "name": "Nathani Road",
        "highway": "tertiary",
        "oneway": "yes",
        "surface": "asphalt",
        "lanes": "1"
      },
      "geometry": {
        "type": "LineString",
        "coordinates": [
          [
            72.89256,
            19.0814367
          ],
          [
            72.8923044,
            19.0813478
          ],
          [
            72.8920551,
            19.0812784
          ],
          [
            72.8919981,
            19.0812645
          ],
          [
            72.8918414,
            19.0812117
          ],
          [
            72.8918195,
            19.081204
          ],
          [
            72.8915266,
            19.0811002
          ],
          [
            72.8911889,
            19.0809886
          ],
          [
            72.8906916,
            19.0808391
          ],
          [
            72.8902872,
            19.080719
          ],
          [
            72.8900176,
            19.0806426
          ],
          [
            72.8899434,
            19.080616
          ],
          [
            72.8898378,
            19.0805782
          ],
          [
            72.8897085,
            19.0805433
          ],
          [
            72.8896058,
            19.080522
          ],
          [
            72.8895407,
            19.0805184
          ],
          [
            72.8895199,
            19.0805212
          ],
          [
            72.889486,
            19.0805264
          ]
        ]
      }
    },
    {
      "type": "Feature",
      "id": "osm_way_1497934383",
      "properties": {
        "osm_id": 1497934383,
        "name": "Nathani Road",
        "highway": "tertiary",
        "oneway": "yes",
        "surface": "asphalt",
        "lanes": "1"
      },
      "geometry": {
        "type": "LineString",
        "coordinates": [
          [
            72.8932018,
            19.0816761
          ],
          [
            72.8931605,
            19.0816613
          ],
          [
            72.89256,
            19.0814367
          ]
        ]
      }
    },
    {
      "type": "Feature",
      "id": "osm_way_1497949067",
      "properties": {
        "osm_id": 1497949067,
        "name": "Nathani Road",
        "highway": "tertiary",
        "oneway": "yes",
        "surface": "asphalt",
        "lanes": "1"
      },
      "geometry": {
        "type": "LineString",
        "coordinates": [
          [
            72.8953311,
            19.0801427
          ],
          [
            72.8953687,
            19.0801606
          ],
          [
            72.8954832,
            19.0802176
          ],
          [
            72.8959898,
            19.080467
          ],
          [
            72.8962084,
            19.0805746
          ],
          [
            72.8962724,
            19.0806061
          ]
        ]
      }
    },
    {
      "type": "Feature",
      "id": "osm_way_1498008167",
      "properties": {
        "osm_id": 1498008167,
        "name": "Unnamed Street",
        "highway": "tertiary_link",
        "oneway": "no",
        "surface": "asphalt",
        "lanes": "1"
      },
      "geometry": {
        "type": "LineString",
        "coordinates": [
          [
            72.8897053,
            19.0806143
          ],
          [
            72.8897085,
            19.0805433
          ]
        ]
      }
    },
    {
      "type": "Feature",
      "id": "osm_way_1498008168",
      "properties": {
        "osm_id": 1498008168,
        "name": "Unnamed Street",
        "highway": "tertiary_link",
        "oneway": "no",
        "surface": "asphalt",
        "lanes": "1"
      },
      "geometry": {
        "type": "LineString",
        "coordinates": [
          [
            72.8902668,
            19.080775
          ],
          [
            72.8902872,
            19.080719
          ]
        ]
      }
    },
    {
      "type": "Feature",
      "id": "osm_way_1498008169",
      "properties": {
        "osm_id": 1498008169,
        "name": "Unnamed Street",
        "highway": "tertiary_link",
        "oneway": "no",
        "surface": "asphalt",
        "lanes": "1"
      },
      "geometry": {
        "type": "LineString",
        "coordinates": [
          [
            72.89067,
            19.0808956
          ],
          [
            72.8906916,
            19.0808391
          ]
        ]
      }
    },
    {
      "type": "Feature",
      "id": "osm_way_1498008170",
      "properties": {
        "osm_id": 1498008170,
        "name": "Unnamed Street",
        "highway": "tertiary_link",
        "oneway": "no",
        "surface": "asphalt",
        "lanes": "1"
      },
      "geometry": {
        "type": "LineString",
        "coordinates": [
          [
            72.8911889,
            19.0809886
          ],
          [
            72.8911722,
            19.0810426
          ]
        ]
      }
    },
    {
      "type": "Feature",
      "id": "osm_way_1498008173",
      "properties": {
        "osm_id": 1498008173,
        "name": "Unnamed Street",
        "highway": "tertiary_link",
        "oneway": "no",
        "surface": "asphalt",
        "lanes": "1"
      },
      "geometry": {
        "type": "LineString",
        "coordinates": [
          [
            72.8922793,
            19.0814095
          ],
          [
            72.8923044,
            19.0813478
          ]
        ]
      }
    },
    {
      "type": "Feature",
      "id": "osm_way_1498008174",
      "properties": {
        "osm_id": 1498008174,
        "name": "Unnamed Street",
        "highway": "tertiary_link",
        "oneway": "no",
        "surface": "asphalt",
        "lanes": "1"
      },
      "geometry": {
        "type": "LineString",
        "coordinates": [
          [
            72.8945393,
            19.0821644
          ],
          [
            72.8945577,
            19.0821261
          ]
        ]
      }
    },
    {
      "type": "Feature",
      "id": "osm_way_1498094275",
      "properties": {
        "osm_id": 1498094275,
        "name": "Unnamed Street",
        "highway": "tertiary_link",
        "oneway": "no",
        "surface": "asphalt",
        "lanes": "1"
      },
      "geometry": {
        "type": "LineString",
        "coordinates": [
          [
            72.8927677,
            19.079094
          ],
          [
            72.8927935,
            19.0790467
          ]
        ]
      }
    },
    {
      "type": "Feature",
      "id": "osm_way_1498094278",
      "properties": {
        "osm_id": 1498094278,
        "name": "Unnamed Street",
        "highway": "tertiary_link",
        "oneway": "no",
        "surface": "asphalt",
        "lanes": "1"
      },
      "geometry": {
        "type": "LineString",
        "coordinates": [
          [
            72.8940369,
            19.0796077
          ],
          [
            72.8940618,
            19.0795514
          ]
        ]
      }
    },
    {
      "type": "Feature",
      "id": "osm_way_1498098005",
      "properties": {
        "osm_id": 1498098005,
        "name": "Nathani Road",
        "highway": "tertiary",
        "oneway": "yes",
        "surface": "asphalt",
        "lanes": "1"
      },
      "geometry": {
        "type": "LineString",
        "coordinates": [
          [
            72.8933077,
            19.081714
          ],
          [
            72.8932018,
            19.0816761
          ]
        ]
      }
    },
    {
      "type": "Feature",
      "id": "osm_way_1498597359",
      "properties": {
        "osm_id": 1498597359,
        "name": "Unnamed Street",
        "highway": "tertiary_link",
        "oneway": "no",
        "surface": "asphalt",
        "lanes": "1"
      },
      "geometry": {
        "type": "LineString",
        "coordinates": [
          [
            72.8917994,
            19.0812539
          ],
          [
            72.8918195,
            19.081204
          ]
        ]
      }
    },
    {
      "type": "Feature",
      "id": "osm_way_1498800996",
      "properties": {
        "osm_id": 1498800996,
        "name": "Unnamed Street",
        "highway": "tertiary_link",
        "oneway": "no",
        "surface": "asphalt",
        "lanes": "1"
      },
      "geometry": {
        "type": "LineString",
        "coordinates": [
          [
            72.8888695,
            19.0763585
          ],
          [
            72.8889384,
            19.076281
          ]
        ]
      }
    },
    {
      "type": "Feature",
      "id": "osm_way_1498800997",
      "properties": {
        "osm_id": 1498800997,
        "name": "Unnamed Street",
        "highway": "tertiary_link",
        "oneway": "no",
        "surface": "asphalt",
        "lanes": "1"
      },
      "geometry": {
        "type": "LineString",
        "coordinates": [
          [
            72.8882324,
            19.0757504
          ],
          [
            72.88817,
            19.0758222
          ]
        ]
      }
    },
    {
      "type": "Feature",
      "id": "osm_way_1498800998",
      "properties": {
        "osm_id": 1498800998,
        "name": "Unnamed Street",
        "highway": "tertiary_link",
        "oneway": "no",
        "surface": "asphalt",
        "lanes": "1"
      },
      "geometry": {
        "type": "LineString",
        "coordinates": [
          [
            72.8855989,
            19.0737756
          ],
          [
            72.8856492,
            19.0737256
          ]
        ]
      }
    },
    {
      "type": "Feature",
      "id": "osm_way_1502383380",
      "properties": {
        "osm_id": 1502383380,
        "name": "Bandra Kurla Complex Road",
        "highway": "primary",
        "oneway": "yes",
        "surface": "concrete",
        "lanes": "3"
      },
      "geometry": {
        "type": "LineString",
        "coordinates": [
          [
            72.8595787,
            19.0624565
          ],
          [
            72.8595009,
            19.0621323
          ]
        ]
      }
    },
    {
      "type": "Feature",
      "id": "osm_way_1502383382",
      "properties": {
        "osm_id": 1502383382,
        "name": "Bandra Kurla Complex Road",
        "highway": "primary",
        "oneway": "yes",
        "surface": "concrete",
        "lanes": "3"
      },
      "geometry": {
        "type": "LineString",
        "coordinates": [
          [
            72.8595962,
            19.0625283
          ],
          [
            72.8595787,
            19.0624565
          ]
        ]
      }
    },
    {
      "type": "Feature",
      "id": "osm_way_1502383384",
      "properties": {
        "osm_id": 1502383384,
        "name": "Bandra Kurla Complex Road",
        "highway": "primary",
        "oneway": "yes",
        "surface": "concrete",
        "lanes": "3"
      },
      "geometry": {
        "type": "LineString",
        "coordinates": [
          [
            72.8594183,
            19.0625151
          ],
          [
            72.8594359,
            19.0625754
          ]
        ]
      }
    },
    {
      "type": "Feature",
      "id": "osm_way_1502383385",
      "properties": {
        "osm_id": 1502383385,
        "name": "Bandra Kurla Complex Road",
        "highway": "primary",
        "oneway": "yes",
        "surface": "concrete",
        "lanes": "3"
      },
      "geometry": {
        "type": "LineString",
        "coordinates": [
          [
            72.859515,
            19.0628925
          ],
          [
            72.8595464,
            19.062994
          ],
          [
            72.8596366,
            19.0631949
          ],
          [
            72.8597208,
            19.0633683
          ],
          [
            72.8598377,
            19.0635515
          ],
          [
            72.8600079,
            19.0637841
          ],
          [
            72.8601515,
            19.0639562
          ],
          [
            72.860266,
            19.0640978
          ],
          [
            72.8603224,
            19.0641359
          ],
          [
            72.8603561,
            19.0641586
          ],
          [
            72.8604158,
            19.0642176
          ],
          [
            72.8605695,
            19.0643416
          ],
          [
            72.8606732,
            19.0644131
          ],
          [
            72.8607847,
            19.0644899
          ],
          [
            72.8607914,
            19.0644945
          ],
          [
            72.8610512,
            19.0646558
          ],
          [
            72.8612057,
            19.0647517
          ],
          [
            72.8613917,
            19.0648672
          ],
          [
            72.8618647,
            19.0651609
          ],
          [
            72.8620802,
            19.0652947
          ]
        ]
      }
    },
    {
      "type": "Feature",
      "id": "osm_way_1508106703",
      "properties": {
        "osm_id": 1508106703,
        "name": "S G Barve Marg (C S T Road)",
        "highway": "secondary",
        "oneway": "yes",
        "surface": "asphalt",
        "lanes": "1"
      },
      "geometry": {
        "type": "LineString",
        "coordinates": [
          [
            72.8844858,
            19.0607299
          ],
          [
            72.8844729,
            19.0607458
          ]
        ]
      }
    },
    {
      "type": "Feature",
      "id": "osm_way_1508106704",
      "properties": {
        "osm_id": 1508106704,
        "name": "SG Barve Marg",
        "highway": "secondary",
        "oneway": "yes",
        "surface": "asphalt",
        "lanes": "1"
      },
      "geometry": {
        "type": "LineString",
        "coordinates": [
          [
            72.8845808,
            19.0608376
          ],
          [
            72.8845983,
            19.0608133
          ]
        ]
      }
    },
    {
      "type": "Feature",
      "id": "osm_way_1508106705",
      "properties": {
        "osm_id": 1508106705,
        "name": "S G Barve Marg (C S T Road)",
        "highway": "secondary",
        "oneway": "yes",
        "surface": "asphalt",
        "lanes": "1"
      },
      "geometry": {
        "type": "LineString",
        "coordinates": [
          [
            72.8843104,
            19.0609475
          ],
          [
            72.8843002,
            19.0609601
          ]
        ]
      }
    },
    {
      "type": "Feature",
      "id": "osm_way_1508106706",
      "properties": {
        "osm_id": 1508106706,
        "name": "Unnamed Street",
        "highway": "secondary_link",
        "oneway": "no",
        "surface": "asphalt",
        "lanes": "1"
      },
      "geometry": {
        "type": "LineString",
        "coordinates": [
          [
            72.884397,
            19.06084
          ],
          [
            72.8845038,
            19.0609148
          ]
        ]
      }
    },
    {
      "type": "Feature",
      "id": "osm_way_1508106707",
      "properties": {
        "osm_id": 1508106707,
        "name": "Unnamed Street",
        "highway": "tertiary_link",
        "oneway": "no",
        "surface": "asphalt",
        "lanes": "1"
      },
      "geometry": {
        "type": "LineString",
        "coordinates": [
          [
            72.8831486,
            19.0620592
          ],
          [
            72.8831966,
            19.0619992
          ]
        ]
      }
    },
    {
      "type": "Feature",
      "id": "osm_way_1508106708",
      "properties": {
        "osm_id": 1508106708,
        "name": "Unnamed Street",
        "highway": "tertiary_link",
        "oneway": "no",
        "surface": "asphalt",
        "lanes": "1"
      },
      "geometry": {
        "type": "LineString",
        "coordinates": [
          [
            72.8813394,
            19.0608288
          ],
          [
            72.8813521,
            19.0607722
          ]
        ]
      }
    },
    {
      "type": "Feature",
      "id": "osm_way_1508223742",
      "properties": {
        "osm_id": 1508223742,
        "name": "Unnamed Street",
        "highway": "tertiary_link",
        "oneway": "no",
        "surface": "asphalt",
        "lanes": "1"
      },
      "geometry": {
        "type": "LineString",
        "coordinates": [
          [
            72.8898088,
            19.0575447
          ],
          [
            72.8898849,
            19.0575643
          ]
        ]
      }
    },
    {
      "type": "Feature",
      "id": "osm_way_1508223743",
      "properties": {
        "osm_id": 1508223743,
        "name": "Unnamed Street",
        "highway": "tertiary_link",
        "oneway": "no",
        "surface": "asphalt",
        "lanes": "1"
      },
      "geometry": {
        "type": "LineString",
        "coordinates": [
          [
            72.8898557,
            19.0563371
          ],
          [
            72.8898849,
            19.056296
          ]
        ]
      }
    },
    {
      "type": "Feature",
      "id": "osm_way_1508223744",
      "properties": {
        "osm_id": 1508223744,
        "name": "Unnamed Street",
        "highway": "tertiary_link",
        "oneway": "no",
        "surface": "asphalt",
        "lanes": "1"
      },
      "geometry": {
        "type": "LineString",
        "coordinates": [
          [
            72.8894597,
            19.056106
          ],
          [
            72.8894922,
            19.0560623
          ]
        ]
      }
    },
    {
      "type": "Feature",
      "id": "osm_way_1509137732",
      "properties": {
        "osm_id": 1509137732,
        "name": "Unnamed Street",
        "highway": "tertiary_link",
        "oneway": "no",
        "surface": "asphalt",
        "lanes": "1"
      },
      "geometry": {
        "type": "LineString",
        "coordinates": [
          [
            72.8836814,
            19.0856941
          ],
          [
            72.8837361,
            19.0856858
          ]
        ]
      }
    },
    {
      "type": "Feature",
      "id": "osm_way_1509137733",
      "properties": {
        "osm_id": 1509137733,
        "name": "Unnamed Street",
        "highway": "tertiary_link",
        "oneway": "no",
        "surface": "asphalt",
        "lanes": "1"
      },
      "geometry": {
        "type": "LineString",
        "coordinates": [
          [
            72.8840929,
            19.0875929
          ],
          [
            72.8841246,
            19.0875854
          ]
        ]
      }
    },
    {
      "type": "Feature",
      "id": "osm_way_1509137734",
      "properties": {
        "osm_id": 1509137734,
        "name": "Unnamed Street",
        "highway": "tertiary_link",
        "oneway": "no",
        "surface": "asphalt",
        "lanes": "1"
      },
      "geometry": {
        "type": "LineString",
        "coordinates": [
          [
            72.8841576,
            19.0879126
          ],
          [
            72.8841875,
            19.0879092
          ]
        ]
      }
    },
    {
      "type": "Feature",
      "id": "osm_way_1509137736",
      "properties": {
        "osm_id": 1509137736,
        "name": "Unnamed Street",
        "highway": "tertiary_link",
        "oneway": "no",
        "surface": "asphalt",
        "lanes": "1"
      },
      "geometry": {
        "type": "LineString",
        "coordinates": [
          [
            72.8843333,
            19.0887748
          ],
          [
            72.8843665,
            19.0887678
          ]
        ]
      }
    },
    {
      "type": "Feature",
      "id": "osm_way_1509137738",
      "properties": {
        "osm_id": 1509137738,
        "name": "Unnamed Street",
        "highway": "tertiary_link",
        "oneway": "no",
        "surface": "asphalt",
        "lanes": "1"
      },
      "geometry": {
        "type": "LineString",
        "coordinates": [
          [
            72.884461,
            19.0893669
          ],
          [
            72.8844894,
            19.0893609
          ]
        ]
      }
    },
    {
      "type": "Feature",
      "id": "osm_way_1509555856",
      "properties": {
        "osm_id": 1509555856,
        "name": "Unnamed Street",
        "highway": "trunk_link",
        "oneway": "no",
        "surface": "asphalt",
        "lanes": "1"
      },
      "geometry": {
        "type": "LineString",
        "coordinates": [
          [
            72.8722225,
            19.0751153
          ],
          [
            72.8723356,
            19.0749017
          ]
        ]
      }
    },
    {
      "type": "Feature",
      "id": "osm_way_1509555857",
      "properties": {
        "osm_id": 1509555857,
        "name": "Unnamed Street",
        "highway": "trunk",
        "oneway": "yes",
        "surface": "asphalt",
        "lanes": "1"
      },
      "geometry": {
        "type": "LineString",
        "coordinates": [
          [
            72.8719734,
            19.074757
          ],
          [
            72.8714159,
            19.0745216
          ]
        ]
      }
    },
    {
      "type": "Feature",
      "id": "osm_way_1509555858",
      "properties": {
        "osm_id": 1509555858,
        "name": "Unnamed Street",
        "highway": "trunk",
        "oneway": "yes",
        "surface": "asphalt",
        "lanes": "1"
      },
      "geometry": {
        "type": "LineString",
        "coordinates": [
          [
            72.8714159,
            19.0745216
          ],
          [
            72.8713575,
            19.0744759
          ]
        ]
      }
    },
    {
      "type": "Feature",
      "id": "osm_way_1509555859",
      "properties": {
        "osm_id": 1509555859,
        "name": "Unnamed Street",
        "highway": "trunk",
        "oneway": "yes",
        "surface": "asphalt",
        "lanes": "1"
      },
      "geometry": {
        "type": "LineString",
        "coordinates": [
          [
            72.8723356,
            19.0749017
          ],
          [
            72.8722901,
            19.0748979
          ],
          [
            72.8719734,
            19.074757
          ]
        ]
      }
    },
    {
      "type": "Feature",
      "id": "osm_way_1509555860",
      "properties": {
        "osm_id": 1509555860,
        "name": "Kalina Kurla Road",
        "highway": "tertiary",
        "oneway": "yes",
        "surface": "asphalt",
        "lanes": "1"
      },
      "geometry": {
        "type": "LineString",
        "coordinates": [
          [
            72.8771731,
            19.078399
          ],
          [
            72.8770838,
            19.0784047
          ],
          [
            72.8767188,
            19.0785665
          ],
          [
            72.8766186,
            19.0786152
          ]
        ]
      }
    },
    {
      "type": "Feature",
      "id": "osm_way_1509555861",
      "properties": {
        "osm_id": 1509555861,
        "name": "Kalina Kurla Road",
        "highway": "tertiary",
        "oneway": "yes",
        "surface": "asphalt",
        "lanes": "1"
      },
      "geometry": {
        "type": "LineString",
        "coordinates": [
          [
            72.8758056,
            19.0790026
          ],
          [
            72.8757088,
            19.0790473
          ],
          [
            72.8756234,
            19.0791357
          ]
        ]
      }
    },
    {
      "type": "Feature",
      "id": "osm_way_1509555862",
      "properties": {
        "osm_id": 1509555862,
        "name": "Unnamed Street",
        "highway": "tertiary",
        "oneway": "yes",
        "surface": "asphalt",
        "lanes": "1"
      },
      "geometry": {
        "type": "LineString",
        "coordinates": [
          [
            72.8758261,
            19.0790636
          ],
          [
            72.8766457,
            19.0786776
          ]
        ]
      }
    },
    {
      "type": "Feature",
      "id": "osm_way_1509555863",
      "properties": {
        "osm_id": 1509555863,
        "name": "Unnamed Street",
        "highway": "tertiary",
        "oneway": "yes",
        "surface": "asphalt",
        "lanes": "1"
      },
      "geometry": {
        "type": "LineString",
        "coordinates": [
          [
            72.8766457,
            19.0786776
          ],
          [
            72.877102,
            19.0784632
          ],
          [
            72.8771731,
            19.078399
          ]
        ]
      }
    },
    {
      "type": "Feature",
      "id": "osm_way_1509555864",
      "properties": {
        "osm_id": 1509555864,
        "name": "Unnamed Street",
        "highway": "tertiary",
        "oneway": "yes",
        "surface": "asphalt",
        "lanes": "1"
      },
      "geometry": {
        "type": "LineString",
        "coordinates": [
          [
            72.8756234,
            19.0791357
          ],
          [
            72.8757236,
            19.079114
          ],
          [
            72.8758261,
            19.0790636
          ]
        ]
      }
    },
    {
      "type": "Feature",
      "id": "osm_way_1509561293",
      "properties": {
        "osm_id": 1509561293,
        "name": "Unnamed Street",
        "highway": "primary_link",
        "oneway": "no",
        "surface": "asphalt",
        "lanes": "1"
      },
      "geometry": {
        "type": "LineString",
        "coordinates": [
          [
            72.8771945,
            19.0758299
          ],
          [
            72.8772797,
            19.0757759
          ]
        ]
      }
    },
    {
      "type": "Feature",
      "id": "osm_way_1509561294",
      "properties": {
        "osm_id": 1509561294,
        "name": "Unnamed Street",
        "highway": "secondary_link",
        "oneway": "no",
        "surface": "asphalt",
        "lanes": "1"
      },
      "geometry": {
        "type": "LineString",
        "coordinates": [
          [
            72.8712044,
            19.0733933
          ],
          [
            72.8712908,
            19.0734201
          ]
        ]
      }
    },
    {
      "type": "Feature",
      "id": "osm_way_1509668244",
      "properties": {
        "osm_id": 1509668244,
        "name": "Unnamed Street",
        "highway": "tertiary_link",
        "oneway": "no",
        "surface": "asphalt",
        "lanes": "1"
      },
      "geometry": {
        "type": "LineString",
        "coordinates": [
          [
            72.8867721,
            19.0858319
          ],
          [
            72.8868312,
            19.0858173
          ]
        ]
      }
    },
    {
      "type": "Feature",
      "id": "osm_way_1509668245",
      "properties": {
        "osm_id": 1509668245,
        "name": "Unnamed Street",
        "highway": "tertiary_link",
        "oneway": "no",
        "surface": "asphalt",
        "lanes": "1"
      },
      "geometry": {
        "type": "LineString",
        "coordinates": [
          [
            72.8866972,
            19.0855385
          ],
          [
            72.8867532,
            19.0855244
          ]
        ]
      }
    },
    {
      "type": "Feature",
      "id": "osm_way_1517014792",
      "properties": {
        "osm_id": 1517014792,
        "name": "Unnamed Street",
        "highway": "primary_link",
        "oneway": "no",
        "surface": "asphalt",
        "lanes": "1"
      },
      "geometry": {
        "type": "LineString",
        "coordinates": [
          [
            72.8735626,
            19.0630641
          ],
          [
            72.8736834,
            19.0630289
          ]
        ]
      }
    },
    {
      "type": "Feature",
      "id": "osm_way_1531896218",
      "properties": {
        "osm_id": 1531896218,
        "name": "Unnamed Street",
        "highway": "tertiary",
        "oneway": "no",
        "surface": "asphalt",
        "lanes": "1"
      },
      "geometry": {
        "type": "LineString",
        "coordinates": [
          [
            72.8929521,
            19.0690017
          ],
          [
            72.8930286,
            19.0689488
          ]
        ]
      }
    },
    {
      "type": "Feature",
      "id": "osm_way_1531896219",
      "properties": {
        "osm_id": 1531896219,
        "name": "Lokmanya Tilak Terminus Road",
        "highway": "tertiary",
        "oneway": "yes",
        "surface": "asphalt",
        "lanes": "1"
      },
      "geometry": {
        "type": "LineString",
        "coordinates": [
          [
            72.8929521,
            19.0690017
          ],
          [
            72.893062,
            19.0690326
          ]
        ]
      }
    },
    {
      "type": "Feature",
      "id": "osm_way_1531896220",
      "properties": {
        "osm_id": 1531896220,
        "name": "Unnamed Street",
        "highway": "tertiary",
        "oneway": "yes",
        "surface": "asphalt",
        "lanes": "1"
      },
      "geometry": {
        "type": "LineString",
        "coordinates": [
          [
            72.893062,
            19.0690326
          ],
          [
            72.8930286,
            19.0689488
          ]
        ]
      }
    },
    {
      "type": "Feature",
      "id": "osm_way_1531896221",
      "properties": {
        "osm_id": 1531896221,
        "name": "Lokmanya Tilak Terminus Road",
        "highway": "tertiary",
        "oneway": "yes",
        "surface": "asphalt",
        "lanes": "1"
      },
      "geometry": {
        "type": "LineString",
        "coordinates": [
          [
            72.892878,
            19.0689271
          ],
          [
            72.8929521,
            19.0690017
          ]
        ]
      }
    },
    {
      "type": "Feature",
      "id": "osm_way_1531896222",
      "properties": {
        "osm_id": 1531896222,
        "name": "Unnamed Street",
        "highway": "tertiary",
        "oneway": "yes",
        "surface": "asphalt",
        "lanes": "1"
      },
      "geometry": {
        "type": "LineString",
        "coordinates": [
          [
            72.8929801,
            19.068887
          ],
          [
            72.8929308,
            19.0688255
          ]
        ]
      }
    },
    {
      "type": "Feature",
      "id": "osm_way_1531896223",
      "properties": {
        "osm_id": 1531896223,
        "name": "Lokmanya Tilak Terminus Road",
        "highway": "tertiary",
        "oneway": "yes",
        "surface": "asphalt",
        "lanes": "1"
      },
      "geometry": {
        "type": "LineString",
        "coordinates": [
          [
            72.8927606,
            19.0688048
          ],
          [
            72.892878,
            19.0689271
          ]
        ]
      }
    }
  ]
}