{
  "type": "FeatureCollection",
  "features": [
    {
      "type": "Feature",
      "id": "osm_node_13676994257",
      "properties": {
        "osm_node_id": 13676994257,
        "name": "Ramakrishna Chemburkar Marg",
        "roads": [
          "Ramakrishna Chemburkar Marg"
        ],
        "highways": [
          "secondary",
          "secondary_link"
        ],
        "connection_count": 2
      },
      "geometry": {
        "type": "Point",
        "coordinates": [
          72.8949945,
          19.0560296
        ]
      }
    },
    {
      "type": "Feature",
      "id": "osm_node_4264598306",
      "properties": {
        "osm_node_id": 4264598306,
        "name": "Ramakrishna Chemburkar Marg & Road No 10",
        "roads": [
          "Ramakrishna Chemburkar Marg",
          "Road No 10"
        ],
        "highways": [
          "secondary"
        ],
        "connection_count": 2
      },
      "geometry": {
        "type": "Point",
        "coordinates": [
          72.8951344,
          19.0566662
        ]
      }
    },
    {
      "type": "Feature",
      "id": "osm_node_1643351856",
      "properties": {
        "osm_node_id": 1643351856,
        "name": "Postal Colony Road & Ramakrishna Chemburkar Marg",
        "roads": [
          "Postal Colony Road",
          "Ramakrishna Chemburkar Marg"
        ],
        "highways": [
          "secondary",
          "tertiary"
        ],
        "connection_count": 2
      },
      "geometry": {
        "type": "Point",
        "coordinates": [
          72.8966104,
          19.0598896
        ]
      }
    },
    {
      "type": "Feature",
      "id": "osm_node_245665303",
      "properties": {
        "osm_node_id": 245665303,
        "name": "Ramakrishna Chemburkar Marg & Road No 10",
        "roads": [
          "Ramakrishna Chemburkar Marg",
          "Road No 10"
        ],
        "highways": [
          "secondary"
        ],
        "connection_count": 4
      },
      "geometry": {
        "type": "Point",
        "coordinates": [
          72.8952415,
          19.056642
        ]
      }
    },
    {
      "type": "Feature",
      "id": "osm_node_10279771641",
      "properties": {
        "osm_node_id": 10279771641,
        "name": "S G Barve Marg (C S T Road) & Vasantarao Naik Marg",
        "roads": [
          "S G Barve Marg (C S T Road)",
          "Vasantarao Naik Marg"
        ],
        "highways": [
          "secondary",
          "tertiary"
        ],
        "connection_count": 4
      },
      "geometry": {
        "type": "Point",
        "coordinates": [
          72.8859595,
          19.0586924
        ]
      }
    },
    {
      "type": "Feature",
      "id": "osm_node_245665679",
      "properties": {
        "osm_node_id": 245665679,
        "name": "S G Barve Marg (C S T Road) & Vasantarao Naik Marg",
        "roads": [
          "S G Barve Marg (C S T Road)",
          "Vasantarao Naik Marg"
        ],
        "highways": [
          "secondary",
          "tertiary"
        ],
        "connection_count": 3
      },
      "geometry": {
        "type": "Point",
        "coordinates": [
          72.8858965,
          19.0587817
        ]
      }
    },
    {
      "type": "Feature",
      "id": "osm_node_2246471647",
      "properties": {
        "osm_node_id": 2246471647,
        "name": "Kamgar Nagar Road & S G Barve Marg (C S T Road)",
        "roads": [
          "Kamgar Nagar Road",
          "S G Barve Marg (C S T Road)"
        ],
        "highways": [
          "secondary",
          "tertiary"
        ],
        "connection_count": 2
      },
      "geometry": {
        "type": "Point",
        "coordinates": [
          72.8850696,
          19.0599369
        ]
      }
    },
    {
      "type": "Feature",
      "id": "osm_node_1654348910",
      "properties": {
        "osm_node_id": 1654348910,
        "name": "S G Barve Marg (C S T Road)",
        "roads": [
          "S G Barve Marg (C S T Road)"
        ],
        "highways": [
          "secondary",
          "tertiary"
        ],
        "connection_count": 4
      },
      "geometry": {
        "type": "Point",
        "coordinates": [
          72.8844858,
          19.0607299
        ]
      }
    },
    {
      "type": "Feature",
      "id": "osm_node_621976590",
      "properties": {
        "osm_node_id": 621976590,
        "name": "Air India Road",
        "roads": [
          "Air India Road"
        ],
        "highways": [
          "tertiary"
        ],
        "connection_count": 3
      },
      "geometry": {
        "type": "Point",
        "coordinates": [
          72.8599596,
          19.0849445
        ]
      }
    },
    {
      "type": "Feature",
      "id": "osm_node_245668366",
      "properties": {
        "osm_node_id": 245668366,
        "name": "Air India Road & Jawaharlal Nehru Road & Kalina Kurla Road",
        "roads": [
          "Air India Road",
          "Jawaharlal Nehru Road",
          "Kalina Kurla Road"
        ],
        "highways": [
          "tertiary"
        ],
        "connection_count": 3
      },
      "geometry": {
        "type": "Point",
        "coordinates": [
          72.8703766,
          19.0816474
        ]
      }
    },
    {
      "type": "Feature",
      "id": "osm_node_1366009000",
      "properties": {
        "osm_node_id": 1366009000,
        "name": "A H Wadia Marg & S G Barve Marg",
        "roads": [
          "A H Wadia Marg",
          "S G Barve Marg"
        ],
        "highways": [
          "tertiary"
        ],
        "connection_count": 2
      },
      "geometry": {
        "type": "Point",
        "coordinates": [
          72.877716,
          19.0668239
        ]
      }
    },
    {
      "type": "Feature",
      "id": "osm_node_1366008980",
      "properties": {
        "osm_node_id": 1366008980,
        "name": "S G Barve Marg",
        "roads": [
          "S G Barve Marg"
        ],
        "highways": [
          "tertiary"
        ],
        "connection_count": 2
      },
      "geometry": {
        "type": "Point",
        "coordinates": [
          72.8790426,
          19.0658596
        ]
      }
    },
    {
      "type": "Feature",
      "id": "osm_node_1366008998",
      "properties": {
        "osm_node_id": 1366008998,
        "name": "S G Barve Marg",
        "roads": [
          "S G Barve Marg"
        ],
        "highways": [
          "tertiary"
        ],
        "connection_count": 3
      },
      "geometry": {
        "type": "Point",
        "coordinates": [
          72.8794655,
          19.0665517
        ]
      }
    },
    {
      "type": "Feature",
      "id": "osm_node_10653592689",
      "properties": {
        "osm_node_id": 10653592689,
        "name": "Jawaharlal Nehru Road",
        "roads": [
          "Jawaharlal Nehru Road"
        ],
        "highways": [
          "secondary"
        ],
        "connection_count": 3
      },
      "geometry": {
        "type": "Point",
        "coordinates": [
          72.8587181,
          19.0819093
        ]
      }
    },
    {
      "type": "Feature",
      "id": "osm_node_245668039",
      "properties": {
        "osm_node_id": 245668039,
        "name": "Jawaharlal Nehru Road",
        "roads": [
          "Jawaharlal Nehru Road"
        ],
        "highways": [
          "secondary",
          "secondary_link"
        ],
        "connection_count": 2
      },
      "geometry": {
        "type": "Point",
        "coordinates": [
          72.8622756,
          19.0778377
        ]
      }
    },
    {
      "type": "Feature",
      "id": "osm_node_7404711447",
      "properties": {
        "osm_node_id": 7404711447,
        "name": "Jawaharlal Nehru Road & Vidya Nagari Marg",
        "roads": [
          "Jawaharlal Nehru Road",
          "Vidya Nagari Marg"
        ],
        "highways": [
          "secondary"
        ],
        "connection_count": 3
      },
      "geometry": {
        "type": "Point",
        "coordinates": [
          72.8624528,
          19.0778083
        ]
      }
    },
    {
      "type": "Feature",
      "id": "osm_node_2622177292",
      "properties": {
        "osm_node_id": 2622177292,
        "name": "Kalina Kurla Road & Lal Bahadur Shastri Marg",
        "roads": [
          "Kalina Kurla Road",
          "Lal Bahadur Shastri Marg"
        ],
        "highways": [
          "primary",
          "tertiary"
        ],
        "connection_count": 4
      },
      "geometry": {
        "type": "Point",
        "coordinates": [
          72.8787234,
          19.0777927
        ]
      }
    },
    {
      "type": "Feature",
      "id": "osm_node_13799110877",
      "properties": {
        "osm_node_id": 13799110877,
        "name": "Kalina Kurla Road",
        "roads": [
          "Kalina Kurla Road"
        ],
        "highways": [
          "tertiary"
        ],
        "connection_count": 3
      },
      "geometry": {
        "type": "Point",
        "coordinates": [
          72.8771731,
          19.078399
        ]
      }
    },
    {
      "type": "Feature",
      "id": "osm_node_2897024651",
      "properties": {
        "osm_node_id": 2897024651,
        "name": "Bandra Kurla Complex Road & Street 5",
        "roads": [
          "Bandra Kurla Complex Road",
          "Street 5"
        ],
        "highways": [
          "primary",
          "tertiary"
        ],
        "connection_count": 3
      },
      "geometry": {
        "type": "Point",
        "coordinates": [
          72.8622599,
          19.0652128
        ]
      }
    },
    {
      "type": "Feature",
      "id": "osm_node_245666371",
      "properties": {
        "osm_node_id": 245666371,
        "name": "Street 5",
        "roads": [
          "Street 5"
        ],
        "highways": [
          "tertiary"
        ],
        "connection_count": 2
      },
      "geometry": {
        "type": "Point",
        "coordinates": [
          72.8634676,
          19.0641719
        ]
      }
    },
    {
      "type": "Feature",
      "id": "osm_node_245666141",
      "properties": {
        "osm_node_id": 245666141,
        "name": "Avenue 3: Lane 3 & Street 5",
        "roads": [
          "Avenue 3: Lane 3",
          "Street 5"
        ],
        "highways": [
          "secondary",
          "tertiary"
        ],
        "connection_count": 2
      },
      "geometry": {
        "type": "Point",
        "coordinates": [
          72.8650215,
          19.0628669
        ]
      }
    },
    {
      "type": "Feature",
      "id": "osm_node_2897024627",
      "properties": {
        "osm_node_id": 2897024627,
        "name": "Avenue 3: Lane 3 & Street 5",
        "roads": [
          "Avenue 3: Lane 3",
          "Street 5"
        ],
        "highways": [
          "secondary",
          "tertiary"
        ],
        "connection_count": 2
      },
      "geometry": {
        "type": "Point",
        "coordinates": [
          72.8651286,
          19.0628348
        ]
      }
    },
    {
      "type": "Feature",
      "id": "osm_node_631525438",
      "properties": {
        "osm_node_id": 631525438,
        "name": "Bandra Kurla Complex Road & Street 7",
        "roads": [
          "Bandra Kurla Complex Road",
          "Street 7"
        ],
        "highways": [
          "primary",
          "secondary"
        ],
        "connection_count": 2
      },
      "geometry": {
        "type": "Point",
        "coordinates": [
          72.8652769,
          19.0672793
        ]
      }
    },
    {
      "type": "Feature",
      "id": "osm_node_245666966",
      "properties": {
        "osm_node_id": 245666966,
        "name": "Bandra Kurla Complex Road & Street 7",
        "roads": [
          "Bandra Kurla Complex Road",
          "Street 7"
        ],
        "highways": [
          "primary",
          "secondary"
        ],
        "connection_count": 2
      },
      "geometry": {
        "type": "Point",
        "coordinates": [
          72.8653978,
          19.0671608
        ]
      }
    },
    {
      "type": "Feature",
      "id": "osm_node_10279771631",
      "properties": {
        "osm_node_id": 10279771631,
        "name": "Street 7",
        "roads": [
          "Street 7"
        ],
        "highways": [
          "primary_link",
          "secondary"
        ],
        "connection_count": 2
      },
      "geometry": {
        "type": "Point",
        "coordinates": [
          72.8657184,
          19.066865
        ]
      }
    },
    {
      "type": "Feature",
      "id": "osm_node_2897024696",
      "properties": {
        "osm_node_id": 2897024696,
        "name": "Avenue 3: Lane 3 & Street 7",
        "roads": [
          "Avenue 3: Lane 3",
          "Street 7"
        ],
        "highways": [
          "secondary"
        ],
        "connection_count": 3
      },
      "geometry": {
        "type": "Point",
        "coordinates": [
          72.8664872,
          19.0661686
        ]
      }
    },
    {
      "type": "Feature",
      "id": "osm_node_2897024803",
      "properties": {
        "osm_node_id": 2897024803,
        "name": "Kanzul Iman Road",
        "roads": [
          "Kanzul Iman Road"
        ],
        "highways": [
          "tertiary"
        ],
        "connection_count": 2
      },
      "geometry": {
        "type": "Point",
        "coordinates": [
          72.8674929,
          19.0704014
        ]
      }
    },
    {
      "type": "Feature",
      "id": "osm_node_7366043800",
      "properties": {
        "osm_node_id": 7366043800,
        "name": "Kanzul Iman Road",
        "roads": [
          "Kanzul Iman Road"
        ],
        "highways": [
          "tertiary"
        ],
        "connection_count": 3
      },
      "geometry": {
        "type": "Point",
        "coordinates": [
          72.8702595,
          19.0720434
        ]
      }
    },
    {
      "type": "Feature",
      "id": "osm_node_9469495782",
      "properties": {
        "osm_node_id": 9469495782,
        "name": "Avenue 3: Lane 3 & Street 7",
        "roads": [
          "Avenue 3: Lane 3",
          "Street 7"
        ],
        "highways": [
          "secondary"
        ],
        "connection_count": 3
      },
      "geometry": {
        "type": "Point",
        "coordinates": [
          72.8664307,
          19.0661162
        ]
      }
    },
    {
      "type": "Feature",
      "id": "osm_node_2897024737",
      "properties": {
        "osm_node_id": 2897024737,
        "name": "Bandra Kurla Complex Road & Street 7",
        "roads": [
          "Bandra Kurla Complex Road",
          "Street 7"
        ],
        "highways": [
          "primary",
          "secondary"
        ],
        "connection_count": 2
      },
      "geometry": {
        "type": "Point",
        "coordinates": [
          72.8653326,
          19.0671204
        ]
      }
    },
    {
      "type": "Feature",
      "id": "osm_node_2897024742",
      "properties": {
        "osm_node_id": 2897024742,
        "name": "Bandra Kurla Complex Road & Street 7",
        "roads": [
          "Bandra Kurla Complex Road",
          "Street 7"
        ],
        "highways": [
          "primary",
          "secondary"
        ],
        "connection_count": 2
      },
      "geometry": {
        "type": "Point",
        "coordinates": [
          72.8651975,
          19.0672299
        ]
      }
    },
    {
      "type": "Feature",
      "id": "osm_node_245666041",
      "properties": {
        "osm_node_id": 245666041,
        "name": "Avenue 5",
        "roads": [
          "Avenue 5"
        ],
        "highways": [
          "tertiary"
        ],
        "connection_count": 2
      },
      "geometry": {
        "type": "Point",
        "coordinates": [
          72.8690073,
          19.0621606
        ]
      }
    },
    {
      "type": "Feature",
      "id": "osm_node_245666659",
      "properties": {
        "osm_node_id": 245666659,
        "name": "Avenue 5",
        "roads": [
          "Avenue 5"
        ],
        "highways": [
          "tertiary"
        ],
        "connection_count": 2
      },
      "geometry": {
        "type": "Point",
        "coordinates": [
          72.8704711,
          19.0657801
        ]
      }
    },
    {
      "type": "Feature",
      "id": "osm_node_2897024656",
      "properties": {
        "osm_node_id": 2897024656,
        "name": "Bandra Kurla Complex Road & Bharat Nagar Road & Street 5",
        "roads": [
          "Bandra Kurla Complex Road",
          "Bharat Nagar Road",
          "Street 5"
        ],
        "highways": [
          "primary",
          "tertiary"
        ],
        "connection_count": 4
      },
      "geometry": {
        "type": "Point",
        "coordinates": [
          72.8620802,
          19.0652947
        ]
      }
    },
    {
      "type": "Feature",
      "id": "osm_node_6552594955",
      "properties": {
        "osm_node_id": 6552594955,
        "name": "Bharat Nagar Road",
        "roads": [
          "Bharat Nagar Road"
        ],
        "highways": [
          "primary_link",
          "tertiary"
        ],
        "connection_count": 2
      },
      "geometry": {
        "type": "Point",
        "coordinates": [
          72.8618884,
          19.0654516
        ]
      }
    },
    {
      "type": "Feature",
      "id": "osm_node_245666830",
      "properties": {
        "osm_node_id": 245666830,
        "name": "Bharat Nagar Road",
        "roads": [
          "Bharat Nagar Road"
        ],
        "highways": [
          "tertiary"
        ],
        "connection_count": 2
      },
      "geometry": {
        "type": "Point",
        "coordinates": [
          72.8594995,
          19.0659783
        ]
      }
    },
    {
      "type": "Feature",
      "id": "osm_node_245666882",
      "properties": {
        "osm_node_id": 245666882,
        "name": "Bharat Nagar Road",
        "roads": [
          "Bharat Nagar Road"
        ],
        "highways": [
          "tertiary"
        ],
        "connection_count": 4
      },
      "geometry": {
        "type": "Point",
        "coordinates": [
          72.857163,
          19.0662824
        ]
      }
    },
    {
      "type": "Feature",
      "id": "osm_node_2897024695",
      "properties": {
        "osm_node_id": 2897024695,
        "name": "Bharat Nagar Road",
        "roads": [
          "Bharat Nagar Road"
        ],
        "highways": [
          "tertiary"
        ],
        "connection_count": 2
      },
      "geometry": {
        "type": "Point",
        "coordinates": [
          72.8595089,
          19.0660495
        ]
      }
    },
    {
      "type": "Feature",
      "id": "osm_node_245666386",
      "properties": {
        "osm_node_id": 245666386,
        "name": "Junction",
        "roads": [],
        "highways": [
          "tertiary"
        ],
        "connection_count": 3
      },
      "geometry": {
        "type": "Point",
        "coordinates": [
          72.8593728,
          19.0650153
        ]
      }
    },
    {
      "type": "Feature",
      "id": "osm_node_296857791",
      "properties": {
        "osm_node_id": 296857791,
        "name": "Avenue 3 & Bandra Kurla Complex Road",
        "roads": [
          "Avenue 3",
          "Bandra Kurla Complex Road"
        ],
        "highways": [
          "primary",
          "secondary",
          "tertiary"
        ],
        "connection_count": 4
      },
      "geometry": {
        "type": "Point",
        "coordinates": [
          72.8723,
          19.0710084
        ]
      }
    },
    {
      "type": "Feature",
      "id": "osm_node_245667351",
      "properties": {
        "osm_node_id": 245667351,
        "name": "Avenue 3",
        "roads": [
          "Avenue 3"
        ],
        "highways": [
          "primary_link",
          "tertiary"
        ],
        "connection_count": 2
      },
      "geometry": {
        "type": "Point",
        "coordinates": [
          72.8724298,
          19.0707597
        ]
      }
    },
    {
      "type": "Feature",
      "id": "osm_node_2897024785",
      "properties": {
        "osm_node_id": 2897024785,
        "name": "Avenue 3",
        "roads": [
          "Avenue 3"
        ],
        "highways": [
          "tertiary",
          "tertiary_link"
        ],
        "connection_count": 2
      },
      "geometry": {
        "type": "Point",
        "coordinates": [
          72.871356,
          19.0685648
        ]
      }
    },
    {
      "type": "Feature",
      "id": "osm_node_12350931358",
      "properties": {
        "osm_node_id": 12350931358,
        "name": "Avenue 3",
        "roads": [
          "Avenue 3"
        ],
        "highways": [
          "tertiary"
        ],
        "connection_count": 2
      },
      "geometry": {
        "type": "Point",
        "coordinates": [
          72.8711522,
          19.0684363
        ]
      }
    },
    {
      "type": "Feature",
      "id": "osm_node_631507995",
      "properties": {
        "osm_node_id": 631507995,
        "name": "Avenue 3",
        "roads": [
          "Avenue 3"
        ],
        "highways": [
          "tertiary"
        ],
        "connection_count": 2
      },
      "geometry": {
        "type": "Point",
        "coordinates": [
          72.8701673,
          19.067815
        ]
      }
    },
    {
      "type": "Feature",
      "id": "osm_node_12350931356",
      "properties": {
        "osm_node_id": 12350931356,
        "name": "Avenue 3 & Street 9",
        "roads": [
          "Avenue 3",
          "Street 9"
        ],
        "highways": [
          "tertiary"
        ],
        "connection_count": 2
      },
      "geometry": {
        "type": "Point",
        "coordinates": [
          72.8696352,
          19.0674802
        ]
      }
    },
    {
      "type": "Feature",
      "id": "osm_node_12350931355",
      "properties": {
        "osm_node_id": 12350931355,
        "name": "Avenue 3 & Street 9",
        "roads": [
          "Avenue 3",
          "Street 9"
        ],
        "highways": [
          "tertiary"
        ],
        "connection_count": 2
      },
      "geometry": {
        "type": "Point",
        "coordinates": [
          72.8695743,
          19.0674332
        ]
      }
    },
    {
      "type": "Feature",
      "id": "osm_node_11976374939",
      "properties": {
        "osm_node_id": 11976374939,
        "name": "Avenue 3",
        "roads": [
          "Avenue 3"
        ],
        "highways": [
          "tertiary"
        ],
        "connection_count": 2
      },
      "geometry": {
        "type": "Point",
        "coordinates": [
          72.8679244,
          19.0659614
        ]
      }
    },
    {
      "type": "Feature",
      "id": "osm_node_245666426",
      "properties": {
        "osm_node_id": 245666426,
        "name": "Avenue 3 & Street 7",
        "roads": [
          "Avenue 3",
          "Street 7"
        ],
        "highways": [
          "tertiary"
        ],
        "connection_count": 3
      },
      "geometry": {
        "type": "Point",
        "coordinates": [
          72.8676733,
          19.0657295
        ]
      }
    },
    {
      "type": "Feature",
      "id": "osm_node_10110799445",
      "properties": {
        "osm_node_id": 10110799445,
        "name": "Ramakrishna Paramahansa Marg",
        "roads": [
          "Ramakrishna Paramahansa Marg"
        ],
        "highways": [
          "tertiary"
        ],
        "connection_count": 2
      },
      "geometry": {
        "type": "Point",
        "coordinates": [
          72.8547095,
          19.0602565
        ]
      }
    },
    {
      "type": "Feature",
      "id": "osm_node_6805491835",
      "properties": {
        "osm_node_id": 6805491835,
        "name": "Avenue 5",
        "roads": [
          "Avenue 5"
        ],
        "highways": [
          "tertiary"
        ],
        "connection_count": 2
      },
      "geometry": {
        "type": "Point",
        "coordinates": [
          72.868036,
          19.0597643
        ]
      }
    },
    {
      "type": "Feature",
      "id": "osm_node_631507962",
      "properties": {
        "osm_node_id": 631507962,
        "name": "Avenue 5",
        "roads": [
          "Avenue 5"
        ],
        "highways": [
          "tertiary",
          "tertiary_link"
        ],
        "connection_count": 2
      },
      "geometry": {
        "type": "Point",
        "coordinates": [
          72.8644612,
          19.0572801
        ]
      }
    },
    {
      "type": "Feature",
      "id": "osm_node_631507919",
      "properties": {
        "osm_node_id": 631507919,
        "name": "Avenue 3 & Avenue 5",
        "roads": [
          "Avenue 3",
          "Avenue 5"
        ],
        "highways": [
          "secondary",
          "tertiary"
        ],
        "connection_count": 2
      },
      "geometry": {
        "type": "Point",
        "coordinates": [
          72.8611434,
          19.0586712
        ]
      }
    },
    {
      "type": "Feature",
      "id": "osm_node_10724781030",
      "properties": {
        "osm_node_id": 10724781030,
        "name": "Junction",
        "roads": [],
        "highways": [
          "tertiary"
        ],
        "connection_count": 2
      },
      "geometry": {
        "type": "Point",
        "coordinates": [
          72.8542532,
          19.0657047
        ]
      }
    },
    {
      "type": "Feature",
      "id": "osm_node_13617040686",
      "properties": {
        "osm_node_id": 13617040686,
        "name": "Junction",
        "roads": [],
        "highways": [
          "tertiary",
          "tertiary_link"
        ],
        "connection_count": 2
      },
      "geometry": {
        "type": "Point",
        "coordinates": [
          72.8545067,
          19.0655057
        ]
      }
    },
    {
      "type": "Feature",
      "id": "osm_node_13617040688",
      "properties": {
        "osm_node_id": 13617040688,
        "name": "Junction",
        "roads": [],
        "highways": [
          "tertiary",
          "tertiary_link"
        ],
        "connection_count": 2
      },
      "geometry": {
        "type": "Point",
        "coordinates": [
          72.8547882,
          19.0650771
        ]
      }
    },
    {
      "type": "Feature",
      "id": "osm_node_13617040689",
      "properties": {
        "osm_node_id": 13617040689,
        "name": "Junction",
        "roads": [],
        "highways": [
          "tertiary",
          "tertiary_link"
        ],
        "connection_count": 2
      },
      "geometry": {
        "type": "Point",
        "coordinates": [
          72.8551552,
          19.0644484
        ]
      }
    },
    {
      "type": "Feature",
      "id": "osm_node_13617040691",
      "properties": {
        "osm_node_id": 13617040691,
        "name": "Junction",
        "roads": [],
        "highways": [
          "tertiary",
          "tertiary_link"
        ],
        "connection_count": 2
      },
      "geometry": {
        "type": "Point",
        "coordinates": [
          72.8552641,
          19.0642556
        ]
      }
    },
    {
      "type": "Feature",
      "id": "osm_node_13617040693",
      "properties": {
        "osm_node_id": 13617040693,
        "name": "Junction",
        "roads": [],
        "highways": [
          "tertiary",
          "tertiary_link"
        ],
        "connection_count": 2
      },
      "geometry": {
        "type": "Point",
        "coordinates": [
          72.8556553,
          19.0635538
        ]
      }
    },
    {
      "type": "Feature",
      "id": "osm_node_245666370",
      "properties": {
        "osm_node_id": 245666370,
        "name": "Junction",
        "roads": [],
        "highways": [
          "tertiary",
          "tertiary_link"
        ],
        "connection_count": 3
      },
      "geometry": {
        "type": "Point",
        "coordinates": [
          72.8559622,
          19.06298
        ]
      }
    },
    {
      "type": "Feature",
      "id": "osm_node_13617040695",
      "properties": {
        "osm_node_id": 13617040695,
        "name": "Junction",
        "roads": [],
        "highways": [
          "tertiary",
          "tertiary_link"
        ],
        "connection_count": 2
      },
      "geometry": {
        "type": "Point",
        "coordinates": [
          72.8562288,
          19.0625301
        ]
      }
    },
    {
      "type": "Feature",
      "id": "osm_node_13616325515",
      "properties": {
        "osm_node_id": 13616325515,
        "name": "Junction",
        "roads": [],
        "highways": [
          "tertiary",
          "tertiary_link"
        ],
        "connection_count": 2
      },
      "geometry": {
        "type": "Point",
        "coordinates": [
          72.8565799,
          19.0619923
        ]
      }
    },
    {
      "type": "Feature",
      "id": "osm_node_245666192",
      "properties": {
        "osm_node_id": 245666192,
        "name": "Junction",
        "roads": [],
        "highways": [
          "tertiary"
        ],
        "connection_count": 2
      },
      "geometry": {
        "type": "Point",
        "coordinates": [
          72.8567379,
          19.0617575
        ]
      }
    },
    {
      "type": "Feature",
      "id": "osm_node_245666077",
      "properties": {
        "osm_node_id": 245666077,
        "name": "Junction",
        "roads": [],
        "highways": [
          "tertiary",
          "tertiary_link"
        ],
        "connection_count": 3
      },
      "geometry": {
        "type": "Point",
        "coordinates": [
          72.8573719,
          19.0608356
        ]
      }
    },
    {
      "type": "Feature",
      "id": "osm_node_296853788",
      "properties": {
        "osm_node_id": 296853788,
        "name": "Bandra Kurla Complex Road",
        "roads": [
          "Bandra Kurla Complex Road"
        ],
        "highways": [
          "primary"
        ],
        "connection_count": 2
      },
      "geometry": {
        "type": "Point",
        "coordinates": [
          72.8567907,
          19.0599864
        ]
      }
    },
    {
      "type": "Feature",
      "id": "osm_node_296853790",
      "properties": {
        "osm_node_id": 296853790,
        "name": "Bandra Kurla Complex Road",
        "roads": [
          "Bandra Kurla Complex Road"
        ],
        "highways": [
          "primary"
        ],
        "connection_count": 2
      },
      "geometry": {
        "type": "Point",
        "coordinates": [
          72.8576193,
          19.0604139
        ]
      }
    },
    {
      "type": "Feature",
      "id": "osm_node_2897024658",
      "properties": {
        "osm_node_id": 2897024658,
        "name": "Bandra Kurla Complex Road & Bharat Nagar Road & Street 5",
        "roads": [
          "Bandra Kurla Complex Road",
          "Bharat Nagar Road",
          "Street 5"
        ],
        "highways": [
          "primary",
          "tertiary"
        ],
        "connection_count": 4
      },
      "geometry": {
        "type": "Point",
        "coordinates": [
          72.8621463,
          19.0653357
        ]
      }
    },
    {
      "type": "Feature",
      "id": "osm_node_2897024798",
      "properties": {
        "osm_node_id": 2897024798,
        "name": "Bandra Kurla Complex Road & Street 9",
        "roads": [
          "Bandra Kurla Complex Road",
          "Street 9"
        ],
        "highways": [
          "primary",
          "tertiary"
        ],
        "connection_count": 2
      },
      "geometry": {
        "type": "Point",
        "coordinates": [
          72.8683414,
          19.0691817
        ]
      }
    },
    {
      "type": "Feature",
      "id": "osm_node_631507993",
      "properties": {
        "osm_node_id": 631507993,
        "name": "Bandra Kurla Complex Road & Street 9",
        "roads": [
          "Bandra Kurla Complex Road",
          "Street 9"
        ],
        "highways": [
          "primary",
          "tertiary"
        ],
        "connection_count": 2
      },
      "geometry": {
        "type": "Point",
        "coordinates": [
          72.868405,
          19.0692212
        ]
      }
    },
    {
      "type": "Feature",
      "id": "osm_node_10265837614",
      "properties": {
        "osm_node_id": 10265837614,
        "name": "Bandra Kurla Complex Road & Flyover",
        "roads": [
          "Bandra Kurla Complex Road",
          "Flyover"
        ],
        "highways": [
          "primary"
        ],
        "connection_count": 2
      },
      "geometry": {
        "type": "Point",
        "coordinates": [
          72.8695123,
          19.0699086
        ]
      }
    },
    {
      "type": "Feature",
      "id": "osm_node_6552758948",
      "properties": {
        "osm_node_id": 6552758948,
        "name": "Bandra Kurla Complex Road",
        "roads": [
          "Bandra Kurla Complex Road"
        ],
        "highways": [
          "primary",
          "primary_link"
        ],
        "connection_count": 3
      },
      "geometry": {
        "type": "Point",
        "coordinates": [
          72.8717995,
          19.0710692
        ]
      }
    },
    {
      "type": "Feature",
      "id": "osm_node_2622177275",
      "properties": {
        "osm_node_id": 2622177275,
        "name": "Bandra Kurla Complex Road & Lal Bahadur Shastri Marg",
        "roads": [
          "Bandra Kurla Complex Road",
          "Lal Bahadur Shastri Marg"
        ],
        "highways": [
          "primary"
        ],
        "connection_count": 4
      },
      "geometry": {
        "type": "Point",
        "coordinates": [
          72.8753551,
          19.0707566
        ]
      }
    },
    {
      "type": "Feature",
      "id": "osm_node_10877916800",
      "properties": {
        "osm_node_id": 10877916800,
        "name": "Bandra Kurla Complex Road",
        "roads": [
          "Bandra Kurla Complex Road"
        ],
        "highways": [
          "primary"
        ],
        "connection_count": 2
      },
      "geometry": {
        "type": "Point",
        "coordinates": [
          72.8742347,
          19.0709006
        ]
      }
    },
    {
      "type": "Feature",
      "id": "osm_node_245666448",
      "properties": {
        "osm_node_id": 245666448,
        "name": "Street 3 & Street 3: Lane 1",
        "roads": [
          "Street 3",
          "Street 3: Lane 1"
        ],
        "highways": [
          "secondary",
          "tertiary"
        ],
        "connection_count": 2
      },
      "geometry": {
        "type": "Point",
        "coordinates": [
          72.8606545,
          19.0621479
        ]
      }
    },
    {
      "type": "Feature",
      "id": "osm_node_476480258",
      "properties": {
        "osm_node_id": 476480258,
        "name": "Street 3: Lane 1",
        "roads": [
          "Street 3: Lane 1"
        ],
        "highways": [
          "tertiary"
        ],
        "connection_count": 2
      },
      "geometry": {
        "type": "Point",
        "coordinates": [
          72.862758,
          19.0634498
        ]
      }
    },
    {
      "type": "Feature",
      "id": "osm_node_476480287",
      "properties": {
        "osm_node_id": 476480287,
        "name": "Street 3 & Street 3: Lane 1",
        "roads": [
          "Street 3",
          "Street 3: Lane 1"
        ],
        "highways": [
          "secondary",
          "tertiary"
        ],
        "connection_count": 2
      },
      "geometry": {
        "type": "Point",
        "coordinates": [
          72.8633344,
          19.0611846
        ]
      }
    },
    {
      "type": "Feature",
      "id": "osm_node_2897024642",
      "properties": {
        "osm_node_id": 2897024642,
        "name": "Street 5",
        "roads": [
          "Street 5"
        ],
        "highways": [
          "tertiary"
        ],
        "connection_count": 3
      },
      "geometry": {
        "type": "Point",
        "coordinates": [
          72.8633965,
          19.0640995
        ]
      }
    },
    {
      "type": "Feature",
      "id": "osm_node_2897024866",
      "properties": {
        "osm_node_id": 2897024866,
        "name": "Santa Cruz \u2013 Chembur Link Road",
        "roads": [
          "Santa Cruz \u2013 Chembur Link Road"
        ],
        "highways": [
          "trunk",
          "trunk_link"
        ],
        "connection_count": 2
      },
      "geometry": {
        "type": "Point",
        "coordinates": [
          72.8600807,
          19.0745539
        ]
      }
    },
    {
      "type": "Feature",
      "id": "osm_node_2897024870",
      "properties": {
        "osm_node_id": 2897024870,
        "name": "Vidya Nagari Marg",
        "roads": [
          "Vidya Nagari Marg"
        ],
        "highways": [
          "secondary",
          "trunk_link"
        ],
        "connection_count": 2
      },
      "geometry": {
        "type": "Point",
        "coordinates": [
          72.8604977,
          19.0746669
        ]
      }
    },
    {
      "type": "Feature",
      "id": "osm_node_476465252",
      "properties": {
        "osm_node_id": 476465252,
        "name": "Bandra Kurla Complex Road",
        "roads": [
          "Bandra Kurla Complex Road"
        ],
        "highways": [
          "primary"
        ],
        "connection_count": 2
      },
      "geometry": {
        "type": "Point",
        "coordinates": [
          72.8576975,
          19.0602701
        ]
      }
    },
    {
      "type": "Feature",
      "id": "osm_node_296857832",
      "properties": {
        "osm_node_id": 296857832,
        "name": "Bandra Kurla Complex Road",
        "roads": [
          "Bandra Kurla Complex Road"
        ],
        "highways": [
          "primary"
        ],
        "connection_count": 2
      },
      "geometry": {
        "type": "Point",
        "coordinates": [
          72.8568633,
          19.0598396
        ]
      }
    },
    {
      "type": "Feature",
      "id": "osm_node_8443498429",
      "properties": {
        "osm_node_id": 8443498429,
        "name": "Avenue 3 & Avenue 3: Lane 2",
        "roads": [
          "Avenue 3",
          "Avenue 3: Lane 2"
        ],
        "highways": [
          "secondary"
        ],
        "connection_count": 3
      },
      "geometry": {
        "type": "Point",
        "coordinates": [
          72.8626426,
          19.0590308
        ]
      }
    },
    {
      "type": "Feature",
      "id": "osm_node_631507968",
      "properties": {
        "osm_node_id": 631507968,
        "name": "Avenue 3: Lane 2 & Street 3",
        "roads": [
          "Avenue 3: Lane 2",
          "Street 3"
        ],
        "highways": [
          "secondary"
        ],
        "connection_count": 3
      },
      "geometry": {
        "type": "Point",
        "coordinates": [
          72.862468,
          19.0614119
        ]
      }
    },
    {
      "type": "Feature",
      "id": "osm_node_2897022050",
      "properties": {
        "osm_node_id": 2897022050,
        "name": "Avenue 3 & Avenue 5",
        "roads": [
          "Avenue 3",
          "Avenue 5"
        ],
        "highways": [
          "secondary",
          "tertiary"
        ],
        "connection_count": 2
      },
      "geometry": {
        "type": "Point",
        "coordinates": [
          72.8613506,
          19.0586595
        ]
      }
    },
    {
      "type": "Feature",
      "id": "osm_node_6429017345",
      "properties": {
        "osm_node_id": 6429017345,
        "name": "Avenue 5",
        "roads": [
          "Avenue 5"
        ],
        "highways": [
          "secondary_link",
          "tertiary"
        ],
        "connection_count": 2
      },
      "geometry": {
        "type": "Point",
        "coordinates": [
          72.8619167,
          19.0583137
        ]
      }
    },
    {
      "type": "Feature",
      "id": "osm_node_6986983418",
      "properties": {
        "osm_node_id": 6986983418,
        "name": "Avenue 5",
        "roads": [
          "Avenue 5"
        ],
        "highways": [
          "tertiary",
          "tertiary_link"
        ],
        "connection_count": 2
      },
      "geometry": {
        "type": "Point",
        "coordinates": [
          72.8644503,
          19.0574043
        ]
      }
    },
    {
      "type": "Feature",
      "id": "osm_node_2897022096",
      "properties": {
        "osm_node_id": 2897022096,
        "name": "Avenue 5",
        "roads": [
          "Avenue 5"
        ],
        "highways": [
          "tertiary"
        ],
        "connection_count": 3
      },
      "geometry": {
        "type": "Point",
        "coordinates": [
          72.8681119,
          19.0599579
        ]
      }
    },
    {
      "type": "Feature",
      "id": "osm_node_2897024772",
      "properties": {
        "osm_node_id": 2897024772,
        "name": "Avenue 3",
        "roads": [
          "Avenue 3"
        ],
        "highways": [
          "tertiary"
        ],
        "connection_count": 2
      },
      "geometry": {
        "type": "Point",
        "coordinates": [
          72.8701127,
          19.0678886
        ]
      }
    },
    {
      "type": "Feature",
      "id": "osm_node_2897024740",
      "properties": {
        "osm_node_id": 2897024740,
        "name": "Junction",
        "roads": [],
        "highways": [
          "tertiary"
        ],
        "connection_count": 2
      },
      "geometry": {
        "type": "Point",
        "coordinates": [
          72.8702796,
          19.0671532
        ]
      }
    },
    {
      "type": "Feature",
      "id": "osm_node_2897024777",
      "properties": {
        "osm_node_id": 2897024777,
        "name": "Street 9 & Street 9: Lane 1",
        "roads": [
          "Street 9",
          "Street 9: Lane 1"
        ],
        "highways": [
          "tertiary"
        ],
        "connection_count": 2
      },
      "geometry": {
        "type": "Point",
        "coordinates": [
          72.8690198,
          19.0683469
        ]
      }
    },
    {
      "type": "Feature",
      "id": "osm_node_2897024783",
      "properties": {
        "osm_node_id": 2897024783,
        "name": "Avenue 3 & Street 9: Lane 1",
        "roads": [
          "Avenue 3",
          "Street 9: Lane 1"
        ],
        "highways": [
          "tertiary"
        ],
        "connection_count": 3
      },
      "geometry": {
        "type": "Point",
        "coordinates": [
          72.8710938,
          19.068516
        ]
      }
    },
    {
      "type": "Feature",
      "id": "osm_node_13615108580",
      "properties": {
        "osm_node_id": 13615108580,
        "name": "Junction",
        "roads": [],
        "highways": [
          "secondary"
        ],
        "connection_count": 2
      },
      "geometry": {
        "type": "Point",
        "coordinates": [
          72.8708827,
          19.07458
        ]
      }
    },
    {
      "type": "Feature",
      "id": "osm_node_13615108581",
      "properties": {
        "osm_node_id": 13615108581,
        "name": "Santa Cruz \u2013 Chembur Link Road",
        "roads": [
          "Santa Cruz \u2013 Chembur Link Road"
        ],
        "highways": [
          "secondary",
          "trunk"
        ],
        "connection_count": 2
      },
      "geometry": {
        "type": "Point",
        "coordinates": [
          72.8709303,
          19.0745514
        ]
      }
    },
    {
      "type": "Feature",
      "id": "osm_node_2804481645",
      "properties": {
        "osm_node_id": 2804481645,
        "name": "Santa Cruz \u2013 Chembur Link Road",
        "roads": [
          "Santa Cruz \u2013 Chembur Link Road"
        ],
        "highways": [
          "secondary",
          "trunk"
        ],
        "connection_count": 3
      },
      "geometry": {
        "type": "Point",
        "coordinates": [
          72.8710305,
          19.074335
        ]
      }
    },
    {
      "type": "Feature",
      "id": "osm_node_14005273057",
      "properties": {
        "osm_node_id": 14005273057,
        "name": "Avenue 3 & BKC Connector & Street 3",
        "roads": [
          "Avenue 3",
          "BKC Connector",
          "Street 3"
        ],
        "highways": [
          "secondary",
          "tertiary"
        ],
        "connection_count": 3
      },
      "geometry": {
        "type": "Point",
        "coordinates": [
          72.8645378,
          19.0589758
        ]
      }
    },
    {
      "type": "Feature",
      "id": "osm_node_8443498442",
      "properties": {
        "osm_node_id": 8443498442,
        "name": "BKC Connector",
        "roads": [
          "BKC Connector"
        ],
        "highways": [
          "secondary",
          "tertiary_link"
        ],
        "connection_count": 2
      },
      "geometry": {
        "type": "Point",
        "coordinates": [
          72.8645519,
          19.058747
        ]
      }
    },
    {
      "type": "Feature",
      "id": "osm_node_6986983420",
      "properties": {
        "osm_node_id": 6986983420,
        "name": "BKC Connector",
        "roads": [
          "BKC Connector"
        ],
        "highways": [
          "secondary"
        ],
        "connection_count": 2
      },
      "geometry": {
        "type": "Point",
        "coordinates": [
          72.8645833,
          19.058455
        ]
      }
    },
    {
      "type": "Feature",
      "id": "osm_node_1232644075",
      "properties": {
        "osm_node_id": 1232644075,
        "name": "Chembur Flyover & Eastern Express Highway",
        "roads": [
          "Chembur Flyover",
          "Eastern Express Highway"
        ],
        "highways": [
          "trunk"
        ],
        "connection_count": 2
      },
      "geometry": {
        "type": "Point",
        "coordinates": [
          72.8952743,
          19.062527
        ]
      }
    },
    {
      "type": "Feature",
      "id": "osm_node_6573886332",
      "properties": {
        "osm_node_id": 6573886332,
        "name": "Eastern Express Highway",
        "roads": [
          "Eastern Express Highway"
        ],
        "highways": [
          "trunk",
          "trunk_link"
        ],
        "connection_count": 2
      },
      "geometry": {
        "type": "Point",
        "coordinates": [
          72.892888,
          19.0608186
        ]
      }
    },
    {
      "type": "Feature",
      "id": "osm_node_10724991567",
      "properties": {
        "osm_node_id": 10724991567,
        "name": "Eastern Express Highway",
        "roads": [
          "Eastern Express Highway"
        ],
        "highways": [
          "trunk"
        ],
        "connection_count": 2
      },
      "geometry": {
        "type": "Point",
        "coordinates": [
          72.8920848,
          19.0602403
        ]
      }
    },
    {
      "type": "Feature",
      "id": "osm_node_2439273017",
      "properties": {
        "osm_node_id": 2439273017,
        "name": "Junction",
        "roads": [],
        "highways": [
          "tertiary"
        ],
        "connection_count": 2
      },
      "geometry": {
        "type": "Point",
        "coordinates": [
          72.8903505,
          19.0681688
        ]
      }
    },
    {
      "type": "Feature",
      "id": "osm_node_2439273023",
      "properties": {
        "osm_node_id": 2439273023,
        "name": "Lokmanya Tilak Terminus Road",
        "roads": [
          "Lokmanya Tilak Terminus Road"
        ],
        "highways": [
          "tertiary"
        ],
        "connection_count": 2
      },
      "geometry": {
        "type": "Point",
        "coordinates": [
          72.8923342,
          19.0684585
        ]
      }
    },
    {
      "type": "Feature",
      "id": "osm_node_1643031072",
      "properties": {
        "osm_node_id": 1643031072,
        "name": "Pipeline Road & Somaiya College Road",
        "roads": [
          "Pipeline Road",
          "Somaiya College Road"
        ],
        "highways": [
          "tertiary"
        ],
        "connection_count": 3
      },
      "geometry": {
        "type": "Point",
        "coordinates": [
          72.8949799,
          19.0708854
        ]
      }
    },
    {
      "type": "Feature",
      "id": "osm_node_1232644598",
      "properties": {
        "osm_node_id": 1232644598,
        "name": "Chembur Flyover & Eastern Express Highway",
        "roads": [
          "Chembur Flyover",
          "Eastern Express Highway"
        ],
        "highways": [
          "trunk"
        ],
        "connection_count": 2
      },
      "geometry": {
        "type": "Point",
        "coordinates": [
          72.8951653,
          19.0625965
        ]
      }
    },
    {
      "type": "Feature",
      "id": "osm_node_6494952054",
      "properties": {
        "osm_node_id": 6494952054,
        "name": "A H Wadia Marg & Lal Bahadur Shastri Marg",
        "roads": [
          "A H Wadia Marg",
          "Lal Bahadur Shastri Marg"
        ],
        "highways": [
          "primary",
          "tertiary"
        ],
        "connection_count": 2
      },
      "geometry": {
        "type": "Point",
        "coordinates": [
          72.872411,
          19.0602051
        ]
      }
    },
    {
      "type": "Feature",
      "id": "osm_node_619309814",
      "properties": {
        "osm_node_id": 619309814,
        "name": "A H Wadia Marg & Lal Bahadur Shastri Marg",
        "roads": [
          "A H Wadia Marg",
          "Lal Bahadur Shastri Marg"
        ],
        "highways": [
          "primary",
          "tertiary"
        ],
        "connection_count": 2
      },
      "geometry": {
        "type": "Point",
        "coordinates": [
          72.8725097,
          19.0601731
        ]
      }
    },
    {
      "type": "Feature",
      "id": "osm_node_1366008979",
      "properties": {
        "osm_node_id": 1366008979,
        "name": "A H Wadia Marg",
        "roads": [
          "A H Wadia Marg"
        ],
        "highways": [
          "tertiary"
        ],
        "connection_count": 3
      },
      "geometry": {
        "type": "Point",
        "coordinates": [
          72.8768831,
          19.0652261
        ]
      }
    },
    {
      "type": "Feature",
      "id": "osm_node_2622177294",
      "properties": {
        "osm_node_id": 2622177294,
        "name": "Lal Bahadur Shastri Marg & Magan Nathuram Road",
        "roads": [
          "Lal Bahadur Shastri Marg",
          "Magan Nathuram Road"
        ],
        "highways": [
          "primary"
        ],
        "connection_count": 4
      },
      "geometry": {
        "type": "Point",
        "coordinates": [
          72.8803765,
          19.0799401
        ]
      }
    },
    {
      "type": "Feature",
      "id": "osm_node_1366028058",
      "properties": {
        "osm_node_id": 1366028058,
        "name": "Kale Marg & Magan Nathuram Road & Mathuradas Vasanji Road (Andheri Kurla Road)",
        "roads": [
          "Kale Marg",
          "Magan Nathuram Road",
          "Mathuradas Vasanji Road (Andheri Kurla Road)"
        ],
        "highways": [
          "primary",
          "secondary"
        ],
        "connection_count": 3
      },
      "geometry": {
        "type": "Point",
        "coordinates": [
          72.8808543,
          19.0856151
        ]
      }
    },
    {
      "type": "Feature",
      "id": "osm_node_1366009054",
      "properties": {
        "osm_node_id": 1366009054,
        "name": "A H Wadia Marg",
        "roads": [
          "A H Wadia Marg"
        ],
        "highways": [
          "tertiary"
        ],
        "connection_count": 2
      },
      "geometry": {
        "type": "Point",
        "coordinates": [
          72.8777099,
          19.0704157
        ]
      }
    },
    {
      "type": "Feature",
      "id": "osm_node_619309810",
      "properties": {
        "osm_node_id": 619309810,
        "name": "Lal Bahadur Shastri Marg",
        "roads": [
          "Lal Bahadur Shastri Marg"
        ],
        "highways": [
          "primary",
          "tertiary"
        ],
        "connection_count": 4
      },
      "geometry": {
        "type": "Point",
        "coordinates": [
          72.8754828,
          19.0707176
        ]
      }
    },
    {
      "type": "Feature",
      "id": "osm_node_6429734745",
      "properties": {
        "osm_node_id": 6429734745,
        "name": "Lal Bahadur Shastri Marg",
        "roads": [
          "Lal Bahadur Shastri Marg"
        ],
        "highways": [
          "primary",
          "tertiary"
        ],
        "connection_count": 2
      },
      "geometry": {
        "type": "Point",
        "coordinates": [
          72.874655,
          19.0660476
        ]
      }
    },
    {
      "type": "Feature",
      "id": "osm_node_1366008983",
      "properties": {
        "osm_node_id": 1366008983,
        "name": "Lal Bahadur Shastri Marg",
        "roads": [
          "Lal Bahadur Shastri Marg"
        ],
        "highways": [
          "primary",
          "tertiary"
        ],
        "connection_count": 2
      },
      "geometry": {
        "type": "Point",
        "coordinates": [
          72.8747716,
          19.0660298
        ]
      }
    },
    {
      "type": "Feature",
      "id": "osm_node_4264430455",
      "properties": {
        "osm_node_id": 4264430455,
        "name": "S G Barve Marg",
        "roads": [
          "S G Barve Marg"
        ],
        "highways": [
          "tertiary"
        ],
        "connection_count": 2
      },
      "geometry": {
        "type": "Point",
        "coordinates": [
          72.8794959,
          19.06665
        ]
      }
    },
    {
      "type": "Feature",
      "id": "osm_node_13395053377",
      "properties": {
        "osm_node_id": 13395053377,
        "name": "Father Peter Periera Road",
        "roads": [
          "Father Peter Periera Road"
        ],
        "highways": [
          "tertiary"
        ],
        "connection_count": 2
      },
      "geometry": {
        "type": "Point",
        "coordinates": [
          72.8849572,
          19.0844038
        ]
      }
    },
    {
      "type": "Feature",
      "id": "osm_node_1366028009",
      "properties": {
        "osm_node_id": 1366028009,
        "name": "Father Peter Periera Road & Kohinoor - Vidyavihar Road & Premier Road",
        "roads": [
          "Father Peter Periera Road",
          "Kohinoor - Vidyavihar Road",
          "Premier Road"
        ],
        "highways": [
          "tertiary"
        ],
        "connection_count": 3
      },
      "geometry": {
        "type": "Point",
        "coordinates": [
          72.8852214,
          19.0827026
        ]
      }
    },
    {
      "type": "Feature",
      "id": "osm_node_1643351870",
      "properties": {
        "osm_node_id": 1643351870,
        "name": "Shell Colony Road",
        "roads": [
          "Shell Colony Road"
        ],
        "highways": [
          "tertiary"
        ],
        "connection_count": 2
      },
      "geometry": {
        "type": "Point",
        "coordinates": [
          72.8966448,
          19.0638507
        ]
      }
    },
    {
      "type": "Feature",
      "id": "osm_node_1367093183",
      "properties": {
        "osm_node_id": 1367093183,
        "name": "Shanta Jog Marg & Shell Colony Road",
        "roads": [
          "Shanta Jog Marg",
          "Shell Colony Road"
        ],
        "highways": [
          "tertiary"
        ],
        "connection_count": 3
      },
      "geometry": {
        "type": "Point",
        "coordinates": [
          72.8945878,
          19.0643862
        ]
      }
    },
    {
      "type": "Feature",
      "id": "osm_node_1367093074",
      "properties": {
        "osm_node_id": 1367093074,
        "name": "Bhiva Bapu Magre Marg & S.G. Barve Marg",
        "roads": [
          "Bhiva Bapu Magre Marg",
          "S.G. Barve Marg"
        ],
        "highways": [
          "secondary",
          "tertiary"
        ],
        "connection_count": 3
      },
      "geometry": {
        "type": "Point",
        "coordinates": [
          72.8833503,
          19.0621117
        ]
      }
    },
    {
      "type": "Feature",
      "id": "osm_node_13789266316",
      "properties": {
        "osm_node_id": 13789266316,
        "name": "Bhiva Bapu Magre Marg",
        "roads": [
          "Bhiva Bapu Magre Marg"
        ],
        "highways": [
          "tertiary",
          "tertiary_link"
        ],
        "connection_count": 2
      },
      "geometry": {
        "type": "Point",
        "coordinates": [
          72.8831966,
          19.0619992
        ]
      }
    },
    {
      "type": "Feature",
      "id": "osm_node_13789266318",
      "properties": {
        "osm_node_id": 13789266318,
        "name": "Bhiva Bapu Magre Marg",
        "roads": [
          "Bhiva Bapu Magre Marg"
        ],
        "highways": [
          "tertiary",
          "tertiary_link"
        ],
        "connection_count": 2
      },
      "geometry": {
        "type": "Point",
        "coordinates": [
          72.8813521,
          19.0607722
        ]
      }
    },
    {
      "type": "Feature",
      "id": "osm_node_1367093155",
      "properties": {
        "osm_node_id": 1367093155,
        "name": "Bhiva Bapu Magre Marg & S.G. Barve Marg",
        "roads": [
          "Bhiva Bapu Magre Marg",
          "S.G. Barve Marg"
        ],
        "highways": [
          "secondary",
          "tertiary"
        ],
        "connection_count": 3
      },
      "geometry": {
        "type": "Point",
        "coordinates": [
          72.8816116,
          19.0640316
        ]
      }
    },
    {
      "type": "Feature",
      "id": "osm_node_10279771671",
      "properties": {
        "osm_node_id": 10279771671,
        "name": "K N Gaiakwad Marg",
        "roads": [
          "K N Gaiakwad Marg"
        ],
        "highways": [
          "tertiary"
        ],
        "connection_count": 2
      },
      "geometry": {
        "type": "Point",
        "coordinates": [
          72.8902149,
          19.0564513
        ]
      }
    },
    {
      "type": "Feature",
      "id": "osm_node_1366857605",
      "properties": {
        "osm_node_id": 1366857605,
        "name": "Kamgar Nagar Road & Shanta Jog Marg",
        "roads": [
          "Kamgar Nagar Road",
          "Shanta Jog Marg"
        ],
        "highways": [
          "tertiary"
        ],
        "connection_count": 2
      },
      "geometry": {
        "type": "Point",
        "coordinates": [
          72.890807,
          19.0652584
        ]
      }
    },
    {
      "type": "Feature",
      "id": "osm_node_2246472002",
      "properties": {
        "osm_node_id": 2246472002,
        "name": "Kamgar Nagar Road",
        "roads": [
          "Kamgar Nagar Road"
        ],
        "highways": [
          "tertiary"
        ],
        "connection_count": 2
      },
      "geometry": {
        "type": "Point",
        "coordinates": [
          72.8901212,
          19.0654978
        ]
      }
    },
    {
      "type": "Feature",
      "id": "osm_node_6429588362",
      "properties": {
        "osm_node_id": 6429588362,
        "name": "Lal Bahadur Shastri Marg",
        "roads": [
          "Lal Bahadur Shastri Marg"
        ],
        "highways": [
          "primary",
          "primary_link"
        ],
        "connection_count": 2
      },
      "geometry": {
        "type": "Point",
        "coordinates": [
          72.8753865,
          19.070063
        ]
      }
    },
    {
      "type": "Feature",
      "id": "osm_node_6430474048",
      "properties": {
        "osm_node_id": 6430474048,
        "name": "Lal Bahadur Shastri Marg",
        "roads": [
          "Lal Bahadur Shastri Marg"
        ],
        "highways": [
          "primary",
          "primary_link"
        ],
        "connection_count": 2
      },
      "geometry": {
        "type": "Point",
        "coordinates": [
          72.8752191,
          19.0691511
        ]
      }
    },
    {
      "type": "Feature",
      "id": "osm_node_6430399597",
      "properties": {
        "osm_node_id": 6430399597,
        "name": "Lal Bahadur Shastri Marg",
        "roads": [
          "Lal Bahadur Shastri Marg"
        ],
        "highways": [
          "primary",
          "primary_link"
        ],
        "connection_count": 2
      },
      "geometry": {
        "type": "Point",
        "coordinates": [
          72.8750869,
          19.0680563
        ]
      }
    },
    {
      "type": "Feature",
      "id": "osm_node_4352245939",
      "properties": {
        "osm_node_id": 4352245939,
        "name": "Lal Bahadur Shastri Marg",
        "roads": [
          "Lal Bahadur Shastri Marg"
        ],
        "highways": [
          "primary",
          "primary_link"
        ],
        "connection_count": 2
      },
      "geometry": {
        "type": "Point",
        "coordinates": [
          72.8736834,
          19.0630289
        ]
      }
    },
    {
      "type": "Feature",
      "id": "osm_node_6494952052",
      "properties": {
        "osm_node_id": 6494952052,
        "name": "Lal Bahadur Shastri Marg",
        "roads": [
          "Lal Bahadur Shastri Marg"
        ],
        "highways": [
          "primary",
          "primary_link"
        ],
        "connection_count": 2
      },
      "geometry": {
        "type": "Point",
        "coordinates": [
          72.872415,
          19.0599909
        ]
      }
    },
    {
      "type": "Feature",
      "id": "osm_node_6430416811",
      "properties": {
        "osm_node_id": 6430416811,
        "name": "Lal Bahadur Shastri Marg",
        "roads": [
          "Lal Bahadur Shastri Marg"
        ],
        "highways": [
          "primary",
          "primary_link"
        ],
        "connection_count": 2
      },
      "geometry": {
        "type": "Point",
        "coordinates": [
          72.8712283,
          19.0583273
        ]
      }
    },
    {
      "type": "Feature",
      "id": "osm_node_6494934163",
      "properties": {
        "osm_node_id": 6494934163,
        "name": "Lal Bahadur Shastri Marg",
        "roads": [
          "Lal Bahadur Shastri Marg"
        ],
        "highways": [
          "primary",
          "primary_link"
        ],
        "connection_count": 2
      },
      "geometry": {
        "type": "Point",
        "coordinates": [
          72.8708521,
          19.0578013
        ]
      }
    },
    {
      "type": "Feature",
      "id": "osm_node_6494934165",
      "properties": {
        "osm_node_id": 6494934165,
        "name": "Lal Bahadur Shastri Marg",
        "roads": [
          "Lal Bahadur Shastri Marg"
        ],
        "highways": [
          "primary",
          "primary_link"
        ],
        "connection_count": 2
      },
      "geometry": {
        "type": "Point",
        "coordinates": [
          72.8705958,
          19.0574431
        ]
      }
    },
    {
      "type": "Feature",
      "id": "osm_node_6494909532",
      "properties": {
        "osm_node_id": 6494909532,
        "name": "Lal Bahadur Shastri Marg",
        "roads": [
          "Lal Bahadur Shastri Marg"
        ],
        "highways": [
          "primary",
          "primary_link"
        ],
        "connection_count": 2
      },
      "geometry": {
        "type": "Point",
        "coordinates": [
          72.8700397,
          19.0566657
        ]
      }
    },
    {
      "type": "Feature",
      "id": "osm_node_6493927745",
      "properties": {
        "osm_node_id": 6493927745,
        "name": "Lal Bahadur Shastri Marg",
        "roads": [
          "Lal Bahadur Shastri Marg"
        ],
        "highways": [
          "primary",
          "primary_link"
        ],
        "connection_count": 2
      },
      "geometry": {
        "type": "Point",
        "coordinates": [
          72.8692675,
          19.0554808
        ]
      }
    },
    {
      "type": "Feature",
      "id": "osm_node_245666164",
      "properties": {
        "osm_node_id": 245666164,
        "name": "Mother Dairy Road & S.G. Barve Marg",
        "roads": [
          "Mother Dairy Road",
          "S.G. Barve Marg"
        ],
        "highways": [
          "secondary"
        ],
        "connection_count": 3
      },
      "geometry": {
        "type": "Point",
        "coordinates": [
          72.8834352,
          19.06202
        ]
      }
    },
    {
      "type": "Feature",
      "id": "osm_node_10207397928",
      "properties": {
        "osm_node_id": 10207397928,
        "name": "Mother Dairy Road & SG Barve Marg",
        "roads": [
          "Mother Dairy Road",
          "SG Barve Marg"
        ],
        "highways": [
          "secondary"
        ],
        "connection_count": 2
      },
      "geometry": {
        "type": "Point",
        "coordinates": [
          72.8834939,
          19.0620616
        ]
      }
    },
    {
      "type": "Feature",
      "id": "osm_node_7380517058",
      "properties": {
        "osm_node_id": 7380517058,
        "name": "Mother Dairy Road",
        "roads": [
          "Mother Dairy Road"
        ],
        "highways": [
          "secondary"
        ],
        "connection_count": 2
      },
      "geometry": {
        "type": "Point",
        "coordinates": [
          72.8848535,
          19.0631258
        ]
      }
    },
    {
      "type": "Feature",
      "id": "osm_node_10207397921",
      "properties": {
        "osm_node_id": 10207397921,
        "name": "SG Barve Marg & Shell Colony Road",
        "roads": [
          "SG Barve Marg",
          "Shell Colony Road"
        ],
        "highways": [
          "secondary",
          "tertiary"
        ],
        "connection_count": 4
      },
      "geometry": {
        "type": "Point",
        "coordinates": [
          72.886437,
          19.0582139
        ]
      }
    },
    {
      "type": "Feature",
      "id": "osm_node_1392485609",
      "properties": {
        "osm_node_id": 1392485609,
        "name": "Kohinoor City Road & Nathani Road & Premier Road",
        "roads": [
          "Kohinoor City Road",
          "Nathani Road",
          "Premier Road"
        ],
        "highways": [
          "tertiary"
        ],
        "connection_count": 4
      },
      "geometry": {
        "type": "Point",
        "coordinates": [
          72.8874091,
          19.075244
        ]
      }
    },
    {
      "type": "Feature",
      "id": "osm_node_1366027983",
      "properties": {
        "osm_node_id": 1366027983,
        "name": "Premier Road",
        "roads": [
          "Premier Road"
        ],
        "highways": [
          "tertiary"
        ],
        "connection_count": 2
      },
      "geometry": {
        "type": "Point",
        "coordinates": [
          72.8857358,
          19.0773079
        ]
      }
    },
    {
      "type": "Feature",
      "id": "osm_node_11396019494",
      "properties": {
        "osm_node_id": 11396019494,
        "name": "Naupada Road",
        "roads": [
          "Naupada Road"
        ],
        "highways": [
          "tertiary"
        ],
        "connection_count": 3
      },
      "geometry": {
        "type": "Point",
        "coordinates": [
          72.8894159,
          19.0806502
        ]
      }
    },
    {
      "type": "Feature",
      "id": "osm_node_11396019526",
      "properties": {
        "osm_node_id": 11396019526,
        "name": "Naupada Road",
        "roads": [
          "Naupada Road"
        ],
        "highways": [
          "tertiary"
        ],
        "connection_count": 3
      },
      "geometry": {
        "type": "Point",
        "coordinates": [
          72.8895032,
          19.0809307
        ]
      }
    },
    {
      "type": "Feature",
      "id": "osm_node_2947868379",
      "properties": {
        "osm_node_id": 2947868379,
        "name": "Street 1",
        "roads": [
          "Street 1"
        ],
        "highways": [
          "tertiary"
        ],
        "connection_count": 2
      },
      "geometry": {
        "type": "Point",
        "coordinates": [
          72.8555457,
          19.0587447
        ]
      }
    },
    {
      "type": "Feature",
      "id": "osm_node_5792167750",
      "properties": {
        "osm_node_id": 5792167750,
        "name": "C S M T Kurla Junction Flyover & C S T Kurla Junction Flyover",
        "roads": [
          "C S M T Kurla Junction Flyover",
          "C S T Kurla Junction Flyover"
        ],
        "highways": [
          "trunk"
        ],
        "connection_count": 2
      },
      "geometry": {
        "type": "Point",
        "coordinates": [
          72.890141,
          19.058866
        ]
      }
    },
    {
      "type": "Feature",
      "id": "osm_node_5792167749",
      "properties": {
        "osm_node_id": 5792167749,
        "name": "C S M T Kurla Junction Flyover & C S T Kurla Junction Flyover",
        "roads": [
          "C S M T Kurla Junction Flyover",
          "C S T Kurla Junction Flyover"
        ],
        "highways": [
          "trunk"
        ],
        "connection_count": 2
      },
      "geometry": {
        "type": "Point",
        "coordinates": [
          72.8900686,
          19.0589391
        ]
      }
    },
    {
      "type": "Feature",
      "id": "osm_node_1643351843",
      "properties": {
        "osm_node_id": 1643351843,
        "name": "S G Barve Marg (C S T Road)",
        "roads": [
          "S G Barve Marg (C S T Road)"
        ],
        "highways": [
          "secondary",
          "tertiary"
        ],
        "connection_count": 2
      },
      "geometry": {
        "type": "Point",
        "coordinates": [
          72.887222,
          19.0569761
        ]
      }
    },
    {
      "type": "Feature",
      "id": "osm_node_10207397918",
      "properties": {
        "osm_node_id": 10207397918,
        "name": "SG Barve Marg",
        "roads": [
          "SG Barve Marg"
        ],
        "highways": [
          "secondary",
          "tertiary"
        ],
        "connection_count": 2
      },
      "geometry": {
        "type": "Point",
        "coordinates": [
          72.8873221,
          19.0570328
        ]
      }
    },
    {
      "type": "Feature",
      "id": "osm_node_6571795846",
      "properties": {
        "osm_node_id": 6571795846,
        "name": "Junction",
        "roads": [],
        "highways": [
          "tertiary"
        ],
        "connection_count": 2
      },
      "geometry": {
        "type": "Point",
        "coordinates": [
          72.8901039,
          19.0591846
        ]
      }
    },
    {
      "type": "Feature",
      "id": "osm_node_5792167748",
      "properties": {
        "osm_node_id": 5792167748,
        "name": "S G Barve Marg (C S T Road)",
        "roads": [
          "S G Barve Marg (C S T Road)"
        ],
        "highways": [
          "secondary",
          "trunk",
          "trunk_link"
        ],
        "connection_count": 4
      },
      "geometry": {
        "type": "Point",
        "coordinates": [
          72.8874693,
          19.0566052
        ]
      }
    },
    {
      "type": "Feature",
      "id": "osm_node_8909137832",
      "properties": {
        "osm_node_id": 8909137832,
        "name": "Junction",
        "roads": [],
        "highways": [
          "trunk_link"
        ],
        "connection_count": 2
      },
      "geometry": {
        "type": "Point",
        "coordinates": [
          72.8863152,
          19.055711
        ]
      }
    },
    {
      "type": "Feature",
      "id": "osm_node_1654348854",
      "properties": {
        "osm_node_id": 1654348854,
        "name": "Junction",
        "roads": [],
        "highways": [
          "tertiary",
          "trunk_link"
        ],
        "connection_count": 2
      },
      "geometry": {
        "type": "Point",
        "coordinates": [
          72.8848162,
          19.0549338
        ]
      }
    },
    {
      "type": "Feature",
      "id": "osm_node_11143613408",
      "properties": {
        "osm_node_id": 11143613408,
        "name": "Junction",
        "roads": [],
        "highways": [
          "tertiary",
          "trunk_link"
        ],
        "connection_count": 2
      },
      "geometry": {
        "type": "Point",
        "coordinates": [
          72.8848869,
          19.0549907
        ]
      }
    },
    {
      "type": "Feature",
      "id": "osm_node_8909137831",
      "properties": {
        "osm_node_id": 8909137831,
        "name": "Junction",
        "roads": [],
        "highways": [
          "trunk_link"
        ],
        "connection_count": 2
      },
      "geometry": {
        "type": "Point",
        "coordinates": [
          72.8860948,
          19.0559603
        ]
      }
    },
    {
      "type": "Feature",
      "id": "osm_node_245665354",
      "properties": {
        "osm_node_id": 245665354,
        "name": "S G Barve Marg (C S T Road)",
        "roads": [
          "S G Barve Marg (C S T Road)"
        ],
        "highways": [
          "secondary",
          "trunk_link"
        ],
        "connection_count": 4
      },
      "geometry": {
        "type": "Point",
        "coordinates": [
          72.8872739,
          19.056904
        ]
      }
    },
    {
      "type": "Feature",
      "id": "osm_node_1643351862",
      "properties": {
        "osm_node_id": 1643351862,
        "name": "Junction",
        "roads": [],
        "highways": [
          "tertiary"
        ],
        "connection_count": 2
      },
      "geometry": {
        "type": "Point",
        "coordinates": [
          72.8921418,
          19.0600898
        ]
      }
    },
    {
      "type": "Feature",
      "id": "osm_node_1642951881",
      "properties": {
        "osm_node_id": 1642951881,
        "name": "K N Gaiakwad Marg",
        "roads": [
          "K N Gaiakwad Marg"
        ],
        "highways": [
          "tertiary"
        ],
        "connection_count": 2
      },
      "geometry": {
        "type": "Point",
        "coordinates": [
          72.8896646,
          19.058254
        ]
      }
    },
    {
      "type": "Feature",
      "id": "osm_node_10279771678",
      "properties": {
        "osm_node_id": 10279771678,
        "name": "K N Gaiakwad Marg",
        "roads": [
          "K N Gaiakwad Marg"
        ],
        "highways": [
          "tertiary"
        ],
        "connection_count": 2
      },
      "geometry": {
        "type": "Point",
        "coordinates": [
          72.8895949,
          19.0582007
        ]
      }
    },
    {
      "type": "Feature",
      "id": "osm_node_10279771680",
      "properties": {
        "osm_node_id": 10279771680,
        "name": "SG Barve Marg",
        "roads": [
          "SG Barve Marg"
        ],
        "highways": [
          "secondary",
          "tertiary"
        ],
        "connection_count": 4
      },
      "geometry": {
        "type": "Point",
        "coordinates": [
          72.8876202,
          19.0566401
        ]
      }
    },
    {
      "type": "Feature",
      "id": "osm_node_1366009079",
      "properties": {
        "osm_node_id": 1366009079,
        "name": "A H Wadia Marg",
        "roads": [
          "A H Wadia Marg"
        ],
        "highways": [
          "tertiary"
        ],
        "connection_count": 2
      },
      "geometry": {
        "type": "Point",
        "coordinates": [
          72.879529,
          19.0744267
        ]
      }
    },
    {
      "type": "Feature",
      "id": "osm_node_1647285789",
      "properties": {
        "osm_node_id": 1647285789,
        "name": "A H Wadia Marg",
        "roads": [
          "A H Wadia Marg"
        ],
        "highways": [
          "tertiary"
        ],
        "connection_count": 2
      },
      "geometry": {
        "type": "Point",
        "coordinates": [
          72.8798167,
          19.0747459
        ]
      }
    },
    {
      "type": "Feature",
      "id": "osm_node_245668052",
      "properties": {
        "osm_node_id": 245668052,
        "name": "A H Wadia Marg & Masrani Lane & Mathuradas Vasanji Road (Andheri Kurla Road)",
        "roads": [
          "A H Wadia Marg",
          "Masrani Lane",
          "Mathuradas Vasanji Road (Andheri Kurla Road)"
        ],
        "highways": [
          "tertiary"
        ],
        "connection_count": 4
      },
      "geometry": {
        "type": "Point",
        "coordinates": [
          72.8800151,
          19.0759669
        ]
      }
    },
    {
      "type": "Feature",
      "id": "osm_node_10629352244",
      "properties": {
        "osm_node_id": 10629352244,
        "name": "Mathuradas Vasanji Road (Andheri Kurla Road)",
        "roads": [
          "Mathuradas Vasanji Road (Andheri Kurla Road)"
        ],
        "highways": [
          "tertiary",
          "trunk_link"
        ],
        "connection_count": 2
      },
      "geometry": {
        "type": "Point",
        "coordinates": [
          72.8794798,
          19.074938
        ]
      }
    },
    {
      "type": "Feature",
      "id": "osm_node_2663447658",
      "properties": {
        "osm_node_id": 2663447658,
        "name": "Junction",
        "roads": [],
        "highways": [
          "tertiary"
        ],
        "connection_count": 2
      },
      "geometry": {
        "type": "Point",
        "coordinates": [
          72.8843123,
          19.0769639
        ]
      }
    },
    {
      "type": "Feature",
      "id": "osm_node_245665650",
      "properties": {
        "osm_node_id": 245665650,
        "name": "Bandra Kurla Complex Road & Ramakrishna Paramahansa Marg",
        "roads": [
          "Bandra Kurla Complex Road",
          "Ramakrishna Paramahansa Marg"
        ],
        "highways": [
          "primary",
          "tertiary"
        ],
        "connection_count": 3
      },
      "geometry": {
        "type": "Point",
        "coordinates": [
          72.8551186,
          19.0596178
        ]
      }
    },
    {
      "type": "Feature",
      "id": "osm_node_1366009077",
      "properties": {
        "osm_node_id": 1366009077,
        "name": "A H Wadia Marg",
        "roads": [
          "A H Wadia Marg"
        ],
        "highways": [
          "tertiary",
          "tertiary_link"
        ],
        "connection_count": 3
      },
      "geometry": {
        "type": "Point",
        "coordinates": [
          72.8791224,
          19.0741205
        ]
      }
    },
    {
      "type": "Feature",
      "id": "osm_node_11143613413",
      "properties": {
        "osm_node_id": 11143613413,
        "name": "Junction",
        "roads": [],
        "highways": [
          "tertiary",
          "tertiary_link"
        ],
        "connection_count": 3
      },
      "geometry": {
        "type": "Point",
        "coordinates": [
          72.8835893,
          19.0566223
        ]
      }
    },
    {
      "type": "Feature",
      "id": "osm_node_13508455294",
      "properties": {
        "osm_node_id": 13508455294,
        "name": "Junction",
        "roads": [],
        "highways": [
          "tertiary"
        ],
        "connection_count": 3
      },
      "geometry": {
        "type": "Point",
        "coordinates": [
          72.8825495,
          19.0594532
        ]
      }
    },
    {
      "type": "Feature",
      "id": "osm_node_10207397924",
      "properties": {
        "osm_node_id": 10207397924,
        "name": "Kamgar Nagar Road & SG Barve Marg",
        "roads": [
          "Kamgar Nagar Road",
          "SG Barve Marg"
        ],
        "highways": [
          "secondary",
          "tertiary"
        ],
        "connection_count": 2
      },
      "geometry": {
        "type": "Point",
        "coordinates": [
          72.8851781,
          19.0600126
        ]
      }
    },
    {
      "type": "Feature",
      "id": "osm_node_2248802401",
      "properties": {
        "osm_node_id": 2248802401,
        "name": "S G Barve Marg (C S T Road) & St Vershaw Kakkaya Marg",
        "roads": [
          "S G Barve Marg (C S T Road)",
          "St Vershaw Kakkaya Marg"
        ],
        "highways": [
          "secondary",
          "tertiary"
        ],
        "connection_count": 2
      },
      "geometry": {
        "type": "Point",
        "coordinates": [
          72.888318,
          19.0554248
        ]
      }
    },
    {
      "type": "Feature",
      "id": "osm_node_10207346714",
      "properties": {
        "osm_node_id": 10207346714,
        "name": "SG Barve Marg & St Vershaw Kakkaya Marg",
        "roads": [
          "SG Barve Marg",
          "St Vershaw Kakkaya Marg"
        ],
        "highways": [
          "secondary",
          "tertiary"
        ],
        "connection_count": 2
      },
      "geometry": {
        "type": "Point",
        "coordinates": [
          72.8884363,
          19.0554917
        ]
      }
    },
    {
      "type": "Feature",
      "id": "osm_node_4362728160",
      "properties": {
        "osm_node_id": 4362728160,
        "name": "St Vershaw Kakkaya Marg",
        "roads": [
          "St Vershaw Kakkaya Marg"
        ],
        "highways": [
          "tertiary"
        ],
        "connection_count": 3
      },
      "geometry": {
        "type": "Point",
        "coordinates": [
          72.8892791,
          19.0559732
        ]
      }
    },
    {
      "type": "Feature",
      "id": "osm_node_1642958720",
      "properties": {
        "osm_node_id": 1642958720,
        "name": "Lokmanya Tilak Terminus Road",
        "roads": [
          "Lokmanya Tilak Terminus Road"
        ],
        "highways": [
          "tertiary"
        ],
        "connection_count": 2
      },
      "geometry": {
        "type": "Point",
        "coordinates": [
          72.891064,
          19.0681154
        ]
      }
    },
    {
      "type": "Feature",
      "id": "osm_node_1642958722",
      "properties": {
        "osm_node_id": 1642958722,
        "name": "Lokmanya Tilak Terminus Road",
        "roads": [
          "Lokmanya Tilak Terminus Road"
        ],
        "highways": [
          "tertiary"
        ],
        "connection_count": 2
      },
      "geometry": {
        "type": "Point",
        "coordinates": [
          72.892238,
          19.0683417
        ]
      }
    },
    {
      "type": "Feature",
      "id": "osm_node_11396019487",
      "properties": {
        "osm_node_id": 11396019487,
        "name": "Kirol Road & Kohinoor - Vidyavihar Road & Naupada Road",
        "roads": [
          "Kirol Road",
          "Kohinoor - Vidyavihar Road",
          "Naupada Road"
        ],
        "highways": [
          "tertiary"
        ],
        "connection_count": 3
      },
      "geometry": {
        "type": "Point",
        "coordinates": [
          72.8891745,
          19.080637
        ]
      }
    },
    {
      "type": "Feature",
      "id": "osm_node_6493927744",
      "properties": {
        "osm_node_id": 6493927744,
        "name": "Lal Bahadur Shastri Marg",
        "roads": [
          "Lal Bahadur Shastri Marg"
        ],
        "highways": [
          "primary",
          "primary_link"
        ],
        "connection_count": 2
      },
      "geometry": {
        "type": "Point",
        "coordinates": [
          72.8691119,
          19.0554453
        ]
      }
    },
    {
      "type": "Feature",
      "id": "osm_node_6494909533",
      "properties": {
        "osm_node_id": 6494909533,
        "name": "Lal Bahadur Shastri Marg",
        "roads": [
          "Lal Bahadur Shastri Marg"
        ],
        "highways": [
          "primary",
          "primary_link"
        ],
        "connection_count": 2
      },
      "geometry": {
        "type": "Point",
        "coordinates": [
          72.8699542,
          19.0567165
        ]
      }
    },
    {
      "type": "Feature",
      "id": "osm_node_6494934166",
      "properties": {
        "osm_node_id": 6494934166,
        "name": "Lal Bahadur Shastri Marg",
        "roads": [
          "Lal Bahadur Shastri Marg"
        ],
        "highways": [
          "primary",
          "primary_link"
        ],
        "connection_count": 2
      },
      "geometry": {
        "type": "Point",
        "coordinates": [
          72.8705149,
          19.0574868
        ]
      }
    },
    {
      "type": "Feature",
      "id": "osm_node_6494934164",
      "properties": {
        "osm_node_id": 6494934164,
        "name": "Lal Bahadur Shastri Marg",
        "roads": [
          "Lal Bahadur Shastri Marg"
        ],
        "highways": [
          "primary",
          "primary_link"
        ],
        "connection_count": 2
      },
      "geometry": {
        "type": "Point",
        "coordinates": [
          72.8707791,
          19.0578498
        ]
      }
    },
    {
      "type": "Feature",
      "id": "osm_node_6430416810",
      "properties": {
        "osm_node_id": 6430416810,
        "name": "Lal Bahadur Shastri Marg",
        "roads": [
          "Lal Bahadur Shastri Marg"
        ],
        "highways": [
          "primary",
          "primary_link"
        ],
        "connection_count": 2
      },
      "geometry": {
        "type": "Point",
        "coordinates": [
          72.8711541,
          19.0583706
        ]
      }
    },
    {
      "type": "Feature",
      "id": "osm_node_2622177265",
      "properties": {
        "osm_node_id": 2622177265,
        "name": "Lal Bahadur Shastri Marg",
        "roads": [
          "Lal Bahadur Shastri Marg"
        ],
        "highways": [
          "primary",
          "primary_link"
        ],
        "connection_count": 2
      },
      "geometry": {
        "type": "Point",
        "coordinates": [
          72.8723376,
          19.0600242
        ]
      }
    },
    {
      "type": "Feature",
      "id": "osm_node_6494896736",
      "properties": {
        "osm_node_id": 6494896736,
        "name": "Lal Bahadur Shastri Marg",
        "roads": [
          "Lal Bahadur Shastri Marg"
        ],
        "highways": [
          "primary",
          "primary_link"
        ],
        "connection_count": 2
      },
      "geometry": {
        "type": "Point",
        "coordinates": [
          72.8735626,
          19.0630641
        ]
      }
    },
    {
      "type": "Feature",
      "id": "osm_node_10254904765",
      "properties": {
        "osm_node_id": 10254904765,
        "name": "Lal Bahadur Shastri Marg",
        "roads": [
          "Lal Bahadur Shastri Marg"
        ],
        "highways": [
          "primary",
          "primary_link"
        ],
        "connection_count": 2
      },
      "geometry": {
        "type": "Point",
        "coordinates": [
          72.8749541,
          19.0680616
        ]
      }
    },
    {
      "type": "Feature",
      "id": "osm_node_6430474047",
      "properties": {
        "osm_node_id": 6430474047,
        "name": "Lal Bahadur Shastri Marg",
        "roads": [
          "Lal Bahadur Shastri Marg"
        ],
        "highways": [
          "primary",
          "primary_link"
        ],
        "connection_count": 2
      },
      "geometry": {
        "type": "Point",
        "coordinates": [
          72.8751322,
          19.0691588
        ]
      }
    },
    {
      "type": "Feature",
      "id": "osm_node_6429588363",
      "properties": {
        "osm_node_id": 6429588363,
        "name": "Lal Bahadur Shastri Marg",
        "roads": [
          "Lal Bahadur Shastri Marg"
        ],
        "highways": [
          "primary",
          "primary_link"
        ],
        "connection_count": 2
      },
      "geometry": {
        "type": "Point",
        "coordinates": [
          72.8752569,
          19.0700834
        ]
      }
    },
    {
      "type": "Feature",
      "id": "osm_node_2622177324",
      "properties": {
        "osm_node_id": 2622177324,
        "name": "Lal Bahadur Shastri Marg",
        "roads": [
          "Lal Bahadur Shastri Marg"
        ],
        "highways": [
          "primary",
          "tertiary"
        ],
        "connection_count": 3
      },
      "geometry": {
        "type": "Point",
        "coordinates": [
          72.8866785,
          19.0851006
        ]
      }
    },
    {
      "type": "Feature",
      "id": "osm_node_2622177312",
      "properties": {
        "osm_node_id": 2622177312,
        "name": "Lal Bahadur Shastri Marg & Naupada Road",
        "roads": [
          "Lal Bahadur Shastri Marg",
          "Naupada Road"
        ],
        "highways": [
          "primary",
          "tertiary"
        ],
        "connection_count": 3
      },
      "geometry": {
        "type": "Point",
        "coordinates": [
          72.8904208,
          19.084701
        ]
      }
    },
    {
      "type": "Feature",
      "id": "osm_node_2897024818",
      "properties": {
        "osm_node_id": 2897024818,
        "name": "Avenue 3 & Bandra Kurla Complex Road",
        "roads": [
          "Avenue 3",
          "Bandra Kurla Complex Road"
        ],
        "highways": [
          "primary",
          "secondary",
          "tertiary"
        ],
        "connection_count": 4
      },
      "geometry": {
        "type": "Point",
        "coordinates": [
          72.8721745,
          19.070981
        ]
      }
    },
    {
      "type": "Feature",
      "id": "osm_node_2897024816",
      "properties": {
        "osm_node_id": 2897024816,
        "name": "Bandra Kurla Complex Road",
        "roads": [
          "Bandra Kurla Complex Road"
        ],
        "highways": [
          "primary",
          "primary_link"
        ],
        "connection_count": 2
      },
      "geometry": {
        "type": "Point",
        "coordinates": [
          72.871974,
          19.0709401
        ]
      }
    },
    {
      "type": "Feature",
      "id": "osm_node_10279771623",
      "properties": {
        "osm_node_id": 10279771623,
        "name": "Bandra Kurla Complex Road",
        "roads": [
          "Bandra Kurla Complex Road"
        ],
        "highways": [
          "primary",
          "primary_link"
        ],
        "connection_count": 2
      },
      "geometry": {
        "type": "Point",
        "coordinates": [
          72.8687256,
          19.0692267
        ]
      }
    },
    {
      "type": "Feature",
      "id": "osm_node_631507992",
      "properties": {
        "osm_node_id": 631507992,
        "name": "Bandra Kurla Complex Road & Street 9",
        "roads": [
          "Bandra Kurla Complex Road",
          "Street 9"
        ],
        "highways": [
          "primary",
          "tertiary"
        ],
        "connection_count": 2
      },
      "geometry": {
        "type": "Point",
        "coordinates": [
          72.8684997,
          19.0690865
        ]
      }
    },
    {
      "type": "Feature",
      "id": "osm_node_2897024795",
      "properties": {
        "osm_node_id": 2897024795,
        "name": "Bandra Kurla Complex Road & Street 9",
        "roads": [
          "Bandra Kurla Complex Road",
          "Street 9"
        ],
        "highways": [
          "primary",
          "tertiary"
        ],
        "connection_count": 2
      },
      "geometry": {
        "type": "Point",
        "coordinates": [
          72.8684361,
          19.0690471
        ]
      }
    },
    {
      "type": "Feature",
      "id": "osm_node_10279771627",
      "properties": {
        "osm_node_id": 10279771627,
        "name": "Bandra Kurla Complex Road",
        "roads": [
          "Bandra Kurla Complex Road"
        ],
        "highways": [
          "primary",
          "primary_link"
        ],
        "connection_count": 2
      },
      "geometry": {
        "type": "Point",
        "coordinates": [
          72.8656783,
          19.0673349
        ]
      }
    },
    {
      "type": "Feature",
      "id": "osm_node_296853816",
      "properties": {
        "osm_node_id": 296853816,
        "name": "Bandra Kurla Complex Road & Street 5",
        "roads": [
          "Bandra Kurla Complex Road",
          "Street 5"
        ],
        "highways": [
          "primary",
          "tertiary"
        ],
        "connection_count": 3
      },
      "geometry": {
        "type": "Point",
        "coordinates": [
          72.8621953,
          19.0651727
        ]
      }
    },
    {
      "type": "Feature",
      "id": "osm_node_2897024648",
      "properties": {
        "osm_node_id": 2897024648,
        "name": "Bandra Kurla Complex Road",
        "roads": [
          "Bandra Kurla Complex Road"
        ],
        "highways": [
          "primary",
          "primary_link"
        ],
        "connection_count": 2
      },
      "geometry": {
        "type": "Point",
        "coordinates": [
          72.8619752,
          19.065036
        ]
      }
    },
    {
      "type": "Feature",
      "id": "osm_node_2897024628",
      "properties": {
        "osm_node_id": 2897024628,
        "name": "Bandra Kurla Complex Road",
        "roads": [
          "Bandra Kurla Complex Road"
        ],
        "highways": [
          "primary",
          "primary_link"
        ],
        "connection_count": 2
      },
      "geometry": {
        "type": "Point",
        "coordinates": [
          72.8597078,
          19.0629396
        ]
      }
    },
    {
      "type": "Feature",
      "id": "osm_node_2897024615",
      "properties": {
        "osm_node_id": 2897024615,
        "name": "Bandra Kurla Complex Road & Street 3",
        "roads": [
          "Bandra Kurla Complex Road",
          "Street 3"
        ],
        "highways": [
          "primary",
          "secondary"
        ],
        "connection_count": 3
      },
      "geometry": {
        "type": "Point",
        "coordinates": [
          72.8595962,
          19.0625283
        ]
      }
    },
    {
      "type": "Feature",
      "id": "osm_node_2663447646",
      "properties": {
        "osm_node_id": 2663447646,
        "name": "Bandra Kurla Complex Road",
        "roads": [
          "Bandra Kurla Complex Road"
        ],
        "highways": [
          "primary"
        ],
        "connection_count": 2
      },
      "geometry": {
        "type": "Point",
        "coordinates": [
          72.8739703,
          19.0708785
        ]
      }
    },
    {
      "type": "Feature",
      "id": "osm_node_296857790",
      "properties": {
        "osm_node_id": 296857790,
        "name": "Bandra Kurla Complex Road",
        "roads": [
          "Bandra Kurla Complex Road"
        ],
        "highways": [
          "primary"
        ],
        "connection_count": 2
      },
      "geometry": {
        "type": "Point",
        "coordinates": [
          72.872835,
          19.0710154
        ]
      }
    },
    {
      "type": "Feature",
      "id": "osm_node_4357358518",
      "properties": {
        "osm_node_id": 4357358518,
        "name": "Bandra Kurla Complex Road",
        "roads": [
          "Bandra Kurla Complex Road"
        ],
        "highways": [
          "primary"
        ],
        "connection_count": 2
      },
      "geometry": {
        "type": "Point",
        "coordinates": [
          72.8728377,
          19.0711781
        ]
      }
    },
    {
      "type": "Feature",
      "id": "osm_node_2663447647",
      "properties": {
        "osm_node_id": 2663447647,
        "name": "Bandra Kurla Complex Road",
        "roads": [
          "Bandra Kurla Complex Road"
        ],
        "highways": [
          "primary"
        ],
        "connection_count": 2
      },
      "geometry": {
        "type": "Point",
        "coordinates": [
          72.873986,
          19.0709951
        ]
      }
    },
    {
      "type": "Feature",
      "id": "osm_node_2663447648",
      "properties": {
        "osm_node_id": 2663447648,
        "name": "Santa Cruz \u2013 Chembur Link Road",
        "roads": [
          "Santa Cruz \u2013 Chembur Link Road"
        ],
        "highways": [
          "trunk"
        ],
        "connection_count": 2
      },
      "geometry": {
        "type": "Point",
        "coordinates": [
          72.883864,
          19.0728779
        ]
      }
    },
    {
      "type": "Feature",
      "id": "osm_node_2804467069",
      "properties": {
        "osm_node_id": 2804467069,
        "name": "Santa Cruz \u2013 Chembur Link Road",
        "roads": [
          "Santa Cruz \u2013 Chembur Link Road"
        ],
        "highways": [
          "trunk"
        ],
        "connection_count": 2
      },
      "geometry": {
        "type": "Point",
        "coordinates": [
          72.8825011,
          19.0734981
        ]
      }
    },
    {
      "type": "Feature",
      "id": "osm_node_4443962502",
      "properties": {
        "osm_node_id": 4443962502,
        "name": "Lokmanya Tilak Terminus Road & Mother Dairy Road",
        "roads": [
          "Lokmanya Tilak Terminus Road",
          "Mother Dairy Road"
        ],
        "highways": [
          "secondary"
        ],
        "connection_count": 2
      },
      "geometry": {
        "type": "Point",
        "coordinates": [
          72.885956,
          19.0640711
        ]
      }
    },
    {
      "type": "Feature",
      "id": "osm_node_2804444332",
      "properties": {
        "osm_node_id": 2804444332,
        "name": "Lokmanya Tilak Terminus Road & Santa Cruz \u2013 Chembur Link Road",
        "roads": [
          "Lokmanya Tilak Terminus Road",
          "Santa Cruz \u2013 Chembur Link Road"
        ],
        "highways": [
          "secondary",
          "trunk_link"
        ],
        "connection_count": 2
      },
      "geometry": {
        "type": "Point",
        "coordinates": [
          72.8883997,
          19.0671832
        ]
      }
    },
    {
      "type": "Feature",
      "id": "osm_node_2804441140",
      "properties": {
        "osm_node_id": 2804441140,
        "name": "Lokmanya Tilak Terminus Road & Santa Cruz \u2013 Chembur Link Road",
        "roads": [
          "Lokmanya Tilak Terminus Road",
          "Santa Cruz \u2013 Chembur Link Road"
        ],
        "highways": [
          "secondary",
          "trunk_link"
        ],
        "connection_count": 3
      },
      "geometry": {
        "type": "Point",
        "coordinates": [
          72.8886221,
          19.0674194
        ]
      }
    },
    {
      "type": "Feature",
      "id": "osm_node_2804441153",
      "properties": {
        "osm_node_id": 2804441153,
        "name": "Lokmanya Tilak Terminus Road & Santa Cruz \u2013 Chembur Link Road",
        "roads": [
          "Lokmanya Tilak Terminus Road",
          "Santa Cruz \u2013 Chembur Link Road"
        ],
        "highways": [
          "secondary",
          "tertiary",
          "trunk_link"
        ],
        "connection_count": 3
      },
      "geometry": {
        "type": "Point",
        "coordinates": [
          72.8888783,
          19.0676154
        ]
      }
    },
    {
      "type": "Feature",
      "id": "osm_node_1366009129",
      "properties": {
        "osm_node_id": 1366009129,
        "name": "Masrani Lane",
        "roads": [
          "Masrani Lane"
        ],
        "highways": [
          "tertiary"
        ],
        "connection_count": 2
      },
      "geometry": {
        "type": "Point",
        "coordinates": [
          72.8825456,
          19.0762088
        ]
      }
    },
    {
      "type": "Feature",
      "id": "osm_node_2804392268",
      "properties": {
        "osm_node_id": 2804392268,
        "name": "Santa Cruz \u2013 Chembur Link Road",
        "roads": [
          "Santa Cruz \u2013 Chembur Link Road"
        ],
        "highways": [
          "trunk"
        ],
        "connection_count": 2
      },
      "geometry": {
        "type": "Point",
        "coordinates": [
          72.8839399,
          19.0729588
        ]
      }
    },
    {
      "type": "Feature",
      "id": "osm_node_2804450687",
      "properties": {
        "osm_node_id": 2804450687,
        "name": "Santa Cruz \u2013 Chembur Link Road",
        "roads": [
          "Santa Cruz \u2013 Chembur Link Road"
        ],
        "highways": [
          "trunk",
          "trunk_link"
        ],
        "connection_count": 3
      },
      "geometry": {
        "type": "Point",
        "coordinates": [
          72.8866994,
          19.0700283
        ]
      }
    },
    {
      "type": "Feature",
      "id": "osm_node_2804491970",
      "properties": {
        "osm_node_id": 2804491970,
        "name": "Santa Cruz \u2013 Chembur Link Road",
        "roads": [
          "Santa Cruz \u2013 Chembur Link Road"
        ],
        "highways": [
          "trunk"
        ],
        "connection_count": 2
      },
      "geometry": {
        "type": "Point",
        "coordinates": [
          72.8930336,
          19.0654336
        ]
      }
    },
    {
      "type": "Feature",
      "id": "osm_node_2804392269",
      "properties": {
        "osm_node_id": 2804392269,
        "name": "Santa Cruz \u2013 Chembur Link Road",
        "roads": [
          "Santa Cruz \u2013 Chembur Link Road"
        ],
        "highways": [
          "trunk"
        ],
        "connection_count": 2
      },
      "geometry": {
        "type": "Point",
        "coordinates": [
          72.8917733,
          19.0657689
        ]
      }
    },
    {
      "type": "Feature",
      "id": "osm_node_2804392259",
      "properties": {
        "osm_node_id": 2804392259,
        "name": "Santa Cruz \u2013 Chembur Link Road",
        "roads": [
          "Santa Cruz \u2013 Chembur Link Road"
        ],
        "highways": [
          "trunk"
        ],
        "connection_count": 2
      },
      "geometry": {
        "type": "Point",
        "coordinates": [
          72.8917942,
          19.0658481
        ]
      }
    },
    {
      "type": "Feature",
      "id": "osm_node_2804392267",
      "properties": {
        "osm_node_id": 2804392267,
        "name": "Santa Cruz \u2013 Chembur Link Road",
        "roads": [
          "Santa Cruz \u2013 Chembur Link Road"
        ],
        "highways": [
          "trunk"
        ],
        "connection_count": 2
      },
      "geometry": {
        "type": "Point",
        "coordinates": [
          72.8930531,
          19.065503
        ]
      }
    },
    {
      "type": "Feature",
      "id": "osm_node_2804396435",
      "properties": {
        "osm_node_id": 2804396435,
        "name": "Santa Cruz \u2013 Chembur Link Road",
        "roads": [
          "Santa Cruz \u2013 Chembur Link Road"
        ],
        "highways": [
          "trunk"
        ],
        "connection_count": 2
      },
      "geometry": {
        "type": "Point",
        "coordinates": [
          72.8879333,
          19.0685673
        ]
      }
    },
    {
      "type": "Feature",
      "id": "osm_node_2804450686",
      "properties": {
        "osm_node_id": 2804450686,
        "name": "Santa Cruz \u2013 Chembur Link Road",
        "roads": [
          "Santa Cruz \u2013 Chembur Link Road"
        ],
        "highways": [
          "trunk",
          "trunk_link"
        ],
        "connection_count": 3
      },
      "geometry": {
        "type": "Point",
        "coordinates": [
          72.8866101,
          19.0699612
        ]
      }
    },
    {
      "type": "Feature",
      "id": "osm_node_2804441145",
      "properties": {
        "osm_node_id": 2804441145,
        "name": "Lokmanya Tilak Terminus Road & Santa Cruz \u2013 Chembur Link Road",
        "roads": [
          "Lokmanya Tilak Terminus Road",
          "Santa Cruz \u2013 Chembur Link Road"
        ],
        "highways": [
          "secondary",
          "tertiary",
          "trunk_link"
        ],
        "connection_count": 4
      },
      "geometry": {
        "type": "Point",
        "coordinates": [
          72.888952,
          19.0675273
        ]
      }
    },
    {
      "type": "Feature",
      "id": "osm_node_2804449487",
      "properties": {
        "osm_node_id": 2804449487,
        "name": "Santa Cruz \u2013 Chembur Link Road",
        "roads": [
          "Santa Cruz \u2013 Chembur Link Road"
        ],
        "highways": [
          "trunk_link"
        ],
        "connection_count": 2
      },
      "geometry": {
        "type": "Point",
        "coordinates": [
          72.8892373,
          19.0672519
        ]
      }
    },
    {
      "type": "Feature",
      "id": "osm_node_2892843858",
      "properties": {
        "osm_node_id": 2892843858,
        "name": "Santa Cruz \u2013 Chembur Link Road",
        "roads": [
          "Santa Cruz \u2013 Chembur Link Road"
        ],
        "highways": [
          "trunk_link"
        ],
        "connection_count": 2
      },
      "geometry": {
        "type": "Point",
        "coordinates": [
          72.8918147,
          19.065926
        ]
      }
    },
    {
      "type": "Feature",
      "id": "osm_node_2892843857",
      "properties": {
        "osm_node_id": 2892843857,
        "name": "Santa Cruz \u2013 Chembur Link Road",
        "roads": [
          "Santa Cruz \u2013 Chembur Link Road"
        ],
        "highways": [
          "trunk_link"
        ],
        "connection_count": 2
      },
      "geometry": {
        "type": "Point",
        "coordinates": [
          72.8917543,
          19.0656969
        ]
      }
    },
    {
      "type": "Feature",
      "id": "osm_node_2804449483",
      "properties": {
        "osm_node_id": 2804449483,
        "name": "Santa Cruz \u2013 Chembur Link Road",
        "roads": [
          "Santa Cruz \u2013 Chembur Link Road"
        ],
        "highways": [
          "trunk_link"
        ],
        "connection_count": 2
      },
      "geometry": {
        "type": "Point",
        "coordinates": [
          72.8889123,
          19.0671885
        ]
      }
    },
    {
      "type": "Feature",
      "id": "osm_node_2804441150",
      "properties": {
        "osm_node_id": 2804441150,
        "name": "Lokmanya Tilak Terminus Road & Santa Cruz \u2013 Chembur Link Road",
        "roads": [
          "Lokmanya Tilak Terminus Road",
          "Santa Cruz \u2013 Chembur Link Road"
        ],
        "highways": [
          "secondary",
          "trunk_link"
        ],
        "connection_count": 4
      },
      "geometry": {
        "type": "Point",
        "coordinates": [
          72.8886976,
          19.0673455
        ]
      }
    },
    {
      "type": "Feature",
      "id": "osm_node_2804433702",
      "properties": {
        "osm_node_id": 2804433702,
        "name": "Lokmanya Tilak Terminus Road",
        "roads": [
          "Lokmanya Tilak Terminus Road"
        ],
        "highways": [
          "tertiary"
        ],
        "connection_count": 2
      },
      "geometry": {
        "type": "Point",
        "coordinates": [
          72.8908902,
          19.0680651
        ]
      }
    },
    {
      "type": "Feature",
      "id": "osm_node_2804443043",
      "properties": {
        "osm_node_id": 2804443043,
        "name": "Lokmanya Tilak Terminus Road & Santa Cruz \u2013 Chembur Link Road",
        "roads": [
          "Lokmanya Tilak Terminus Road",
          "Santa Cruz \u2013 Chembur Link Road"
        ],
        "highways": [
          "tertiary",
          "trunk_link"
        ],
        "connection_count": 2
      },
      "geometry": {
        "type": "Point",
        "coordinates": [
          72.8891834,
          19.0676981
        ]
      }
    },
    {
      "type": "Feature",
      "id": "osm_node_2804433703",
      "properties": {
        "osm_node_id": 2804433703,
        "name": "Pipeline Road",
        "roads": [
          "Pipeline Road"
        ],
        "highways": [
          "tertiary"
        ],
        "connection_count": 2
      },
      "geometry": {
        "type": "Point",
        "coordinates": [
          72.8933031,
          19.0685703
        ]
      }
    },
    {
      "type": "Feature",
      "id": "osm_node_7383907156",
      "properties": {
        "osm_node_id": 7383907156,
        "name": "Junction",
        "roads": [],
        "highways": [
          "tertiary"
        ],
        "connection_count": 2
      },
      "geometry": {
        "type": "Point",
        "coordinates": [
          72.8932384,
          19.0686147
        ]
      }
    },
    {
      "type": "Feature",
      "id": "osm_node_2892843875",
      "properties": {
        "osm_node_id": 2892843875,
        "name": "Lokmanya Tilak Terminus Road",
        "roads": [
          "Lokmanya Tilak Terminus Road"
        ],
        "highways": [
          "tertiary"
        ],
        "connection_count": 2
      },
      "geometry": {
        "type": "Point",
        "coordinates": [
          72.8927546,
          19.0686356
        ]
      }
    },
    {
      "type": "Feature",
      "id": "osm_node_1232644665",
      "properties": {
        "osm_node_id": 1232644665,
        "name": "Lokmanya Tilak Terminus Road",
        "roads": [
          "Lokmanya Tilak Terminus Road"
        ],
        "highways": [
          "tertiary"
        ],
        "connection_count": 2
      },
      "geometry": {
        "type": "Point",
        "coordinates": [
          72.8924407,
          19.0683195
        ]
      }
    },
    {
      "type": "Feature",
      "id": "osm_node_2804430996",
      "properties": {
        "osm_node_id": 2804430996,
        "name": "Lokmanya Tilak Terminus Road",
        "roads": [
          "Lokmanya Tilak Terminus Road"
        ],
        "highways": [
          "tertiary"
        ],
        "connection_count": 2
      },
      "geometry": {
        "type": "Point",
        "coordinates": [
          72.8923024,
          19.0682669
        ]
      }
    },
    {
      "type": "Feature",
      "id": "osm_node_3736885986",
      "properties": {
        "osm_node_id": 3736885986,
        "name": "Junction",
        "roads": [],
        "highways": [
          "tertiary"
        ],
        "connection_count": 4
      },
      "geometry": {
        "type": "Point",
        "coordinates": [
          72.8930286,
          19.0689488
        ]
      }
    },
    {
      "type": "Feature",
      "id": "osm_node_13961995736",
      "properties": {
        "osm_node_id": 13961995736,
        "name": "Junction",
        "roads": [],
        "highways": [
          "tertiary"
        ],
        "connection_count": 2
      },
      "geometry": {
        "type": "Point",
        "coordinates": [
          72.8929801,
          19.068887
        ]
      }
    },
    {
      "type": "Feature",
      "id": "osm_node_2804449494",
      "properties": {
        "osm_node_id": 2804449494,
        "name": "Lokmanya Tilak Terminus Road & Santa Cruz \u2013 Chembur Link Road",
        "roads": [
          "Lokmanya Tilak Terminus Road",
          "Santa Cruz \u2013 Chembur Link Road"
        ],
        "highways": [
          "tertiary",
          "trunk_link"
        ],
        "connection_count": 2
      },
      "geometry": {
        "type": "Point",
        "coordinates": [
          72.889156,
          19.0677592
        ]
      }
    },
    {
      "type": "Feature",
      "id": "osm_node_2804449481",
      "properties": {
        "osm_node_id": 2804449481,
        "name": "Santa Cruz \u2013 Chembur Link Road",
        "roads": [
          "Santa Cruz \u2013 Chembur Link Road"
        ],
        "highways": [
          "trunk_link"
        ],
        "connection_count": 2
      },
      "geometry": {
        "type": "Point",
        "coordinates": [
          72.888447,
          19.067624
        ]
      }
    },
    {
      "type": "Feature",
      "id": "osm_node_2804441143",
      "properties": {
        "osm_node_id": 2804441143,
        "name": "Lokmanya Tilak Terminus Road & Santa Cruz \u2013 Chembur Link Road",
        "roads": [
          "Lokmanya Tilak Terminus Road",
          "Santa Cruz \u2013 Chembur Link Road"
        ],
        "highways": [
          "secondary",
          "trunk_link"
        ],
        "connection_count": 2
      },
      "geometry": {
        "type": "Point",
        "coordinates": [
          72.8884493,
          19.067178
        ]
      }
    },
    {
      "type": "Feature",
      "id": "osm_node_10882788614",
      "properties": {
        "osm_node_id": 10882788614,
        "name": "Lokmanya Tilak Terminus Road & Mother Dairy Road",
        "roads": [
          "Lokmanya Tilak Terminus Road",
          "Mother Dairy Road"
        ],
        "highways": [
          "secondary"
        ],
        "connection_count": 2
      },
      "geometry": {
        "type": "Point",
        "coordinates": [
          72.8860205,
          19.0639856
        ]
      }
    },
    {
      "type": "Feature",
      "id": "osm_node_2804449479",
      "properties": {
        "osm_node_id": 2804449479,
        "name": "Santa Cruz \u2013 Chembur Link Road",
        "roads": [
          "Santa Cruz \u2013 Chembur Link Road"
        ],
        "highways": [
          "trunk_link"
        ],
        "connection_count": 2
      },
      "geometry": {
        "type": "Point",
        "coordinates": [
          72.8887245,
          19.067791
        ]
      }
    },
    {
      "type": "Feature",
      "id": "osm_node_2897024861",
      "properties": {
        "osm_node_id": 2897024861,
        "name": "Santa Cruz \u2013 Chembur Link Road",
        "roads": [
          "Santa Cruz \u2013 Chembur Link Road"
        ],
        "highways": [
          "secondary",
          "trunk"
        ],
        "connection_count": 4
      },
      "geometry": {
        "type": "Point",
        "coordinates": [
          72.8709551,
          19.0743008
        ]
      }
    },
    {
      "type": "Feature",
      "id": "osm_node_12334925193",
      "properties": {
        "osm_node_id": 12334925193,
        "name": "Santa Cruz \u2013 Chembur Link Road",
        "roads": [
          "Santa Cruz \u2013 Chembur Link Road"
        ],
        "highways": [
          "trunk",
          "trunk_link"
        ],
        "connection_count": 2
      },
      "geometry": {
        "type": "Point",
        "coordinates": [
          72.8637048,
          19.071147
        ]
      }
    },
    {
      "type": "Feature",
      "id": "osm_node_5470238123",
      "properties": {
        "osm_node_id": 5470238123,
        "name": "Santa Cruz \u2013 Chembur Link Road",
        "roads": [
          "Santa Cruz \u2013 Chembur Link Road"
        ],
        "highways": [
          "trunk",
          "trunk_link"
        ],
        "connection_count": 2
      },
      "geometry": {
        "type": "Point",
        "coordinates": [
          72.8626526,
          19.071028
        ]
      }
    },
    {
      "type": "Feature",
      "id": "osm_node_10044201331",
      "properties": {
        "osm_node_id": 10044201331,
        "name": "BKC - CST Link Road & Santa Cruz \u2013 Chembur Link Road",
        "roads": [
          "BKC - CST Link Road",
          "Santa Cruz \u2013 Chembur Link Road"
        ],
        "highways": [
          "tertiary",
          "trunk"
        ],
        "connection_count": 2
      },
      "geometry": {
        "type": "Point",
        "coordinates": [
          72.8615566,
          19.0714938
        ]
      }
    },
    {
      "type": "Feature",
      "id": "osm_node_12243225438",
      "properties": {
        "osm_node_id": 12243225438,
        "name": "BKC - CST Link Road & Santa Cruz \u2013 Chembur Link Road",
        "roads": [
          "BKC - CST Link Road",
          "Santa Cruz \u2013 Chembur Link Road"
        ],
        "highways": [
          "tertiary",
          "trunk"
        ],
        "connection_count": 2
      },
      "geometry": {
        "type": "Point",
        "coordinates": [
          72.8613486,
          19.0716959
        ]
      }
    },
    {
      "type": "Feature",
      "id": "osm_node_245667542",
      "properties": {
        "osm_node_id": 245667542,
        "name": "Santa Cruz \u2013 Chembur Link Road",
        "roads": [
          "Santa Cruz \u2013 Chembur Link Road"
        ],
        "highways": [
          "trunk"
        ],
        "connection_count": 2
      },
      "geometry": {
        "type": "Point",
        "coordinates": [
          72.8608601,
          19.0728738
        ]
      }
    },
    {
      "type": "Feature",
      "id": "osm_node_2804500706",
      "properties": {
        "osm_node_id": 2804500706,
        "name": "Santa Cruz \u2013 Chembur Link Road & Santa Cruz \u2013 Chembur Link Road Flyover",
        "roads": [
          "Santa Cruz \u2013 Chembur Link Road",
          "Santa Cruz \u2013 Chembur Link Road Flyover"
        ],
        "highways": [
          "trunk",
          "trunk_link"
        ],
        "connection_count": 3
      },
      "geometry": {
        "type": "Point",
        "coordinates": [
          72.8952923,
          19.0647795
        ]
      }
    },
    {
      "type": "Feature",
      "id": "osm_node_2804491972",
      "properties": {
        "osm_node_id": 2804491972,
        "name": "Santa Cruz \u2013 Chembur Link Road",
        "roads": [
          "Santa Cruz \u2013 Chembur Link Road"
        ],
        "highways": [
          "trunk",
          "trunk_link"
        ],
        "connection_count": 3
      },
      "geometry": {
        "type": "Point",
        "coordinates": [
          72.8932941,
          19.0653159
        ]
      }
    },
    {
      "type": "Feature",
      "id": "osm_node_2804491973",
      "properties": {
        "osm_node_id": 2804491973,
        "name": "Santa Cruz \u2013 Chembur Link Road",
        "roads": [
          "Santa Cruz \u2013 Chembur Link Road"
        ],
        "highways": [
          "trunk",
          "trunk_link"
        ],
        "connection_count": 3
      },
      "geometry": {
        "type": "Point",
        "coordinates": [
          72.8933438,
          19.06548
        ]
      }
    },
    {
      "type": "Feature",
      "id": "osm_node_2804500716",
      "properties": {
        "osm_node_id": 2804500716,
        "name": "Santa Cruz \u2013 Chembur Link Road & Santa Cruz \u2013 Chembur Link Road Flyover",
        "roads": [
          "Santa Cruz \u2013 Chembur Link Road",
          "Santa Cruz \u2013 Chembur Link Road Flyover"
        ],
        "highways": [
          "trunk",
          "trunk_link"
        ],
        "connection_count": 3
      },
      "geometry": {
        "type": "Point",
        "coordinates": [
          72.895342,
          19.0649436
        ]
      }
    },
    {
      "type": "Feature",
      "id": "osm_node_2622177289",
      "properties": {
        "osm_node_id": 2622177289,
        "name": "Lal Bahadur Shastri Marg & Santa Cruz \u2013 Chembur Link Road",
        "roads": [
          "Lal Bahadur Shastri Marg",
          "Santa Cruz \u2013 Chembur Link Road"
        ],
        "highways": [
          "primary",
          "trunk",
          "trunk_link"
        ],
        "connection_count": 4
      },
      "geometry": {
        "type": "Point",
        "coordinates": [
          72.8772747,
          19.0759339
        ]
      }
    },
    {
      "type": "Feature",
      "id": "osm_node_12072887609",
      "properties": {
        "osm_node_id": 12072887609,
        "name": "Santa Cruz \u2013 Chembur Link Road",
        "roads": [
          "Santa Cruz \u2013 Chembur Link Road"
        ],
        "highways": [
          "trunk",
          "trunk_link"
        ],
        "connection_count": 2
      },
      "geometry": {
        "type": "Point",
        "coordinates": [
          72.8762594,
          19.076412
        ]
      }
    },
    {
      "type": "Feature",
      "id": "osm_node_2244797657",
      "properties": {
        "osm_node_id": 2244797657,
        "name": "Santa Cruz \u2013 Chembur Link Road",
        "roads": [
          "Santa Cruz \u2013 Chembur Link Road"
        ],
        "highways": [
          "trunk"
        ],
        "connection_count": 2
      },
      "geometry": {
        "type": "Point",
        "coordinates": [
          72.8750127,
          19.0761447
        ]
      }
    },
    {
      "type": "Feature",
      "id": "osm_node_2804548109",
      "properties": {
        "osm_node_id": 2804548109,
        "name": "Santa Cruz \u2013 Chembur Link Road & Shahid Major Kaustubh Rane flyover",
        "roads": [
          "Santa Cruz \u2013 Chembur Link Road",
          "Shahid Major Kaustubh Rane flyover"
        ],
        "highways": [
          "trunk",
          "trunk_link"
        ],
        "connection_count": 3
      },
      "geometry": {
        "type": "Point",
        "coordinates": [
          72.8743926,
          19.0760847
        ]
      }
    },
    {
      "type": "Feature",
      "id": "osm_node_12072887608",
      "properties": {
        "osm_node_id": 12072887608,
        "name": "Santa Cruz \u2013 Chembur Link Road",
        "roads": [
          "Santa Cruz \u2013 Chembur Link Road"
        ],
        "highways": [
          "trunk",
          "trunk_link"
        ],
        "connection_count": 3
      },
      "geometry": {
        "type": "Point",
        "coordinates": [
          72.8763191,
          19.0766767
        ]
      }
    },
    {
      "type": "Feature",
      "id": "osm_node_2804467057",
      "properties": {
        "osm_node_id": 2804467057,
        "name": "Shahid Major Kaustubh Rane flyover",
        "roads": [
          "Shahid Major Kaustubh Rane flyover"
        ],
        "highways": [
          "trunk"
        ],
        "connection_count": 2
      },
      "geometry": {
        "type": "Point",
        "coordinates": [
          72.8765734,
          19.0764073
        ]
      }
    },
    {
      "type": "Feature",
      "id": "osm_node_10772904753",
      "properties": {
        "osm_node_id": 10772904753,
        "name": "Shahid Major Kaustubh Rane flyover",
        "roads": [
          "Shahid Major Kaustubh Rane flyover"
        ],
        "highways": [
          "trunk"
        ],
        "connection_count": 2
      },
      "geometry": {
        "type": "Point",
        "coordinates": [
          72.8749771,
          19.0762112
        ]
      }
    },
    {
      "type": "Feature",
      "id": "osm_node_4357358592",
      "properties": {
        "osm_node_id": 4357358592,
        "name": "BKC - SCLR Connector & SCLR - LBS Marg Connector & Shahid Major Kaustubh Rane flyover",
        "roads": [
          "BKC - SCLR Connector",
          "SCLR - LBS Marg Connector",
          "Shahid Major Kaustubh Rane flyover"
        ],
        "highways": [
          "primary",
          "trunk",
          "trunk_link"
        ],
        "connection_count": 4
      },
      "geometry": {
        "type": "Point",
        "coordinates": [
          72.8766069,
          19.0764911
        ]
      }
    },
    {
      "type": "Feature",
      "id": "osm_node_10772904768",
      "properties": {
        "osm_node_id": 10772904768,
        "name": "Shahid Major Kaustubh Rane flyover",
        "roads": [
          "Shahid Major Kaustubh Rane flyover"
        ],
        "highways": [
          "trunk"
        ],
        "connection_count": 2
      },
      "geometry": {
        "type": "Point",
        "coordinates": [
          72.8794429,
          19.07487
        ]
      }
    },
    {
      "type": "Feature",
      "id": "osm_node_10772904752",
      "properties": {
        "osm_node_id": 10772904752,
        "name": "Shahid Major Kaustubh Rane flyover",
        "roads": [
          "Shahid Major Kaustubh Rane flyover"
        ],
        "highways": [
          "trunk_link"
        ],
        "connection_count": 2
      },
      "geometry": {
        "type": "Point",
        "coordinates": [
          72.8749342,
          19.0762911
        ]
      }
    },
    {
      "type": "Feature",
      "id": "osm_node_12430188033",
      "properties": {
        "osm_node_id": 12430188033,
        "name": "Junction",
        "roads": [],
        "highways": [
          "trunk_link"
        ],
        "connection_count": 3
      },
      "geometry": {
        "type": "Point",
        "coordinates": [
          72.8782065,
          19.0756179
        ]
      }
    },
    {
      "type": "Feature",
      "id": "osm_node_1647285790",
      "properties": {
        "osm_node_id": 1647285790,
        "name": "Santa Cruz \u2013 Chembur Link Road & Shahid Major Kaustubh Rane flyover",
        "roads": [
          "Santa Cruz \u2013 Chembur Link Road",
          "Shahid Major Kaustubh Rane flyover"
        ],
        "highways": [
          "trunk",
          "trunk_link"
        ],
        "connection_count": 3
      },
      "geometry": {
        "type": "Point",
        "coordinates": [
          72.8796938,
          19.0747772
        ]
      }
    },
    {
      "type": "Feature",
      "id": "osm_node_10772904769",
      "properties": {
        "osm_node_id": 10772904769,
        "name": "Shahid Major Kaustubh Rane flyover",
        "roads": [
          "Shahid Major Kaustubh Rane flyover"
        ],
        "highways": [
          "trunk"
        ],
        "connection_count": 2
      },
      "geometry": {
        "type": "Point",
        "coordinates": [
          72.8794017,
          19.0747894
        ]
      }
    },
    {
      "type": "Feature",
      "id": "osm_node_2892843890",
      "properties": {
        "osm_node_id": 2892843890,
        "name": "Santa Cruz \u2013 Chembur Link Road",
        "roads": [
          "Santa Cruz \u2013 Chembur Link Road"
        ],
        "highways": [
          "tertiary",
          "trunk"
        ],
        "connection_count": 3
      },
      "geometry": {
        "type": "Point",
        "coordinates": [
          72.8821416,
          19.0734729
        ]
      }
    },
    {
      "type": "Feature",
      "id": "osm_node_6430960767",
      "properties": {
        "osm_node_id": 6430960767,
        "name": "Santa Cruz \u2013 Chembur Link Road",
        "roads": [
          "Santa Cruz \u2013 Chembur Link Road"
        ],
        "highways": [
          "tertiary",
          "trunk"
        ],
        "connection_count": 3
      },
      "geometry": {
        "type": "Point",
        "coordinates": [
          72.880484,
          19.0740375
        ]
      }
    },
    {
      "type": "Feature",
      "id": "osm_node_1232643976",
      "properties": {
        "osm_node_id": 1232643976,
        "name": "Santa Cruz \u2013 Chembur Link Road",
        "roads": [
          "Santa Cruz \u2013 Chembur Link Road"
        ],
        "highways": [
          "trunk"
        ],
        "connection_count": 2
      },
      "geometry": {
        "type": "Point",
        "coordinates": [
          72.8825194,
          19.0736045
        ]
      }
    },
    {
      "type": "Feature",
      "id": "osm_node_2892843893",
      "properties": {
        "osm_node_id": 2892843893,
        "name": "Santa Cruz \u2013 Chembur Link Road & Shahid Major Kaustubh Rane flyover",
        "roads": [
          "Santa Cruz \u2013 Chembur Link Road",
          "Shahid Major Kaustubh Rane flyover"
        ],
        "highways": [
          "trunk",
          "trunk_link"
        ],
        "connection_count": 3
      },
      "geometry": {
        "type": "Point",
        "coordinates": [
          72.8796214,
          19.0746535
        ]
      }
    },
    {
      "type": "Feature",
      "id": "osm_node_10265837619",
      "properties": {
        "osm_node_id": 10265837619,
        "name": "Junction",
        "roads": [],
        "highways": [
          "tertiary_link",
          "trunk_link"
        ],
        "connection_count": 2
      },
      "geometry": {
        "type": "Point",
        "coordinates": [
          72.8793666,
          19.0747248
        ]
      }
    },
    {
      "type": "Feature",
      "id": "osm_node_12430188034",
      "properties": {
        "osm_node_id": 12430188034,
        "name": "Junction",
        "roads": [],
        "highways": [
          "trunk_link"
        ],
        "connection_count": 3
      },
      "geometry": {
        "type": "Point",
        "coordinates": [
          72.8780569,
          19.0754255
        ]
      }
    },
    {
      "type": "Feature",
      "id": "osm_node_2439359832",
      "properties": {
        "osm_node_id": 2439359832,
        "name": "Santa Cruz \u2013 Chembur Link Road",
        "roads": [
          "Santa Cruz \u2013 Chembur Link Road"
        ],
        "highways": [
          "tertiary",
          "trunk"
        ],
        "connection_count": 2
      },
      "geometry": {
        "type": "Point",
        "coordinates": [
          72.8812507,
          19.0738162
        ]
      }
    },
    {
      "type": "Feature",
      "id": "osm_node_2892843892",
      "properties": {
        "osm_node_id": 2892843892,
        "name": "Santa Cruz \u2013 Chembur Link Road",
        "roads": [
          "Santa Cruz \u2013 Chembur Link Road"
        ],
        "highways": [
          "trunk"
        ],
        "connection_count": 2
      },
      "geometry": {
        "type": "Point",
        "coordinates": [
          72.8821504,
          19.0736468
        ]
      }
    },
    {
      "type": "Feature",
      "id": "osm_node_12430193495",
      "properties": {
        "osm_node_id": 12430193495,
        "name": "Junction",
        "roads": [],
        "highways": [
          "tertiary",
          "trunk_link"
        ],
        "connection_count": 2
      },
      "geometry": {
        "type": "Point",
        "coordinates": [
          72.8824022,
          19.0737058
        ]
      }
    },
    {
      "type": "Feature",
      "id": "osm_node_2804574488",
      "properties": {
        "osm_node_id": 2804574488,
        "name": "Junction",
        "roads": [],
        "highways": [
          "tertiary"
        ],
        "connection_count": 2
      },
      "geometry": {
        "type": "Point",
        "coordinates": [
          72.8841583,
          19.0728968
        ]
      }
    },
    {
      "type": "Feature",
      "id": "osm_node_6497154928",
      "properties": {
        "osm_node_id": 6497154928,
        "name": "Mathuradas Vasanji Road (Andheri Kurla Road)",
        "roads": [
          "Mathuradas Vasanji Road (Andheri Kurla Road)"
        ],
        "highways": [
          "tertiary"
        ],
        "connection_count": 2
      },
      "geometry": {
        "type": "Point",
        "coordinates": [
          72.8802945,
          19.0791837
        ]
      }
    },
    {
      "type": "Feature",
      "id": "osm_node_245668515",
      "properties": {
        "osm_node_id": 245668515,
        "name": "Lal Bahadur Shastri Marg & Mathuradas Vasanji Road (Andheri Kurla Road)",
        "roads": [
          "Lal Bahadur Shastri Marg",
          "Mathuradas Vasanji Road (Andheri Kurla Road)"
        ],
        "highways": [
          "primary",
          "tertiary"
        ],
        "connection_count": 4
      },
      "geometry": {
        "type": "Point",
        "coordinates": [
          72.8803239,
          19.0796532
        ]
      }
    },
    {
      "type": "Feature",
      "id": "osm_node_12430193496",
      "properties": {
        "osm_node_id": 12430193496,
        "name": "Santa Cruz \u2013 Chembur Link Road",
        "roads": [
          "Santa Cruz \u2013 Chembur Link Road"
        ],
        "highways": [
          "trunk",
          "trunk_link"
        ],
        "connection_count": 2
      },
      "geometry": {
        "type": "Point",
        "coordinates": [
          72.8823961,
          19.0736186
        ]
      }
    },
    {
      "type": "Feature",
      "id": "osm_node_7383907157",
      "properties": {
        "osm_node_id": 7383907157,
        "name": "Junction",
        "roads": [],
        "highways": [
          "tertiary"
        ],
        "connection_count": 2
      },
      "geometry": {
        "type": "Point",
        "coordinates": [
          72.8932735,
          19.0687851
        ]
      }
    },
    {
      "type": "Feature",
      "id": "osm_node_11975142667",
      "properties": {
        "osm_node_id": 11975142667,
        "name": "Lokmanya Tilak Terminus Road",
        "roads": [
          "Lokmanya Tilak Terminus Road"
        ],
        "highways": [
          "tertiary"
        ],
        "connection_count": 2
      },
      "geometry": {
        "type": "Point",
        "coordinates": [
          72.8927606,
          19.0688048
        ]
      }
    },
    {
      "type": "Feature",
      "id": "osm_node_2804396434",
      "properties": {
        "osm_node_id": 2804396434,
        "name": "Santa Cruz \u2013 Chembur Link Road",
        "roads": [
          "Santa Cruz \u2013 Chembur Link Road"
        ],
        "highways": [
          "trunk"
        ],
        "connection_count": 2
      },
      "geometry": {
        "type": "Point",
        "coordinates": [
          72.8878737,
          19.0685228
        ]
      }
    },
    {
      "type": "Feature",
      "id": "osm_node_2892843856",
      "properties": {
        "osm_node_id": 2892843856,
        "name": "Santa Cruz \u2013 Chembur Link Road",
        "roads": [
          "Santa Cruz \u2013 Chembur Link Road"
        ],
        "highways": [
          "trunk_link"
        ],
        "connection_count": 2
      },
      "geometry": {
        "type": "Point",
        "coordinates": [
          72.8930767,
          19.065587
        ]
      }
    },
    {
      "type": "Feature",
      "id": "osm_node_2892843855",
      "properties": {
        "osm_node_id": 2892843855,
        "name": "Santa Cruz \u2013 Chembur Link Road",
        "roads": [
          "Santa Cruz \u2013 Chembur Link Road"
        ],
        "highways": [
          "trunk_link"
        ],
        "connection_count": 2
      },
      "geometry": {
        "type": "Point",
        "coordinates": [
          72.8930107,
          19.0653521
        ]
      }
    },
    {
      "type": "Feature",
      "id": "osm_node_2804574485",
      "properties": {
        "osm_node_id": 2804574485,
        "name": "Junction",
        "roads": [],
        "highways": [
          "tertiary"
        ],
        "connection_count": 2
      },
      "geometry": {
        "type": "Point",
        "coordinates": [
          72.8857925,
          19.0711934
        ]
      }
    },
    {
      "type": "Feature",
      "id": "osm_node_2804574486",
      "properties": {
        "osm_node_id": 2804574486,
        "name": "Junction",
        "roads": [],
        "highways": [
          "tertiary"
        ],
        "connection_count": 2
      },
      "geometry": {
        "type": "Point",
        "coordinates": [
          72.885532,
          19.0710167
        ]
      }
    },
    {
      "type": "Feature",
      "id": "osm_node_13617550922",
      "properties": {
        "osm_node_id": 13617550922,
        "name": "Bandra Kurla Complex Road",
        "roads": [
          "Bandra Kurla Complex Road"
        ],
        "highways": [
          "primary",
          "tertiary"
        ],
        "connection_count": 2
      },
      "geometry": {
        "type": "Point",
        "coordinates": [
          72.8552177,
          19.0596667
        ]
      }
    },
    {
      "type": "Feature",
      "id": "osm_node_11271653051",
      "properties": {
        "osm_node_id": 11271653051,
        "name": "Bandra Kurla Complex Road",
        "roads": [
          "Bandra Kurla Complex Road"
        ],
        "highways": [
          "primary"
        ],
        "connection_count": 2
      },
      "geometry": {
        "type": "Point",
        "coordinates": [
          72.8559864,
          19.0597403
        ]
      }
    },
    {
      "type": "Feature",
      "id": "osm_node_13629018030",
      "properties": {
        "osm_node_id": 13629018030,
        "name": "Bandra Kurla Complex Road & Street 1",
        "roads": [
          "Bandra Kurla Complex Road",
          "Street 1"
        ],
        "highways": [
          "primary",
          "tertiary"
        ],
        "connection_count": 2
      },
      "geometry": {
        "type": "Point",
        "coordinates": [
          72.8553338,
          19.059555
        ]
      }
    },
    {
      "type": "Feature",
      "id": "osm_node_13369398580",
      "properties": {
        "osm_node_id": 13369398580,
        "name": "Bandra Kurla Complex Road & Street 1",
        "roads": [
          "Bandra Kurla Complex Road",
          "Street 1"
        ],
        "highways": [
          "primary",
          "tertiary"
        ],
        "connection_count": 2
      },
      "geometry": {
        "type": "Point",
        "coordinates": [
          72.8552661,
          19.0595173
        ]
      }
    },
    {
      "type": "Feature",
      "id": "osm_node_11271653058",
      "properties": {
        "osm_node_id": 11271653058,
        "name": "Bandra Kurla Complex Road",
        "roads": [
          "Bandra Kurla Complex Road"
        ],
        "highways": [
          "primary"
        ],
        "connection_count": 2
      },
      "geometry": {
        "type": "Point",
        "coordinates": [
          72.8550205,
          19.0593761
        ]
      }
    },
    {
      "type": "Feature",
      "id": "osm_node_2897024831",
      "properties": {
        "osm_node_id": 2897024831,
        "name": "Junction",
        "roads": [],
        "highways": [
          "secondary"
        ],
        "connection_count": 2
      },
      "geometry": {
        "type": "Point",
        "coordinates": [
          72.8718283,
          19.0719318
        ]
      }
    },
    {
      "type": "Feature",
      "id": "osm_node_2897024850",
      "properties": {
        "osm_node_id": 2897024850,
        "name": "Kanzul Iman Road",
        "roads": [
          "Kanzul Iman Road"
        ],
        "highways": [
          "secondary",
          "tertiary"
        ],
        "connection_count": 2
      },
      "geometry": {
        "type": "Point",
        "coordinates": [
          72.871507,
          19.0724825
        ]
      }
    },
    {
      "type": "Feature",
      "id": "osm_node_13799160903",
      "properties": {
        "osm_node_id": 13799160903,
        "name": "Junction",
        "roads": [],
        "highways": [
          "secondary",
          "secondary_link"
        ],
        "connection_count": 2
      },
      "geometry": {
        "type": "Point",
        "coordinates": [
          72.8712044,
          19.0733933
        ]
      }
    },
    {
      "type": "Feature",
      "id": "osm_node_9469495781",
      "properties": {
        "osm_node_id": 9469495781,
        "name": "Avenue 3: Lane 3 & Street 7",
        "roads": [
          "Avenue 3: Lane 3",
          "Street 7"
        ],
        "highways": [
          "secondary",
          "tertiary"
        ],
        "connection_count": 4
      },
      "geometry": {
        "type": "Point",
        "coordinates": [
          72.8664911,
          19.0660741
        ]
      }
    },
    {
      "type": "Feature",
      "id": "osm_node_2897024623",
      "properties": {
        "osm_node_id": 2897024623,
        "name": "Avenue 3: Lane 3 & Street 5",
        "roads": [
          "Avenue 3: Lane 3",
          "Street 5"
        ],
        "highways": [
          "secondary",
          "tertiary"
        ],
        "connection_count": 2
      },
      "geometry": {
        "type": "Point",
        "coordinates": [
          72.8650923,
          19.0627423
        ]
      }
    },
    {
      "type": "Feature",
      "id": "osm_node_245666274",
      "properties": {
        "osm_node_id": 245666274,
        "name": "Avenue 3: Lane 3 & Street 3",
        "roads": [
          "Avenue 3: Lane 3",
          "Street 3"
        ],
        "highways": [
          "secondary"
        ],
        "connection_count": 4
      },
      "geometry": {
        "type": "Point",
        "coordinates": [
          72.8643302,
          19.0607692
        ]
      }
    },
    {
      "type": "Feature",
      "id": "osm_node_2897022073",
      "properties": {
        "osm_node_id": 2897022073,
        "name": "Avenue 3 & Avenue 3: Lane 1",
        "roads": [
          "Avenue 3",
          "Avenue 3: Lane 1"
        ],
        "highways": [
          "secondary",
          "tertiary"
        ],
        "connection_count": 3
      },
      "geometry": {
        "type": "Point",
        "coordinates": [
          72.8601337,
          19.0592858
        ]
      }
    },
    {
      "type": "Feature",
      "id": "osm_node_2897022076",
      "properties": {
        "osm_node_id": 2897022076,
        "name": "Avenue 3 & Avenue 3: Lane 1",
        "roads": [
          "Avenue 3",
          "Avenue 3: Lane 1"
        ],
        "highways": [
          "secondary",
          "tertiary"
        ],
        "connection_count": 2
      },
      "geometry": {
        "type": "Point",
        "coordinates": [
          72.8601984,
          19.0593746
        ]
      }
    },
    {
      "type": "Feature",
      "id": "osm_node_2897024597",
      "properties": {
        "osm_node_id": 2897024597,
        "name": "Avenue 3: Lane 1 & Street 3",
        "roads": [
          "Avenue 3: Lane 1",
          "Street 3"
        ],
        "highways": [
          "secondary",
          "tertiary"
        ],
        "connection_count": 3
      },
      "geometry": {
        "type": "Point",
        "coordinates": [
          72.8605959,
          19.0620899
        ]
      }
    },
    {
      "type": "Feature",
      "id": "osm_node_2897024827",
      "properties": {
        "osm_node_id": 2897024827,
        "name": "Junction",
        "roads": [],
        "highways": [
          "secondary"
        ],
        "connection_count": 2
      },
      "geometry": {
        "type": "Point",
        "coordinates": [
          72.8719097,
          19.0716946
        ]
      }
    },
    {
      "type": "Feature",
      "id": "osm_node_2897024832",
      "properties": {
        "osm_node_id": 2897024832,
        "name": "Junction",
        "roads": [],
        "highways": [
          "secondary"
        ],
        "connection_count": 2
      },
      "geometry": {
        "type": "Point",
        "coordinates": [
          72.8719166,
          19.0719653
        ]
      }
    },
    {
      "type": "Feature",
      "id": "osm_node_2897024828",
      "properties": {
        "osm_node_id": 2897024828,
        "name": "Junction",
        "roads": [],
        "highways": [
          "secondary"
        ],
        "connection_count": 2
      },
      "geometry": {
        "type": "Point",
        "coordinates": [
          72.8719968,
          19.0717393
        ]
      }
    },
    {
      "type": "Feature",
      "id": "osm_node_2897022098",
      "properties": {
        "osm_node_id": 2897022098,
        "name": "Avenue 3",
        "roads": [
          "Avenue 3"
        ],
        "highways": [
          "primary_link",
          "secondary"
        ],
        "connection_count": 3
      },
      "geometry": {
        "type": "Point",
        "coordinates": [
          72.8589106,
          19.0600092
        ]
      }
    },
    {
      "type": "Feature",
      "id": "osm_node_2897024804",
      "properties": {
        "osm_node_id": 2897024804,
        "name": "Kanzul Iman Road",
        "roads": [
          "Kanzul Iman Road"
        ],
        "highways": [
          "tertiary"
        ],
        "connection_count": 2
      },
      "geometry": {
        "type": "Point",
        "coordinates": [
          72.8675806,
          19.0704174
        ]
      }
    },
    {
      "type": "Feature",
      "id": "osm_node_2897024710",
      "properties": {
        "osm_node_id": 2897024710,
        "name": "Bharat Nagar Road",
        "roads": [
          "Bharat Nagar Road"
        ],
        "highways": [
          "tertiary"
        ],
        "connection_count": 3
      },
      "geometry": {
        "type": "Point",
        "coordinates": [
          72.8571782,
          19.0663543
        ]
      }
    },
    {
      "type": "Feature",
      "id": "osm_node_7749797394",
      "properties": {
        "osm_node_id": 7749797394,
        "name": "BKC - CST Link Road & Bharat Nagar Road",
        "roads": [
          "BKC - CST Link Road",
          "Bharat Nagar Road"
        ],
        "highways": [
          "tertiary"
        ],
        "connection_count": 2
      },
      "geometry": {
        "type": "Point",
        "coordinates": [
          72.860022,
          19.0659853
        ]
      }
    },
    {
      "type": "Feature",
      "id": "osm_node_6554302593",
      "properties": {
        "osm_node_id": 6554302593,
        "name": "BKC - CST Link Road & Bharat Nagar Road",
        "roads": [
          "BKC - CST Link Road",
          "Bharat Nagar Road"
        ],
        "highways": [
          "tertiary"
        ],
        "connection_count": 2
      },
      "geometry": {
        "type": "Point",
        "coordinates": [
          72.8601867,
          19.065969
        ]
      }
    },
    {
      "type": "Feature",
      "id": "osm_node_2897024848",
      "properties": {
        "osm_node_id": 2897024848,
        "name": "Kanzul Iman Road",
        "roads": [
          "Kanzul Iman Road"
        ],
        "highways": [
          "tertiary"
        ],
        "connection_count": 2
      },
      "geometry": {
        "type": "Point",
        "coordinates": [
          72.8702743,
          19.0720508
        ]
      }
    },
    {
      "type": "Feature",
      "id": "osm_node_6430673825",
      "properties": {
        "osm_node_id": 6430673825,
        "name": "Junction",
        "roads": [],
        "highways": [
          "primary_link",
          "secondary"
        ],
        "connection_count": 3
      },
      "geometry": {
        "type": "Point",
        "coordinates": [
          72.8721025,
          19.0714596
        ]
      }
    },
    {
      "type": "Feature",
      "id": "osm_node_631525441",
      "properties": {
        "osm_node_id": 631525441,
        "name": "Bandra Kurla Complex Road",
        "roads": [
          "Bandra Kurla Complex Road"
        ],
        "highways": [
          "primary",
          "secondary"
        ],
        "connection_count": 2
      },
      "geometry": {
        "type": "Point",
        "coordinates": [
          72.8722123,
          19.0711547
        ]
      }
    },
    {
      "type": "Feature",
      "id": "osm_node_2897024822",
      "properties": {
        "osm_node_id": 2897024822,
        "name": "Bandra Kurla Complex Road",
        "roads": [
          "Bandra Kurla Complex Road"
        ],
        "highways": [
          "primary",
          "secondary"
        ],
        "connection_count": 2
      },
      "geometry": {
        "type": "Point",
        "coordinates": [
          72.872119,
          19.071135
        ]
      }
    },
    {
      "type": "Feature",
      "id": "osm_node_6552758946",
      "properties": {
        "osm_node_id": 6552758946,
        "name": "Junction",
        "roads": [],
        "highways": [
          "primary_link",
          "secondary"
        ],
        "connection_count": 3
      },
      "geometry": {
        "type": "Point",
        "coordinates": [
          72.8720389,
          19.0713635
        ]
      }
    },
    {
      "type": "Feature",
      "id": "osm_node_2897024540",
      "properties": {
        "osm_node_id": 2897024540,
        "name": "Bandra Kurla Complex Road",
        "roads": [
          "Bandra Kurla Complex Road"
        ],
        "highways": [
          "primary",
          "primary_link"
        ],
        "connection_count": 2
      },
      "geometry": {
        "type": "Point",
        "coordinates": [
          72.8589985,
          19.060689
        ]
      }
    },
    {
      "type": "Feature",
      "id": "osm_node_2897024506",
      "properties": {
        "osm_node_id": 2897024506,
        "name": "Avenue 3",
        "roads": [
          "Avenue 3"
        ],
        "highways": [
          "primary_link",
          "secondary"
        ],
        "connection_count": 2
      },
      "geometry": {
        "type": "Point",
        "coordinates": [
          72.8589345,
          19.0601619
        ]
      }
    },
    {
      "type": "Feature",
      "id": "osm_node_2897024644",
      "properties": {
        "osm_node_id": 2897024644,
        "name": "Street 5",
        "roads": [
          "Street 5"
        ],
        "highways": [
          "primary_link",
          "tertiary"
        ],
        "connection_count": 2
      },
      "geometry": {
        "type": "Point",
        "coordinates": [
          72.8624265,
          19.0649493
        ]
      }
    },
    {
      "type": "Feature",
      "id": "osm_node_245667688",
      "properties": {
        "osm_node_id": 245667688,
        "name": "Vidya Nagari Marg",
        "roads": [
          "Vidya Nagari Marg"
        ],
        "highways": [
          "secondary"
        ],
        "connection_count": 3
      },
      "geometry": {
        "type": "Point",
        "coordinates": [
          72.8605698,
          19.0747475
        ]
      }
    },
    {
      "type": "Feature",
      "id": "osm_node_2897024862",
      "properties": {
        "osm_node_id": 2897024862,
        "name": "Santa Cruz \u2013 Chembur Link Road & Vidya Nagari Marg",
        "roads": [
          "Santa Cruz \u2013 Chembur Link Road",
          "Vidya Nagari Marg"
        ],
        "highways": [
          "secondary",
          "trunk"
        ],
        "connection_count": 3
      },
      "geometry": {
        "type": "Point",
        "coordinates": [
          72.8605998,
          19.0744629
        ]
      }
    },
    {
      "type": "Feature",
      "id": "osm_node_2897024749",
      "properties": {
        "osm_node_id": 2897024749,
        "name": "Avenue 3 & Street 9",
        "roads": [
          "Avenue 3",
          "Street 9"
        ],
        "highways": [
          "tertiary"
        ],
        "connection_count": 2
      },
      "geometry": {
        "type": "Point",
        "coordinates": [
          72.8695203,
          19.0675053
        ]
      }
    },
    {
      "type": "Feature",
      "id": "osm_node_10279771626",
      "properties": {
        "osm_node_id": 10279771626,
        "name": "Street 9",
        "roads": [
          "Street 9"
        ],
        "highways": [
          "primary_link",
          "tertiary"
        ],
        "connection_count": 2
      },
      "geometry": {
        "type": "Point",
        "coordinates": [
          72.868651,
          19.0688713
        ]
      }
    },
    {
      "type": "Feature",
      "id": "osm_node_2897024753",
      "properties": {
        "osm_node_id": 2897024753,
        "name": "Avenue 3 & Street 9",
        "roads": [
          "Avenue 3",
          "Street 9"
        ],
        "highways": [
          "tertiary"
        ],
        "connection_count": 2
      },
      "geometry": {
        "type": "Point",
        "coordinates": [
          72.8695814,
          19.0675481
        ]
      }
    },
    {
      "type": "Feature",
      "id": "osm_node_2897024609",
      "properties": {
        "osm_node_id": 2897024609,
        "name": "Street 3",
        "roads": [
          "Street 3"
        ],
        "highways": [
          "primary_link",
          "secondary"
        ],
        "connection_count": 3
      },
      "geometry": {
        "type": "Point",
        "coordinates": [
          72.8599894,
          19.0623085
        ]
      }
    },
    {
      "type": "Feature",
      "id": "osm_node_2897024601",
      "properties": {
        "osm_node_id": 2897024601,
        "name": "Bandra Kurla Complex Road",
        "roads": [
          "Bandra Kurla Complex Road"
        ],
        "highways": [
          "primary",
          "primary_link"
        ],
        "connection_count": 3
      },
      "geometry": {
        "type": "Point",
        "coordinates": [
          72.8595009,
          19.0621323
        ]
      }
    },
    {
      "type": "Feature",
      "id": "osm_node_2897024611",
      "properties": {
        "osm_node_id": 2897024611,
        "name": "Street 3",
        "roads": [
          "Street 3"
        ],
        "highways": [
          "primary_link",
          "secondary"
        ],
        "connection_count": 2
      },
      "geometry": {
        "type": "Point",
        "coordinates": [
          72.8599657,
          19.0623955
        ]
      }
    },
    {
      "type": "Feature",
      "id": "osm_node_2897024625",
      "properties": {
        "osm_node_id": 2897024625,
        "name": "Avenue 3: Lane 3 & Street 5",
        "roads": [
          "Avenue 3: Lane 3",
          "Street 5"
        ],
        "highways": [
          "secondary",
          "tertiary"
        ],
        "connection_count": 4
      },
      "geometry": {
        "type": "Point",
        "coordinates": [
          72.8649853,
          19.0627744
        ]
      }
    },
    {
      "type": "Feature",
      "id": "osm_node_2246472307",
      "properties": {
        "osm_node_id": 2246472307,
        "name": "Kohinoor City Road",
        "roads": [
          "Kohinoor City Road"
        ],
        "highways": [
          "tertiary"
        ],
        "connection_count": 2
      },
      "geometry": {
        "type": "Point",
        "coordinates": [
          72.8844484,
          19.0726312
        ]
      }
    },
    {
      "type": "Feature",
      "id": "osm_node_7383907141",
      "properties": {
        "osm_node_id": 7383907141,
        "name": "Kohinoor City Road",
        "roads": [
          "Kohinoor City Road"
        ],
        "highways": [
          "tertiary",
          "tertiary_link"
        ],
        "connection_count": 3
      },
      "geometry": {
        "type": "Point",
        "coordinates": [
          72.8855989,
          19.0737756
        ]
      }
    },
    {
      "type": "Feature",
      "id": "osm_node_1366028032",
      "properties": {
        "osm_node_id": 1366028032,
        "name": "Father Peter Periera Road & Lal Bahadur Shastri Marg",
        "roads": [
          "Father Peter Periera Road",
          "Lal Bahadur Shastri Marg"
        ],
        "highways": [
          "primary",
          "tertiary"
        ],
        "connection_count": 4
      },
      "geometry": {
        "type": "Point",
        "coordinates": [
          72.8849456,
          19.0844858
        ]
      }
    },
    {
      "type": "Feature",
      "id": "osm_node_6571743917",
      "properties": {
        "osm_node_id": 6571743917,
        "name": "Lal Bahadur Shastri Marg",
        "roads": [
          "Lal Bahadur Shastri Marg"
        ],
        "highways": [
          "primary"
        ],
        "connection_count": 2
      },
      "geometry": {
        "type": "Point",
        "coordinates": [
          72.8845116,
          19.0843304
        ]
      }
    },
    {
      "type": "Feature",
      "id": "osm_node_6583169979",
      "properties": {
        "osm_node_id": 6583169979,
        "name": "Lal Bahadur Shastri Marg",
        "roads": [
          "Lal Bahadur Shastri Marg"
        ],
        "highways": [
          "primary",
          "primary_link"
        ],
        "connection_count": 2
      },
      "geometry": {
        "type": "Point",
        "coordinates": [
          72.8954541,
          19.0859837
        ]
      }
    },
    {
      "type": "Feature",
      "id": "osm_node_1392485677",
      "properties": {
        "osm_node_id": 1392485677,
        "name": "Lal Bahadur Shastri Marg",
        "roads": [
          "Lal Bahadur Shastri Marg"
        ],
        "highways": [
          "primary",
          "primary_link"
        ],
        "connection_count": 2
      },
      "geometry": {
        "type": "Point",
        "coordinates": [
          72.8918253,
          19.0847415
        ]
      }
    },
    {
      "type": "Feature",
      "id": "osm_node_1392485673",
      "properties": {
        "osm_node_id": 1392485673,
        "name": "Lal Bahadur Shastri Marg & Naupada Road",
        "roads": [
          "Lal Bahadur Shastri Marg",
          "Naupada Road"
        ],
        "highways": [
          "primary",
          "tertiary"
        ],
        "connection_count": 4
      },
      "geometry": {
        "type": "Point",
        "coordinates": [
          72.8904181,
          19.0846428
        ]
      }
    },
    {
      "type": "Feature",
      "id": "osm_node_10264297687",
      "properties": {
        "osm_node_id": 10264297687,
        "name": "S.G. Barve Marg",
        "roads": [
          "S.G. Barve Marg"
        ],
        "highways": [
          "secondary",
          "tertiary"
        ],
        "connection_count": 2
      },
      "geometry": {
        "type": "Point",
        "coordinates": [
          72.8832991,
          19.062169
        ]
      }
    },
    {
      "type": "Feature",
      "id": "osm_node_13681073487",
      "properties": {
        "osm_node_id": 13681073487,
        "name": "S.G. Barve Marg",
        "roads": [
          "S.G. Barve Marg"
        ],
        "highways": [
          "secondary",
          "secondary_link"
        ],
        "connection_count": 2
      },
      "geometry": {
        "type": "Point",
        "coordinates": [
          72.8818914,
          19.0637252
        ]
      }
    },
    {
      "type": "Feature",
      "id": "osm_node_10264297673",
      "properties": {
        "osm_node_id": 10264297673,
        "name": "S.G. Barve Marg",
        "roads": [
          "S.G. Barve Marg"
        ],
        "highways": [
          "secondary",
          "tertiary"
        ],
        "connection_count": 2
      },
      "geometry": {
        "type": "Point",
        "coordinates": [
          72.8816482,
          19.0639829
        ]
      }
    },
    {
      "type": "Feature",
      "id": "osm_node_1366008977",
      "properties": {
        "osm_node_id": 1366008977,
        "name": "S.G. Barve Marg",
        "roads": [
          "S.G. Barve Marg"
        ],
        "highways": [
          "secondary"
        ],
        "connection_count": 2
      },
      "geometry": {
        "type": "Point",
        "coordinates": [
          72.8807541,
          19.0650538
        ]
      }
    },
    {
      "type": "Feature",
      "id": "osm_node_13789266310",
      "properties": {
        "osm_node_id": 13789266310,
        "name": "S G Barve Marg (C S T Road)",
        "roads": [
          "S G Barve Marg (C S T Road)"
        ],
        "highways": [
          "secondary"
        ],
        "connection_count": 2
      },
      "geometry": {
        "type": "Point",
        "coordinates": [
          72.8844729,
          19.0607458
        ]
      }
    },
    {
      "type": "Feature",
      "id": "osm_node_13789266313",
      "properties": {
        "osm_node_id": 13789266313,
        "name": "S G Barve Marg (C S T Road)",
        "roads": [
          "S G Barve Marg (C S T Road)"
        ],
        "highways": [
          "secondary",
          "secondary_link"
        ],
        "connection_count": 2
      },
      "geometry": {
        "type": "Point",
        "coordinates": [
          72.884397,
          19.06084
        ]
      }
    },
    {
      "type": "Feature",
      "id": "osm_node_13789266312",
      "properties": {
        "osm_node_id": 13789266312,
        "name": "S G Barve Marg (C S T Road)",
        "roads": [
          "S G Barve Marg (C S T Road)"
        ],
        "highways": [
          "secondary"
        ],
        "connection_count": 2
      },
      "geometry": {
        "type": "Point",
        "coordinates": [
          72.8843104,
          19.0609475
        ]
      }
    },
    {
      "type": "Feature",
      "id": "osm_node_2663447642",
      "properties": {
        "osm_node_id": 2663447642,
        "name": "S G Barve Marg",
        "roads": [
          "S G Barve Marg"
        ],
        "highways": [
          "tertiary"
        ],
        "connection_count": 2
      },
      "geometry": {
        "type": "Point",
        "coordinates": [
          72.8797824,
          19.0661867
        ]
      }
    },
    {
      "type": "Feature",
      "id": "osm_node_3463796101",
      "properties": {
        "osm_node_id": 3463796101,
        "name": "S G Barve Marg (C S T Road) & S.G. Barve Marg",
        "roads": [
          "S G Barve Marg (C S T Road)",
          "S.G. Barve Marg"
        ],
        "highways": [
          "secondary"
        ],
        "connection_count": 2
      },
      "geometry": {
        "type": "Point",
        "coordinates": [
          72.8843002,
          19.0609601
        ]
      }
    },
    {
      "type": "Feature",
      "id": "osm_node_13681073484",
      "properties": {
        "osm_node_id": 13681073484,
        "name": "S.G. Barve Marg",
        "roads": [
          "S.G. Barve Marg"
        ],
        "highways": [
          "secondary",
          "secondary_link"
        ],
        "connection_count": 2
      },
      "geometry": {
        "type": "Point",
        "coordinates": [
          72.8840496,
          19.0612658
        ]
      }
    },
    {
      "type": "Feature",
      "id": "osm_node_10882788615",
      "properties": {
        "osm_node_id": 10882788615,
        "name": "Mother Dairy Road & S.G. Barve Marg",
        "roads": [
          "Mother Dairy Road",
          "S.G. Barve Marg"
        ],
        "highways": [
          "secondary"
        ],
        "connection_count": 2
      },
      "geometry": {
        "type": "Point",
        "coordinates": [
          72.883499,
          19.0619414
        ]
      }
    },
    {
      "type": "Feature",
      "id": "osm_node_245668543",
      "properties": {
        "osm_node_id": 245668543,
        "name": "Air India Road & Jawaharlal Nehru Road",
        "roads": [
          "Air India Road",
          "Jawaharlal Nehru Road"
        ],
        "highways": [
          "secondary",
          "tertiary"
        ],
        "connection_count": 3
      },
      "geometry": {
        "type": "Point",
        "coordinates": [
          72.8587128,
          19.0820038
        ]
      }
    },
    {
      "type": "Feature",
      "id": "osm_node_621976586",
      "properties": {
        "osm_node_id": 621976586,
        "name": "Air India Road",
        "roads": [
          "Air India Road"
        ],
        "highways": [
          "tertiary"
        ],
        "connection_count": 3
      },
      "geometry": {
        "type": "Point",
        "coordinates": [
          72.8597139,
          19.0846023
        ]
      }
    },
    {
      "type": "Feature",
      "id": "osm_node_4342421082",
      "properties": {
        "osm_node_id": 4342421082,
        "name": "Air India Road",
        "roads": [
          "Air India Road"
        ],
        "highways": [
          "tertiary"
        ],
        "connection_count": 3
      },
      "geometry": {
        "type": "Point",
        "coordinates": [
          72.8596664,
          19.0848494
        ]
      }
    },
    {
      "type": "Feature",
      "id": "osm_node_4342421098",
      "properties": {
        "osm_node_id": 4342421098,
        "name": "Air India Road",
        "roads": [
          "Air India Road"
        ],
        "highways": [
          "tertiary"
        ],
        "connection_count": 2
      },
      "geometry": {
        "type": "Point",
        "coordinates": [
          72.8597477,
          19.0849583
        ]
      }
    },
    {
      "type": "Feature",
      "id": "osm_node_4342421083",
      "properties": {
        "osm_node_id": 4342421083,
        "name": "Air India Road",
        "roads": [
          "Air India Road"
        ],
        "highways": [
          "tertiary"
        ],
        "connection_count": 2
      },
      "geometry": {
        "type": "Point",
        "coordinates": [
          72.8597725,
          19.0848475
        ]
      }
    },
    {
      "type": "Feature",
      "id": "osm_node_4342421081",
      "properties": {
        "osm_node_id": 4342421081,
        "name": "Air India Road",
        "roads": [
          "Air India Road"
        ],
        "highways": [
          "tertiary"
        ],
        "connection_count": 2
      },
      "geometry": {
        "type": "Point",
        "coordinates": [
          72.859751,
          19.084833
        ]
      }
    },
    {
      "type": "Feature",
      "id": "osm_node_4342420585",
      "properties": {
        "osm_node_id": 4342420585,
        "name": "Kalina Kurla Road",
        "roads": [
          "Kalina Kurla Road"
        ],
        "highways": [
          "tertiary"
        ],
        "connection_count": 2
      },
      "geometry": {
        "type": "Point",
        "coordinates": [
          72.8766186,
          19.0786152
        ]
      }
    },
    {
      "type": "Feature",
      "id": "osm_node_4342420606",
      "properties": {
        "osm_node_id": 4342420606,
        "name": "Kalina Kurla Road",
        "roads": [
          "Kalina Kurla Road"
        ],
        "highways": [
          "tertiary"
        ],
        "connection_count": 2
      },
      "geometry": {
        "type": "Point",
        "coordinates": [
          72.8758056,
          19.0790026
        ]
      }
    },
    {
      "type": "Feature",
      "id": "osm_node_245668288",
      "properties": {
        "osm_node_id": 245668288,
        "name": "Kalina Kurla Road",
        "roads": [
          "Kalina Kurla Road"
        ],
        "highways": [
          "tertiary"
        ],
        "connection_count": 3
      },
      "geometry": {
        "type": "Point",
        "coordinates": [
          72.8756234,
          19.0791357
        ]
      }
    },
    {
      "type": "Feature",
      "id": "osm_node_6576712151",
      "properties": {
        "osm_node_id": 6576712151,
        "name": "Lal Bahadur Shastri Marg",
        "roads": [
          "Lal Bahadur Shastri Marg"
        ],
        "highways": [
          "primary",
          "primary_link"
        ],
        "connection_count": 2
      },
      "geometry": {
        "type": "Point",
        "coordinates": [
          72.8917896,
          19.0848182
        ]
      }
    },
    {
      "type": "Feature",
      "id": "osm_node_6583169980",
      "properties": {
        "osm_node_id": 6583169980,
        "name": "Lal Bahadur Shastri Marg",
        "roads": [
          "Lal Bahadur Shastri Marg"
        ],
        "highways": [
          "primary",
          "primary_link"
        ],
        "connection_count": 2
      },
      "geometry": {
        "type": "Point",
        "coordinates": [
          72.8954338,
          19.086064
        ]
      }
    },
    {
      "type": "Feature",
      "id": "osm_node_2246472414",
      "properties": {
        "osm_node_id": 2246472414,
        "name": "Nathani Road",
        "roads": [
          "Nathani Road"
        ],
        "highways": [
          "tertiary",
          "tertiary_link"
        ],
        "connection_count": 2
      },
      "geometry": {
        "type": "Point",
        "coordinates": [
          72.88817,
          19.0758222
        ]
      }
    },
    {
      "type": "Feature",
      "id": "osm_node_2246472463",
      "properties": {
        "osm_node_id": 2246472463,
        "name": "Nathani Road",
        "roads": [
          "Nathani Road"
        ],
        "highways": [
          "tertiary",
          "tertiary_link"
        ],
        "connection_count": 2
      },
      "geometry": {
        "type": "Point",
        "coordinates": [
          72.8888695,
          19.0763585
        ]
      }
    },
    {
      "type": "Feature",
      "id": "osm_node_10936517737",
      "properties": {
        "osm_node_id": 10936517737,
        "name": "Nathani Road",
        "roads": [
          "Nathani Road"
        ],
        "highways": [
          "tertiary"
        ],
        "connection_count": 2
      },
      "geometry": {
        "type": "Point",
        "coordinates": [
          72.8904194,
          19.0775163
        ]
      }
    },
    {
      "type": "Feature",
      "id": "osm_node_2804584123",
      "properties": {
        "osm_node_id": 2804584123,
        "name": "S G Barve Marg & Santa Cruz \u2013 Chembur Link Road",
        "roads": [
          "S G Barve Marg",
          "Santa Cruz \u2013 Chembur Link Road"
        ],
        "highways": [
          "tertiary",
          "trunk"
        ],
        "connection_count": 3
      },
      "geometry": {
        "type": "Point",
        "coordinates": [
          72.8801552,
          19.0742913
        ]
      }
    },
    {
      "type": "Feature",
      "id": "osm_node_13018526805",
      "properties": {
        "osm_node_id": 13018526805,
        "name": "Lal Bahadur Shastri Marg",
        "roads": [
          "Lal Bahadur Shastri Marg"
        ],
        "highways": [
          "primary"
        ],
        "connection_count": 2
      },
      "geometry": {
        "type": "Point",
        "coordinates": [
          72.8804614,
          19.080047
        ]
      }
    },
    {
      "type": "Feature",
      "id": "osm_node_6795058363",
      "properties": {
        "osm_node_id": 6795058363,
        "name": "Lal Bahadur Shastri Marg",
        "roads": [
          "Lal Bahadur Shastri Marg"
        ],
        "highways": [
          "primary"
        ],
        "connection_count": 2
      },
      "geometry": {
        "type": "Point",
        "coordinates": [
          72.8825847,
          19.0834118
        ]
      }
    },
    {
      "type": "Feature",
      "id": "osm_node_13796109047",
      "properties": {
        "osm_node_id": 13796109047,
        "name": "Pipeline Road",
        "roads": [
          "Pipeline Road"
        ],
        "highways": [
          "tertiary",
          "tertiary_link"
        ],
        "connection_count": 2
      },
      "geometry": {
        "type": "Point",
        "coordinates": [
          72.8844894,
          19.0893609
        ]
      }
    },
    {
      "type": "Feature",
      "id": "osm_node_13796109042",
      "properties": {
        "osm_node_id": 13796109042,
        "name": "Pipeline Road",
        "roads": [
          "Pipeline Road"
        ],
        "highways": [
          "tertiary",
          "tertiary_link"
        ],
        "connection_count": 2
      },
      "geometry": {
        "type": "Point",
        "coordinates": [
          72.8843665,
          19.0887678
        ]
      }
    },
    {
      "type": "Feature",
      "id": "osm_node_13796109040",
      "properties": {
        "osm_node_id": 13796109040,
        "name": "Pipeline Road",
        "roads": [
          "Pipeline Road"
        ],
        "highways": [
          "tertiary",
          "tertiary_link"
        ],
        "connection_count": 2
      },
      "geometry": {
        "type": "Point",
        "coordinates": [
          72.8841875,
          19.0879092
        ]
      }
    },
    {
      "type": "Feature",
      "id": "osm_node_13796109038",
      "properties": {
        "osm_node_id": 13796109038,
        "name": "Pipeline Road",
        "roads": [
          "Pipeline Road"
        ],
        "highways": [
          "tertiary",
          "tertiary_link"
        ],
        "connection_count": 2
      },
      "geometry": {
        "type": "Point",
        "coordinates": [
          72.8841246,
          19.0875854
        ]
      }
    },
    {
      "type": "Feature",
      "id": "osm_node_13796109036",
      "properties": {
        "osm_node_id": 13796109036,
        "name": "Pipeline Road",
        "roads": [
          "Pipeline Road"
        ],
        "highways": [
          "tertiary",
          "tertiary_link"
        ],
        "connection_count": 2
      },
      "geometry": {
        "type": "Point",
        "coordinates": [
          72.8837361,
          19.0856858
        ]
      }
    },
    {
      "type": "Feature",
      "id": "osm_node_13329840480",
      "properties": {
        "osm_node_id": 13329840480,
        "name": "Pipeline Road",
        "roads": [
          "Pipeline Road"
        ],
        "highways": [
          "tertiary"
        ],
        "connection_count": 3
      },
      "geometry": {
        "type": "Point",
        "coordinates": [
          72.8836744,
          19.0854647
        ]
      }
    },
    {
      "type": "Feature",
      "id": "osm_node_1642951893",
      "properties": {
        "osm_node_id": 1642951893,
        "name": "C S T Kurla Junction Flyover & Eastern Express Highway",
        "roads": [
          "C S T Kurla Junction Flyover",
          "Eastern Express Highway"
        ],
        "highways": [
          "trunk",
          "trunk_link"
        ],
        "connection_count": 3
      },
      "geometry": {
        "type": "Point",
        "coordinates": [
          72.8901831,
          19.0590868
        ]
      }
    },
    {
      "type": "Feature",
      "id": "osm_node_7383907165",
      "properties": {
        "osm_node_id": 7383907165,
        "name": "Vasantarao Naik Marg",
        "roads": [
          "Vasantarao Naik Marg"
        ],
        "highways": [
          "tertiary",
          "tertiary_link"
        ],
        "connection_count": 3
      },
      "geometry": {
        "type": "Point",
        "coordinates": [
          72.8835112,
          19.0562191
        ]
      }
    },
    {
      "type": "Feature",
      "id": "osm_node_8443498454",
      "properties": {
        "osm_node_id": 8443498454,
        "name": "BKC Connector",
        "roads": [
          "BKC Connector"
        ],
        "highways": [
          "secondary"
        ],
        "connection_count": 2
      },
      "geometry": {
        "type": "Point",
        "coordinates": [
          72.8645763,
          19.0576205
        ]
      }
    },
    {
      "type": "Feature",
      "id": "osm_node_10724991564",
      "properties": {
        "osm_node_id": 10724991564,
        "name": "Eastern Express Highway",
        "roads": [
          "Eastern Express Highway"
        ],
        "highways": [
          "trunk"
        ],
        "connection_count": 2
      },
      "geometry": {
        "type": "Point",
        "coordinates": [
          72.8919728,
          19.0603577
        ]
      }
    },
    {
      "type": "Feature",
      "id": "osm_node_10216570896",
      "properties": {
        "osm_node_id": 10216570896,
        "name": "Eastern Express Highway",
        "roads": [
          "Eastern Express Highway"
        ],
        "highways": [
          "trunk",
          "trunk_link"
        ],
        "connection_count": 2
      },
      "geometry": {
        "type": "Point",
        "coordinates": [
          72.8950226,
          19.0624919
        ]
      }
    },
    {
      "type": "Feature",
      "id": "osm_node_1642951891",
      "properties": {
        "osm_node_id": 1642951891,
        "name": "C S T Kurla Junction Flyover & Eastern Express Highway",
        "roads": [
          "C S T Kurla Junction Flyover",
          "Eastern Express Highway"
        ],
        "highways": [
          "trunk",
          "trunk_link"
        ],
        "connection_count": 3
      },
      "geometry": {
        "type": "Point",
        "coordinates": [
          72.8903137,
          19.058952
        ]
      }
    },
    {
      "type": "Feature",
      "id": "osm_node_2897024865",
      "properties": {
        "osm_node_id": 2897024865,
        "name": "Santa Cruz \u2013 Chembur Link Road & Vidya Nagari Marg",
        "roads": [
          "Santa Cruz \u2013 Chembur Link Road",
          "Vidya Nagari Marg"
        ],
        "highways": [
          "secondary",
          "trunk"
        ],
        "connection_count": 4
      },
      "geometry": {
        "type": "Point",
        "coordinates": [
          72.8604745,
          19.0744731
        ]
      }
    },
    {
      "type": "Feature",
      "id": "osm_node_13351135363",
      "properties": {
        "osm_node_id": 13351135363,
        "name": "Junction",
        "roads": [],
        "highways": [
          "secondary",
          "trunk_link"
        ],
        "connection_count": 2
      },
      "geometry": {
        "type": "Point",
        "coordinates": [
          72.8711497,
          19.0738544
        ]
      }
    },
    {
      "type": "Feature",
      "id": "osm_node_13799160904",
      "properties": {
        "osm_node_id": 13799160904,
        "name": "Junction",
        "roads": [],
        "highways": [
          "secondary",
          "secondary_link"
        ],
        "connection_count": 2
      },
      "geometry": {
        "type": "Point",
        "coordinates": [
          72.8712908,
          19.0734201
        ]
      }
    },
    {
      "type": "Feature",
      "id": "osm_node_6117628326",
      "properties": {
        "osm_node_id": 6117628326,
        "name": "Avenue 3",
        "roads": [
          "Avenue 3"
        ],
        "highways": [
          "tertiary",
          "tertiary_link"
        ],
        "connection_count": 2
      },
      "geometry": {
        "type": "Point",
        "coordinates": [
          72.8666577,
          19.0596247
        ]
      }
    },
    {
      "type": "Feature",
      "id": "osm_node_6117628325",
      "properties": {
        "osm_node_id": 6117628325,
        "name": "Avenue 3",
        "roads": [
          "Avenue 3"
        ],
        "highways": [
          "tertiary",
          "tertiary_link"
        ],
        "connection_count": 2
      },
      "geometry": {
        "type": "Point",
        "coordinates": [
          72.866555,
          19.059672
        ]
      }
    },
    {
      "type": "Feature",
      "id": "osm_node_6429017348",
      "properties": {
        "osm_node_id": 6429017348,
        "name": "Avenue 3",
        "roads": [
          "Avenue 3"
        ],
        "highways": [
          "secondary",
          "secondary_link"
        ],
        "connection_count": 2
      },
      "geometry": {
        "type": "Point",
        "coordinates": [
          72.8620654,
          19.0587156
        ]
      }
    },
    {
      "type": "Feature",
      "id": "osm_node_6430673820",
      "properties": {
        "osm_node_id": 6430673820,
        "name": "Bandra Kurla Complex Road",
        "roads": [
          "Bandra Kurla Complex Road"
        ],
        "highways": [
          "primary",
          "primary_link"
        ],
        "connection_count": 3
      },
      "geometry": {
        "type": "Point",
        "coordinates": [
          72.8725951,
          19.071196
        ]
      }
    },
    {
      "type": "Feature",
      "id": "osm_node_6430960763",
      "properties": {
        "osm_node_id": 6430960763,
        "name": "S G Barve Marg",
        "roads": [
          "S G Barve Marg"
        ],
        "highways": [
          "tertiary"
        ],
        "connection_count": 3
      },
      "geometry": {
        "type": "Point",
        "coordinates": [
          72.8802672,
          19.0737686
        ]
      }
    },
    {
      "type": "Feature",
      "id": "osm_node_6497126509",
      "properties": {
        "osm_node_id": 6497126509,
        "name": "Lal Bahadur Shastri Marg",
        "roads": [
          "Lal Bahadur Shastri Marg"
        ],
        "highways": [
          "primary",
          "primary_link"
        ],
        "connection_count": 2
      },
      "geometry": {
        "type": "Point",
        "coordinates": [
          72.8767259,
          19.0750587
        ]
      }
    },
    {
      "type": "Feature",
      "id": "osm_node_6497126508",
      "properties": {
        "osm_node_id": 6497126508,
        "name": "Lal Bahadur Shastri Marg",
        "roads": [
          "Lal Bahadur Shastri Marg"
        ],
        "highways": [
          "primary",
          "primary_link"
        ],
        "connection_count": 2
      },
      "geometry": {
        "type": "Point",
        "coordinates": [
          72.8766583,
          19.0751095
        ]
      }
    },
    {
      "type": "Feature",
      "id": "osm_node_6497154927",
      "properties": {
        "osm_node_id": 6497154927,
        "name": "Lal Bahadur Shastri Marg",
        "roads": [
          "Lal Bahadur Shastri Marg"
        ],
        "highways": [
          "primary",
          "tertiary"
        ],
        "connection_count": 2
      },
      "geometry": {
        "type": "Point",
        "coordinates": [
          72.880066,
          19.0793133
        ]
      }
    },
    {
      "type": "Feature",
      "id": "osm_node_6552594957",
      "properties": {
        "osm_node_id": 6552594957,
        "name": "Bandra Kurla Complex Road",
        "roads": [
          "Bandra Kurla Complex Road"
        ],
        "highways": [
          "primary",
          "primary_link"
        ],
        "connection_count": 2
      },
      "geometry": {
        "type": "Point",
        "coordinates": [
          72.8618647,
          19.0651609
        ]
      }
    },
    {
      "type": "Feature",
      "id": "osm_node_6552758940",
      "properties": {
        "osm_node_id": 6552758940,
        "name": "Bandra Kurla Complex Road",
        "roads": [
          "Bandra Kurla Complex Road"
        ],
        "highways": [
          "primary",
          "primary_link"
        ],
        "connection_count": 2
      },
      "geometry": {
        "type": "Point",
        "coordinates": [
          72.8725921,
          19.0710344
        ]
      }
    },
    {
      "type": "Feature",
      "id": "osm_node_2897024813",
      "properties": {
        "osm_node_id": 2897024813,
        "name": "Avenue 3",
        "roads": [
          "Avenue 3"
        ],
        "highways": [
          "primary_link",
          "tertiary"
        ],
        "connection_count": 2
      },
      "geometry": {
        "type": "Point",
        "coordinates": [
          72.872317,
          19.070729
        ]
      }
    },
    {
      "type": "Feature",
      "id": "osm_node_1643351864",
      "properties": {
        "osm_node_id": 1643351864,
        "name": "Junction",
        "roads": [],
        "highways": [
          "tertiary"
        ],
        "connection_count": 2
      },
      "geometry": {
        "type": "Point",
        "coordinates": [
          72.8929502,
          19.0612464
        ]
      }
    },
    {
      "type": "Feature",
      "id": "osm_node_13055928897",
      "properties": {
        "osm_node_id": 13055928897,
        "name": "Junction",
        "roads": [],
        "highways": [
          "tertiary",
          "trunk_link"
        ],
        "connection_count": 2
      },
      "geometry": {
        "type": "Point",
        "coordinates": [
          72.8949164,
          19.0626203
        ]
      }
    },
    {
      "type": "Feature",
      "id": "osm_node_9857764833",
      "properties": {
        "osm_node_id": 9857764833,
        "name": "Postal Colony Road",
        "roads": [
          "Postal Colony Road"
        ],
        "highways": [
          "tertiary"
        ],
        "connection_count": 2
      },
      "geometry": {
        "type": "Point",
        "coordinates": [
          72.8932787,
          19.0609082
        ]
      }
    },
    {
      "type": "Feature",
      "id": "osm_node_6573933915",
      "properties": {
        "osm_node_id": 6573933915,
        "name": "Eastern Express Highway",
        "roads": [
          "Eastern Express Highway"
        ],
        "highways": [
          "trunk",
          "trunk_link"
        ],
        "connection_count": 2
      },
      "geometry": {
        "type": "Point",
        "coordinates": [
          72.8911991,
          19.059596
        ]
      }
    },
    {
      "type": "Feature",
      "id": "osm_node_245668015",
      "properties": {
        "osm_node_id": 245668015,
        "name": "Jawaharlal Nehru Road & Vidya Nagari Marg",
        "roads": [
          "Jawaharlal Nehru Road",
          "Vidya Nagari Marg"
        ],
        "highways": [
          "secondary",
          "tertiary"
        ],
        "connection_count": 3
      },
      "geometry": {
        "type": "Point",
        "coordinates": [
          72.8625431,
          19.0778032
        ]
      }
    },
    {
      "type": "Feature",
      "id": "osm_node_13619400535",
      "properties": {
        "osm_node_id": 13619400535,
        "name": "Vidya Nagari Marg",
        "roads": [
          "Vidya Nagari Marg"
        ],
        "highways": [
          "secondary"
        ],
        "connection_count": 3
      },
      "geometry": {
        "type": "Point",
        "coordinates": [
          72.8623288,
          19.0775529
        ]
      }
    },
    {
      "type": "Feature",
      "id": "osm_node_8443498453",
      "properties": {
        "osm_node_id": 8443498453,
        "name": "BKC Connector",
        "roads": [
          "BKC Connector"
        ],
        "highways": [
          "secondary"
        ],
        "connection_count": 2
      },
      "geometry": {
        "type": "Point",
        "coordinates": [
          72.8646716,
          19.057634
        ]
      }
    },
    {
      "type": "Feature",
      "id": "osm_node_2622177318",
      "properties": {
        "osm_node_id": 2622177318,
        "name": "Kale Marg & Lal Bahadur Shastri Marg",
        "roads": [
          "Kale Marg",
          "Lal Bahadur Shastri Marg"
        ],
        "highways": [
          "primary",
          "secondary"
        ],
        "connection_count": 4
      },
      "geometry": {
        "type": "Point",
        "coordinates": [
          72.8860826,
          19.0850005
        ]
      }
    },
    {
      "type": "Feature",
      "id": "osm_node_619309790",
      "properties": {
        "osm_node_id": 619309790,
        "name": "Kale Marg & Lal Bahadur Shastri Marg",
        "roads": [
          "Kale Marg",
          "Lal Bahadur Shastri Marg"
        ],
        "highways": [
          "primary",
          "secondary"
        ],
        "connection_count": 3
      },
      "geometry": {
        "type": "Point",
        "coordinates": [
          72.8861203,
          19.0849504
        ]
      }
    },
    {
      "type": "Feature",
      "id": "osm_node_1366028055",
      "properties": {
        "osm_node_id": 1366028055,
        "name": "Kale Marg & Pipeline Road",
        "roads": [
          "Kale Marg",
          "Pipeline Road"
        ],
        "highways": [
          "secondary",
          "tertiary"
        ],
        "connection_count": 2
      },
      "geometry": {
        "type": "Point",
        "coordinates": [
          72.883665,
          19.0853784
        ]
      }
    },
    {
      "type": "Feature",
      "id": "osm_node_1366028051",
      "properties": {
        "osm_node_id": 1366028051,
        "name": "Father Peter Periera Road & Kale Marg",
        "roads": [
          "Father Peter Periera Road",
          "Kale Marg"
        ],
        "highways": [
          "secondary",
          "tertiary"
        ],
        "connection_count": 2
      },
      "geometry": {
        "type": "Point",
        "coordinates": [
          72.8849135,
          19.085197
        ]
      }
    },
    {
      "type": "Feature",
      "id": "osm_node_7380517057",
      "properties": {
        "osm_node_id": 7380517057,
        "name": "Mother Dairy Road",
        "roads": [
          "Mother Dairy Road"
        ],
        "highways": [
          "secondary"
        ],
        "connection_count": 2
      },
      "geometry": {
        "type": "Point",
        "coordinates": [
          72.8849425,
          19.0631923
        ]
      }
    },
    {
      "type": "Feature",
      "id": "osm_node_7383907142",
      "properties": {
        "osm_node_id": 7383907142,
        "name": "Kohinoor City Road",
        "roads": [
          "Kohinoor City Road"
        ],
        "highways": [
          "tertiary"
        ],
        "connection_count": 2
      },
      "geometry": {
        "type": "Point",
        "coordinates": [
          72.8857126,
          19.0738682
        ]
      }
    },
    {
      "type": "Feature",
      "id": "osm_node_7383907155",
      "properties": {
        "osm_node_id": 7383907155,
        "name": "Junction",
        "roads": [],
        "highways": [
          "tertiary"
        ],
        "connection_count": 2
      },
      "geometry": {
        "type": "Point",
        "coordinates": [
          72.8931736,
          19.068659
        ]
      }
    },
    {
      "type": "Feature",
      "id": "osm_node_2804431000",
      "properties": {
        "osm_node_id": 2804431000,
        "name": "Junction",
        "roads": [],
        "highways": [
          "tertiary"
        ],
        "connection_count": 3
      },
      "geometry": {
        "type": "Point",
        "coordinates": [
          72.8929308,
          19.0688255
        ]
      }
    },
    {
      "type": "Feature",
      "id": "osm_node_7383907158",
      "properties": {
        "osm_node_id": 7383907158,
        "name": "Junction",
        "roads": [],
        "highways": [
          "tertiary"
        ],
        "connection_count": 2
      },
      "geometry": {
        "type": "Point",
        "coordinates": [
          72.8933373,
          19.0687453
        ]
      }
    },
    {
      "type": "Feature",
      "id": "osm_node_2804433701",
      "properties": {
        "osm_node_id": 2804433701,
        "name": "Pipeline Road",
        "roads": [
          "Pipeline Road"
        ],
        "highways": [
          "tertiary"
        ],
        "connection_count": 2
      },
      "geometry": {
        "type": "Point",
        "coordinates": [
          72.8934011,
          19.0687055
        ]
      }
    },
    {
      "type": "Feature",
      "id": "osm_node_11143613412",
      "properties": {
        "osm_node_id": 11143613412,
        "name": "Junction",
        "roads": [],
        "highways": [
          "tertiary",
          "tertiary_link"
        ],
        "connection_count": 2
      },
      "geometry": {
        "type": "Point",
        "coordinates": [
          72.8836394,
          19.0566541
        ]
      }
    },
    {
      "type": "Feature",
      "id": "osm_node_7383907163",
      "properties": {
        "osm_node_id": 7383907163,
        "name": "Vasantarao Naik Marg",
        "roads": [
          "Vasantarao Naik Marg"
        ],
        "highways": [
          "tertiary",
          "tertiary_link"
        ],
        "connection_count": 3
      },
      "geometry": {
        "type": "Point",
        "coordinates": [
          72.8839,
          19.0565477
        ]
      }
    },
    {
      "type": "Feature",
      "id": "osm_node_13619400539",
      "properties": {
        "osm_node_id": 13619400539,
        "name": "Vidya Nagari Marg",
        "roads": [
          "Vidya Nagari Marg"
        ],
        "highways": [
          "secondary",
          "secondary_link"
        ],
        "connection_count": 2
      },
      "geometry": {
        "type": "Point",
        "coordinates": [
          72.8623497,
          19.0775861
        ]
      }
    },
    {
      "type": "Feature",
      "id": "osm_node_245667863",
      "properties": {
        "osm_node_id": 245667863,
        "name": "Vidya Nagari Marg",
        "roads": [
          "Vidya Nagari Marg"
        ],
        "highways": [
          "secondary"
        ],
        "connection_count": 2
      },
      "geometry": {
        "type": "Point",
        "coordinates": [
          72.8618114,
          19.0768603
        ]
      }
    },
    {
      "type": "Feature",
      "id": "osm_node_13615156518",
      "properties": {
        "osm_node_id": 13615156518,
        "name": "BKC - CST Link Road",
        "roads": [
          "BKC - CST Link Road"
        ],
        "highways": [
          "tertiary",
          "tertiary_link"
        ],
        "connection_count": 2
      },
      "geometry": {
        "type": "Point",
        "coordinates": [
          72.8605354,
          19.0671941
        ]
      }
    },
    {
      "type": "Feature",
      "id": "osm_node_13615156516",
      "properties": {
        "osm_node_id": 13615156516,
        "name": "BKC - CST Link Road",
        "roads": [
          "BKC - CST Link Road"
        ],
        "highways": [
          "tertiary",
          "tertiary_link"
        ],
        "connection_count": 2
      },
      "geometry": {
        "type": "Point",
        "coordinates": [
          72.8607299,
          19.0677991
        ]
      }
    },
    {
      "type": "Feature",
      "id": "osm_node_13398075180",
      "properties": {
        "osm_node_id": 13398075180,
        "name": "BKC - CST Link Road",
        "roads": [
          "BKC - CST Link Road"
        ],
        "highways": [
          "tertiary",
          "tertiary_link"
        ],
        "connection_count": 2
      },
      "geometry": {
        "type": "Point",
        "coordinates": [
          72.8610525,
          19.0697744
        ]
      }
    },
    {
      "type": "Feature",
      "id": "osm_node_13615156514",
      "properties": {
        "osm_node_id": 13615156514,
        "name": "BKC - CST Link Road",
        "roads": [
          "BKC - CST Link Road"
        ],
        "highways": [
          "tertiary",
          "tertiary_link"
        ],
        "connection_count": 2
      },
      "geometry": {
        "type": "Point",
        "coordinates": [
          72.8611817,
          19.0706173
        ]
      }
    },
    {
      "type": "Feature",
      "id": "osm_node_13615156515",
      "properties": {
        "osm_node_id": 13615156515,
        "name": "BKC - CST Link Road",
        "roads": [
          "BKC - CST Link Road"
        ],
        "highways": [
          "tertiary",
          "tertiary_link"
        ],
        "connection_count": 2
      },
      "geometry": {
        "type": "Point",
        "coordinates": [
          72.8613216,
          19.070599
        ]
      }
    },
    {
      "type": "Feature",
      "id": "osm_node_13398075181",
      "properties": {
        "osm_node_id": 13398075181,
        "name": "BKC - CST Link Road",
        "roads": [
          "BKC - CST Link Road"
        ],
        "highways": [
          "tertiary",
          "tertiary_link"
        ],
        "connection_count": 2
      },
      "geometry": {
        "type": "Point",
        "coordinates": [
          72.8611907,
          19.0697667
        ]
      }
    },
    {
      "type": "Feature",
      "id": "osm_node_13615156517",
      "properties": {
        "osm_node_id": 13615156517,
        "name": "BKC - CST Link Road",
        "roads": [
          "BKC - CST Link Road"
        ],
        "highways": [
          "tertiary",
          "tertiary_link"
        ],
        "connection_count": 2
      },
      "geometry": {
        "type": "Point",
        "coordinates": [
          72.8608585,
          19.0677676
        ]
      }
    },
    {
      "type": "Feature",
      "id": "osm_node_13615156519",
      "properties": {
        "osm_node_id": 13615156519,
        "name": "BKC - CST Link Road",
        "roads": [
          "BKC - CST Link Road"
        ],
        "highways": [
          "tertiary",
          "tertiary_link"
        ],
        "connection_count": 2
      },
      "geometry": {
        "type": "Point",
        "coordinates": [
          72.8606658,
          19.0671512
        ]
      }
    },
    {
      "type": "Feature",
      "id": "osm_node_2897024676",
      "properties": {
        "osm_node_id": 2897024676,
        "name": "Avenue 3 & Street 7",
        "roads": [
          "Avenue 3",
          "Street 7"
        ],
        "highways": [
          "tertiary"
        ],
        "connection_count": 3
      },
      "geometry": {
        "type": "Point",
        "coordinates": [
          72.8675642,
          19.0657648
        ]
      }
    },
    {
      "type": "Feature",
      "id": "osm_node_8443498448",
      "properties": {
        "osm_node_id": 8443498448,
        "name": "Avenue 3",
        "roads": [
          "Avenue 3"
        ],
        "highways": [
          "secondary",
          "secondary_link",
          "tertiary"
        ],
        "connection_count": 3
      },
      "geometry": {
        "type": "Point",
        "coordinates": [
          72.8642582,
          19.0589837
        ]
      }
    },
    {
      "type": "Feature",
      "id": "osm_node_2897022062",
      "properties": {
        "osm_node_id": 2897022062,
        "name": "Avenue 3 & Street 3",
        "roads": [
          "Avenue 3",
          "Street 3"
        ],
        "highways": [
          "secondary"
        ],
        "connection_count": 2
      },
      "geometry": {
        "type": "Point",
        "coordinates": [
          72.8641349,
          19.0589878
        ]
      }
    },
    {
      "type": "Feature",
      "id": "osm_node_8443498434",
      "properties": {
        "osm_node_id": 8443498434,
        "name": "Avenue 3",
        "roads": [
          "Avenue 3"
        ],
        "highways": [
          "secondary",
          "secondary_link"
        ],
        "connection_count": 3
      },
      "geometry": {
        "type": "Point",
        "coordinates": [
          72.8628462,
          19.0588866
        ]
      }
    },
    {
      "type": "Feature",
      "id": "osm_node_7749797456",
      "properties": {
        "osm_node_id": 7749797456,
        "name": "Avenue 3 & BKC Connector",
        "roads": [
          "Avenue 3",
          "BKC Connector"
        ],
        "highways": [
          "secondary",
          "secondary_link"
        ],
        "connection_count": 3
      },
      "geometry": {
        "type": "Point",
        "coordinates": [
          72.8644484,
          19.0587409
        ]
      }
    },
    {
      "type": "Feature",
      "id": "osm_node_6986983419",
      "properties": {
        "osm_node_id": 6986983419,
        "name": "BKC Connector",
        "roads": [
          "BKC Connector"
        ],
        "highways": [
          "secondary"
        ],
        "connection_count": 2
      },
      "geometry": {
        "type": "Point",
        "coordinates": [
          72.8644823,
          19.058444
        ]
      }
    },
    {
      "type": "Feature",
      "id": "osm_node_8443498438",
      "properties": {
        "osm_node_id": 8443498438,
        "name": "Avenue 3 & Street 3",
        "roads": [
          "Avenue 3",
          "Street 3"
        ],
        "highways": [
          "secondary",
          "tertiary"
        ],
        "connection_count": 3
      },
      "geometry": {
        "type": "Point",
        "coordinates": [
          72.8645153,
          19.0592719
        ]
      }
    },
    {
      "type": "Feature",
      "id": "osm_node_631507964",
      "properties": {
        "osm_node_id": 631507964,
        "name": "Avenue 3",
        "roads": [
          "Avenue 3"
        ],
        "highways": [
          "secondary",
          "secondary_link"
        ],
        "connection_count": 2
      },
      "geometry": {
        "type": "Point",
        "coordinates": [
          72.8624966,
          19.0587493
        ]
      }
    },
    {
      "type": "Feature",
      "id": "osm_node_245665854",
      "properties": {
        "osm_node_id": 245665854,
        "name": "Avenue 3 & Avenue 3: Lane 1",
        "roads": [
          "Avenue 3",
          "Avenue 3: Lane 1"
        ],
        "highways": [
          "secondary",
          "tertiary"
        ],
        "connection_count": 2
      },
      "geometry": {
        "type": "Point",
        "coordinates": [
          72.8602038,
          19.0592395
        ]
      }
    },
    {
      "type": "Feature",
      "id": "osm_node_10292442915",
      "properties": {
        "osm_node_id": 10292442915,
        "name": "Street 3",
        "roads": [
          "Street 3"
        ],
        "highways": [
          "secondary"
        ],
        "connection_count": 2
      },
      "geometry": {
        "type": "Point",
        "coordinates": [
          72.8642628,
          19.0606905
        ]
      }
    },
    {
      "type": "Feature",
      "id": "osm_node_6435423923",
      "properties": {
        "osm_node_id": 6435423923,
        "name": "Lal Bahadur Shastri Marg & Magan Nathuram Road",
        "roads": [
          "Lal Bahadur Shastri Marg",
          "Magan Nathuram Road"
        ],
        "highways": [
          "primary"
        ],
        "connection_count": 3
      },
      "geometry": {
        "type": "Point",
        "coordinates": [
          72.8804755,
          19.0798537
        ]
      }
    },
    {
      "type": "Feature",
      "id": "osm_node_6428722624",
      "properties": {
        "osm_node_id": 6428722624,
        "name": "Jawaharlal Nehru Road",
        "roads": [
          "Jawaharlal Nehru Road"
        ],
        "highways": [
          "secondary"
        ],
        "connection_count": 2
      },
      "geometry": {
        "type": "Point",
        "coordinates": [
          72.8567519,
          19.0816946
        ]
      }
    },
    {
      "type": "Feature",
      "id": "osm_node_13099951828",
      "properties": {
        "osm_node_id": 13099951828,
        "name": "Father Peter Periera Road",
        "roads": [
          "Father Peter Periera Road"
        ],
        "highways": [
          "tertiary"
        ],
        "connection_count": 2
      },
      "geometry": {
        "type": "Point",
        "coordinates": [
          72.8849151,
          19.0851388
        ]
      }
    },
    {
      "type": "Feature",
      "id": "osm_node_13055587461",
      "properties": {
        "osm_node_id": 13055587461,
        "name": "Father Peter Periera Road",
        "roads": [
          "Father Peter Periera Road"
        ],
        "highways": [
          "tertiary"
        ],
        "connection_count": 2
      },
      "geometry": {
        "type": "Point",
        "coordinates": [
          72.8849368,
          19.0846739
        ]
      }
    },
    {
      "type": "Feature",
      "id": "osm_node_10653902156",
      "properties": {
        "osm_node_id": 10653902156,
        "name": "Lal Bahadur Shastri Marg",
        "roads": [
          "Lal Bahadur Shastri Marg"
        ],
        "highways": [
          "primary"
        ],
        "connection_count": 2
      },
      "geometry": {
        "type": "Point",
        "coordinates": [
          72.8850531,
          19.0846094
        ]
      }
    },
    {
      "type": "Feature",
      "id": "osm_node_4357381459",
      "properties": {
        "osm_node_id": 4357381459,
        "name": "Lal Bahadur Shastri Marg",
        "roads": [
          "Lal Bahadur Shastri Marg"
        ],
        "highways": [
          "primary"
        ],
        "connection_count": 2
      },
      "geometry": {
        "type": "Point",
        "coordinates": [
          72.8884879,
          19.0848626
        ]
      }
    },
    {
      "type": "Feature",
      "id": "osm_node_10266102462",
      "properties": {
        "osm_node_id": 10266102462,
        "name": "Lal Bahadur Shastri Marg",
        "roads": [
          "Lal Bahadur Shastri Marg"
        ],
        "highways": [
          "primary",
          "tertiary"
        ],
        "connection_count": 3
      },
      "geometry": {
        "type": "Point",
        "coordinates": [
          72.8866205,
          19.0850938
        ]
      }
    },
    {
      "type": "Feature",
      "id": "osm_node_10091403659",
      "properties": {
        "osm_node_id": 10091403659,
        "name": "Bandra Kurla Complex Road",
        "roads": [
          "Bandra Kurla Complex Road"
        ],
        "highways": [
          "primary",
          "tertiary"
        ],
        "connection_count": 3
      },
      "geometry": {
        "type": "Point",
        "coordinates": [
          72.8578863,
          19.06052
        ]
      }
    },
    {
      "type": "Feature",
      "id": "osm_node_10091403655",
      "properties": {
        "osm_node_id": 10091403655,
        "name": "Junction",
        "roads": [],
        "highways": [
          "tertiary"
        ],
        "connection_count": 2
      },
      "geometry": {
        "type": "Point",
        "coordinates": [
          72.8558926,
          19.0629731
        ]
      }
    },
    {
      "type": "Feature",
      "id": "osm_node_13617040694",
      "properties": {
        "osm_node_id": 13617040694,
        "name": "Junction",
        "roads": [],
        "highways": [
          "tertiary",
          "tertiary_link"
        ],
        "connection_count": 2
      },
      "geometry": {
        "type": "Point",
        "coordinates": [
          72.8555908,
          19.0635226
        ]
      }
    },
    {
      "type": "Feature",
      "id": "osm_node_13617040692",
      "properties": {
        "osm_node_id": 13617040692,
        "name": "Junction",
        "roads": [],
        "highways": [
          "tertiary",
          "tertiary_link"
        ],
        "connection_count": 2
      },
      "geometry": {
        "type": "Point",
        "coordinates": [
          72.8551966,
          19.0642177
        ]
      }
    },
    {
      "type": "Feature",
      "id": "osm_node_13617040690",
      "properties": {
        "osm_node_id": 13617040690,
        "name": "Junction",
        "roads": [],
        "highways": [
          "tertiary",
          "tertiary_link"
        ],
        "connection_count": 2
      },
      "geometry": {
        "type": "Point",
        "coordinates": [
          72.8550855,
          19.0644114
        ]
      }
    },
    {
      "type": "Feature",
      "id": "osm_node_13617040687",
      "properties": {
        "osm_node_id": 13617040687,
        "name": "Junction",
        "roads": [],
        "highways": [
          "tertiary",
          "tertiary_link"
        ],
        "connection_count": 2
      },
      "geometry": {
        "type": "Point",
        "coordinates": [
          72.8547224,
          19.0650382
        ]
      }
    },
    {
      "type": "Feature",
      "id": "osm_node_13617040685",
      "properties": {
        "osm_node_id": 13617040685,
        "name": "Junction",
        "roads": [],
        "highways": [
          "tertiary",
          "tertiary_link"
        ],
        "connection_count": 2
      },
      "geometry": {
        "type": "Point",
        "coordinates": [
          72.8544437,
          19.065468
        ]
      }
    },
    {
      "type": "Feature",
      "id": "osm_node_11271580571",
      "properties": {
        "osm_node_id": 11271580571,
        "name": "Bandra Kurla Complex Road",
        "roads": [
          "Bandra Kurla Complex Road"
        ],
        "highways": [
          "primary",
          "tertiary"
        ],
        "connection_count": 2
      },
      "geometry": {
        "type": "Point",
        "coordinates": [
          72.8578278,
          19.0604959
        ]
      }
    },
    {
      "type": "Feature",
      "id": "osm_node_13617067002",
      "properties": {
        "osm_node_id": 13617067002,
        "name": "Junction",
        "roads": [],
        "highways": [
          "tertiary",
          "tertiary_link"
        ],
        "connection_count": 2
      },
      "geometry": {
        "type": "Point",
        "coordinates": [
          72.8573376,
          19.0607965
        ]
      }
    },
    {
      "type": "Feature",
      "id": "osm_node_10091403664",
      "properties": {
        "osm_node_id": 10091403664,
        "name": "Junction",
        "roads": [],
        "highways": [
          "tertiary"
        ],
        "connection_count": 2
      },
      "geometry": {
        "type": "Point",
        "coordinates": [
          72.8566833,
          19.0617362
        ]
      }
    },
    {
      "type": "Feature",
      "id": "osm_node_12406104882",
      "properties": {
        "osm_node_id": 12406104882,
        "name": "Flyover & Santa Cruz \u2013 Chembur Link Road",
        "roads": [
          "Flyover",
          "Santa Cruz \u2013 Chembur Link Road"
        ],
        "highways": [
          "trunk"
        ],
        "connection_count": 3
      },
      "geometry": {
        "type": "Point",
        "coordinates": [
          72.8548559,
          19.075314
        ]
      }
    },
    {
      "type": "Feature",
      "id": "osm_node_12406104883",
      "properties": {
        "osm_node_id": 12406104883,
        "name": "Santa Cruz \u2013 Chembur Link Road",
        "roads": [
          "Santa Cruz \u2013 Chembur Link Road"
        ],
        "highways": [
          "trunk",
          "trunk_link"
        ],
        "connection_count": 2
      },
      "geometry": {
        "type": "Point",
        "coordinates": [
          72.8574074,
          19.0751465
        ]
      }
    },
    {
      "type": "Feature",
      "id": "osm_node_10384248274",
      "properties": {
        "osm_node_id": 10384248274,
        "name": "Santa Cruz \u2013 Chembur Link Road",
        "roads": [
          "Santa Cruz \u2013 Chembur Link Road"
        ],
        "highways": [
          "trunk",
          "trunk_link"
        ],
        "connection_count": 2
      },
      "geometry": {
        "type": "Point",
        "coordinates": [
          72.8598101,
          19.0746516
        ]
      }
    },
    {
      "type": "Feature",
      "id": "osm_node_10207309409",
      "properties": {
        "osm_node_id": 10207309409,
        "name": "Ramdev Pir Road",
        "roads": [
          "Ramdev Pir Road"
        ],
        "highways": [
          "tertiary"
        ],
        "connection_count": 2
      },
      "geometry": {
        "type": "Point",
        "coordinates": [
          72.8953322,
          19.080072
        ]
      }
    },
    {
      "type": "Feature",
      "id": "osm_node_13719798764",
      "properties": {
        "osm_node_id": 13719798764,
        "name": "Ramdev Pir Road",
        "roads": [
          "Ramdev Pir Road"
        ],
        "highways": [
          "tertiary",
          "tertiary_link"
        ],
        "connection_count": 2
      },
      "geometry": {
        "type": "Point",
        "coordinates": [
          72.8940618,
          19.0795514
        ]
      }
    },
    {
      "type": "Feature",
      "id": "osm_node_10207309411",
      "properties": {
        "osm_node_id": 10207309411,
        "name": "Ramdev Pir Road",
        "roads": [
          "Ramdev Pir Road"
        ],
        "highways": [
          "tertiary",
          "tertiary_link"
        ],
        "connection_count": 2
      },
      "geometry": {
        "type": "Point",
        "coordinates": [
          72.8927935,
          19.0790467
        ]
      }
    },
    {
      "type": "Feature",
      "id": "osm_node_10207309415",
      "properties": {
        "osm_node_id": 10207309415,
        "name": "Ramdev Pir Road",
        "roads": [
          "Ramdev Pir Road"
        ],
        "highways": [
          "tertiary"
        ],
        "connection_count": 2
      },
      "geometry": {
        "type": "Point",
        "coordinates": [
          72.8905569,
          19.0775369
        ]
      }
    },
    {
      "type": "Feature",
      "id": "osm_node_10207331620",
      "properties": {
        "osm_node_id": 10207331620,
        "name": "Ramdev Pir Road",
        "roads": [
          "Ramdev Pir Road"
        ],
        "highways": [
          "tertiary"
        ],
        "connection_count": 2
      },
      "geometry": {
        "type": "Point",
        "coordinates": [
          72.8849495,
          19.0730429
        ]
      }
    },
    {
      "type": "Feature",
      "id": "osm_node_10207331621",
      "properties": {
        "osm_node_id": 10207331621,
        "name": "Ramdev Pir Road",
        "roads": [
          "Ramdev Pir Road"
        ],
        "highways": [
          "tertiary"
        ],
        "connection_count": 2
      },
      "geometry": {
        "type": "Point",
        "coordinates": [
          72.8845128,
          19.0725695
        ]
      }
    },
    {
      "type": "Feature",
      "id": "osm_node_10207331622",
      "properties": {
        "osm_node_id": 10207331622,
        "name": "Ramdev Pir Road",
        "roads": [
          "Ramdev Pir Road"
        ],
        "highways": [
          "tertiary",
          "tertiary_link"
        ],
        "connection_count": 3
      },
      "geometry": {
        "type": "Point",
        "coordinates": [
          72.8856492,
          19.0737256
        ]
      }
    },
    {
      "type": "Feature",
      "id": "osm_node_10207331623",
      "properties": {
        "osm_node_id": 10207331623,
        "name": "Ramdev Pir Road",
        "roads": [
          "Ramdev Pir Road"
        ],
        "highways": [
          "tertiary"
        ],
        "connection_count": 2
      },
      "geometry": {
        "type": "Point",
        "coordinates": [
          72.8857649,
          19.0738254
        ]
      }
    },
    {
      "type": "Feature",
      "id": "osm_node_10264297688",
      "properties": {
        "osm_node_id": 10264297688,
        "name": "SG Barve Marg",
        "roads": [
          "SG Barve Marg"
        ],
        "highways": [
          "secondary",
          "tertiary"
        ],
        "connection_count": 3
      },
      "geometry": {
        "type": "Point",
        "coordinates": [
          72.8833646,
          19.0622103
        ]
      }
    },
    {
      "type": "Feature",
      "id": "osm_node_10264297689",
      "properties": {
        "osm_node_id": 10264297689,
        "name": "SG Barve Marg",
        "roads": [
          "SG Barve Marg"
        ],
        "highways": [
          "secondary",
          "tertiary"
        ],
        "connection_count": 2
      },
      "geometry": {
        "type": "Point",
        "coordinates": [
          72.8834101,
          19.0621588
        ]
      }
    },
    {
      "type": "Feature",
      "id": "osm_node_10882788616",
      "properties": {
        "osm_node_id": 10882788616,
        "name": "Mother Dairy Road & SG Barve Marg",
        "roads": [
          "Mother Dairy Road",
          "SG Barve Marg"
        ],
        "highways": [
          "secondary"
        ],
        "connection_count": 2
      },
      "geometry": {
        "type": "Point",
        "coordinates": [
          72.8835533,
          19.0619844
        ]
      }
    },
    {
      "type": "Feature",
      "id": "osm_node_10207397927",
      "properties": {
        "osm_node_id": 10207397927,
        "name": "SG Barve Marg",
        "roads": [
          "SG Barve Marg"
        ],
        "highways": [
          "secondary"
        ],
        "connection_count": 2
      },
      "geometry": {
        "type": "Point",
        "coordinates": [
          72.8839033,
          19.0616094
        ]
      }
    },
    {
      "type": "Feature",
      "id": "osm_node_10207397933",
      "properties": {
        "osm_node_id": 10207397933,
        "name": "SG Barve Marg",
        "roads": [
          "SG Barve Marg"
        ],
        "highways": [
          "secondary"
        ],
        "connection_count": 2
      },
      "geometry": {
        "type": "Point",
        "coordinates": [
          72.8844079,
          19.0610381
        ]
      }
    },
    {
      "type": "Feature",
      "id": "osm_node_13789266314",
      "properties": {
        "osm_node_id": 13789266314,
        "name": "SG Barve Marg",
        "roads": [
          "SG Barve Marg"
        ],
        "highways": [
          "secondary",
          "secondary_link"
        ],
        "connection_count": 2
      },
      "geometry": {
        "type": "Point",
        "coordinates": [
          72.8845038,
          19.0609148
        ]
      }
    },
    {
      "type": "Feature",
      "id": "osm_node_13789266311",
      "properties": {
        "osm_node_id": 13789266311,
        "name": "SG Barve Marg",
        "roads": [
          "SG Barve Marg"
        ],
        "highways": [
          "secondary"
        ],
        "connection_count": 2
      },
      "geometry": {
        "type": "Point",
        "coordinates": [
          72.8845808,
          19.0608376
        ]
      }
    },
    {
      "type": "Feature",
      "id": "osm_node_2622177290",
      "properties": {
        "osm_node_id": 2622177290,
        "name": "Lal Bahadur Shastri Marg & Santa Cruz \u2013 Chembur Link Road",
        "roads": [
          "Lal Bahadur Shastri Marg",
          "Santa Cruz \u2013 Chembur Link Road"
        ],
        "highways": [
          "primary",
          "trunk"
        ],
        "connection_count": 4
      },
      "geometry": {
        "type": "Point",
        "coordinates": [
          72.8774466,
          19.0761061
        ]
      }
    },
    {
      "type": "Feature",
      "id": "osm_node_13479795775",
      "properties": {
        "osm_node_id": 13479795775,
        "name": "Lal Bahadur Shastri Marg & SCLR - LBS Marg Connector",
        "roads": [
          "Lal Bahadur Shastri Marg",
          "SCLR - LBS Marg Connector"
        ],
        "highways": [
          "primary"
        ],
        "connection_count": 2
      },
      "geometry": {
        "type": "Point",
        "coordinates": [
          72.8784048,
          19.0773626
        ]
      }
    },
    {
      "type": "Feature",
      "id": "osm_node_245668003",
      "properties": {
        "osm_node_id": 245668003,
        "name": "Lal Bahadur Shastri Marg & Santa Cruz \u2013 Chembur Link Road",
        "roads": [
          "Lal Bahadur Shastri Marg",
          "Santa Cruz \u2013 Chembur Link Road"
        ],
        "highways": [
          "primary",
          "trunk_link"
        ],
        "connection_count": 4
      },
      "geometry": {
        "type": "Point",
        "coordinates": [
          72.8773593,
          19.0758789
        ]
      }
    },
    {
      "type": "Feature",
      "id": "osm_node_296857831",
      "properties": {
        "osm_node_id": 296857831,
        "name": "Avenue 3 & Bandra Kurla Complex Road",
        "roads": [
          "Avenue 3",
          "Bandra Kurla Complex Road"
        ],
        "highways": [
          "primary",
          "secondary"
        ],
        "connection_count": 2
      },
      "geometry": {
        "type": "Point",
        "coordinates": [
          72.8586336,
          19.0604963
        ]
      }
    },
    {
      "type": "Feature",
      "id": "osm_node_296853793",
      "properties": {
        "osm_node_id": 296853793,
        "name": "Avenue 3 & Bandra Kurla Complex Road",
        "roads": [
          "Avenue 3",
          "Bandra Kurla Complex Road"
        ],
        "highways": [
          "primary",
          "secondary"
        ],
        "connection_count": 2
      },
      "geometry": {
        "type": "Point",
        "coordinates": [
          72.8585698,
          19.0606458
        ]
      }
    },
    {
      "type": "Feature",
      "id": "osm_node_13394395063",
      "properties": {
        "osm_node_id": 13394395063,
        "name": "Lal Bahadur Shastri Marg",
        "roads": [
          "Lal Bahadur Shastri Marg"
        ],
        "highways": [
          "primary"
        ],
        "connection_count": 2
      },
      "geometry": {
        "type": "Point",
        "coordinates": [
          72.8753652,
          19.0708292
        ]
      }
    },
    {
      "type": "Feature",
      "id": "osm_node_2622177286",
      "properties": {
        "osm_node_id": 2622177286,
        "name": "Lal Bahadur Shastri Marg",
        "roads": [
          "Lal Bahadur Shastri Marg"
        ],
        "highways": [
          "primary"
        ],
        "connection_count": 2
      },
      "geometry": {
        "type": "Point",
        "coordinates": [
          72.876169,
          19.0744478
        ]
      }
    },
    {
      "type": "Feature",
      "id": "osm_node_10264297672",
      "properties": {
        "osm_node_id": 10264297672,
        "name": "SG Barve Marg",
        "roads": [
          "SG Barve Marg"
        ],
        "highways": [
          "secondary",
          "tertiary"
        ],
        "connection_count": 3
      },
      "geometry": {
        "type": "Point",
        "coordinates": [
          72.8817172,
          19.064041
        ]
      }
    },
    {
      "type": "Feature",
      "id": "osm_node_13789266317",
      "properties": {
        "osm_node_id": 13789266317,
        "name": "Junction",
        "roads": [],
        "highways": [
          "tertiary",
          "tertiary_link"
        ],
        "connection_count": 2
      },
      "geometry": {
        "type": "Point",
        "coordinates": [
          72.8813394,
          19.0608288
        ]
      }
    },
    {
      "type": "Feature",
      "id": "osm_node_13789266315",
      "properties": {
        "osm_node_id": 13789266315,
        "name": "Junction",
        "roads": [],
        "highways": [
          "tertiary",
          "tertiary_link"
        ],
        "connection_count": 2
      },
      "geometry": {
        "type": "Point",
        "coordinates": [
          72.8831486,
          19.0620592
        ]
      }
    },
    {
      "type": "Feature",
      "id": "osm_node_10264297691",
      "properties": {
        "osm_node_id": 10264297691,
        "name": "SG Barve Marg",
        "roads": [
          "SG Barve Marg"
        ],
        "highways": [
          "secondary",
          "tertiary"
        ],
        "connection_count": 2
      },
      "geometry": {
        "type": "Point",
        "coordinates": [
          72.8816745,
          19.0640883
        ]
      }
    },
    {
      "type": "Feature",
      "id": "osm_node_10265662129",
      "properties": {
        "osm_node_id": 10265662129,
        "name": "Flyover & SCLR Flyover",
        "roads": [
          "Flyover",
          "SCLR Flyover"
        ],
        "highways": [
          "trunk"
        ],
        "connection_count": 2
      },
      "geometry": {
        "type": "Point",
        "coordinates": [
          72.8551472,
          19.0753698
        ]
      }
    },
    {
      "type": "Feature",
      "id": "osm_node_10265662133",
      "properties": {
        "osm_node_id": 10265662133,
        "name": "SCLR Flyover",
        "roads": [
          "SCLR Flyover"
        ],
        "highways": [
          "trunk"
        ],
        "connection_count": 2
      },
      "geometry": {
        "type": "Point",
        "coordinates": [
          72.8593297,
          19.0747156
        ]
      }
    },
    {
      "type": "Feature",
      "id": "osm_node_10772904738",
      "properties": {
        "osm_node_id": 10772904738,
        "name": "Flyover",
        "roads": [
          "Flyover"
        ],
        "highways": [
          "trunk"
        ],
        "connection_count": 2
      },
      "geometry": {
        "type": "Point",
        "coordinates": [
          72.8728796,
          19.0752569
        ]
      }
    },
    {
      "type": "Feature",
      "id": "osm_node_12334925204",
      "properties": {
        "osm_node_id": 12334925204,
        "name": "Junction",
        "roads": [],
        "highways": [
          "trunk",
          "trunk_link"
        ],
        "connection_count": 2
      },
      "geometry": {
        "type": "Point",
        "coordinates": [
          72.8664414,
          19.0724092
        ]
      }
    },
    {
      "type": "Feature",
      "id": "osm_node_10772904746",
      "properties": {
        "osm_node_id": 10772904746,
        "name": "Flyover & SCLR Flyover",
        "roads": [
          "Flyover",
          "SCLR Flyover"
        ],
        "highways": [
          "trunk",
          "trunk_link"
        ],
        "connection_count": 3
      },
      "geometry": {
        "type": "Point",
        "coordinates": [
          72.8664424,
          19.0725062
        ]
      }
    },
    {
      "type": "Feature",
      "id": "osm_node_10772904737",
      "properties": {
        "osm_node_id": 10772904737,
        "name": "Flyover & SCLR Flyover",
        "roads": [
          "Flyover",
          "SCLR Flyover"
        ],
        "highways": [
          "trunk"
        ],
        "connection_count": 2
      },
      "geometry": {
        "type": "Point",
        "coordinates": [
          72.8728368,
          19.0753367
        ]
      }
    },
    {
      "type": "Feature",
      "id": "osm_node_10265837613",
      "properties": {
        "osm_node_id": 10265837613,
        "name": "BKC - SCLR Connector & Flyover",
        "roads": [
          "BKC - SCLR Connector",
          "Flyover"
        ],
        "highways": [
          "primary"
        ],
        "connection_count": 2
      },
      "geometry": {
        "type": "Point",
        "coordinates": [
          72.8697474,
          19.0701069
        ]
      }
    },
    {
      "type": "Feature",
      "id": "osm_node_13800180722",
      "properties": {
        "osm_node_id": 13800180722,
        "name": "Junction",
        "roads": [],
        "highways": [
          "tertiary",
          "tertiary_link"
        ],
        "connection_count": 2
      },
      "geometry": {
        "type": "Point",
        "coordinates": [
          72.8866972,
          19.0855385
        ]
      }
    },
    {
      "type": "Feature",
      "id": "osm_node_13800180720",
      "properties": {
        "osm_node_id": 13800180720,
        "name": "Junction",
        "roads": [],
        "highways": [
          "tertiary",
          "tertiary_link"
        ],
        "connection_count": 2
      },
      "geometry": {
        "type": "Point",
        "coordinates": [
          72.8867721,
          19.0858319
        ]
      }
    },
    {
      "type": "Feature",
      "id": "osm_node_10266102469",
      "properties": {
        "osm_node_id": 10266102469,
        "name": "Junction",
        "roads": [],
        "highways": [
          "tertiary"
        ],
        "connection_count": 2
      },
      "geometry": {
        "type": "Point",
        "coordinates": [
          72.8871475,
          19.0866439
        ]
      }
    },
    {
      "type": "Feature",
      "id": "osm_node_13800180721",
      "properties": {
        "osm_node_id": 13800180721,
        "name": "Junction",
        "roads": [],
        "highways": [
          "tertiary",
          "tertiary_link"
        ],
        "connection_count": 2
      },
      "geometry": {
        "type": "Point",
        "coordinates": [
          72.8868312,
          19.0858173
        ]
      }
    },
    {
      "type": "Feature",
      "id": "osm_node_13800180723",
      "properties": {
        "osm_node_id": 13800180723,
        "name": "Junction",
        "roads": [],
        "highways": [
          "tertiary",
          "tertiary_link"
        ],
        "connection_count": 2
      },
      "geometry": {
        "type": "Point",
        "coordinates": [
          72.8867532,
          19.0855244
        ]
      }
    },
    {
      "type": "Feature",
      "id": "osm_node_13687881995",
      "properties": {
        "osm_node_id": 13687881995,
        "name": "Vasantarao Naik Marg",
        "roads": [
          "Vasantarao Naik Marg"
        ],
        "highways": [
          "tertiary",
          "tertiary_link"
        ],
        "connection_count": 2
      },
      "geometry": {
        "type": "Point",
        "coordinates": [
          72.8858064,
          19.0585028
        ]
      }
    },
    {
      "type": "Feature",
      "id": "osm_node_13687881993",
      "properties": {
        "osm_node_id": 13687881993,
        "name": "Vasantarao Naik Marg",
        "roads": [
          "Vasantarao Naik Marg"
        ],
        "highways": [
          "tertiary",
          "tertiary_link"
        ],
        "connection_count": 2
      },
      "geometry": {
        "type": "Point",
        "coordinates": [
          72.8855522,
          19.058188
        ]
      }
    },
    {
      "type": "Feature",
      "id": "osm_node_10279771642",
      "properties": {
        "osm_node_id": 10279771642,
        "name": "Vasantarao Naik Marg",
        "roads": [
          "Vasantarao Naik Marg"
        ],
        "highways": [
          "tertiary",
          "tertiary_link"
        ],
        "connection_count": 2
      },
      "geometry": {
        "type": "Point",
        "coordinates": [
          72.8854281,
          19.0580343
        ]
      }
    },
    {
      "type": "Feature",
      "id": "osm_node_13687881990",
      "properties": {
        "osm_node_id": 13687881990,
        "name": "Vasantarao Naik Marg",
        "roads": [
          "Vasantarao Naik Marg"
        ],
        "highways": [
          "tertiary",
          "tertiary_link"
        ],
        "connection_count": 2
      },
      "geometry": {
        "type": "Point",
        "coordinates": [
          72.8851455,
          19.0576628
        ]
      }
    },
    {
      "type": "Feature",
      "id": "osm_node_13687881988",
      "properties": {
        "osm_node_id": 13687881988,
        "name": "Vasantarao Naik Marg",
        "roads": [
          "Vasantarao Naik Marg"
        ],
        "highways": [
          "tertiary",
          "tertiary_link"
        ],
        "connection_count": 2
      },
      "geometry": {
        "type": "Point",
        "coordinates": [
          72.8849527,
          19.0574128
        ]
      }
    },
    {
      "type": "Feature",
      "id": "osm_node_10279771643",
      "properties": {
        "osm_node_id": 10279771643,
        "name": "Vasantarao Naik Marg",
        "roads": [
          "Vasantarao Naik Marg"
        ],
        "highways": [
          "tertiary",
          "tertiary_link"
        ],
        "connection_count": 2
      },
      "geometry": {
        "type": "Point",
        "coordinates": [
          72.8848504,
          19.0572803
        ]
      }
    },
    {
      "type": "Feature",
      "id": "osm_node_10279771654",
      "properties": {
        "osm_node_id": 10279771654,
        "name": "Vasantarao Naik Marg",
        "roads": [
          "Vasantarao Naik Marg"
        ],
        "highways": [
          "tertiary",
          "tertiary_link"
        ],
        "connection_count": 2
      },
      "geometry": {
        "type": "Point",
        "coordinates": [
          72.8846627,
          19.0570456
        ]
      }
    },
    {
      "type": "Feature",
      "id": "osm_node_10279771646",
      "properties": {
        "osm_node_id": 10279771646,
        "name": "Vasantarao Naik Marg",
        "roads": [
          "Vasantarao Naik Marg"
        ],
        "highways": [
          "tertiary",
          "tertiary_link"
        ],
        "connection_count": 2
      },
      "geometry": {
        "type": "Point",
        "coordinates": [
          72.884396,
          19.0567771
        ]
      }
    },
    {
      "type": "Feature",
      "id": "osm_node_10279771648",
      "properties": {
        "osm_node_id": 10279771648,
        "name": "Vasantarao Naik Marg",
        "roads": [
          "Vasantarao Naik Marg"
        ],
        "highways": [
          "tertiary",
          "tertiary_link"
        ],
        "connection_count": 3
      },
      "geometry": {
        "type": "Point",
        "coordinates": [
          72.8839591,
          19.0564743
        ]
      }
    },
    {
      "type": "Feature",
      "id": "osm_node_11143613410",
      "properties": {
        "osm_node_id": 11143613410,
        "name": "Vasantarao Naik Marg",
        "roads": [
          "Vasantarao Naik Marg"
        ],
        "highways": [
          "tertiary"
        ],
        "connection_count": 2
      },
      "geometry": {
        "type": "Point",
        "coordinates": [
          72.883808,
          19.056373
        ]
      }
    },
    {
      "type": "Feature",
      "id": "osm_node_245665197",
      "properties": {
        "osm_node_id": 245665197,
        "name": "Vasantarao Naik Marg",
        "roads": [
          "Vasantarao Naik Marg"
        ],
        "highways": [
          "tertiary"
        ],
        "connection_count": 5
      },
      "geometry": {
        "type": "Point",
        "coordinates": [
          72.8837233,
          19.0563775
        ]
      }
    },
    {
      "type": "Feature",
      "id": "osm_node_11143613411",
      "properties": {
        "osm_node_id": 11143613411,
        "name": "Vasantarao Naik Marg",
        "roads": [
          "Vasantarao Naik Marg"
        ],
        "highways": [
          "tertiary"
        ],
        "connection_count": 4
      },
      "geometry": {
        "type": "Point",
        "coordinates": [
          72.8837626,
          19.0564487
        ]
      }
    },
    {
      "type": "Feature",
      "id": "osm_node_13687881985",
      "properties": {
        "osm_node_id": 13687881985,
        "name": "Vasantarao Naik Marg",
        "roads": [
          "Vasantarao Naik Marg"
        ],
        "highways": [
          "tertiary",
          "tertiary_link"
        ],
        "connection_count": 2
      },
      "geometry": {
        "type": "Point",
        "coordinates": [
          72.8843467,
          19.0568365
        ]
      }
    },
    {
      "type": "Feature",
      "id": "osm_node_10279771653",
      "properties": {
        "osm_node_id": 10279771653,
        "name": "Vasantarao Naik Marg",
        "roads": [
          "Vasantarao Naik Marg"
        ],
        "highways": [
          "tertiary",
          "tertiary_link"
        ],
        "connection_count": 2
      },
      "geometry": {
        "type": "Point",
        "coordinates": [
          72.8845885,
          19.057099
        ]
      }
    },
    {
      "type": "Feature",
      "id": "osm_node_13687881986",
      "properties": {
        "osm_node_id": 13687881986,
        "name": "Vasantarao Naik Marg",
        "roads": [
          "Vasantarao Naik Marg"
        ],
        "highways": [
          "tertiary",
          "tertiary_link"
        ],
        "connection_count": 2
      },
      "geometry": {
        "type": "Point",
        "coordinates": [
          72.8847711,
          19.0573334
        ]
      }
    },
    {
      "type": "Feature",
      "id": "osm_node_13687881987",
      "properties": {
        "osm_node_id": 13687881987,
        "name": "Vasantarao Naik Marg",
        "roads": [
          "Vasantarao Naik Marg"
        ],
        "highways": [
          "tertiary",
          "tertiary_link"
        ],
        "connection_count": 2
      },
      "geometry": {
        "type": "Point",
        "coordinates": [
          72.8848741,
          19.057466
        ]
      }
    },
    {
      "type": "Feature",
      "id": "osm_node_13687881989",
      "properties": {
        "osm_node_id": 13687881989,
        "name": "Vasantarao Naik Marg",
        "roads": [
          "Vasantarao Naik Marg"
        ],
        "highways": [
          "tertiary",
          "tertiary_link"
        ],
        "connection_count": 2
      },
      "geometry": {
        "type": "Point",
        "coordinates": [
          72.8850678,
          19.0577155
        ]
      }
    },
    {
      "type": "Feature",
      "id": "osm_node_13687881991",
      "properties": {
        "osm_node_id": 13687881991,
        "name": "Vasantarao Naik Marg",
        "roads": [
          "Vasantarao Naik Marg"
        ],
        "highways": [
          "tertiary",
          "tertiary_link"
        ],
        "connection_count": 2
      },
      "geometry": {
        "type": "Point",
        "coordinates": [
          72.8853527,
          19.0580868
        ]
      }
    },
    {
      "type": "Feature",
      "id": "osm_node_13687881992",
      "properties": {
        "osm_node_id": 13687881992,
        "name": "Vasantarao Naik Marg",
        "roads": [
          "Vasantarao Naik Marg"
        ],
        "highways": [
          "tertiary",
          "tertiary_link"
        ],
        "connection_count": 2
      },
      "geometry": {
        "type": "Point",
        "coordinates": [
          72.8854738,
          19.0582416
        ]
      }
    },
    {
      "type": "Feature",
      "id": "osm_node_13687881994",
      "properties": {
        "osm_node_id": 13687881994,
        "name": "Vasantarao Naik Marg",
        "roads": [
          "Vasantarao Naik Marg"
        ],
        "highways": [
          "tertiary",
          "tertiary_link"
        ],
        "connection_count": 2
      },
      "geometry": {
        "type": "Point",
        "coordinates": [
          72.8857213,
          19.0585578
        ]
      }
    },
    {
      "type": "Feature",
      "id": "osm_node_10279771650",
      "properties": {
        "osm_node_id": 10279771650,
        "name": "Junction",
        "roads": [],
        "highways": [
          "tertiary",
          "tertiary_link"
        ],
        "connection_count": 2
      },
      "geometry": {
        "type": "Point",
        "coordinates": [
          72.8839185,
          19.0562104
        ]
      }
    },
    {
      "type": "Feature",
      "id": "osm_node_10279771665",
      "properties": {
        "osm_node_id": 10279771665,
        "name": "Junction",
        "roads": [],
        "highways": [
          "tertiary"
        ],
        "connection_count": 2
      },
      "geometry": {
        "type": "Point",
        "coordinates": [
          72.8901974,
          19.0564441
        ]
      }
    },
    {
      "type": "Feature",
      "id": "osm_node_10279771663",
      "properties": {
        "osm_node_id": 10279771663,
        "name": "St Vershaw Kakkaya Marg",
        "roads": [
          "St Vershaw Kakkaya Marg"
        ],
        "highways": [
          "tertiary"
        ],
        "connection_count": 2
      },
      "geometry": {
        "type": "Point",
        "coordinates": [
          72.8901433,
          19.0564556
        ]
      }
    },
    {
      "type": "Feature",
      "id": "osm_node_10279771661",
      "properties": {
        "osm_node_id": 10279771661,
        "name": "St Vershaw Kakkaya Marg",
        "roads": [
          "St Vershaw Kakkaya Marg"
        ],
        "highways": [
          "tertiary"
        ],
        "connection_count": 2
      },
      "geometry": {
        "type": "Point",
        "coordinates": [
          72.8901225,
          19.056489
        ]
      }
    },
    {
      "type": "Feature",
      "id": "osm_node_10279771668",
      "properties": {
        "osm_node_id": 10279771668,
        "name": "K N Gaiakwad Marg",
        "roads": [
          "K N Gaiakwad Marg"
        ],
        "highways": [
          "tertiary"
        ],
        "connection_count": 2
      },
      "geometry": {
        "type": "Point",
        "coordinates": [
          72.8901272,
          19.0565243
        ]
      }
    },
    {
      "type": "Feature",
      "id": "osm_node_10279771659",
      "properties": {
        "osm_node_id": 10279771659,
        "name": "K N Gaiakwad Marg",
        "roads": [
          "K N Gaiakwad Marg"
        ],
        "highways": [
          "tertiary"
        ],
        "connection_count": 2
      },
      "geometry": {
        "type": "Point",
        "coordinates": [
          72.8901904,
          19.0565568
        ]
      }
    },
    {
      "type": "Feature",
      "id": "osm_node_13789930610",
      "properties": {
        "osm_node_id": 13789930610,
        "name": "K N Gaiakwad Marg",
        "roads": [
          "K N Gaiakwad Marg"
        ],
        "highways": [
          "tertiary",
          "tertiary_link"
        ],
        "connection_count": 2
      },
      "geometry": {
        "type": "Point",
        "coordinates": [
          72.8898849,
          19.0575643
        ]
      }
    },
    {
      "type": "Feature",
      "id": "osm_node_13789930613",
      "properties": {
        "osm_node_id": 13789930613,
        "name": "St Vershaw Kakkaya Marg",
        "roads": [
          "St Vershaw Kakkaya Marg"
        ],
        "highways": [
          "tertiary",
          "tertiary_link"
        ],
        "connection_count": 2
      },
      "geometry": {
        "type": "Point",
        "coordinates": [
          72.8894597,
          19.056106
        ]
      }
    },
    {
      "type": "Feature",
      "id": "osm_node_13789930611",
      "properties": {
        "osm_node_id": 13789930611,
        "name": "St Vershaw Kakkaya Marg",
        "roads": [
          "St Vershaw Kakkaya Marg"
        ],
        "highways": [
          "tertiary",
          "tertiary_link"
        ],
        "connection_count": 2
      },
      "geometry": {
        "type": "Point",
        "coordinates": [
          72.8898557,
          19.0563371
        ]
      }
    },
    {
      "type": "Feature",
      "id": "osm_node_13789930612",
      "properties": {
        "osm_node_id": 13789930612,
        "name": "St Vershaw Kakkaya Marg",
        "roads": [
          "St Vershaw Kakkaya Marg"
        ],
        "highways": [
          "tertiary",
          "tertiary_link"
        ],
        "connection_count": 2
      },
      "geometry": {
        "type": "Point",
        "coordinates": [
          72.8898849,
          19.056296
        ]
      }
    },
    {
      "type": "Feature",
      "id": "osm_node_13789930614",
      "properties": {
        "osm_node_id": 13789930614,
        "name": "St Vershaw Kakkaya Marg",
        "roads": [
          "St Vershaw Kakkaya Marg"
        ],
        "highways": [
          "tertiary",
          "tertiary_link"
        ],
        "connection_count": 2
      },
      "geometry": {
        "type": "Point",
        "coordinates": [
          72.8894922,
          19.0560623
        ]
      }
    },
    {
      "type": "Feature",
      "id": "osm_node_13789930609",
      "properties": {
        "osm_node_id": 13789930609,
        "name": "K N Gaiakwad Marg",
        "roads": [
          "K N Gaiakwad Marg"
        ],
        "highways": [
          "tertiary",
          "tertiary_link"
        ],
        "connection_count": 2
      },
      "geometry": {
        "type": "Point",
        "coordinates": [
          72.8898088,
          19.0575447
        ]
      }
    },
    {
      "type": "Feature",
      "id": "osm_node_10384248275",
      "properties": {
        "osm_node_id": 10384248275,
        "name": "Santa Cruz \u2013 Chembur Link Road",
        "roads": [
          "Santa Cruz \u2013 Chembur Link Road"
        ],
        "highways": [
          "trunk",
          "trunk_link"
        ],
        "connection_count": 2
      },
      "geometry": {
        "type": "Point",
        "coordinates": [
          72.8597652,
          19.0744553
        ]
      }
    },
    {
      "type": "Feature",
      "id": "osm_node_2622177309",
      "properties": {
        "osm_node_id": 2622177309,
        "name": "Father Peter Periera Road & Lal Bahadur Shastri Marg",
        "roads": [
          "Father Peter Periera Road",
          "Lal Bahadur Shastri Marg"
        ],
        "highways": [
          "primary",
          "tertiary"
        ],
        "connection_count": 4
      },
      "geometry": {
        "type": "Point",
        "coordinates": [
          72.8849418,
          19.0845663
        ]
      }
    },
    {
      "type": "Feature",
      "id": "osm_node_10653902155",
      "properties": {
        "osm_node_id": 10653902155,
        "name": "Lal Bahadur Shastri Marg",
        "roads": [
          "Lal Bahadur Shastri Marg"
        ],
        "highways": [
          "primary"
        ],
        "connection_count": 2
      },
      "geometry": {
        "type": "Point",
        "coordinates": [
          72.8850744,
          19.0845367
        ]
      }
    },
    {
      "type": "Feature",
      "id": "osm_node_10091403656",
      "properties": {
        "osm_node_id": 10091403656,
        "name": "Junction",
        "roads": [],
        "highways": [
          "tertiary",
          "tertiary_link"
        ],
        "connection_count": 2
      },
      "geometry": {
        "type": "Point",
        "coordinates": [
          72.8565305,
          19.0619636
        ]
      }
    },
    {
      "type": "Feature",
      "id": "osm_node_13617040696",
      "properties": {
        "osm_node_id": 13617040696,
        "name": "Junction",
        "roads": [],
        "highways": [
          "tertiary",
          "tertiary_link"
        ],
        "connection_count": 2
      },
      "geometry": {
        "type": "Point",
        "coordinates": [
          72.8561876,
          19.0625037
        ]
      }
    },
    {
      "type": "Feature",
      "id": "osm_node_13617040697",
      "properties": {
        "osm_node_id": 13617040697,
        "name": "Junction",
        "roads": [],
        "highways": [
          "tertiary",
          "tertiary_link"
        ],
        "connection_count": 2
      },
      "geometry": {
        "type": "Point",
        "coordinates": [
          72.8559074,
          19.0629495
        ]
      }
    },
    {
      "type": "Feature",
      "id": "osm_node_2804594089",
      "properties": {
        "osm_node_id": 2804594089,
        "name": "Junction",
        "roads": [],
        "highways": [
          "tertiary"
        ],
        "connection_count": 2
      },
      "geometry": {
        "type": "Point",
        "coordinates": [
          72.8922363,
          19.0680742
        ]
      }
    },
    {
      "type": "Feature",
      "id": "osm_node_2804594091",
      "properties": {
        "osm_node_id": 2804594091,
        "name": "Junction",
        "roads": [],
        "highways": [
          "tertiary"
        ],
        "connection_count": 2
      },
      "geometry": {
        "type": "Point",
        "coordinates": [
          72.8903174,
          19.0678652
        ]
      }
    },
    {
      "type": "Feature",
      "id": "osm_node_4342420902",
      "properties": {
        "osm_node_id": 4342420902,
        "name": "Jawaharlal Nehru Road",
        "roads": [
          "Jawaharlal Nehru Road"
        ],
        "highways": [
          "secondary"
        ],
        "connection_count": 2
      },
      "geometry": {
        "type": "Point",
        "coordinates": [
          72.8567376,
          19.0817871
        ]
      }
    },
    {
      "type": "Feature",
      "id": "osm_node_9691859215",
      "properties": {
        "osm_node_id": 9691859215,
        "name": "Santa Cruz \u2013 Chembur Link Road",
        "roads": [
          "Santa Cruz \u2013 Chembur Link Road"
        ],
        "highways": [
          "trunk",
          "trunk_link"
        ],
        "connection_count": 2
      },
      "geometry": {
        "type": "Point",
        "coordinates": [
          72.862694,
          19.0712402
        ]
      }
    },
    {
      "type": "Feature",
      "id": "osm_node_12079741513",
      "properties": {
        "osm_node_id": 12079741513,
        "name": "Bandra Kurla Complex Road & Street 3",
        "roads": [
          "Bandra Kurla Complex Road",
          "Street 3"
        ],
        "highways": [
          "primary",
          "secondary"
        ],
        "connection_count": 3
      },
      "geometry": {
        "type": "Point",
        "coordinates": [
          72.8594359,
          19.0625754
        ]
      }
    },
    {
      "type": "Feature",
      "id": "osm_node_13615156523",
      "properties": {
        "osm_node_id": 13615156523,
        "name": "Avenue 3: Lane 3 & Street 3",
        "roads": [
          "Avenue 3: Lane 3",
          "Street 3"
        ],
        "highways": [
          "secondary"
        ],
        "connection_count": 2
      },
      "geometry": {
        "type": "Point",
        "coordinates": [
          72.8641204,
          19.0608575
        ]
      }
    },
    {
      "type": "Feature",
      "id": "osm_node_2897024595",
      "properties": {
        "osm_node_id": 2897024595,
        "name": "Avenue 3: Lane 1 & Street 3",
        "roads": [
          "Avenue 3: Lane 1",
          "Street 3"
        ],
        "highways": [
          "secondary",
          "tertiary"
        ],
        "connection_count": 3
      },
      "geometry": {
        "type": "Point",
        "coordinates": [
          72.8606761,
          19.062061
        ]
      }
    },
    {
      "type": "Feature",
      "id": "osm_node_2897022074",
      "properties": {
        "osm_node_id": 2897022074,
        "name": "Avenue 3 & Avenue 3: Lane 1",
        "roads": [
          "Avenue 3",
          "Avenue 3: Lane 1"
        ],
        "highways": [
          "secondary",
          "tertiary"
        ],
        "connection_count": 2
      },
      "geometry": {
        "type": "Point",
        "coordinates": [
          72.8602685,
          19.0593282
        ]
      }
    },
    {
      "type": "Feature",
      "id": "osm_node_5926760156",
      "properties": {
        "osm_node_id": 5926760156,
        "name": "S.G. Barve Marg & SG Barve Marg",
        "roads": [
          "S.G. Barve Marg",
          "SG Barve Marg"
        ],
        "highways": [
          "secondary"
        ],
        "connection_count": 2
      },
      "geometry": {
        "type": "Point",
        "coordinates": [
          72.8807894,
          19.0650821
        ]
      }
    },
    {
      "type": "Feature",
      "id": "osm_node_10724991565",
      "properties": {
        "osm_node_id": 10724991565,
        "name": "Eastern Express Highway",
        "roads": [
          "Eastern Express Highway"
        ],
        "highways": [
          "trunk"
        ],
        "connection_count": 2
      },
      "geometry": {
        "type": "Point",
        "coordinates": [
          72.8918811,
          19.0602927
        ]
      }
    },
    {
      "type": "Feature",
      "id": "osm_node_10724991566",
      "properties": {
        "osm_node_id": 10724991566,
        "name": "Eastern Express Highway",
        "roads": [
          "Eastern Express Highway"
        ],
        "highways": [
          "trunk"
        ],
        "connection_count": 2
      },
      "geometry": {
        "type": "Point",
        "coordinates": [
          72.891994,
          19.0601742
        ]
      }
    },
    {
      "type": "Feature",
      "id": "osm_node_11271653057",
      "properties": {
        "osm_node_id": 11271653057,
        "name": "Bandra Kurla Complex Road",
        "roads": [
          "Bandra Kurla Complex Road"
        ],
        "highways": [
          "primary"
        ],
        "connection_count": 2
      },
      "geometry": {
        "type": "Point",
        "coordinates": [
          72.8548423,
          19.0592141
        ]
      }
    },
    {
      "type": "Feature",
      "id": "osm_node_10750564862",
      "properties": {
        "osm_node_id": 10750564862,
        "name": "SG Barve Marg",
        "roads": [
          "SG Barve Marg"
        ],
        "highways": [
          "secondary",
          "tertiary"
        ],
        "connection_count": 3
      },
      "geometry": {
        "type": "Point",
        "coordinates": [
          72.885972,
          19.0588664
        ]
      }
    },
    {
      "type": "Feature",
      "id": "osm_node_10750564863",
      "properties": {
        "osm_node_id": 10750564863,
        "name": "SG Barve Marg",
        "roads": [
          "SG Barve Marg"
        ],
        "highways": [
          "secondary",
          "tertiary"
        ],
        "connection_count": 2
      },
      "geometry": {
        "type": "Point",
        "coordinates": [
          72.8860273,
          19.0587707
        ]
      }
    },
    {
      "type": "Feature",
      "id": "osm_node_10770722930",
      "properties": {
        "osm_node_id": 10770722930,
        "name": "Lal Bahadur Shastri Marg",
        "roads": [
          "Lal Bahadur Shastri Marg"
        ],
        "highways": [
          "primary",
          "tertiary"
        ],
        "connection_count": 2
      },
      "geometry": {
        "type": "Point",
        "coordinates": [
          72.8802079,
          19.0797211
        ]
      }
    },
    {
      "type": "Feature",
      "id": "osm_node_2244637004",
      "properties": {
        "osm_node_id": 2244637004,
        "name": "Santa Cruz \u2013 Chembur Link Road",
        "roads": [
          "Santa Cruz \u2013 Chembur Link Road"
        ],
        "highways": [
          "trunk"
        ],
        "connection_count": 2
      },
      "geometry": {
        "type": "Point",
        "coordinates": [
          72.8610943,
          19.0729136
        ]
      }
    },
    {
      "type": "Feature",
      "id": "osm_node_245667423",
      "properties": {
        "osm_node_id": 245667423,
        "name": "Santa Cruz \u2013 Chembur Link Road",
        "roads": [
          "Santa Cruz \u2013 Chembur Link Road"
        ],
        "highways": [
          "trunk"
        ],
        "connection_count": 2
      },
      "geometry": {
        "type": "Point",
        "coordinates": [
          72.8666569,
          19.0727748
        ]
      }
    },
    {
      "type": "Feature",
      "id": "osm_node_11138452027",
      "properties": {
        "osm_node_id": 11138452027,
        "name": "Flyover",
        "roads": [
          "Flyover"
        ],
        "highways": [
          "trunk_link"
        ],
        "connection_count": 2
      },
      "geometry": {
        "type": "Point",
        "coordinates": [
          72.8679046,
          19.0732184
        ]
      }
    },
    {
      "type": "Feature",
      "id": "osm_node_622060376",
      "properties": {
        "osm_node_id": 622060376,
        "name": "Santa Cruz \u2013 Chembur Link Road & Shahid Major Kaustubh Rane flyover",
        "roads": [
          "Santa Cruz \u2013 Chembur Link Road",
          "Shahid Major Kaustubh Rane flyover"
        ],
        "highways": [
          "trunk"
        ],
        "connection_count": 3
      },
      "geometry": {
        "type": "Point",
        "coordinates": [
          72.8744705,
          19.0759394
        ]
      }
    },
    {
      "type": "Feature",
      "id": "osm_node_6494817881",
      "properties": {
        "osm_node_id": 6494817881,
        "name": "Flyover & Santa Cruz \u2013 Chembur Link Road",
        "roads": [
          "Flyover",
          "Santa Cruz \u2013 Chembur Link Road"
        ],
        "highways": [
          "trunk"
        ],
        "connection_count": 2
      },
      "geometry": {
        "type": "Point",
        "coordinates": [
          72.8738429,
          19.0756853
        ]
      }
    },
    {
      "type": "Feature",
      "id": "osm_node_13799110864",
      "properties": {
        "osm_node_id": 13799110864,
        "name": "Santa Cruz \u2013 Chembur Link Road",
        "roads": [
          "Santa Cruz \u2013 Chembur Link Road"
        ],
        "highways": [
          "trunk",
          "trunk_link"
        ],
        "connection_count": 3
      },
      "geometry": {
        "type": "Point",
        "coordinates": [
          72.8723356,
          19.0749017
        ]
      }
    },
    {
      "type": "Feature",
      "id": "osm_node_10772904775",
      "properties": {
        "osm_node_id": 10772904775,
        "name": "Santa Cruz \u2013 Chembur Link Road",
        "roads": [
          "Santa Cruz \u2013 Chembur Link Road"
        ],
        "highways": [
          "trunk"
        ],
        "connection_count": 2
      },
      "geometry": {
        "type": "Point",
        "coordinates": [
          72.8719295,
          19.0746908
        ]
      }
    },
    {
      "type": "Feature",
      "id": "osm_node_10772904774",
      "properties": {
        "osm_node_id": 10772904774,
        "name": "Santa Cruz \u2013 Chembur Link Road",
        "roads": [
          "Santa Cruz \u2013 Chembur Link Road"
        ],
        "highways": [
          "trunk"
        ],
        "connection_count": 2
      },
      "geometry": {
        "type": "Point",
        "coordinates": [
          72.8714355,
          19.0744853
        ]
      }
    },
    {
      "type": "Feature",
      "id": "osm_node_11168922666",
      "properties": {
        "osm_node_id": 11168922666,
        "name": "Santa Cruz \u2013 Chembur Link Road",
        "roads": [
          "Santa Cruz \u2013 Chembur Link Road"
        ],
        "highways": [
          "trunk"
        ],
        "connection_count": 2
      },
      "geometry": {
        "type": "Point",
        "coordinates": [
          72.8723387,
          19.0751706
        ]
      }
    },
    {
      "type": "Feature",
      "id": "osm_node_10772904760",
      "properties": {
        "osm_node_id": 10772904760,
        "name": "Flyover & Santa Cruz \u2013 Chembur Link Road",
        "roads": [
          "Flyover",
          "Santa Cruz \u2013 Chembur Link Road"
        ],
        "highways": [
          "trunk"
        ],
        "connection_count": 2
      },
      "geometry": {
        "type": "Point",
        "coordinates": [
          72.8733435,
          19.0756082
        ]
      }
    },
    {
      "type": "Feature",
      "id": "osm_node_10772904777",
      "properties": {
        "osm_node_id": 10772904777,
        "name": "Santa Cruz \u2013 Chembur Link Road",
        "roads": [
          "Santa Cruz \u2013 Chembur Link Road"
        ],
        "highways": [
          "trunk"
        ],
        "connection_count": 2
      },
      "geometry": {
        "type": "Point",
        "coordinates": [
          72.8713758,
          19.0747464
        ]
      }
    },
    {
      "type": "Feature",
      "id": "osm_node_10772904776",
      "properties": {
        "osm_node_id": 10772904776,
        "name": "Santa Cruz \u2013 Chembur Link Road",
        "roads": [
          "Santa Cruz \u2013 Chembur Link Road"
        ],
        "highways": [
          "trunk"
        ],
        "connection_count": 2
      },
      "geometry": {
        "type": "Point",
        "coordinates": [
          72.8718127,
          19.0749315
        ]
      }
    },
    {
      "type": "Feature",
      "id": "osm_node_10882788620",
      "properties": {
        "osm_node_id": 10882788620,
        "name": "Mother Dairy Road",
        "roads": [
          "Mother Dairy Road"
        ],
        "highways": [
          "secondary"
        ],
        "connection_count": 2
      },
      "geometry": {
        "type": "Point",
        "coordinates": [
          72.8848784,
          19.0630425
        ]
      }
    },
    {
      "type": "Feature",
      "id": "osm_node_10882788619",
      "properties": {
        "osm_node_id": 10882788619,
        "name": "Mother Dairy Road",
        "roads": [
          "Mother Dairy Road"
        ],
        "highways": [
          "secondary"
        ],
        "connection_count": 2
      },
      "geometry": {
        "type": "Point",
        "coordinates": [
          72.8851509,
          19.0632565
        ]
      }
    },
    {
      "type": "Feature",
      "id": "osm_node_10882788621",
      "properties": {
        "osm_node_id": 10882788621,
        "name": "Mother Dairy Road",
        "roads": [
          "Mother Dairy Road"
        ],
        "highways": [
          "secondary"
        ],
        "connection_count": 2
      },
      "geometry": {
        "type": "Point",
        "coordinates": [
          72.884979,
          19.0631191
        ]
      }
    },
    {
      "type": "Feature",
      "id": "osm_node_245668029",
      "properties": {
        "osm_node_id": 245668029,
        "name": "Jawaharlal Nehru Road",
        "roads": [
          "Jawaharlal Nehru Road"
        ],
        "highways": [
          "tertiary"
        ],
        "connection_count": 2
      },
      "geometry": {
        "type": "Point",
        "coordinates": [
          72.8667931,
          19.0788615
        ]
      }
    },
    {
      "type": "Feature",
      "id": "osm_node_10936517734",
      "properties": {
        "osm_node_id": 10936517734,
        "name": "Nathani Road",
        "roads": [
          "Nathani Road"
        ],
        "highways": [
          "tertiary"
        ],
        "connection_count": 2
      },
      "geometry": {
        "type": "Point",
        "coordinates": [
          72.8921511,
          19.0787705
        ]
      }
    },
    {
      "type": "Feature",
      "id": "osm_node_245668306",
      "properties": {
        "osm_node_id": 245668306,
        "name": "Nathani Road",
        "roads": [
          "Nathani Road"
        ],
        "highways": [
          "tertiary",
          "tertiary_link"
        ],
        "connection_count": 2
      },
      "geometry": {
        "type": "Point",
        "coordinates": [
          72.8927677,
          19.079094
        ]
      }
    },
    {
      "type": "Feature",
      "id": "osm_node_13719798763",
      "properties": {
        "osm_node_id": 13719798763,
        "name": "Nathani Road",
        "roads": [
          "Nathani Road"
        ],
        "highways": [
          "tertiary",
          "tertiary_link"
        ],
        "connection_count": 2
      },
      "geometry": {
        "type": "Point",
        "coordinates": [
          72.8940369,
          19.0796077
        ]
      }
    },
    {
      "type": "Feature",
      "id": "osm_node_13718579989",
      "properties": {
        "osm_node_id": 13718579989,
        "name": "Nathani Road",
        "roads": [
          "Nathani Road"
        ],
        "highways": [
          "tertiary"
        ],
        "connection_count": 2
      },
      "geometry": {
        "type": "Point",
        "coordinates": [
          72.8953311,
          19.0801427
        ]
      }
    },
    {
      "type": "Feature",
      "id": "osm_node_10936517735",
      "properties": {
        "osm_node_id": 10936517735,
        "name": "Nathani Road",
        "roads": [
          "Nathani Road"
        ],
        "highways": [
          "tertiary"
        ],
        "connection_count": 2
      },
      "geometry": {
        "type": "Point",
        "coordinates": [
          72.8919679,
          19.0786768
        ]
      }
    },
    {
      "type": "Feature",
      "id": "osm_node_10936517736",
      "properties": {
        "osm_node_id": 10936517736,
        "name": "Nathani Road",
        "roads": [
          "Nathani Road"
        ],
        "highways": [
          "tertiary"
        ],
        "connection_count": 2
      },
      "geometry": {
        "type": "Point",
        "coordinates": [
          72.8904719,
          19.0775564
        ]
      }
    },
    {
      "type": "Feature",
      "id": "osm_node_10772904744",
      "properties": {
        "osm_node_id": 10772904744,
        "name": "Flyover & Santa Cruz \u2013 Chembur Link Road",
        "roads": [
          "Flyover",
          "Santa Cruz \u2013 Chembur Link Road"
        ],
        "highways": [
          "trunk",
          "trunk_link"
        ],
        "connection_count": 2
      },
      "geometry": {
        "type": "Point",
        "coordinates": [
          72.8692471,
          19.0738158
        ]
      }
    },
    {
      "type": "Feature",
      "id": "osm_node_13508455288",
      "properties": {
        "osm_node_id": 13508455288,
        "name": "Junction",
        "roads": [],
        "highways": [
          "tertiary"
        ],
        "connection_count": 2
      },
      "geometry": {
        "type": "Point",
        "coordinates": [
          72.8825192,
          19.0592206
        ]
      }
    },
    {
      "type": "Feature",
      "id": "osm_node_10207397934",
      "properties": {
        "osm_node_id": 10207397934,
        "name": "SG Barve Marg",
        "roads": [
          "SG Barve Marg"
        ],
        "highways": [
          "secondary",
          "tertiary"
        ],
        "connection_count": 3
      },
      "geometry": {
        "type": "Point",
        "coordinates": [
          72.8845983,
          19.0608133
        ]
      }
    },
    {
      "type": "Feature",
      "id": "osm_node_13719142002",
      "properties": {
        "osm_node_id": 13719142002,
        "name": "Nathani Road",
        "roads": [
          "Nathani Road"
        ],
        "highways": [
          "tertiary",
          "tertiary_link"
        ],
        "connection_count": 2
      },
      "geometry": {
        "type": "Point",
        "coordinates": [
          72.8945577,
          19.0821261
        ]
      }
    },
    {
      "type": "Feature",
      "id": "osm_node_13718546246",
      "properties": {
        "osm_node_id": 13718546246,
        "name": "Nathani Road",
        "roads": [
          "Nathani Road"
        ],
        "highways": [
          "tertiary"
        ],
        "connection_count": 2
      },
      "geometry": {
        "type": "Point",
        "coordinates": [
          72.8933077,
          19.081714
        ]
      }
    },
    {
      "type": "Feature",
      "id": "osm_node_6571910349",
      "properties": {
        "osm_node_id": 6571910349,
        "name": "S G Barve Marg (C S T Road)",
        "roads": [
          "S G Barve Marg (C S T Road)"
        ],
        "highways": [
          "secondary",
          "tertiary"
        ],
        "connection_count": 2
      },
      "geometry": {
        "type": "Point",
        "coordinates": [
          72.8875106,
          19.0565528
        ]
      }
    },
    {
      "type": "Feature",
      "id": "osm_node_10207397917",
      "properties": {
        "osm_node_id": 10207397917,
        "name": "SG Barve Marg",
        "roads": [
          "SG Barve Marg"
        ],
        "highways": [
          "secondary",
          "trunk_link"
        ],
        "connection_count": 4
      },
      "geometry": {
        "type": "Point",
        "coordinates": [
          72.887368,
          19.056974
        ]
      }
    },
    {
      "type": "Feature",
      "id": "osm_node_11396019504",
      "properties": {
        "osm_node_id": 11396019504,
        "name": "Junction",
        "roads": [],
        "highways": [
          "tertiary"
        ],
        "connection_count": 3
      },
      "geometry": {
        "type": "Point",
        "coordinates": [
          72.8895209,
          19.0806447
        ]
      }
    },
    {
      "type": "Feature",
      "id": "osm_node_11396019505",
      "properties": {
        "osm_node_id": 11396019505,
        "name": "Nathani Road",
        "roads": [
          "Nathani Road"
        ],
        "highways": [
          "tertiary"
        ],
        "connection_count": 3
      },
      "geometry": {
        "type": "Point",
        "coordinates": [
          72.8895352,
          19.0806243
        ]
      }
    },
    {
      "type": "Feature",
      "id": "osm_node_11396019515",
      "properties": {
        "osm_node_id": 11396019515,
        "name": "Nathani Road",
        "roads": [
          "Nathani Road"
        ],
        "highways": [
          "tertiary",
          "tertiary_link"
        ],
        "connection_count": 2
      },
      "geometry": {
        "type": "Point",
        "coordinates": [
          72.8897053,
          19.0806143
        ]
      }
    },
    {
      "type": "Feature",
      "id": "osm_node_11396019516",
      "properties": {
        "osm_node_id": 11396019516,
        "name": "Nathani Road",
        "roads": [
          "Nathani Road"
        ],
        "highways": [
          "tertiary",
          "tertiary_link"
        ],
        "connection_count": 2
      },
      "geometry": {
        "type": "Point",
        "coordinates": [
          72.8902668,
          19.080775
        ]
      }
    },
    {
      "type": "Feature",
      "id": "osm_node_13719082394",
      "properties": {
        "osm_node_id": 13719082394,
        "name": "Nathani Road",
        "roads": [
          "Nathani Road"
        ],
        "highways": [
          "tertiary",
          "tertiary_link"
        ],
        "connection_count": 2
      },
      "geometry": {
        "type": "Point",
        "coordinates": [
          72.89067,
          19.0808956
        ]
      }
    },
    {
      "type": "Feature",
      "id": "osm_node_11396019517",
      "properties": {
        "osm_node_id": 11396019517,
        "name": "Nathani Road",
        "roads": [
          "Nathani Road"
        ],
        "highways": [
          "tertiary",
          "tertiary_link"
        ],
        "connection_count": 2
      },
      "geometry": {
        "type": "Point",
        "coordinates": [
          72.8911722,
          19.0810426
        ]
      }
    },
    {
      "type": "Feature",
      "id": "osm_node_13723740765",
      "properties": {
        "osm_node_id": 13723740765,
        "name": "Nathani Road",
        "roads": [
          "Nathani Road"
        ],
        "highways": [
          "tertiary",
          "tertiary_link"
        ],
        "connection_count": 2
      },
      "geometry": {
        "type": "Point",
        "coordinates": [
          72.8917994,
          19.0812539
        ]
      }
    },
    {
      "type": "Feature",
      "id": "osm_node_13719082398",
      "properties": {
        "osm_node_id": 13719082398,
        "name": "Nathani Road",
        "roads": [
          "Nathani Road"
        ],
        "highways": [
          "tertiary",
          "tertiary_link"
        ],
        "connection_count": 2
      },
      "geometry": {
        "type": "Point",
        "coordinates": [
          72.8922793,
          19.0814095
        ]
      }
    },
    {
      "type": "Feature",
      "id": "osm_node_13719142001",
      "properties": {
        "osm_node_id": 13719142001,
        "name": "Nathani Road",
        "roads": [
          "Nathani Road"
        ],
        "highways": [
          "tertiary",
          "tertiary_link"
        ],
        "connection_count": 2
      },
      "geometry": {
        "type": "Point",
        "coordinates": [
          72.8945393,
          19.0821644
        ]
      }
    },
    {
      "type": "Feature",
      "id": "osm_node_11396019492",
      "properties": {
        "osm_node_id": 11396019492,
        "name": "Kirol Road",
        "roads": [
          "Kirol Road"
        ],
        "highways": [
          "tertiary"
        ],
        "connection_count": 3
      },
      "geometry": {
        "type": "Point",
        "coordinates": [
          72.8894389,
          19.0805283
        ]
      }
    },
    {
      "type": "Feature",
      "id": "osm_node_11396019512",
      "properties": {
        "osm_node_id": 11396019512,
        "name": "Naupada Road",
        "roads": [
          "Naupada Road"
        ],
        "highways": [
          "tertiary"
        ],
        "connection_count": 3
      },
      "geometry": {
        "type": "Point",
        "coordinates": [
          72.8894023,
          19.0806353
        ]
      }
    },
    {
      "type": "Feature",
      "id": "osm_node_13681073488",
      "properties": {
        "osm_node_id": 13681073488,
        "name": "SG Barve Marg",
        "roads": [
          "SG Barve Marg"
        ],
        "highways": [
          "secondary",
          "secondary_link"
        ],
        "connection_count": 2
      },
      "geometry": {
        "type": "Point",
        "coordinates": [
          72.8819638,
          19.0637829
        ]
      }
    },
    {
      "type": "Feature",
      "id": "osm_node_10207346716",
      "properties": {
        "osm_node_id": 10207346716,
        "name": "SG Barve Marg",
        "roads": [
          "SG Barve Marg"
        ],
        "highways": [
          "secondary",
          "trunk",
          "trunk_link"
        ],
        "connection_count": 4
      },
      "geometry": {
        "type": "Point",
        "coordinates": [
          72.8875752,
          19.0566977
        ]
      }
    },
    {
      "type": "Feature",
      "id": "osm_node_12406085629",
      "properties": {
        "osm_node_id": 12406085629,
        "name": "Santa Cruz \u2013 Chembur Link Road",
        "roads": [
          "Santa Cruz \u2013 Chembur Link Road"
        ],
        "highways": [
          "trunk"
        ],
        "connection_count": 2
      },
      "geometry": {
        "type": "Point",
        "coordinates": [
          72.8604482,
          19.0743957
        ]
      }
    },
    {
      "type": "Feature",
      "id": "osm_node_622042581",
      "properties": {
        "osm_node_id": 622042581,
        "name": "Santa Cruz \u2013 Chembur Link Road",
        "roads": [
          "Santa Cruz \u2013 Chembur Link Road"
        ],
        "highways": [
          "trunk",
          "trunk_link"
        ],
        "connection_count": 2
      },
      "geometry": {
        "type": "Point",
        "coordinates": [
          72.8600095,
          19.0744668
        ]
      }
    },
    {
      "type": "Feature",
      "id": "osm_node_12406085638",
      "properties": {
        "osm_node_id": 12406085638,
        "name": "Santa Cruz \u2013 Chembur Link Road",
        "roads": [
          "Santa Cruz \u2013 Chembur Link Road"
        ],
        "highways": [
          "trunk",
          "trunk_link"
        ],
        "connection_count": 2
      },
      "geometry": {
        "type": "Point",
        "coordinates": [
          72.85979,
          19.0744481
        ]
      }
    },
    {
      "type": "Feature",
      "id": "osm_node_12406104884",
      "properties": {
        "osm_node_id": 12406104884,
        "name": "Santa Cruz \u2013 Chembur Link Road",
        "roads": [
          "Santa Cruz \u2013 Chembur Link Road"
        ],
        "highways": [
          "trunk",
          "trunk_link"
        ],
        "connection_count": 2
      },
      "geometry": {
        "type": "Point",
        "coordinates": [
          72.8573595,
          19.0748972
        ]
      }
    },
    {
      "type": "Feature",
      "id": "osm_node_1366009125",
      "properties": {
        "osm_node_id": 1366009125,
        "name": "Lal Bahadur Shastri Marg & Santa Cruz \u2013 Chembur Link Road",
        "roads": [
          "Lal Bahadur Shastri Marg",
          "Santa Cruz \u2013 Chembur Link Road"
        ],
        "highways": [
          "primary",
          "trunk",
          "trunk_link"
        ],
        "connection_count": 4
      },
      "geometry": {
        "type": "Point",
        "coordinates": [
          72.8775314,
          19.0760493
        ]
      }
    },
    {
      "type": "Feature",
      "id": "osm_node_13799160901",
      "properties": {
        "osm_node_id": 13799160901,
        "name": "Lal Bahadur Shastri Marg",
        "roads": [
          "Lal Bahadur Shastri Marg"
        ],
        "highways": [
          "primary",
          "primary_link"
        ],
        "connection_count": 2
      },
      "geometry": {
        "type": "Point",
        "coordinates": [
          72.8771945,
          19.0758299
        ]
      }
    },
    {
      "type": "Feature",
      "id": "osm_node_619309807",
      "properties": {
        "osm_node_id": 619309807,
        "name": "Lal Bahadur Shastri Marg",
        "roads": [
          "Lal Bahadur Shastri Marg"
        ],
        "highways": [
          "primary"
        ],
        "connection_count": 2
      },
      "geometry": {
        "type": "Point",
        "coordinates": [
          72.8762291,
          19.0744165
        ]
      }
    },
    {
      "type": "Feature",
      "id": "osm_node_13394395062",
      "properties": {
        "osm_node_id": 13394395062,
        "name": "Lal Bahadur Shastri Marg",
        "roads": [
          "Lal Bahadur Shastri Marg"
        ],
        "highways": [
          "primary"
        ],
        "connection_count": 2
      },
      "geometry": {
        "type": "Point",
        "coordinates": [
          72.8754959,
          19.0708175
        ]
      }
    },
    {
      "type": "Feature",
      "id": "osm_node_13799160902",
      "properties": {
        "osm_node_id": 13799160902,
        "name": "Lal Bahadur Shastri Marg",
        "roads": [
          "Lal Bahadur Shastri Marg"
        ],
        "highways": [
          "primary",
          "primary_link"
        ],
        "connection_count": 2
      },
      "geometry": {
        "type": "Point",
        "coordinates": [
          72.8772797,
          19.0757759
        ]
      }
    },
    {
      "type": "Feature",
      "id": "osm_node_2897024523",
      "properties": {
        "osm_node_id": 2897024523,
        "name": "Avenue 3 & Bandra Kurla Complex Road",
        "roads": [
          "Avenue 3",
          "Bandra Kurla Complex Road"
        ],
        "highways": [
          "primary",
          "secondary"
        ],
        "connection_count": 2
      },
      "geometry": {
        "type": "Point",
        "coordinates": [
          72.8587076,
          19.06051
        ]
      }
    },
    {
      "type": "Feature",
      "id": "osm_node_2897024519",
      "properties": {
        "osm_node_id": 2897024519,
        "name": "Bandra Kurla Complex Road",
        "roads": [
          "Bandra Kurla Complex Road"
        ],
        "highways": [
          "primary",
          "primary_link"
        ],
        "connection_count": 3
      },
      "geometry": {
        "type": "Point",
        "coordinates": [
          72.8581675,
          19.060448
        ]
      }
    },
    {
      "type": "Feature",
      "id": "osm_node_296857806",
      "properties": {
        "osm_node_id": 296857806,
        "name": "Bandra Kurla Complex Road & Street 3",
        "roads": [
          "Bandra Kurla Complex Road",
          "Street 3"
        ],
        "highways": [
          "primary",
          "secondary"
        ],
        "connection_count": 3
      },
      "geometry": {
        "type": "Point",
        "coordinates": [
          72.8595787,
          19.0624565
        ]
      }
    },
    {
      "type": "Feature",
      "id": "osm_node_2897024614",
      "properties": {
        "osm_node_id": 2897024614,
        "name": "Bandra Kurla Complex Road & Street 3",
        "roads": [
          "Bandra Kurla Complex Road",
          "Street 3"
        ],
        "highways": [
          "primary",
          "secondary"
        ],
        "connection_count": 3
      },
      "geometry": {
        "type": "Point",
        "coordinates": [
          72.8594183,
          19.0625151
        ]
      }
    },
    {
      "type": "Feature",
      "id": "osm_node_13619939784",
      "properties": {
        "osm_node_id": 13619939784,
        "name": "Avenue 3 & Bandra Kurla Complex Road",
        "roads": [
          "Avenue 3",
          "Bandra Kurla Complex Road"
        ],
        "highways": [
          "primary",
          "secondary"
        ],
        "connection_count": 2
      },
      "geometry": {
        "type": "Point",
        "coordinates": [
          72.8586331,
          19.0606606
        ]
      }
    },
    {
      "type": "Feature",
      "id": "osm_node_8443498445",
      "properties": {
        "osm_node_id": 8443498445,
        "name": "Avenue 3",
        "roads": [
          "Avenue 3"
        ],
        "highways": [
          "tertiary",
          "tertiary_link"
        ],
        "connection_count": 3
      },
      "geometry": {
        "type": "Point",
        "coordinates": [
          72.8648575,
          19.0589598
        ]
      }
    },
    {
      "type": "Feature",
      "id": "osm_node_2897024513",
      "properties": {
        "osm_node_id": 2897024513,
        "name": "Avenue 3",
        "roads": [
          "Avenue 3"
        ],
        "highways": [
          "tertiary"
        ],
        "connection_count": 2
      },
      "geometry": {
        "type": "Point",
        "coordinates": [
          72.8670497,
          19.0603051
        ]
      }
    },
    {
      "type": "Feature",
      "id": "osm_node_2897024599",
      "properties": {
        "osm_node_id": 2897024599,
        "name": "Avenue 3",
        "roads": [
          "Avenue 3"
        ],
        "highways": [
          "tertiary"
        ],
        "connection_count": 2
      },
      "geometry": {
        "type": "Point",
        "coordinates": [
          72.8678514,
          19.0621076
        ]
      }
    },
    {
      "type": "Feature",
      "id": "osm_node_11396019500",
      "properties": {
        "osm_node_id": 11396019500,
        "name": "Kirol Road & Nathani Road",
        "roads": [
          "Kirol Road",
          "Nathani Road"
        ],
        "highways": [
          "tertiary"
        ],
        "connection_count": 3
      },
      "geometry": {
        "type": "Point",
        "coordinates": [
          72.889486,
          19.0805264
        ]
      }
    },
    {
      "type": "Feature",
      "id": "osm_node_13676994256",
      "properties": {
        "osm_node_id": 13676994256,
        "name": "Ramakrishna Chemburkar Marg",
        "roads": [
          "Ramakrishna Chemburkar Marg"
        ],
        "highways": [
          "secondary",
          "secondary_link"
        ],
        "connection_count": 2
      },
      "geometry": {
        "type": "Point",
        "coordinates": [
          72.8951112,
          19.0560089
        ]
      }
    },
    {
      "type": "Feature",
      "id": "osm_node_11603190365",
      "properties": {
        "osm_node_id": 11603190365,
        "name": "Ramdev Pir Road",
        "roads": [
          "Ramdev Pir Road"
        ],
        "highways": [
          "tertiary"
        ],
        "connection_count": 2
      },
      "geometry": {
        "type": "Point",
        "coordinates": [
          72.887479,
          19.0751675
        ]
      }
    },
    {
      "type": "Feature",
      "id": "osm_node_245667447",
      "properties": {
        "osm_node_id": 245667447,
        "name": "Santa Cruz \u2013 Chembur Link Road",
        "roads": [
          "Santa Cruz \u2013 Chembur Link Road"
        ],
        "highways": [
          "secondary",
          "trunk"
        ],
        "connection_count": 3
      },
      "geometry": {
        "type": "Point",
        "coordinates": [
          72.870865,
          19.0745228
        ]
      }
    },
    {
      "type": "Feature",
      "id": "osm_node_13799110866",
      "properties": {
        "osm_node_id": 13799110866,
        "name": "Santa Cruz \u2013 Chembur Link Road",
        "roads": [
          "Santa Cruz \u2013 Chembur Link Road"
        ],
        "highways": [
          "trunk"
        ],
        "connection_count": 2
      },
      "geometry": {
        "type": "Point",
        "coordinates": [
          72.8713575,
          19.0744759
        ]
      }
    },
    {
      "type": "Feature",
      "id": "osm_node_13351135368",
      "properties": {
        "osm_node_id": 13351135368,
        "name": "Santa Cruz \u2013 Chembur Link Road",
        "roads": [
          "Santa Cruz \u2013 Chembur Link Road"
        ],
        "highways": [
          "trunk",
          "trunk_link"
        ],
        "connection_count": 2
      },
      "geometry": {
        "type": "Point",
        "coordinates": [
          72.8713334,
          19.0744649
        ]
      }
    },
    {
      "type": "Feature",
      "id": "osm_node_13799110863",
      "properties": {
        "osm_node_id": 13799110863,
        "name": "Santa Cruz \u2013 Chembur Link Road",
        "roads": [
          "Santa Cruz \u2013 Chembur Link Road"
        ],
        "highways": [
          "trunk",
          "trunk_link"
        ],
        "connection_count": 2
      },
      "geometry": {
        "type": "Point",
        "coordinates": [
          72.8722225,
          19.0751153
        ]
      }
    },
    {
      "type": "Feature",
      "id": "osm_node_13528707609",
      "properties": {
        "osm_node_id": 13528707609,
        "name": "Lal Bahadur Shastri Marg",
        "roads": [
          "Lal Bahadur Shastri Marg"
        ],
        "highways": [
          "primary"
        ],
        "connection_count": 2
      },
      "geometry": {
        "type": "Point",
        "coordinates": [
          72.8804116,
          19.0797692
        ]
      }
    },
    {
      "type": "Feature",
      "id": "osm_node_619309806",
      "properties": {
        "osm_node_id": 619309806,
        "name": "Kalina Kurla Road & Lal Bahadur Shastri Marg",
        "roads": [
          "Kalina Kurla Road",
          "Lal Bahadur Shastri Marg"
        ],
        "highways": [
          "primary",
          "tertiary"
        ],
        "connection_count": 3
      },
      "geometry": {
        "type": "Point",
        "coordinates": [
          72.8788698,
          19.0777367
        ]
      }
    },
    {
      "type": "Feature",
      "id": "osm_node_13528707608",
      "properties": {
        "osm_node_id": 13528707608,
        "name": "Lal Bahadur Shastri Marg",
        "roads": [
          "Lal Bahadur Shastri Marg"
        ],
        "highways": [
          "primary"
        ],
        "connection_count": 2
      },
      "geometry": {
        "type": "Point",
        "coordinates": [
          72.8803052,
          19.0798475
        ]
      }
    },
    {
      "type": "Feature",
      "id": "osm_node_7366246698",
      "properties": {
        "osm_node_id": 7366246698,
        "name": "Santa Cruz \u2013 Chembur Link Road",
        "roads": [
          "Santa Cruz \u2013 Chembur Link Road"
        ],
        "highways": [
          "trunk"
        ],
        "connection_count": 2
      },
      "geometry": {
        "type": "Point",
        "coordinates": [
          72.8606101,
          19.0743562
        ]
      }
    },
    {
      "type": "Feature",
      "id": "osm_node_5911310871",
      "properties": {
        "osm_node_id": 5911310871,
        "name": "Santa Cruz \u2013 Chembur Link Road",
        "roads": [
          "Santa Cruz \u2013 Chembur Link Road"
        ],
        "highways": [
          "trunk"
        ],
        "connection_count": 2
      },
      "geometry": {
        "type": "Point",
        "coordinates": [
          72.8545282,
          19.0751699
        ]
      }
    },
    {
      "type": "Feature",
      "id": "osm_node_10265662175",
      "properties": {
        "osm_node_id": 10265662175,
        "name": "Santa Cruz \u2013 Chembur Link Road",
        "roads": [
          "Santa Cruz \u2013 Chembur Link Road"
        ],
        "highways": [
          "trunk",
          "trunk_link"
        ],
        "connection_count": 2
      },
      "geometry": {
        "type": "Point",
        "coordinates": [
          72.8606495,
          19.0736118
        ]
      }
    },
    {
      "type": "Feature",
      "id": "osm_node_10265662174",
      "properties": {
        "osm_node_id": 10265662174,
        "name": "Santa Cruz \u2013 Chembur Link Road",
        "roads": [
          "Santa Cruz \u2013 Chembur Link Road"
        ],
        "highways": [
          "trunk",
          "trunk_link"
        ],
        "connection_count": 2
      },
      "geometry": {
        "type": "Point",
        "coordinates": [
          72.8605825,
          19.0739793
        ]
      }
    },
    {
      "type": "Feature",
      "id": "osm_node_622042582",
      "properties": {
        "osm_node_id": 622042582,
        "name": "Santa Cruz \u2013 Chembur Link Road",
        "roads": [
          "Santa Cruz \u2013 Chembur Link Road"
        ],
        "highways": [
          "trunk"
        ],
        "connection_count": 3
      },
      "geometry": {
        "type": "Point",
        "coordinates": [
          72.8604812,
          19.0743754
        ]
      }
    },
    {
      "type": "Feature",
      "id": "osm_node_1367092952",
      "properties": {
        "osm_node_id": 1367092952,
        "name": "S G Barve Marg (C S T Road) & Shell Colony Road",
        "roads": [
          "S G Barve Marg (C S T Road)",
          "Shell Colony Road"
        ],
        "highways": [
          "secondary",
          "tertiary"
        ],
        "connection_count": 3
      },
      "geometry": {
        "type": "Point",
        "coordinates": [
          72.886357,
          19.0581506
        ]
      }
    },
    {
      "type": "Feature",
      "id": "osm_node_13676994254",
      "properties": {
        "osm_node_id": 13676994254,
        "name": "S G Barve Marg (C S T Road)",
        "roads": [
          "S G Barve Marg (C S T Road)"
        ],
        "highways": [
          "secondary",
          "secondary_link"
        ],
        "connection_count": 2
      },
      "geometry": {
        "type": "Point",
        "coordinates": [
          72.8861027,
          19.0584892
        ]
      }
    },
    {
      "type": "Feature",
      "id": "osm_node_10207397922",
      "properties": {
        "osm_node_id": 10207397922,
        "name": "SG Barve Marg",
        "roads": [
          "SG Barve Marg"
        ],
        "highways": [
          "secondary",
          "secondary_link"
        ],
        "connection_count": 2
      },
      "geometry": {
        "type": "Point",
        "coordinates": [
          72.8861882,
          19.058547
        ]
      }
    },
    {
      "type": "Feature",
      "id": "osm_node_12311766936",
      "properties": {
        "osm_node_id": 12311766936,
        "name": "Avenue 3 & Street 7",
        "roads": [
          "Avenue 3",
          "Street 7"
        ],
        "highways": [
          "tertiary"
        ],
        "connection_count": 2
      },
      "geometry": {
        "type": "Point",
        "coordinates": [
          72.8676625,
          19.0656388
        ]
      }
    },
    {
      "type": "Feature",
      "id": "osm_node_2897024667",
      "properties": {
        "osm_node_id": 2897024667,
        "name": "Avenue 3 & Street 7",
        "roads": [
          "Avenue 3",
          "Street 7"
        ],
        "highways": [
          "tertiary"
        ],
        "connection_count": 2
      },
      "geometry": {
        "type": "Point",
        "coordinates": [
          72.86755,
          19.0656789
        ]
      }
    },
    {
      "type": "Feature",
      "id": "osm_node_12084454212",
      "properties": {
        "osm_node_id": 12084454212,
        "name": "Avenue 3: Lane 3 & Street 7",
        "roads": [
          "Avenue 3: Lane 3",
          "Street 7"
        ],
        "highways": [
          "secondary",
          "tertiary"
        ],
        "connection_count": 3
      },
      "geometry": {
        "type": "Point",
        "coordinates": [
          72.8665507,
          19.0661347
        ]
      }
    },
    {
      "type": "Feature",
      "id": "osm_node_10877916796",
      "properties": {
        "osm_node_id": 10877916796,
        "name": "Bandra Kurla Complex Road",
        "roads": [
          "Bandra Kurla Complex Road"
        ],
        "highways": [
          "primary"
        ],
        "connection_count": 3
      },
      "geometry": {
        "type": "Point",
        "coordinates": [
          72.8740839,
          19.0709216
        ]
      }
    },
    {
      "type": "Feature",
      "id": "osm_node_12555488060",
      "properties": {
        "osm_node_id": 12555488060,
        "name": "Junction",
        "roads": [],
        "highways": [
          "trunk_link"
        ],
        "connection_count": 2
      },
      "geometry": {
        "type": "Point",
        "coordinates": [
          72.8640628,
          19.0713281
        ]
      }
    },
    {
      "type": "Feature",
      "id": "osm_node_11054417895",
      "properties": {
        "osm_node_id": 11054417895,
        "name": "Junction",
        "roads": [],
        "highways": [
          "trunk_link"
        ],
        "connection_count": 2
      },
      "geometry": {
        "type": "Point",
        "coordinates": [
          72.8781596,
          19.0756484
        ]
      }
    },
    {
      "type": "Feature",
      "id": "osm_node_12433489498",
      "properties": {
        "osm_node_id": 12433489498,
        "name": "Junction",
        "roads": [],
        "highways": [
          "trunk_link"
        ],
        "connection_count": 2
      },
      "geometry": {
        "type": "Point",
        "coordinates": [
          72.8780105,
          19.0754557
        ]
      }
    },
    {
      "type": "Feature",
      "id": "osm_node_12666590928",
      "properties": {
        "osm_node_id": 12666590928,
        "name": "Ramdev Pir Road",
        "roads": [
          "Ramdev Pir Road"
        ],
        "highways": [
          "tertiary"
        ],
        "connection_count": 2
      },
      "geometry": {
        "type": "Point",
        "coordinates": [
          72.8885193,
          19.075971
        ]
      }
    },
    {
      "type": "Feature",
      "id": "osm_node_10207331617",
      "properties": {
        "osm_node_id": 10207331617,
        "name": "Ramdev Pir Road",
        "roads": [
          "Ramdev Pir Road"
        ],
        "highways": [
          "tertiary",
          "tertiary_link"
        ],
        "connection_count": 2
      },
      "geometry": {
        "type": "Point",
        "coordinates": [
          72.8882324,
          19.0757504
        ]
      }
    },
    {
      "type": "Feature",
      "id": "osm_node_12666590929",
      "properties": {
        "osm_node_id": 12666590929,
        "name": "Ramdev Pir Road",
        "roads": [
          "Ramdev Pir Road"
        ],
        "highways": [
          "tertiary"
        ],
        "connection_count": 2
      },
      "geometry": {
        "type": "Point",
        "coordinates": [
          72.8888933,
          19.0762432
        ]
      }
    },
    {
      "type": "Feature",
      "id": "osm_node_12666590930",
      "properties": {
        "osm_node_id": 12666590930,
        "name": "Ramdev Pir Road",
        "roads": [
          "Ramdev Pir Road"
        ],
        "highways": [
          "tertiary"
        ],
        "connection_count": 2
      },
      "geometry": {
        "type": "Point",
        "coordinates": [
          72.8904508,
          19.0774626
        ]
      }
    },
    {
      "type": "Feature",
      "id": "osm_node_13725384759",
      "properties": {
        "osm_node_id": 13725384759,
        "name": "Ramdev Pir Road",
        "roads": [
          "Ramdev Pir Road"
        ],
        "highways": [
          "tertiary",
          "tertiary_link"
        ],
        "connection_count": 2
      },
      "geometry": {
        "type": "Point",
        "coordinates": [
          72.8889384,
          19.076281
        ]
      }
    },
    {
      "type": "Feature",
      "id": "osm_node_12666590931",
      "properties": {
        "osm_node_id": 12666590931,
        "name": "Ramdev Pir Road",
        "roads": [
          "Ramdev Pir Road"
        ],
        "highways": [
          "tertiary"
        ],
        "connection_count": 2
      },
      "geometry": {
        "type": "Point",
        "coordinates": [
          72.8905053,
          19.077497
        ]
      }
    },
    {
      "type": "Feature",
      "id": "osm_node_4415746717",
      "properties": {
        "osm_node_id": 4415746717,
        "name": "Santa Cruz \u2013 Chembur Link Road",
        "roads": [
          "Santa Cruz \u2013 Chembur Link Road"
        ],
        "highways": [
          "trunk"
        ],
        "connection_count": 2
      },
      "geometry": {
        "type": "Point",
        "coordinates": [
          72.8766348,
          19.0765608
        ]
      }
    },
    {
      "type": "Feature",
      "id": "osm_node_11061112722",
      "properties": {
        "osm_node_id": 11061112722,
        "name": "Lal Bahadur Shastri Marg",
        "roads": [
          "Lal Bahadur Shastri Marg"
        ],
        "highways": [
          "primary"
        ],
        "connection_count": 2
      },
      "geometry": {
        "type": "Point",
        "coordinates": [
          72.8805069,
          19.0798947
        ]
      }
    },
    {
      "type": "Feature",
      "id": "osm_node_12068066417",
      "properties": {
        "osm_node_id": 12068066417,
        "name": "Lal Bahadur Shastri Marg",
        "roads": [
          "Lal Bahadur Shastri Marg"
        ],
        "highways": [
          "primary"
        ],
        "connection_count": 2
      },
      "geometry": {
        "type": "Point",
        "coordinates": [
          72.8845012,
          19.08442
        ]
      }
    },
    {
      "type": "Feature",
      "id": "osm_node_10654023306",
      "properties": {
        "osm_node_id": 10654023306,
        "name": "Lal Bahadur Shastri Marg",
        "roads": [
          "Lal Bahadur Shastri Marg"
        ],
        "highways": [
          "primary"
        ],
        "connection_count": 2
      },
      "geometry": {
        "type": "Point",
        "coordinates": [
          72.8847692,
          19.084518
        ]
      }
    },
    {
      "type": "Feature",
      "id": "osm_node_9894348518",
      "properties": {
        "osm_node_id": 9894348518,
        "name": "Lal Bahadur Shastri Marg",
        "roads": [
          "Lal Bahadur Shastri Marg"
        ],
        "highways": [
          "primary"
        ],
        "connection_count": 2
      },
      "geometry": {
        "type": "Point",
        "coordinates": [
          72.8826535,
          19.0833812
        ]
      }
    },
    {
      "type": "Feature",
      "id": "osm_node_6554384662",
      "properties": {
        "osm_node_id": 6554384662,
        "name": "Bandra Kurla Complex Road",
        "roads": [
          "Bandra Kurla Complex Road"
        ],
        "highways": [
          "primary"
        ],
        "connection_count": 2
      },
      "geometry": {
        "type": "Point",
        "coordinates": [
          72.859515,
          19.0628925
        ]
      }
    },
    {
      "type": "Feature",
      "id": "osm_node_13616287394",
      "properties": {
        "osm_node_id": 13616287394,
        "name": "Junction",
        "roads": [],
        "highways": [
          "tertiary",
          "tertiary_link"
        ],
        "connection_count": 2
      },
      "geometry": {
        "type": "Point",
        "coordinates": [
          72.8560847,
          19.0664896
        ]
      }
    },
    {
      "type": "Feature",
      "id": "osm_node_13226643179",
      "properties": {
        "osm_node_id": 13226643179,
        "name": "Junction",
        "roads": [],
        "highways": [
          "tertiary"
        ],
        "connection_count": 2
      },
      "geometry": {
        "type": "Point",
        "coordinates": [
          72.8547914,
          19.0669537
        ]
      }
    },
    {
      "type": "Feature",
      "id": "osm_node_13616287393",
      "properties": {
        "osm_node_id": 13616287393,
        "name": "Junction",
        "roads": [],
        "highways": [
          "tertiary",
          "tertiary_link"
        ],
        "connection_count": 2
      },
      "geometry": {
        "type": "Point",
        "coordinates": [
          72.8561001,
          19.06656
        ]
      }
    },
    {
      "type": "Feature",
      "id": "osm_node_13681073483",
      "properties": {
        "osm_node_id": 13681073483,
        "name": "SG Barve Marg",
        "roads": [
          "SG Barve Marg"
        ],
        "highways": [
          "secondary",
          "secondary_link"
        ],
        "connection_count": 2
      },
      "geometry": {
        "type": "Point",
        "coordinates": [
          72.8841334,
          19.0613381
        ]
      }
    },
    {
      "type": "Feature",
      "id": "osm_node_10207397926",
      "properties": {
        "osm_node_id": 10207397926,
        "name": "SG Barve Marg",
        "roads": [
          "SG Barve Marg"
        ],
        "highways": [
          "secondary"
        ],
        "connection_count": 2
      },
      "geometry": {
        "type": "Point",
        "coordinates": [
          72.8843048,
          19.0611523
        ]
      }
    },
    {
      "type": "Feature",
      "id": "osm_node_13796109035",
      "properties": {
        "osm_node_id": 13796109035,
        "name": "Junction",
        "roads": [],
        "highways": [
          "tertiary",
          "tertiary_link"
        ],
        "connection_count": 2
      },
      "geometry": {
        "type": "Point",
        "coordinates": [
          72.8836814,
          19.0856941
        ]
      }
    },
    {
      "type": "Feature",
      "id": "osm_node_13796109037",
      "properties": {
        "osm_node_id": 13796109037,
        "name": "Junction",
        "roads": [],
        "highways": [
          "tertiary",
          "tertiary_link"
        ],
        "connection_count": 2
      },
      "geometry": {
        "type": "Point",
        "coordinates": [
          72.8840929,
          19.0875929
        ]
      }
    },
    {
      "type": "Feature",
      "id": "osm_node_13796109039",
      "properties": {
        "osm_node_id": 13796109039,
        "name": "Junction",
        "roads": [],
        "highways": [
          "tertiary",
          "tertiary_link"
        ],
        "connection_count": 2
      },
      "geometry": {
        "type": "Point",
        "coordinates": [
          72.8841576,
          19.0879126
        ]
      }
    },
    {
      "type": "Feature",
      "id": "osm_node_13796109041",
      "properties": {
        "osm_node_id": 13796109041,
        "name": "Junction",
        "roads": [],
        "highways": [
          "tertiary",
          "tertiary_link"
        ],
        "connection_count": 2
      },
      "geometry": {
        "type": "Point",
        "coordinates": [
          72.8843333,
          19.0887748
        ]
      }
    },
    {
      "type": "Feature",
      "id": "osm_node_13796109046",
      "properties": {
        "osm_node_id": 13796109046,
        "name": "Junction",
        "roads": [],
        "highways": [
          "tertiary",
          "tertiary_link"
        ],
        "connection_count": 2
      },
      "geometry": {
        "type": "Point",
        "coordinates": [
          72.884461,
          19.0893669
        ]
      }
    },
    {
      "type": "Feature",
      "id": "osm_node_13369398581",
      "properties": {
        "osm_node_id": 13369398581,
        "name": "Street 1",
        "roads": [
          "Street 1"
        ],
        "highways": [
          "tertiary"
        ],
        "connection_count": 3
      },
      "geometry": {
        "type": "Point",
        "coordinates": [
          72.8554235,
          19.0592966
        ]
      }
    },
    {
      "type": "Feature",
      "id": "osm_node_13617550923",
      "properties": {
        "osm_node_id": 13617550923,
        "name": "Junction",
        "roads": [],
        "highways": [
          "tertiary"
        ],
        "connection_count": 2
      },
      "geometry": {
        "type": "Point",
        "coordinates": [
          72.8547113,
          19.0604621
        ]
      }
    },
    {
      "type": "Feature",
      "id": "osm_node_619309797",
      "properties": {
        "osm_node_id": 619309797,
        "name": "Lal Bahadur Shastri Marg",
        "roads": [
          "Lal Bahadur Shastri Marg"
        ],
        "highways": [
          "primary"
        ],
        "connection_count": 2
      },
      "geometry": {
        "type": "Point",
        "coordinates": [
          72.8826938,
          19.0834459
        ]
      }
    },
    {
      "type": "Feature",
      "id": "osm_node_13677953443",
      "properties": {
        "osm_node_id": 13677953443,
        "name": "Lal Bahadur Shastri Marg",
        "roads": [
          "Lal Bahadur Shastri Marg"
        ],
        "highways": [
          "primary"
        ],
        "connection_count": 2
      },
      "geometry": {
        "type": "Point",
        "coordinates": [
          72.8826477,
          19.0834973
        ]
      }
    },
    {
      "type": "Feature",
      "id": "osm_node_13718488769",
      "properties": {
        "osm_node_id": 13718488769,
        "name": "Nathani Road",
        "roads": [
          "Nathani Road"
        ],
        "highways": [
          "tertiary"
        ],
        "connection_count": 2
      },
      "geometry": {
        "type": "Point",
        "coordinates": [
          72.89256,
          19.0814367
        ]
      }
    },
    {
      "type": "Feature",
      "id": "osm_node_13719082399",
      "properties": {
        "osm_node_id": 13719082399,
        "name": "Nathani Road",
        "roads": [
          "Nathani Road"
        ],
        "highways": [
          "tertiary",
          "tertiary_link"
        ],
        "connection_count": 2
      },
      "geometry": {
        "type": "Point",
        "coordinates": [
          72.8923044,
          19.0813478
        ]
      }
    },
    {
      "type": "Feature",
      "id": "osm_node_13723740766",
      "properties": {
        "osm_node_id": 13723740766,
        "name": "Nathani Road",
        "roads": [
          "Nathani Road"
        ],
        "highways": [
          "tertiary",
          "tertiary_link"
        ],
        "connection_count": 2
      },
      "geometry": {
        "type": "Point",
        "coordinates": [
          72.8918195,
          19.081204
        ]
      }
    },
    {
      "type": "Feature",
      "id": "osm_node_4264781363",
      "properties": {
        "osm_node_id": 4264781363,
        "name": "Nathani Road",
        "roads": [
          "Nathani Road"
        ],
        "highways": [
          "tertiary",
          "tertiary_link"
        ],
        "connection_count": 2
      },
      "geometry": {
        "type": "Point",
        "coordinates": [
          72.8911889,
          19.0809886
        ]
      }
    },
    {
      "type": "Feature",
      "id": "osm_node_13719082395",
      "properties": {
        "osm_node_id": 13719082395,
        "name": "Nathani Road",
        "roads": [
          "Nathani Road"
        ],
        "highways": [
          "tertiary",
          "tertiary_link"
        ],
        "connection_count": 2
      },
      "geometry": {
        "type": "Point",
        "coordinates": [
          72.8906916,
          19.0808391
        ]
      }
    },
    {
      "type": "Feature",
      "id": "osm_node_13719082393",
      "properties": {
        "osm_node_id": 13719082393,
        "name": "Nathani Road",
        "roads": [
          "Nathani Road"
        ],
        "highways": [
          "tertiary",
          "tertiary_link"
        ],
        "connection_count": 2
      },
      "geometry": {
        "type": "Point",
        "coordinates": [
          72.8902872,
          19.080719
        ]
      }
    },
    {
      "type": "Feature",
      "id": "osm_node_5242502017",
      "properties": {
        "osm_node_id": 5242502017,
        "name": "Nathani Road",
        "roads": [
          "Nathani Road"
        ],
        "highways": [
          "tertiary",
          "tertiary_link"
        ],
        "connection_count": 2
      },
      "geometry": {
        "type": "Point",
        "coordinates": [
          72.8897085,
          19.0805433
        ]
      }
    },
    {
      "type": "Feature",
      "id": "osm_node_13718488764",
      "properties": {
        "osm_node_id": 13718488764,
        "name": "Nathani Road",
        "roads": [
          "Nathani Road"
        ],
        "highways": [
          "tertiary"
        ],
        "connection_count": 2
      },
      "geometry": {
        "type": "Point",
        "coordinates": [
          72.8932018,
          19.0816761
        ]
      }
    },
    {
      "type": "Feature",
      "id": "osm_node_13799110868",
      "properties": {
        "osm_node_id": 13799110868,
        "name": "Junction",
        "roads": [],
        "highways": [
          "trunk"
        ],
        "connection_count": 2
      },
      "geometry": {
        "type": "Point",
        "coordinates": [
          72.8719734,
          19.074757
        ]
      }
    },
    {
      "type": "Feature",
      "id": "osm_node_13799110867",
      "properties": {
        "osm_node_id": 13799110867,
        "name": "Junction",
        "roads": [],
        "highways": [
          "trunk"
        ],
        "connection_count": 2
      },
      "geometry": {
        "type": "Point",
        "coordinates": [
          72.8714159,
          19.0745216
        ]
      }
    },
    {
      "type": "Feature",
      "id": "osm_node_13799110880",
      "properties": {
        "osm_node_id": 13799110880,
        "name": "Junction",
        "roads": [],
        "highways": [
          "tertiary"
        ],
        "connection_count": 2
      },
      "geometry": {
        "type": "Point",
        "coordinates": [
          72.8758261,
          19.0790636
        ]
      }
    },
    {
      "type": "Feature",
      "id": "osm_node_13799110876",
      "properties": {
        "osm_node_id": 13799110876,
        "name": "Junction",
        "roads": [],
        "highways": [
          "tertiary"
        ],
        "connection_count": 2
      },
      "geometry": {
        "type": "Point",
        "coordinates": [
          72.8766457,
          19.0786776
        ]
      }
    },
    {
      "type": "Feature",
      "id": "osm_node_12777714547",
      "properties": {
        "osm_node_id": 12777714547,
        "name": "Lokmanya Tilak Terminus Road",
        "roads": [
          "Lokmanya Tilak Terminus Road"
        ],
        "highways": [
          "tertiary"
        ],
        "connection_count": 3
      },
      "geometry": {
        "type": "Point",
        "coordinates": [
          72.8929521,
          19.0690017
        ]
      }
    },
    {
      "type": "Feature",
      "id": "osm_node_1232644954",
      "properties": {
        "osm_node_id": 1232644954,
        "name": "Lokmanya Tilak Terminus Road",
        "roads": [
          "Lokmanya Tilak Terminus Road"
        ],
        "highways": [
          "tertiary"
        ],
        "connection_count": 2
      },
      "geometry": {
        "type": "Point",
        "coordinates": [
          72.893062,
          19.0690326
        ]
      }
    },
    {
      "type": "Feature",
      "id": "osm_node_6926087429",
      "properties": {
        "osm_node_id": 6926087429,
        "name": "Lokmanya Tilak Terminus Road",
        "roads": [
          "Lokmanya Tilak Terminus Road"
        ],
        "highways": [
          "tertiary"
        ],
        "connection_count": 2
      },
      "geometry": {
        "type": "Point",
        "coordinates": [
          72.892878,
          19.0689271
        ]
      }
    }
  ]
}